{"type":"FeatureCollection","features":[{"type":"Feature","id":0,"geometry":{"type":"Polygon","coordinates":[[[2.58753,42.35705],[2.58807,42.35679],[2.58838,42.35647],[2.58831,42.35607],[2.58752,42.35463],[2.58758,42.35449],[2.58801,42.35435],[2.59122,42.35336],[2.59309,42.35291],[2.59486,42.35286],[2.59564,42.35245],[2.59673,42.35214],[2.59952,42.35195],[2.60007,42.35176],[2.60043,42.35132],[2.60078,42.35],[2.60121,42.34924],[2.60285,42.34933],[2.60314,42.34924],[2.60436,42.34915],[2.60485,42.349],[2.60666,42.34833],[2.60817,42.34832],[2.60866,42.34792],[2.60891,42.34756],[2.60951,42.34729],[2.60982,42.34693],[2.61,42.34684],[2.61059,42.3468],[2.61084,42.34684],[2.61168,42.34688],[2.61187,42.34679],[2.61302,42.3467],[2.61412,42.34633],[2.61527,42.34634],[2.61551,42.34614],[2.61581,42.34587],[2.6163,42.34565],[2.6166,42.34574],[2.61727,42.34573],[2.61781,42.34551],[2.61842,42.34538],[2.61914,42.34555],[2.61975,42.3456],[2.6203,42.34546],[2.62108,42.34541],[2.62145,42.34532],[2.62218,42.34518],[2.62248,42.34505],[2.62278,42.34501],[2.62382,42.34545],[2.62431,42.34553],[2.62522,42.34527],[2.62606,42.34531],[2.62655,42.34549],[2.62752,42.34558],[2.62788,42.34581],[2.62825,42.34626],[2.62855,42.34652],[2.62928,42.34652],[2.62958,42.34648],[2.63086,42.34647],[2.63098,42.34638],[2.63249,42.34638],[2.63267,42.34625],[2.63323,42.34615],[2.63322,42.34597],[2.63273,42.34566],[2.63267,42.34539],[2.63297,42.3447],[2.63383,42.34434],[2.63424,42.34394],[2.63454,42.34381],[2.63503,42.34375],[2.63551,42.34385],[2.6363,42.34389],[2.63733,42.34353],[2.63825,42.34352],[2.6394,42.34401],[2.64098,42.34401],[2.64158,42.3441],[2.64224,42.3445],[2.64292,42.3445],[2.64317,42.34445],[2.64384,42.34396],[2.64443,42.34396],[2.64467,42.34399],[2.64528,42.344],[2.64576,42.34373],[2.64625,42.34372],[2.64691,42.34381],[2.6474,42.3435],[2.64772,42.34345],[2.64953,42.34412],[2.65122,42.34411],[2.65135,42.34407],[2.65225,42.34348],[2.65311,42.34312],[2.65425,42.34289],[2.65425,42.34262],[2.65413,42.34226],[2.65413,42.34186],[2.65437,42.34155],[2.65485,42.34132],[2.65558,42.34132],[2.6563,42.34154],[2.65685,42.34163],[2.65716,42.34154],[2.65861,42.3409],[2.65916,42.34086],[2.66024,42.34117],[2.66103,42.34116],[2.66134,42.34094],[2.66176,42.34067],[2.66244,42.34058],[2.66268,42.34066],[2.66341,42.34112],[2.66401,42.34111],[2.66419,42.34093],[2.66455,42.34066],[2.66485,42.34066],[2.66541,42.34106],[2.66583,42.34111],[2.666,42.34088],[2.6663,42.34088],[2.66705,42.3411],[2.66772,42.34115],[2.66874,42.34101],[2.67013,42.34073],[2.67074,42.34073],[2.67158,42.341],[2.6717,42.34118],[2.6722,42.34154],[2.67239,42.34176],[2.67384,42.34216],[2.67548,42.34238],[2.67554,42.34251],[2.67573,42.34333],[2.67634,42.34476],[2.67647,42.34652],[2.67659,42.34684],[2.67659,42.34729],[2.67636,42.34751],[2.67533,42.34783],[2.67533,42.34806],[2.67593,42.34836],[2.67618,42.34944],[2.67588,42.35008],[2.67583,42.3508],[2.67601,42.35107],[2.6759,42.35165],[2.6762,42.35192],[2.67632,42.35232],[2.67638,42.35259],[2.67632,42.35268],[2.67596,42.35314],[2.67614,42.35349],[2.67608,42.35367],[2.67597,42.35439],[2.67512,42.35472],[2.67501,42.35498],[2.67446,42.3553],[2.67446,42.35548],[2.67458,42.35552],[2.67482,42.35575],[2.67507,42.35683],[2.6749,42.35705],[2.67448,42.35714],[2.67399,42.35736],[2.67343,42.35742],[2.67313,42.35756],[2.67314,42.35778],[2.6735,42.3581],[2.67387,42.3585],[2.67393,42.35881],[2.67376,42.35899],[2.67308,42.35909],[2.67278,42.35927],[2.67266,42.35967],[2.67249,42.3598],[2.67145,42.3599],[2.67127,42.36003],[2.67127,42.36044],[2.67116,42.3608],[2.67079,42.36102],[2.66989,42.36193],[2.66849,42.36194],[2.66788,42.36176],[2.66752,42.36176],[2.66709,42.36194],[2.66649,42.36208],[2.66601,42.36252],[2.66516,42.36253],[2.66504,42.36267],[2.66493,42.36343],[2.66424,42.36401],[2.66419,42.36442],[2.66395,42.36473],[2.66274,42.36509],[2.66244,42.36545],[2.66135,42.36578],[2.66111,42.36596],[2.66124,42.36659],[2.66106,42.36722],[2.66124,42.36771],[2.66113,42.36893],[2.66144,42.36956],[2.66228,42.37019],[2.66283,42.37095],[2.6629,42.3718],[2.66272,42.37225],[2.66206,42.3727],[2.66176,42.37321],[2.66187,42.37361],[2.66194,42.37406],[2.66159,42.37487],[2.66177,42.37527],[2.66178,42.37585],[2.66136,42.37708],[2.66074,42.37816],[2.65929,42.37964],[2.65911,42.37969],[2.65894,42.37996],[2.6581,42.38077],[2.65724,42.38163],[2.65627,42.38239],[2.65495,42.38307],[2.65259,42.38439],[2.65187,42.38498],[2.65156,42.38569],[2.65149,42.38641],[2.65168,42.38709],[2.65206,42.38776],[2.65273,42.38817],[2.65352,42.38843],[2.65449,42.38853],[2.65564,42.38843],[2.65759,42.38775],[2.65982,42.38675],[2.66091,42.38644],[2.6628,42.38588],[2.66485,42.38557],[2.66588,42.38556],[2.66667,42.38574],[2.66832,42.38627],[2.66953,42.38654],[2.67142,42.38753],[2.67142,42.38906],[2.67148,42.3891],[2.67216,42.3899],[2.67228,42.39044],[2.67204,42.39104],[2.67193,42.39184],[2.67199,42.39234],[2.67266,42.39359],[2.6728,42.39427],[2.67273,42.39477],[2.67273,42.39585],[2.67312,42.39652],[2.67311,42.39787],[2.67324,42.39877],[2.67374,42.3998],[2.6738,42.40016],[2.67374,42.40043],[2.67282,42.40129],[2.67253,42.40192],[2.67229,42.40265],[2.67241,42.40305],[2.67321,42.40408],[2.67375,42.40452],[2.67394,42.4047],[2.67505,42.40497],[2.67765,42.40578],[2.6788,42.40605],[2.67972,42.40631],[2.68045,42.40644],[2.68196,42.40648],[2.68282,42.40684],[2.68396,42.40684],[2.68422,42.40675],[2.68519,42.40683],[2.6861,42.40696],[2.68658,42.40692],[2.68731,42.4066],[2.68926,42.40601],[2.69023,42.40601],[2.69204,42.40622],[2.69241,42.4064],[2.69277,42.40676],[2.69368,42.40689],[2.69455,42.40788],[2.69626,42.41013],[2.69656,42.41026],[2.69735,42.41035],[2.69918,42.41088],[2.69973,42.41096],[2.70064,42.41102],[2.70161,42.41133],[2.70288,42.41146],[2.70477,42.41267],[2.70539,42.41316],[2.70606,42.41451],[2.70624,42.4146],[2.7094,42.41526],[2.71007,42.41558],[2.71209,42.41727],[2.71306,42.4184],[2.71338,42.41885],[2.71483,42.41956],[2.71569,42.4201],[2.71618,42.42064],[2.7163,42.42086],[2.71668,42.42122],[2.71849,42.4218],[2.71946,42.42197],[2.72074,42.42206],[2.72226,42.42232],[2.72335,42.42268],[2.72396,42.42272],[2.72548,42.42272],[2.72621,42.42263],[2.72737,42.42262],[2.72755,42.42316],[2.72798,42.42393],[2.72878,42.42451],[2.72884,42.42473],[2.72866,42.42527],[2.72758,42.42712],[2.72698,42.42879],[2.72704,42.42942],[2.72736,42.42973],[2.72736,42.43077],[2.72767,42.43125],[2.72773,42.43162],[2.72768,42.43207],[2.72775,42.43329],[2.72806,42.43428],[2.72874,42.43688],[2.72874,42.43814],[2.72724,42.44048],[2.72724,42.44098],[2.72737,42.44301],[2.72702,42.44377],[2.72733,42.44494],[2.72715,42.4458],[2.72661,42.44693],[2.72619,42.44738],[2.72595,42.44774],[2.72777,42.4485],[2.72777,42.44868],[2.7276,42.44939],[2.72737,42.45111],[2.72666,42.45485],[2.72619,42.45664],[2.72759,42.45845],[2.72809,42.45925],[2.73023,42.46235],[2.73164,42.46337],[2.73189,42.46409],[2.73329,42.46504],[2.7339,42.46536],[2.73512,42.4662],[2.73542,42.4666],[2.73525,42.46682],[2.73506,42.46759],[2.73482,42.46782],[2.73423,42.46786],[2.7338,42.468],[2.73368,42.46818],[2.73417,42.46891],[2.73417,42.46954],[2.73399,42.46958],[2.73314,42.46977],[2.73297,42.47004],[2.73302,42.4707],[2.73272,42.47098],[2.73199,42.47138],[2.7318,42.47161],[2.73181,42.47242],[2.73163,42.47283],[2.73109,42.47341],[2.7308,42.47382],[2.73092,42.47418],[2.73134,42.47436],[2.73165,42.47463],[2.73166,42.47508],[2.73184,42.47544],[2.73183,42.47575],[2.73148,42.47611],[2.73118,42.47643],[2.73093,42.47657],[2.73075,42.47688],[2.73015,42.4772],[2.73003,42.47752],[2.73015,42.47765],[2.73082,42.47783],[2.73136,42.4781],[2.73167,42.47899],[2.7315,42.47926],[2.73102,42.47958],[2.73087,42.47989],[2.73108,42.48053],[2.73097,42.48187],[2.73152,42.48309],[2.73176,42.48331],[2.73182,42.48354],[2.73171,42.48367],[2.73092,42.48389],[2.73068,42.48413],[2.73056,42.4844],[2.73081,42.48552],[2.73063,42.48597],[2.73009,42.48759],[2.72899,42.48854],[2.72858,42.48935],[2.72785,42.48949],[2.72749,42.48976],[2.72654,42.49165],[2.72654,42.49229],[2.7263,42.49269],[2.72563,42.49342],[2.72557,42.49373],[2.72607,42.49557],[2.72644,42.49557],[2.72662,42.49566],[2.72711,42.49615],[2.7276,42.49638],[2.72863,42.4966],[2.72978,42.49659],[2.73021,42.4965],[2.73234,42.49614],[2.73301,42.49591],[2.73355,42.49559],[2.73464,42.49536],[2.73585,42.49536],[2.73591,42.4954],[2.73592,42.49621],[2.73648,42.49675],[2.73697,42.4976],[2.73715,42.49769],[2.73715,42.49778],[2.73703,42.49787],[2.73655,42.498],[2.7363,42.49824],[2.73606,42.49905],[2.73576,42.49914],[2.7357,42.49923],[2.73582,42.49932],[2.73606,42.5],[2.73528,42.50026],[2.73516,42.50062],[2.73498,42.50071],[2.73335,42.50085],[2.73292,42.501],[2.73201,42.50117],[2.73024,42.50118],[2.7292,42.50091],[2.72829,42.50088],[2.72805,42.50092],[2.72703,42.50156],[2.72562,42.50197],[2.72459,42.50255],[2.72357,42.50369],[2.72284,42.50494],[2.72285,42.50557],[2.72322,42.50683],[2.72255,42.50688],[2.72175,42.50504],[2.7215,42.50481],[2.7204,42.50437],[2.7198,42.50423],[2.71896,42.50474],[2.71871,42.50482],[2.71829,42.50514],[2.71768,42.5055],[2.71743,42.50555],[2.71683,42.50582],[2.71652,42.50622],[2.71623,42.50649],[2.71471,42.50672],[2.7138,42.50677],[2.71337,42.50686],[2.71277,42.50727],[2.71253,42.50727],[2.71197,42.5066],[2.7105,42.50562],[2.7094,42.50463],[2.70891,42.50382],[2.70818,42.504],[2.70697,42.50414],[2.70679,42.50405],[2.70362,42.50406],[2.70106,42.50339],[2.70057,42.50335],[2.69937,42.50371],[2.69743,42.50476],[2.69536,42.50562],[2.69251,42.50626],[2.69172,42.50631],[2.69118,42.50613],[2.68897,42.50563],[2.68909,42.5055],[2.68891,42.50501],[2.68867,42.50474],[2.68836,42.5042],[2.68817,42.50416],[2.68769,42.50442],[2.68666,42.50479],[2.68606,42.50484],[2.68563,42.50331],[2.68536,42.50309],[2.68439,42.50287],[2.6836,42.50283],[2.68348,42.50292],[2.68367,42.50336],[2.68361,42.50358],[2.68318,42.50382],[2.68197,42.50387],[2.68076,42.50418],[2.68014,42.50455],[2.67984,42.50459],[2.67899,42.50406],[2.67838,42.50378],[2.67643,42.50311],[2.67522,42.5028],[2.6743,42.5028],[2.67267,42.50321],[2.67187,42.50363],[2.67109,42.50426],[2.67073,42.5043],[2.67005,42.5039],[2.66987,42.50395],[2.66956,42.50431],[2.66907,42.50471],[2.66883,42.50471],[2.66828,42.50449],[2.66743,42.50458],[2.66605,42.50508],[2.66452,42.50616],[2.66398,42.50675],[2.66392,42.50711],[2.66411,42.50755],[2.6649,42.50806],[2.66515,42.50899],[2.66565,42.50998],[2.66571,42.51034],[2.66552,42.51061],[2.66504,42.51093],[2.66364,42.51138],[2.66262,42.51189],[2.66225,42.51198],[2.66164,42.51203],[2.6606,42.51157],[2.6598,42.51104],[2.65926,42.51103],[2.65817,42.51149],[2.65714,42.51204],[2.65654,42.51204],[2.65536,42.51159],[2.65494,42.51168],[2.6547,42.51181],[2.65416,42.51204],[2.65337,42.51245],[2.65277,42.513],[2.65198,42.51331],[2.65008,42.51336],[2.64973,42.51377],[2.6496,42.51422],[2.64948,42.51431],[2.64925,42.51458],[2.64882,42.51476],[2.64833,42.51507],[2.64772,42.51517],[2.64687,42.51512],[2.64486,42.51459],[2.64431,42.51463],[2.64413,42.51481],[2.64365,42.51567],[2.64299,42.51608],[2.64147,42.51667],[2.64123,42.51672],[2.64062,42.51627],[2.6397,42.51599],[2.63781,42.51511],[2.63708,42.51506],[2.63593,42.5152],[2.63515,42.51515],[2.6344,42.51489],[2.63349,42.51436],[2.63269,42.51368],[2.63136,42.513],[2.63124,42.51264],[2.63135,42.51233],[2.63141,42.51188],[2.63123,42.51152],[2.63037,42.5113],[2.63001,42.51104],[2.62983,42.5105],[2.62958,42.51022],[2.62866,42.5101],[2.62805,42.50978],[2.62701,42.5082],[2.6264,42.50771],[2.62585,42.50767],[2.62549,42.50753],[2.6247,42.50709],[2.6236,42.50682],[2.6225,42.50618],[2.62104,42.50596],[2.61965,42.50538],[2.61867,42.50525],[2.61787,42.50508],[2.61727,42.50472],[2.61684,42.50373],[2.61622,42.50297],[2.61567,42.50207],[2.61513,42.50135],[2.61421,42.50063],[2.61312,42.5001],[2.6128,42.5001],[2.61262,42.50032],[2.61213,42.50068],[2.61075,42.50086],[2.60892,42.50149],[2.60637,42.50263],[2.6054,42.50281],[2.604,42.50286],[2.60364,42.50281],[2.60223,42.50237],[2.60028,42.50138],[2.59907,42.50094],[2.59798,42.50081],[2.59681,42.50054],[2.59615,42.50049],[2.59493,42.50104],[2.59305,42.50149],[2.59177,42.50149],[2.59152,42.50145],[2.59031,42.50141],[2.58988,42.50146],[2.58843,42.50217],[2.58721,42.5029],[2.58709,42.50307],[2.58697,42.50307],[2.58545,42.50425],[2.58473,42.50512],[2.58443,42.50574],[2.58365,42.50668],[2.58322,42.50695],[2.58127,42.50696],[2.58102,42.50701],[2.57957,42.50773],[2.57818,42.50827],[2.57745,42.50836],[2.57647,42.5086],[2.57604,42.50878],[2.57417,42.50954],[2.57369,42.50986],[2.57326,42.51009],[2.57216,42.51085],[2.57089,42.51188],[2.57071,42.51211],[2.5695,42.51288],[2.56871,42.51321],[2.56736,42.51321],[2.56681,42.51312],[2.56578,42.51308],[2.56554,42.51312],[2.56451,42.51322],[2.56128,42.51236],[2.56049,42.51235],[2.56,42.51245],[2.55921,42.51249],[2.55885,42.51245],[2.55776,42.51209],[2.55703,42.51201],[2.55665,42.5121],[2.55513,42.51313],[2.55399,42.51373],[2.55301,42.51395],[2.55039,42.5136],[2.54791,42.51315],[2.5462,42.51261],[2.54559,42.51226],[2.54516,42.5118],[2.54479,42.51099],[2.54394,42.50928],[2.54351,42.50826],[2.54315,42.50767],[2.54259,42.50726],[2.54138,42.50691],[2.53894,42.50642],[2.53419,42.5053],[2.53273,42.50481],[2.53067,42.50351],[2.52925,42.50284],[2.5281,42.50252],[2.52652,42.50252],[2.52585,42.50243],[2.52493,42.50216],[2.52415,42.50172],[2.52256,42.50095],[2.52068,42.50033],[2.51842,42.49911],[2.51812,42.49902],[2.51739,42.49871],[2.5166,42.49855],[2.51521,42.49867],[2.51283,42.49921],[2.51247,42.49943],[2.51059,42.50008],[2.50954,42.50008],[2.50918,42.50022],[2.50828,42.50084],[2.50778,42.50138],[2.50712,42.50188],[2.50639,42.5021],[2.505,42.50215],[2.50371,42.50206],[2.5031,42.50188],[2.50213,42.50175],[2.50079,42.50189],[2.49812,42.50266],[2.496,42.50311],[2.49478,42.50306],[2.49355,42.5032],[2.49004,42.50347],[2.48913,42.50343],[2.48577,42.50263],[2.48547,42.5025],[2.48376,42.50187],[2.48279,42.50174],[2.47934,42.50107],[2.47732,42.50107],[2.47556,42.50112],[2.47489,42.50103],[2.47287,42.50004],[2.47208,42.49994],[2.47094,42.50022],[2.46996,42.50022],[2.4696,42.50017],[2.46845,42.49982],[2.46752,42.49923],[2.46636,42.49815],[2.46582,42.49748],[2.46527,42.49568],[2.46503,42.49537],[2.46484,42.49474],[2.46466,42.49451],[2.46454,42.49424],[2.46314,42.4942],[2.46149,42.49442],[2.45986,42.49483],[2.45919,42.49488],[2.45871,42.49452],[2.45821,42.49394],[2.45729,42.49312],[2.45486,42.49164],[2.45377,42.49074],[2.45334,42.49007],[2.45321,42.48953],[2.45334,42.48908],[2.45334,42.48818],[2.4531,42.48755],[2.45273,42.48728],[2.45261,42.48705],[2.45248,42.48705],[2.45223,42.48688],[2.4512,42.48647],[2.44786,42.48512],[2.44713,42.48414],[2.44688,42.48405],[2.44657,42.48409],[2.44525,42.48454],[2.44397,42.48459],[2.443,42.48445],[2.44184,42.48414],[2.43923,42.48284],[2.43855,42.48207],[2.43795,42.48175],[2.43653,42.48131],[2.43563,42.48091],[2.4346,42.48015],[2.43435,42.47994],[2.43296,42.47911],[2.43168,42.47843],[2.43118,42.47807],[2.43015,42.47744],[2.42936,42.47713],[2.42888,42.47682],[2.42864,42.47641],[2.42864,42.4753],[2.42832,42.47506],[2.42766,42.47483],[2.42621,42.47398],[2.42552,42.47367],[2.42492,42.47313],[2.42431,42.473],[2.42346,42.47295],[2.42334,42.47273],[2.42328,42.47201],[2.4231,42.4717],[2.42237,42.47156],[2.42158,42.47152],[2.4214,42.47133],[2.42078,42.47034],[2.42066,42.4703],[2.42005,42.47043],[2.41944,42.47035],[2.41824,42.46976],[2.41768,42.46931],[2.41714,42.46819],[2.41702,42.46788],[2.41689,42.46715],[2.41701,42.46697],[2.41744,42.46683],[2.41744,42.46669],[2.41714,42.46666],[2.41446,42.46661],[2.41294,42.4663],[2.41099,42.46572],[2.41093,42.46558],[2.41088,42.46527],[2.41032,42.46514],[2.4085,42.46391],[2.40777,42.46351],[2.40631,42.46253],[2.40589,42.46162],[2.40552,42.46068],[2.40515,42.46018],[2.40473,42.45991],[2.40253,42.45942],[2.40163,42.45897],[2.40133,42.45866],[2.40084,42.45762],[2.40053,42.45658],[2.40023,42.45641],[2.39937,42.45613],[2.39785,42.45532],[2.39688,42.45452],[2.39646,42.45398],[2.39518,42.45313],[2.39359,42.45177],[2.39257,42.45097],[2.39226,42.45065],[2.39171,42.45029],[2.39117,42.45003],[2.39044,42.44944],[2.3899,42.44858],[2.38976,42.44835],[2.38945,42.44813],[2.38843,42.44791],[2.388,42.44763],[2.38795,42.44727],[2.38794,42.44674],[2.3877,42.44679],[2.38715,42.44701],[2.38498,42.44705],[2.3846,42.44737],[2.3829,42.44737],[2.38253,42.44728],[2.38157,42.44661],[2.38017,42.44612],[2.37961,42.44575],[2.37924,42.44517],[2.37906,42.44472],[2.37853,42.44413],[2.3781,42.44346],[2.37767,42.44305],[2.3767,42.44252],[2.37622,42.44202],[2.37591,42.44152],[2.37506,42.44093],[2.37354,42.44035],[2.37105,42.43977],[2.36819,42.43847],[2.36746,42.43816],[2.36716,42.43797],[2.36613,42.43774],[2.36485,42.43707],[2.36363,42.4368],[2.36278,42.43666],[2.36163,42.43626],[2.36097,42.43586],[2.35981,42.4355],[2.35865,42.43527],[2.35653,42.43456],[2.35496,42.43423],[2.3533,42.43365],[2.35094,42.43329],[2.34967,42.43289],[2.34887,42.43271],[2.34704,42.43195],[2.34589,42.43182],[2.34511,42.43136],[2.34371,42.43105],[2.34285,42.43055],[2.34043,42.42983],[2.33934,42.42947],[2.33787,42.42893],[2.3377,42.42898],[2.33751,42.42916],[2.33709,42.42906],[2.33623,42.42866],[2.33344,42.42777],[2.33326,42.42767],[2.3295,42.42637],[2.32761,42.42596],[2.32519,42.42556],[2.32306,42.42551],[2.32045,42.4251],[2.31874,42.42501],[2.31886,42.42434],[2.31874,42.42254],[2.3188,42.42214],[2.31996,42.42128],[2.32069,42.42039],[2.32142,42.41998],[2.32251,42.41907],[2.32403,42.41804],[2.32531,42.41741],[2.3261,42.41718],[2.32773,42.41696],[2.32803,42.41687],[2.32888,42.41678],[2.33047,42.41597],[2.33126,42.41543],[2.33145,42.41543],[2.33229,42.41574],[2.33302,42.41583],[2.33411,42.41565],[2.33484,42.41569],[2.33818,42.4166],[2.33879,42.41656],[2.34024,42.41625],[2.34097,42.41629],[2.34352,42.41696],[2.34401,42.41683],[2.3445,42.41652],[2.34481,42.41602],[2.34505,42.41435],[2.3451,42.4126],[2.34498,42.4112],[2.34523,42.41062],[2.34578,42.40977],[2.34607,42.40927],[2.34644,42.40868],[2.34772,42.40769],[2.34796,42.40755],[2.34813,42.40737],[2.34918,42.40675],[2.35112,42.40602],[2.35148,42.40585],[2.35318,42.40535],[2.35384,42.40518],[2.35439,42.4049],[2.35598,42.4044],[2.3567,42.40395],[2.35724,42.40378],[2.35914,42.40373],[2.35968,42.4035],[2.36077,42.40283],[2.3615,42.40261],[2.36368,42.40229],[2.36472,42.40234],[2.3649,42.40238],[2.36593,42.40238],[2.3669,42.40211],[2.36883,42.40117],[2.36939,42.40085],[2.36988,42.40071],[2.37115,42.40061],[2.37211,42.40026],[2.37272,42.4003],[2.37352,42.40071],[2.37456,42.4009],[2.37564,42.40084],[2.37643,42.40075],[2.37715,42.40084],[2.37874,42.4013],[2.37978,42.40138],[2.3805,42.40125],[2.38123,42.40093],[2.38286,42.4003],[2.38421,42.40016],[2.38518,42.40017],[2.38615,42.40034],[2.38681,42.40035],[2.38754,42.40007],[2.38808,42.39958],[2.38856,42.39882],[2.38924,42.39859],[2.38955,42.3985],[2.38997,42.39805],[2.39082,42.3976],[2.39197,42.39656],[2.3927,42.39634],[2.39366,42.39615],[2.3941,42.39597],[2.39488,42.39531],[2.39549,42.39512],[2.39743,42.39499],[2.39877,42.39494],[2.40083,42.39472],[2.40205,42.39436],[2.40307,42.39368],[2.40442,42.39332],[2.40483,42.39318],[2.40514,42.39291],[2.40545,42.39255],[2.40581,42.39241],[2.40659,42.39241],[2.40793,42.39273],[2.40897,42.39272],[2.40981,42.39241],[2.41012,42.39224],[2.41254,42.39129],[2.41377,42.3912],[2.41437,42.39151],[2.41497,42.39196],[2.41679,42.39236],[2.4177,42.39276],[2.41801,42.39285],[2.41893,42.39276],[2.4194,42.39272],[2.42049,42.39272],[2.42165,42.39322],[2.42292,42.3934],[2.42341,42.39358],[2.42384,42.39362],[2.42548,42.39358],[2.42579,42.39344],[2.42627,42.39353],[2.42699,42.39389],[2.42882,42.39433],[2.42937,42.39429],[2.43094,42.39366],[2.43197,42.39348],[2.43246,42.39326],[2.433,42.39276],[2.4333,42.39261],[2.43409,42.39194],[2.4347,42.39105],[2.43525,42.38948],[2.43543,42.38929],[2.43548,42.38888],[2.435,42.38776],[2.43482,42.38735],[2.43457,42.38645],[2.43499,42.38474],[2.43511,42.3842],[2.43511,42.38317],[2.43462,42.38254],[2.4336,42.38164],[2.43329,42.3811],[2.43347,42.38007],[2.43341,42.37953],[2.43285,42.3785],[2.43292,42.37827],[2.43334,42.37794],[2.43341,42.37759],[2.43346,42.37709],[2.43383,42.37682],[2.4348,42.3766],[2.43503,42.37619],[2.43504,42.37575],[2.43541,42.37547],[2.43565,42.37534],[2.43582,42.37503],[2.43595,42.3748],[2.43631,42.37454],[2.43844,42.3738],[2.43959,42.37313],[2.44085,42.37228],[2.4414,42.37201],[2.44206,42.37133],[2.44287,42.37093],[2.44377,42.37057],[2.4454,42.36957],[2.44668,42.36912],[2.44771,42.36899],[2.44929,42.36899],[2.45147,42.3692],[2.45403,42.36974],[2.45462,42.36974],[2.45535,42.36875],[2.45584,42.36817],[2.45638,42.36722],[2.4565,42.3665],[2.45674,42.36515],[2.45691,42.36461],[2.45704,42.36331],[2.45716,42.36317],[2.45911,42.36318],[2.46002,42.36286],[2.4608,42.36257],[2.46323,42.36195],[2.46451,42.36132],[2.46602,42.36046],[2.4668,42.3601],[2.46724,42.35965],[2.46742,42.35942],[2.46753,42.35892],[2.46729,42.35812],[2.46747,42.35766],[2.46789,42.35708],[2.46814,42.35663],[2.47061,42.35492],[2.4714,42.35388],[2.47207,42.3533],[2.47232,42.35285],[2.47225,42.35195],[2.47255,42.3506],[2.47273,42.34974],[2.47315,42.34921],[2.47394,42.34857],[2.47478,42.34822],[2.47606,42.3479],[2.4763,42.34771],[2.47636,42.34744],[2.47611,42.34686],[2.476,42.34645],[2.4766,42.34515],[2.47709,42.34479],[2.4777,42.34465],[2.47841,42.34439],[2.47872,42.34402],[2.47908,42.34307],[2.47962,42.3424],[2.48029,42.342],[2.48121,42.34064],[2.48187,42.34014],[2.48296,42.33965],[2.48356,42.33965],[2.48532,42.34077],[2.48581,42.34086],[2.4866,42.34055],[2.48733,42.34055],[2.48805,42.34069],[2.48938,42.34122],[2.48994,42.34162],[2.49048,42.34194],[2.49128,42.34207],[2.492,42.34243],[2.49249,42.34242],[2.49328,42.34216],[2.4937,42.34211],[2.49418,42.34233],[2.49527,42.3426],[2.49637,42.34269],[2.49879,42.34296],[2.5,42.343],[2.50031,42.34291],[2.50285,42.3416],[2.50364,42.34143],[2.50467,42.34138],[2.50509,42.34147],[2.50565,42.34137],[2.50668,42.34061],[2.50794,42.34007],[2.50909,42.33971],[2.51019,42.33925],[2.51044,42.33835],[2.51073,42.33812],[2.51134,42.33741],[2.51315,42.33664],[2.51442,42.33646],[2.51589,42.33592],[2.51658,42.33582],[2.51793,42.33582],[2.51872,42.33572],[2.52013,42.33545],[2.52115,42.33504],[2.5217,42.33469],[2.52261,42.33441],[2.52369,42.33433],[2.52461,42.33414],[2.52577,42.33364],[2.52745,42.33337],[2.52878,42.33333],[2.52989,42.33315],[2.5308,42.3331],[2.53122,42.33319],[2.53189,42.33319],[2.53212,42.3331],[2.53272,42.33305],[2.53303,42.33314],[2.53424,42.33376],[2.53522,42.33399],[2.53668,42.33399],[2.5391,42.33389],[2.54098,42.33362],[2.54189,42.33357],[2.54213,42.33366],[2.54293,42.33551],[2.54359,42.33708],[2.54446,42.33942],[2.54483,42.33987],[2.5452,42.33987],[2.54609,42.33955],[2.54682,42.33951],[2.54718,42.3396],[2.54827,42.33964],[2.5487,42.33955],[2.54918,42.33999],[2.54968,42.34067],[2.54986,42.34089],[2.55011,42.34152],[2.55035,42.34188],[2.55078,42.34211],[2.55174,42.3426],[2.55205,42.34292],[2.55217,42.34332],[2.55181,42.34413],[2.55181,42.3444],[2.55217,42.34471],[2.55291,42.34507],[2.55387,42.34602],[2.55388,42.34642],[2.55363,42.34709],[2.55364,42.34763],[2.55425,42.34782],[2.55455,42.34799],[2.55461,42.34821],[2.55443,42.34862],[2.55413,42.34899],[2.55383,42.34953],[2.55389,42.3498],[2.5542,42.35092],[2.55426,42.35195],[2.55414,42.35217],[2.55384,42.35331],[2.55397,42.35403],[2.55427,42.35407],[2.55493,42.35371],[2.55573,42.35348],[2.55633,42.35357],[2.55695,42.35397],[2.55774,42.35419],[2.56028,42.35424],[2.56058,42.35428],[2.5612,42.35464],[2.56162,42.35514],[2.56162,42.35639],[2.56187,42.35711],[2.56272,42.35707],[2.56357,42.35689],[2.56483,42.35684],[2.56636,42.35657],[2.56757,42.35625],[2.56842,42.35625],[2.56969,42.35674],[2.57042,42.35727],[2.57086,42.35795],[2.5711,42.35795],[2.57236,42.35745],[2.5737,42.35745],[2.57589,42.35789],[2.57782,42.35793],[2.57849,42.35789],[2.57977,42.35757],[2.58225,42.35707],[2.58353,42.35698],[2.58492,42.35711],[2.58687,42.3572],[2.58753,42.35705]]]},"properties":{"ID":"666","id":"666","NOM_MASSIF":"VALLESPIR","dept":"66"}},{"type":"Feature","id":1,"geometry":{"type":"Polygon","coordinates":[[[2.80387,42.53991],[2.80363,42.5397],[2.80363,42.53924],[2.80331,42.53883],[2.80332,42.53834],[2.80362,42.53802],[2.80361,42.53771],[2.80331,42.53771],[2.80318,42.5378],[2.80288,42.53775],[2.80221,42.53722],[2.80136,42.53705],[2.801,42.53673],[2.80033,42.53655],[2.79996,42.53616],[2.79964,42.53516],[2.79977,42.53471],[2.8003,42.53386],[2.80235,42.53204],[2.80295,42.53136],[2.80368,42.53078],[2.80472,42.5296],[2.8055,42.52879],[2.80616,42.52816],[2.80979,42.52526],[2.81069,42.5245],[2.81238,42.52314],[2.81553,42.52056],[2.81583,42.52025],[2.81655,42.51974],[2.81709,42.5183],[2.81728,42.51758],[2.81769,42.5165],[2.81787,42.51502],[2.81779,42.51465],[2.81767,42.51456],[2.81603,42.5147],[2.81529,42.51448],[2.81511,42.51417],[2.8145,42.5139],[2.81358,42.51323],[2.81194,42.51292],[2.81102,42.51257],[2.81084,42.51234],[2.81126,42.51067],[2.81239,42.50721],[2.81268,42.50658],[2.8128,42.50599],[2.81122,42.50604],[2.8108,42.50595],[2.80902,42.50524],[2.80658,42.50403],[2.80512,42.50309],[2.80364,42.50234],[2.80346,42.50207],[2.80339,42.50127],[2.80314,42.50049],[2.80259,42.50013],[2.79973,42.49871],[2.79852,42.49805],[2.79692,42.49733],[2.79437,42.49734],[2.79376,42.49725],[2.79315,42.49707],[2.79211,42.4968],[2.7909,42.49681],[2.79059,42.49685],[2.78974,42.49686],[2.78932,42.49646],[2.78847,42.49628],[2.78724,42.49584],[2.78717,42.49562],[2.78723,42.49494],[2.7871,42.49448],[2.78601,42.49377],[2.78553,42.49377],[2.78437,42.49382],[2.78395,42.49373],[2.78328,42.49351],[2.78273,42.4932],[2.78255,42.49329],[2.78164,42.4946],[2.78055,42.49586],[2.77911,42.49762],[2.77809,42.49948],[2.77742,42.50038],[2.77701,42.50119],[2.77616,42.50244],[2.77581,42.50308],[2.77261,42.50787],[2.77207,42.5085],[2.77159,42.50949],[2.77135,42.50985],[2.77052,42.51143],[2.7696,42.51265],[2.76852,42.51409],[2.76798,42.5145],[2.76779,42.51468],[2.76701,42.51517],[2.76647,42.51518],[2.7661,42.515],[2.76543,42.51495],[2.76487,42.51518],[2.76445,42.51523],[2.76359,42.51452],[2.76329,42.51443],[2.76281,42.51469],[2.76208,42.51479],[2.75794,42.51493],[2.75716,42.51508],[2.75613,42.51513],[2.75576,42.51495],[2.75491,42.51495],[2.75479,42.51486],[2.75404,42.5145],[2.75349,42.51451],[2.75314,42.5146],[2.7527,42.51442],[2.75203,42.51438],[2.75126,42.51443],[2.75119,42.51483],[2.75083,42.51483],[2.75059,42.5147],[2.75016,42.5147],[2.74992,42.51484],[2.749,42.51556],[2.74858,42.51579],[2.74804,42.51623],[2.74786,42.51655],[2.74749,42.51695],[2.74726,42.51751],[2.74695,42.51796],[2.74484,42.51922],[2.74484,42.51935],[2.74502,42.51962],[2.74551,42.51962],[2.74569,42.51971],[2.74582,42.5212],[2.7457,42.52124],[2.74546,42.52111],[2.74453,42.52111],[2.74423,42.52102],[2.74411,42.52079],[2.74362,42.52044],[2.7432,42.52044],[2.74289,42.52057],[2.74247,42.52057],[2.74174,42.52049],[2.74119,42.52053],[2.74072,42.5209],[2.73993,42.52112],[2.73967,42.52139],[2.7393,42.52158],[2.73913,42.52181],[2.73889,42.5219],[2.73767,42.52204],[2.73664,42.5224],[2.73519,42.52263],[2.73408,42.52309],[2.733,42.52332],[2.73221,42.52354],[2.73178,42.52358],[2.73172,42.52346],[2.73165,42.52292],[2.73172,42.52265],[2.73257,42.52228],[2.73262,42.5216],[2.73279,42.52097],[2.7331,42.52052],[2.73298,42.5203],[2.73297,42.51994],[2.73267,42.51976],[2.73267,42.51917],[2.73284,42.51868],[2.7326,42.51805],[2.73283,42.51719],[2.73307,42.51674],[2.73337,42.51548],[2.73367,42.51494],[2.73386,42.5144],[2.7338,42.51408],[2.73379,42.51354],[2.73397,42.51327],[2.73409,42.51277],[2.73232,42.51252],[2.73049,42.51203],[2.72994,42.5118],[2.73007,42.51167],[2.73018,42.51108],[2.72982,42.51062],[2.72823,42.50969],[2.72781,42.50893],[2.72761,42.50736],[2.72779,42.50694],[2.72821,42.50645],[2.72833,42.50596],[2.72772,42.50587],[2.72686,42.50578],[2.72668,42.50587],[2.72619,42.50628],[2.72596,42.50682],[2.72535,42.50682],[2.72505,42.50691],[2.72395,42.50696],[2.72322,42.50683],[2.72255,42.50688],[2.72175,42.50504],[2.7215,42.50481],[2.7204,42.50437],[2.7198,42.50423],[2.71896,42.50474],[2.71871,42.50482],[2.71829,42.50514],[2.71768,42.5055],[2.71743,42.50555],[2.71683,42.50582],[2.71652,42.50622],[2.71623,42.50649],[2.71471,42.50672],[2.7138,42.50677],[2.71337,42.50686],[2.71277,42.50727],[2.71253,42.50727],[2.71197,42.5066],[2.7105,42.50562],[2.7094,42.50463],[2.70891,42.50382],[2.70818,42.504],[2.70697,42.50414],[2.70679,42.50405],[2.70362,42.50406],[2.70106,42.50339],[2.70057,42.50335],[2.69937,42.50371],[2.69743,42.50476],[2.69536,42.50562],[2.69251,42.50626],[2.69172,42.50631],[2.69118,42.50613],[2.68897,42.50563],[2.68909,42.5055],[2.68891,42.50501],[2.68867,42.50474],[2.68836,42.5042],[2.68817,42.50416],[2.68769,42.50442],[2.68666,42.50479],[2.68606,42.50484],[2.68563,42.50331],[2.68536,42.50309],[2.68439,42.50287],[2.6836,42.50283],[2.68348,42.50292],[2.68367,42.50336],[2.68361,42.50358],[2.68318,42.50382],[2.68197,42.50387],[2.68076,42.50418],[2.68014,42.50455],[2.67984,42.50459],[2.67899,42.50406],[2.67838,42.50378],[2.67643,42.50311],[2.67522,42.5028],[2.6743,42.5028],[2.67267,42.50321],[2.67187,42.50363],[2.67109,42.50426],[2.67073,42.5043],[2.67005,42.5039],[2.66987,42.50395],[2.66956,42.50431],[2.66907,42.50471],[2.66883,42.50471],[2.66828,42.50449],[2.66743,42.50458],[2.66605,42.50508],[2.66452,42.50616],[2.66398,42.50675],[2.66392,42.50711],[2.66411,42.50755],[2.6649,42.50806],[2.66515,42.50899],[2.66565,42.50998],[2.66571,42.51034],[2.66552,42.51061],[2.66504,42.51093],[2.66364,42.51138],[2.66262,42.51189],[2.66225,42.51198],[2.66164,42.51203],[2.6606,42.51157],[2.6598,42.51104],[2.65926,42.51103],[2.65817,42.51149],[2.65714,42.51204],[2.65654,42.51204],[2.65536,42.51159],[2.65494,42.51168],[2.6547,42.51181],[2.65416,42.51204],[2.65337,42.51245],[2.65277,42.513],[2.65198,42.51331],[2.65008,42.51336],[2.64973,42.51377],[2.6496,42.51422],[2.64948,42.51431],[2.64925,42.51458],[2.64882,42.51476],[2.64833,42.51507],[2.64772,42.51517],[2.64687,42.51512],[2.64486,42.51459],[2.64431,42.51463],[2.64413,42.51481],[2.64365,42.51567],[2.64299,42.51608],[2.64147,42.51667],[2.64123,42.51672],[2.64062,42.51627],[2.6397,42.51599],[2.63781,42.51511],[2.63708,42.51506],[2.63593,42.5152],[2.63515,42.51515],[2.6344,42.51489],[2.63349,42.51436],[2.63269,42.51368],[2.63136,42.513],[2.63124,42.51264],[2.63135,42.51233],[2.63141,42.51188],[2.63123,42.51152],[2.63037,42.5113],[2.63001,42.51104],[2.62983,42.5105],[2.62958,42.51022],[2.62866,42.5101],[2.62805,42.50978],[2.62701,42.5082],[2.6264,42.50771],[2.62585,42.50767],[2.62549,42.50753],[2.6247,42.50709],[2.6236,42.50682],[2.6225,42.50618],[2.62104,42.50596],[2.61965,42.50538],[2.61867,42.50525],[2.61787,42.50508],[2.61727,42.50472],[2.61684,42.50373],[2.61622,42.50297],[2.61567,42.50207],[2.61513,42.50135],[2.61421,42.50063],[2.61312,42.5001],[2.6128,42.5001],[2.61262,42.50032],[2.61213,42.50068],[2.61075,42.50086],[2.60892,42.50149],[2.60637,42.50263],[2.6054,42.50281],[2.604,42.50286],[2.60364,42.50281],[2.60223,42.50237],[2.60028,42.50138],[2.59907,42.50094],[2.59798,42.50081],[2.59681,42.50054],[2.59615,42.50049],[2.59493,42.50104],[2.59305,42.50149],[2.59177,42.50149],[2.59152,42.50145],[2.59031,42.50141],[2.58988,42.50146],[2.58843,42.50217],[2.58721,42.5029],[2.58709,42.50307],[2.58697,42.50307],[2.58545,42.50425],[2.58473,42.50512],[2.58443,42.50574],[2.58365,42.50668],[2.58322,42.50695],[2.58127,42.50696],[2.58102,42.50701],[2.57957,42.50773],[2.57818,42.50827],[2.57745,42.50836],[2.57647,42.5086],[2.57604,42.50878],[2.57417,42.50954],[2.57369,42.50986],[2.57326,42.51009],[2.57216,42.51085],[2.57089,42.51188],[2.57071,42.51211],[2.5695,42.51288],[2.56871,42.51321],[2.56736,42.51321],[2.56681,42.51312],[2.56578,42.51308],[2.56554,42.51312],[2.56451,42.51322],[2.56128,42.51236],[2.56049,42.51235],[2.56,42.51245],[2.55921,42.51249],[2.55885,42.51245],[2.55776,42.51209],[2.55703,42.51201],[2.55665,42.5121],[2.55513,42.51313],[2.55399,42.51373],[2.55301,42.51395],[2.55351,42.51476],[2.55388,42.51705],[2.55456,42.51881],[2.55456,42.51953],[2.55377,42.52101],[2.55347,42.52138],[2.55286,42.52241],[2.55275,42.52331],[2.55324,42.52439],[2.55332,42.52852],[2.5527,42.531],[2.55277,42.53163],[2.55283,42.53281],[2.55296,42.53384],[2.55352,42.53496],[2.55413,42.53591],[2.55414,42.53677],[2.55438,42.53852],[2.55475,42.53955],[2.55464,42.54009],[2.55524,42.54081],[2.55622,42.54162],[2.5572,42.54261],[2.55719,42.54283],[2.55671,42.54301],[2.5564,42.54323],[2.55635,42.54368],[2.5561,42.54395],[2.55568,42.54419],[2.55508,42.5446],[2.55477,42.54504],[2.55454,42.54527],[2.55282,42.54608],[2.55258,42.54635],[2.55252,42.54689],[2.5546,42.5512],[2.55571,42.55381],[2.55681,42.55606],[2.55829,42.55967],[2.55829,42.5598],[2.55835,42.55989],[2.55952,42.5638],[2.56001,42.56461],[2.56061,42.56505],[2.56143,42.56537],[2.56155,42.56537],[2.56186,42.56635],[2.56198,42.5682],[2.56222,42.56919],[2.56302,42.57058],[2.56351,42.57122],[2.5654,42.5727],[2.56649,42.57319],[2.56712,42.57368],[2.56761,42.57494],[2.56834,42.57607],[2.56956,42.5775],[2.57041,42.57863],[2.5709,42.57975],[2.57116,42.58119],[2.57158,42.58222],[2.57219,42.58299],[2.57415,42.58455],[2.5755,42.585],[2.57665,42.58559],[2.57751,42.58626],[2.57823,42.5872],[2.57836,42.58774],[2.57873,42.58864],[2.57885,42.58918],[2.57874,42.59014],[2.57886,42.59085],[2.57893,42.59161],[2.57875,42.59215],[2.57876,42.59504],[2.57852,42.59616],[2.57828,42.59661],[2.57822,42.59769],[2.57804,42.59828],[2.5781,42.59859],[2.5784,42.59904],[2.57865,42.59993],[2.57854,42.60043],[2.57794,42.60115],[2.57781,42.60206],[2.57739,42.60255],[2.57714,42.60314],[2.57716,42.60485],[2.57747,42.60597],[2.57793,42.60728],[2.57735,42.60781],[2.57705,42.60813],[2.5769,42.60838],[2.57579,42.6087],[2.57594,42.61011],[2.57569,42.61079],[2.57574,42.6119],[2.57584,42.61234],[2.57531,42.61292],[2.57451,42.61394],[2.57403,42.61529],[2.57403,42.61596],[2.57445,42.61655],[2.57465,42.61809],[2.57489,42.6183],[2.57501,42.61853],[2.57258,42.6193],[2.57216,42.61966],[2.57198,42.62024],[2.57187,42.62114],[2.57174,42.62164],[2.57181,42.62205],[2.57339,42.62362],[2.57443,42.62492],[2.57505,42.62545],[2.57474,42.6261],[2.57468,42.62695],[2.57487,42.62798],[2.57432,42.62959],[2.57403,42.63073],[2.57336,42.63258],[2.57301,42.63416],[2.57259,42.63492],[2.57228,42.636],[2.57203,42.63676],[2.57155,42.6373],[2.57076,42.6378],[2.56979,42.63821],[2.56991,42.63875],[2.56864,42.63925],[2.5678,42.6397],[2.56786,42.63984],[2.56858,42.64023],[2.56907,42.64073],[2.56926,42.64131],[2.56956,42.64176],[2.57023,42.64203],[2.57072,42.64248],[2.57115,42.64266],[2.57145,42.64293],[2.57164,42.64347],[2.57164,42.64387],[2.57127,42.64401],[2.57067,42.64428],[2.57036,42.64473],[2.5697,42.64527],[2.56939,42.6459],[2.56909,42.64613],[2.56898,42.64649],[2.56848,42.64703],[2.56849,42.64748],[2.56843,42.64775],[2.56818,42.64797],[2.56793,42.64802],[2.56757,42.64744],[2.56726,42.64744],[2.56683,42.64775],[2.56641,42.64874],[2.56593,42.64969],[2.56544,42.65009],[2.56539,42.65023],[2.56606,42.65073],[2.56637,42.65145],[2.56704,42.65176],[2.56747,42.65257],[2.56753,42.6531],[2.56778,42.65396],[2.56766,42.6563],[2.56742,42.65734],[2.56688,42.65815],[2.56567,42.65918],[2.5656,42.65942],[2.56597,42.65968],[2.56658,42.65973],[2.56694,42.65986],[2.56797,42.65986],[2.5684,42.66],[2.56865,42.66021],[2.56896,42.66053],[2.56889,42.66107],[2.56989,42.66129],[2.57073,42.66129],[2.57097,42.6612],[2.57189,42.66115],[2.57201,42.66111],[2.57262,42.66106],[2.57388,42.66033],[2.57358,42.66008],[2.57399,42.65979],[2.57458,42.65967],[2.57516,42.65947],[2.57575,42.65947],[2.57616,42.65954],[2.5768,42.65945],[2.5778,42.65934],[2.57926,42.6592],[2.58145,42.65911],[2.58218,42.6592],[2.58469,42.65973],[2.58615,42.65972],[2.58714,42.65986],[2.58729,42.65998],[2.58794,42.66011],[2.58949,42.6601],[2.58989,42.66003],[2.59005,42.65997],[2.59005,42.65995],[2.59158,42.65976],[2.59256,42.65949],[2.59409,42.65997],[2.59594,42.66023],[2.59723,42.66046],[2.59797,42.66049],[2.59913,42.66076],[2.59988,42.66128],[2.60027,42.66167],[2.60129,42.66134],[2.60255,42.66092],[2.60276,42.66048],[2.60302,42.66008],[2.60323,42.65964],[2.60359,42.65853],[2.60407,42.65841],[2.60428,42.65777],[2.60453,42.65771],[2.6045,42.65682],[2.60574,42.65568],[2.60625,42.65583],[2.6071,42.65617],[2.60828,42.65665],[2.6086,42.65651],[2.61005,42.65652],[2.61052,42.65692],[2.61085,42.65712],[2.61126,42.65701],[2.61309,42.65665],[2.61334,42.65665],[2.61541,42.65794],[2.61803,42.65933],[2.61956,42.65978],[2.62143,42.65998],[2.62255,42.66023],[2.62353,42.66076],[2.625,42.66112],[2.62561,42.6613],[2.62585,42.66134],[2.62604,42.66179],[2.62702,42.66201],[2.62787,42.66241],[2.62829,42.66273],[2.62932,42.66314],[2.63111,42.66345],[2.63288,42.66363],[2.63363,42.66371],[2.6347,42.66298],[2.63531,42.66253],[2.63563,42.66211],[2.63545,42.66218],[2.63526,42.66244],[2.63481,42.66254],[2.6342,42.66253],[2.63365,42.66253],[2.63323,42.66222],[2.63293,42.66195],[2.63238,42.66164],[2.63201,42.6615],[2.63158,42.6611],[2.63126,42.66071],[2.63176,42.66068],[2.63145,42.66001],[2.63115,42.65966],[2.63097,42.65953],[2.63079,42.65909],[2.63023,42.65845],[2.62944,42.65796],[2.62778,42.6572],[2.62675,42.6568],[2.62625,42.65639],[2.62613,42.65585],[2.62619,42.65549],[2.62626,42.6554],[2.62704,42.65532],[2.62825,42.65536],[2.62997,42.65571],[2.63143,42.65584],[2.63462,42.65655],[2.63705,42.65677],[2.6371,42.65646],[2.63741,42.65645],[2.6379,42.65667],[2.63815,42.65663],[2.63844,42.65551],[2.63868,42.65519],[2.63917,42.65501],[2.63934,42.65447],[2.63966,42.6532],[2.63966,42.65275],[2.64021,42.65271],[2.64039,42.65275],[2.64051,42.65302],[2.64136,42.65302],[2.64129,42.65261],[2.64099,42.65189],[2.64086,42.65127],[2.64093,42.65055],[2.64146,42.64941],[2.64267,42.64807],[2.64297,42.64713],[2.64303,42.64554],[2.64295,42.64415],[2.64431,42.64338],[2.64546,42.64401],[2.65053,42.64603],[2.65114,42.64647],[2.65151,42.64692],[2.65164,42.64751],[2.65146,42.64939],[2.65165,42.64984],[2.65171,42.6502],[2.65213,42.65029],[2.65233,42.65061],[2.65239,42.65263],[2.65264,42.65321],[2.6527,42.65376],[2.6521,42.65578],[2.65193,42.65609],[2.65192,42.65659],[2.6529,42.65798],[2.65225,42.66],[2.6521,42.66007],[2.65196,42.66092],[2.65196,42.66135],[2.65226,42.66141],[2.65213,42.66301],[2.65232,42.66305],[2.65233,42.66401],[2.65214,42.66489],[2.65176,42.66509],[2.65104,42.66525],[2.65278,42.66599],[2.65301,42.66617],[2.65357,42.66621],[2.65412,42.66634],[2.6543,42.66657],[2.65575,42.66745],[2.65603,42.66746],[2.65719,42.66795],[2.65752,42.66833],[2.65891,42.66879],[2.66179,42.66979],[2.66405,42.67035],[2.66596,42.67129],[2.66571,42.67149],[2.67049,42.6738],[2.67171,42.67372],[2.67183,42.67359],[2.67177,42.67327],[2.67159,42.67301],[2.67279,42.67147],[2.67327,42.67071],[2.67406,42.66965],[2.67489,42.6704],[2.67522,42.67015],[2.67753,42.67116],[2.67795,42.67095],[2.67907,42.67127],[2.67994,42.67176],[2.68,42.67181],[2.68031,42.67181],[2.68043,42.67167],[2.68048,42.67127],[2.6806,42.67118],[2.68103,42.67122],[2.68145,42.67149],[2.68171,42.67204],[2.68219,42.67225],[2.68274,42.67234],[2.68317,42.67266],[2.68329,42.67289],[2.68409,42.67333],[2.68445,42.67369],[2.68477,42.67427],[2.68507,42.67449],[2.686,42.67444],[2.68665,42.6744],[2.68745,42.67444],[2.68757,42.67359],[2.68762,42.67142],[2.68785,42.6712],[2.68912,42.6703],[2.68912,42.66922],[2.68997,42.66903],[2.6909,42.66849],[2.69077,42.66809],[2.69034,42.66713],[2.69001,42.66615],[2.69111,42.66493],[2.69142,42.66498],[2.69172,42.66511],[2.69411,42.666],[2.69544,42.66663],[2.69778,42.66761],[2.69881,42.66788],[2.6993,42.66792],[2.6993,42.66797],[2.70193,42.66814],[2.70333,42.66845],[2.70437,42.66885],[2.70456,42.66898],[2.70492,42.66885],[2.70491,42.66876],[2.70595,42.66822],[2.70705,42.6675],[2.70766,42.66699],[2.70917,42.66623],[2.71038,42.66568],[2.71185,42.66487],[2.71228,42.66473],[2.71204,42.66433],[2.7114,42.66365],[2.71128,42.66343],[2.71293,42.66257],[2.7139,42.66149],[2.71469,42.66049],[2.71487,42.66049],[2.71578,42.66103],[2.71602,42.66124],[2.71603,42.66157],[2.7167,42.66148],[2.7175,42.66125],[2.71841,42.66111],[2.71829,42.66066],[2.71822,42.66048],[2.71822,42.66039],[2.71956,42.66056],[2.7195,42.66025],[2.72007,42.66004],[2.7226,42.65839],[2.72291,42.6583],[2.72363,42.65777],[2.72485,42.65745],[2.72521,42.65704],[2.72551,42.65699],[2.72753,42.65703],[2.72808,42.65717],[2.72954,42.65721],[2.73015,42.65733],[2.7324,42.65751],[2.73436,42.6575],[2.73582,42.65745],[2.7404,42.65752],[2.74191,42.65716],[2.74375,42.65684],[2.74387,42.65724],[2.74394,42.65828],[2.74406,42.6589],[2.74431,42.65894],[2.74522,42.65876],[2.74644,42.65871],[2.74753,42.6588],[2.74754,42.6593],[2.74779,42.65944],[2.7487,42.65943],[2.74999,42.65969],[2.74999,42.65983],[2.75029,42.65987],[2.75145,42.65969],[2.75163,42.65978],[2.75174,42.66006],[2.75185,42.66027],[2.75234,42.66022],[2.75306,42.66005],[2.75394,42.65972],[2.7546,42.65962],[2.75497,42.66037],[2.75558,42.66033],[2.75798,42.66071],[2.75911,42.66112],[2.75926,42.66211],[2.75959,42.66218],[2.76013,42.66233],[2.76417,42.66285],[2.76481,42.66292],[2.76514,42.66274],[2.76678,42.66272],[2.76781,42.66304],[2.76901,42.66407],[2.77141,42.66416],[2.77282,42.66437],[2.77269,42.66361],[2.77263,42.66325],[2.77396,42.66288],[2.77433,42.6627],[2.77585,42.66243],[2.77666,42.66246],[2.77749,42.66262],[2.77837,42.66279],[2.77895,42.66187],[2.78029,42.66196],[2.78485,42.66034],[2.78625,42.6608],[2.78991,42.66266],[2.7913,42.66259],[2.79182,42.66279],[2.79334,42.66033],[2.79381,42.65987],[2.79413,42.66007],[2.7942,42.66016],[2.79561,42.66105],[2.79573,42.66104],[2.7962,42.66023],[2.79623,42.66003],[2.79751,42.65681],[2.79837,42.65523],[2.79843,42.65518],[2.79884,42.65446],[2.79903,42.65387],[2.79932,42.65356],[2.79969,42.65338],[2.79932,42.65306],[2.79864,42.65275],[2.79822,42.65226],[2.79784,42.65136],[2.79766,42.65109],[2.79753,42.65042],[2.79717,42.65033],[2.79685,42.65019],[2.79502,42.64961],[2.7932,42.64931],[2.79252,42.64796],[2.79215,42.64684],[2.79153,42.64562],[2.79134,42.64505],[2.79041,42.64325],[2.79009,42.64325],[2.78868,42.64172],[2.78838,42.64114],[2.78831,42.64019],[2.78818,42.6397],[2.78659,42.63867],[2.7861,42.63845],[2.78543,42.63849],[2.78477,42.63886],[2.78459,42.63886],[2.78435,42.63868],[2.78281,42.63729],[2.78268,42.63729],[2.78244,42.63743],[2.78079,42.63802],[2.78038,42.63811],[2.78037,42.6378],[2.78013,42.63721],[2.77975,42.6369],[2.77778,42.63564],[2.7762,42.6347],[2.77516,42.63431],[2.77443,42.63395],[2.77136,42.63139],[2.77081,42.63112],[2.76941,42.63078],[2.76837,42.63033],[2.7674,42.62952],[2.76708,42.62921],[2.76499,42.6275],[2.76401,42.62657],[2.76316,42.62589],[2.76231,42.62558],[2.76181,42.62521],[2.76169,42.62495],[2.7615,42.62244],[2.76179,42.62153],[2.7625,42.62009],[2.76345,42.61509],[2.76355,42.61357],[2.76379,42.61279],[2.76391,42.61219],[2.76599,42.61238],[2.76709,42.61241],[2.76867,42.61277],[2.76891,42.61277],[2.76934,42.61232],[2.77008,42.61327],[2.77026,42.61327],[2.77098,42.61218],[2.77171,42.61226],[2.7725,42.61262],[2.77367,42.61344],[2.77415,42.61361],[2.77593,42.61351],[2.7769,42.61374],[2.77751,42.614],[2.77795,42.61459],[2.77795,42.61468],[2.77825,42.61467],[2.77868,42.61507],[2.77941,42.61543],[2.78052,42.61579],[2.78083,42.61579],[2.78118,42.61506],[2.78149,42.61515],[2.78363,42.61637],[2.78442,42.61659],[2.786,42.61685],[2.78674,42.61707],[2.78736,42.61761],[2.78754,42.61756],[2.78905,42.6167],[2.78886,42.61652],[2.78843,42.6163],[2.78692,42.61531],[2.78636,42.615],[2.78336,42.61308],[2.78262,42.6125],[2.7837,42.61046],[2.78411,42.60956],[2.78502,42.60735],[2.78544,42.6065],[2.78587,42.60609],[2.78629,42.60595],[2.78715,42.60595],[2.78751,42.60604],[2.7872,42.60488],[2.78683,42.60461],[2.78548,42.60425],[2.78463,42.6038],[2.78433,42.60344],[2.78432,42.60308],[2.78352,42.60218],[2.78351,42.602],[2.7845,42.6012],[2.78522,42.60092],[2.78607,42.60069],[2.78721,42.60024],[2.7877,42.59979],[2.78794,42.59929],[2.78794,42.59915],[2.7869,42.59911],[2.78654,42.59893],[2.78636,42.59848],[2.78647,42.59799],[2.78677,42.5975],[2.78708,42.59741],[2.7901,42.59527],[2.7921,42.59428],[2.79284,42.59373],[2.79357,42.59256],[2.79423,42.59206],[2.79508,42.59166],[2.79568,42.59125],[2.7978,42.5906],[2.79952,42.58997],[2.79981,42.58974],[2.80012,42.58907],[2.8003,42.58907],[2.80115,42.58947],[2.80163,42.58965],[2.80182,42.5896],[2.80206,42.58937],[2.80194,42.58924],[2.80158,42.58911],[2.80175,42.58853],[2.80253,42.58712],[2.80284,42.58654],[2.80314,42.58627],[2.80381,42.58603],[2.80618,42.5868],[2.8077,42.58724],[2.80832,42.58732],[2.80893,42.58732],[2.80978,42.58709],[2.81039,42.58709],[2.81148,42.5874],[2.81393,42.58761],[2.81442,42.58784],[2.81467,42.58851],[2.81509,42.58877],[2.81552,42.58886],[2.81747,42.58887],[2.81777,42.58876],[2.81844,42.58882],[2.81979,42.58944],[2.82047,42.58992],[2.82089,42.59055],[2.82145,42.5911],[2.822,42.5914],[2.82365,42.59253],[2.82426,42.59279],[2.82512,42.59333],[2.82653,42.59391],[2.82677,42.59377],[2.827,42.59359],[2.82779,42.59309],[2.8281,42.59278],[2.82791,42.5926],[2.82803,42.59246],[2.82893,42.59174],[2.83009,42.59043],[2.83081,42.58925],[2.83123,42.58871],[2.83213,42.58717],[2.83207,42.58708],[2.83165,42.58699],[2.83145,42.58632],[2.83151,42.58592],[2.83169,42.58542],[2.83181,42.58461],[2.83204,42.58407],[2.8318,42.58385],[2.83119,42.58353],[2.83124,42.58322],[2.83209,42.58186],[2.83256,42.58051],[2.8333,42.57993],[2.83408,42.5791],[2.83492,42.57807],[2.83535,42.57767],[2.83546,42.57735],[2.83509,42.57708],[2.83473,42.57699],[2.83491,42.57677],[2.83521,42.57663],[2.83648,42.57654],[2.83721,42.57658],[2.83734,42.57671],[2.83771,42.57689],[2.83887,42.57706],[2.8393,42.57715],[2.83936,42.57724],[2.84058,42.57755],[2.84131,42.57787],[2.84162,42.57817],[2.84168,42.57858],[2.84253,42.57895],[2.84302,42.57898],[2.84296,42.57853],[2.84326,42.57862],[2.84462,42.57952],[2.84523,42.5801],[2.84572,42.58009],[2.84675,42.57992],[2.84753,42.57959],[2.84887,42.57941],[2.84905,42.57941],[2.85009,42.57998],[2.8515,42.58096],[2.85121,42.58132],[2.85103,42.58137],[2.85091,42.58155],[2.85115,42.58196],[2.85116,42.58246],[2.85152,42.58291],[2.85104,42.58331],[2.85111,42.58349],[2.85178,42.58403],[2.85202,42.58398],[2.85257,42.58362],[2.85201,42.58312],[2.85213,42.58299],[2.85419,42.58195],[2.85699,42.58098],[2.85723,42.58098],[2.85784,42.5814],[2.85802,42.5814],[2.85833,42.58107],[2.85851,42.58116],[2.85894,42.58143],[2.85924,42.58134],[2.86046,42.58034],[2.86214,42.57849],[2.86298,42.57786],[2.86463,42.57691],[2.86542,42.57663],[2.86705,42.57631],[2.86711,42.57594],[2.86754,42.57572],[2.86844,42.57544],[2.86868,42.57549],[2.87041,42.57643],[2.87163,42.57723],[2.87248,42.57799],[2.87445,42.58001],[2.87525,42.58059],[2.87664,42.58098],[2.87696,42.58102],[2.87745,42.58161],[2.878,42.58161],[2.87806,42.58152],[2.87896,42.5803],[2.88035,42.57908],[2.88198,42.57771],[2.88259,42.57722],[2.88313,42.5769],[2.8838,42.57658],[2.88398,42.57645],[2.88539,42.57069],[2.88551,42.56991],[2.88676,42.56681],[2.88705,42.56622],[2.88759,42.56468],[2.88909,42.56169],[2.88918,42.56157],[2.88953,42.56059],[2.88995,42.55984],[2.8904,42.55892],[2.89084,42.55817],[2.89053,42.55817],[2.88999,42.55809],[2.88948,42.55783],[2.88922,42.55672],[2.88904,42.55606],[2.8883,42.55492],[2.88785,42.55417],[2.88773,42.5538],[2.88577,42.55205],[2.88546,42.55201],[2.88328,42.55166],[2.88134,42.55126],[2.88036,42.55085],[2.87969,42.5504],[2.87888,42.55008],[2.87788,42.54974],[2.87675,42.54942],[2.87628,42.54915],[2.87503,42.54851],[2.87318,42.54706],[2.87239,42.54653],[2.87179,42.54605],[2.87007,42.54507],[2.86744,42.54368],[2.86579,42.54292],[2.865,42.54239],[2.86469,42.54225],[2.86162,42.54001],[2.86088,42.53939],[2.85996,42.53796],[2.85892,42.53688],[2.85819,42.53629],[2.85659,42.53536],[2.85459,42.53465],[2.85251,42.53429],[2.85228,42.53533],[2.85235,42.53583],[2.85289,42.53646],[2.85296,42.53691],[2.85278,42.53713],[2.85242,42.53718],[2.85162,42.53691],[2.8501,42.53674],[2.84821,42.53684],[2.84773,42.53697],[2.84755,42.53729],[2.84713,42.53765],[2.84633,42.53788],[2.84622,42.53819],[2.84585,42.53882],[2.84586,42.53932],[2.84574,42.53964],[2.84549,42.53987],[2.84502,42.5401],[2.84435,42.54046],[2.84404,42.54081],[2.84412,42.54144],[2.84405,42.54189],[2.84381,42.54207],[2.84352,42.54249],[2.84273,42.54284],[2.84212,42.54348],[2.82152,42.54793],[2.81526,42.54841],[2.81508,42.54783],[2.81464,42.54716],[2.81458,42.54671],[2.81475,42.54617],[2.815,42.54585],[2.81487,42.54549],[2.81396,42.54482],[2.81384,42.54437],[2.81334,42.54392],[2.81328,42.54365],[2.8131,42.54334],[2.81286,42.54321],[2.81224,42.54271],[2.81212,42.54235],[2.81241,42.54203],[2.81241,42.54181],[2.81199,42.54154],[2.8118,42.5415],[2.81126,42.54177],[2.81046,42.542],[2.80925,42.542],[2.80876,42.54192],[2.80834,42.54196],[2.80791,42.54227],[2.80761,42.54259],[2.80695,42.54297],[2.80603,42.54328],[2.80529,42.54333],[2.80511,42.54324],[2.80487,42.54251],[2.80437,42.54176],[2.80443,42.54113],[2.8043,42.5409],[2.80424,42.54077],[2.80388,42.54054],[2.80387,42.53991]]]},"properties":{"ID":"665","id":"665","NOM_MASSIF":"ASPRES","dept":"66"}},{"type":"Feature","id":2,"geometry":{"type":"Polygon","coordinates":[[[3.09911,42.52361],[3.09923,42.52384],[3.0993,42.52415],[3.09949,42.52433],[3.09942,42.52456],[3.09882,42.52493],[3.09828,42.52502],[3.09797,42.52488],[3.09743,42.52521],[3.09701,42.52525],[3.0967,42.52512],[3.09616,42.52521],[3.09567,42.52544],[3.09549,42.52544],[3.09549,42.52531],[3.09567,42.52504],[3.0961,42.52481],[3.09639,42.52426],[3.09566,42.52377],[3.09517,42.52377],[3.09443,42.52423],[3.09394,42.52432],[3.09292,42.5247],[3.09238,42.52506],[3.09172,42.52569],[3.09099,42.52574],[3.09069,42.5257],[3.09044,42.52543],[3.09002,42.52544],[3.08972,42.52521],[3.08957,42.52493],[3.08926,42.52462],[3.08829,42.52463],[3.08793,42.52476],[3.08738,42.52477],[3.08732,42.52441],[3.08726,42.52428],[3.08689,42.52406],[3.08592,42.52407],[3.08544,42.52438],[3.08533,42.52483],[3.08508,42.52505],[3.08521,42.52528],[3.08575,42.5255],[3.08575,42.52559],[3.08569,42.52578],[3.0854,42.52587],[3.08492,42.5261],[3.08492,42.52641],[3.08504,42.5265],[3.08565,42.52655],[3.08565,42.52659],[3.08602,42.52735],[3.08718,42.52738],[3.08754,42.52774],[3.08827,42.5277],[3.08858,42.52782],[3.08858,42.528],[3.08798,42.52828],[3.08768,42.52859],[3.08737,42.52864],[3.08707,42.52855],[3.08689,42.52837],[3.08665,42.52838],[3.08616,42.52874],[3.0853,42.52888],[3.08488,42.52906],[3.08409,42.52911],[3.08403,42.5292],[3.08446,42.52933],[3.08452,42.52956],[3.08434,42.52956],[3.08422,42.52965],[3.08391,42.52975],[3.08385,42.52984],[3.08307,42.53007],[3.08301,42.53016],[3.08271,42.53039],[3.08224,42.53097],[3.08206,42.53156],[3.08224,42.53156],[3.08266,42.53138],[3.08315,42.53138],[3.08315,42.5316],[3.08285,42.53169],[3.08254,42.53192],[3.08213,42.53196],[3.08134,42.53224],[3.0809,42.53247],[3.0806,42.53256],[3.08066,42.53242],[3.0809,42.53224],[3.08102,42.53211],[3.08084,42.53206],[3.0797,42.53292],[3.07903,42.53319],[3.0783,42.53325],[3.07824,42.53338],[3.07765,42.5337],[3.07728,42.53392],[3.07698,42.53407],[3.07667,42.53425],[3.07649,42.53429],[3.07655,42.53407],[3.07637,42.53393],[3.07637,42.53375],[3.07599,42.53362],[3.07472,42.53367],[3.07399,42.53413],[3.07394,42.53431],[3.07388,42.53445],[3.07327,42.53445],[3.07315,42.53458],[3.07345,42.53476],[3.07352,42.5349],[3.07339,42.53499],[3.07291,42.53499],[3.07248,42.53468],[3.0723,42.53477],[3.07224,42.535],[3.07243,42.53522],[3.07225,42.53546],[3.07183,42.53564],[3.07145,42.53546],[3.0709,42.53546],[3.07072,42.53551],[3.06902,42.53565],[3.06842,42.53593],[3.06812,42.53594],[3.0669,42.53588],[3.06616,42.53607],[3.06543,42.53607],[3.06493,42.5355],[3.06391,42.53546],[3.06373,42.53551],[3.06306,42.53551],[3.06264,42.53533],[3.06221,42.53529],[3.0616,42.53552],[3.06025,42.53557],[3.05971,42.53575],[3.05948,42.53608],[3.05917,42.53617],[3.05796,42.53626],[3.05735,42.5368],[3.05712,42.53721],[3.05646,42.53807],[3.05555,42.53898],[3.05412,42.54092],[3.05412,42.54188],[3.05426,42.54272],[3.05499,42.54295],[3.055,42.54308],[3.05476,42.54367],[3.05354,42.54385],[3.05208,42.54386],[3.05184,42.54395],[3.05124,42.54512],[3.05112,42.54566],[3.05124,42.54571],[3.0513,42.54584],[3.05083,42.5468],[3.04961,42.55014],[3.04949,42.55081],[3.04938,42.55126],[3.04932,42.55216],[3.0489,42.55333],[3.04886,42.55482],[3.04875,42.55563],[3.04834,42.55644],[3.04829,42.55739],[3.04817,42.55788],[3.04789,42.56023],[3.0472,42.56316],[3.04714,42.5646],[3.04686,42.56604],[3.04674,42.56618],[3.04663,42.56685],[3.04657,42.5673],[3.04676,42.56815],[3.04664,42.5686],[3.04672,42.56936],[3.04659,42.56968],[3.04619,42.57162],[3.04615,42.57288],[3.04628,42.57401],[3.04631,42.57572],[3.04619,42.57617],[3.04598,42.57878],[3.046,42.58084],[3.04587,42.58138],[3.04577,42.58206],[3.04603,42.58409],[3.04576,42.58612],[3.0459,42.588],[3.04578,42.58903],[3.04575,42.59016],[3.04593,42.59093],[3.04594,42.59165],[3.04535,42.59286],[3.04517,42.59309],[3.04506,42.59372],[3.03785,42.59286],[3.03712,42.59269],[3.03572,42.5927],[3.02902,42.59221],[3.02742,42.59217],[3.02639,42.59204],[3.02505,42.592],[3.023,42.59224],[3.01812,42.59254],[3.0137,42.58928],[3.01186,42.58785],[3.01136,42.5875],[3.00381,42.58727],[2.99612,42.58624],[2.99355,42.58558],[2.99264,42.58559],[2.99112,42.58573],[2.98918,42.58579],[2.98595,42.58562],[2.98522,42.58549],[2.98376,42.58527],[2.9787,42.58459],[2.97764,42.58427],[2.97691,42.58415],[2.97685,42.5841],[2.97734,42.58374],[2.97892,42.58251],[2.97921,42.58237],[2.97944,42.58049],[2.97967,42.5803],[2.98077,42.57958],[2.98118,42.57917],[2.98167,42.57867],[2.98191,42.57831],[2.98251,42.57732],[2.98293,42.57646],[2.9831,42.57624],[2.98364,42.57506],[2.98303,42.57485],[2.98273,42.57462],[2.98332,42.57425],[2.98418,42.57384],[2.98363,42.5734],[2.98246,42.57241],[2.98184,42.57165],[2.98178,42.57107],[2.98104,42.57048],[2.97943,42.5695],[2.97895,42.56928],[2.97865,42.56959],[2.97847,42.56969],[2.97829,42.56956],[2.97755,42.5692],[2.97749,42.56911],[2.9798,42.56775],[2.98052,42.56738],[2.98046,42.56726],[2.97991,42.56684],[2.97905,42.56676],[2.97862,42.56649],[2.97776,42.56619],[2.97666,42.56533],[2.97622,42.56431],[2.97592,42.5644],[2.97543,42.56449],[2.97519,42.56432],[2.97421,42.56309],[2.97377,42.56265],[2.97298,42.56171],[2.9728,42.56167],[2.97151,42.56235],[2.97115,42.56245],[2.97102,42.56236],[2.96955,42.56047],[2.96826,42.55967],[2.96826,42.55935],[2.96746,42.55864],[2.96556,42.55811],[2.9643,42.55806],[2.96433,42.55726],[2.96453,42.55657],[2.96454,42.55583],[2.96299,42.55577],[2.96305,42.55548],[2.96297,42.5552],[2.96267,42.5543],[2.9618,42.55295],[2.96168,42.55259],[2.96192,42.55237],[2.96186,42.55205],[2.96136,42.55148],[2.96057,42.55143],[2.95928,42.55112],[2.95819,42.551],[2.95721,42.55092],[2.9541,42.55016],[2.953,42.54981],[2.95111,42.54928],[2.94738,42.54809],[2.94721,42.54836],[2.94654,42.5489],[2.94636,42.54912],[2.94601,42.54931],[2.94562,42.54982],[2.94428,42.55022],[2.94346,42.5505],[2.94409,42.55137],[2.94313,42.55209],[2.94245,42.55242],[2.94205,42.55315],[2.93924,42.55572],[2.93864,42.55627],[2.93775,42.55813],[2.93711,42.56051],[2.93657,42.56129],[2.93639,42.56133],[2.93639,42.56187],[2.93561,42.56399],[2.93519,42.56501],[2.93568,42.56513],[2.93664,42.56599],[2.93618,42.56614],[2.93499,42.5668],[2.93743,42.56723],[2.94088,42.5676],[2.94106,42.56769],[2.94059,42.56806],[2.94053,42.5682],[2.94113,42.56865],[2.94138,42.56877],[2.94188,42.56922],[2.94145,42.56945],[2.94037,42.57031],[2.94024,42.57044],[2.94043,42.57053],[2.94135,42.57129],[2.94105,42.57151],[2.94034,42.57202],[2.93989,42.57221],[2.93903,42.57156],[2.93816,42.57082],[2.93734,42.57029],[2.93694,42.56987],[2.93542,42.56859],[2.92486,42.56953],[2.92183,42.57005],[2.92081,42.57054],[2.91788,42.57089],[2.91627,42.57069],[2.91369,42.57031],[2.91323,42.56954],[2.91274,42.56877],[2.91225,42.5679],[2.91291,42.56719],[2.91312,42.56658],[2.9133,42.5664],[2.91371,42.56563],[2.9137,42.56509],[2.914,42.56393],[2.91394,42.56315],[2.91368,42.56248],[2.91295,42.56199],[2.91258,42.56145],[2.91209,42.56124],[2.91129,42.56065],[2.91056,42.56034],[2.90872,42.56004],[2.90799,42.55968],[2.90678,42.55933],[2.90628,42.55897],[2.9058,42.55802],[2.90506,42.55736],[2.9031,42.55601],[2.90292,42.55601],[2.90248,42.55624],[2.90012,42.5572],[2.89703,42.55856],[2.89419,42.56],[2.8942,42.55937],[2.89361,42.55897],[2.89228,42.55862],[2.89084,42.55817],[2.89053,42.55817],[2.88999,42.55809],[2.88948,42.55783],[2.88922,42.55672],[2.88904,42.55606],[2.8883,42.55492],[2.88785,42.55417],[2.88773,42.5538],[2.88577,42.55205],[2.88546,42.55201],[2.88328,42.55166],[2.88134,42.55126],[2.88036,42.55085],[2.87969,42.5504],[2.87888,42.55008],[2.87788,42.54974],[2.87675,42.54942],[2.87628,42.54915],[2.87503,42.54851],[2.87318,42.54706],[2.87239,42.54653],[2.87179,42.54605],[2.87007,42.54507],[2.86744,42.54368],[2.86579,42.54292],[2.865,42.54239],[2.86469,42.54225],[2.86162,42.54001],[2.86088,42.53939],[2.85996,42.53796],[2.85892,42.53688],[2.85819,42.53629],[2.85659,42.53536],[2.85459,42.53465],[2.85251,42.53429],[2.85228,42.53533],[2.85235,42.53583],[2.85289,42.53646],[2.85296,42.53691],[2.85278,42.53713],[2.85242,42.53718],[2.85162,42.53691],[2.8501,42.53674],[2.84821,42.53684],[2.84773,42.53697],[2.84755,42.53729],[2.84713,42.53765],[2.84633,42.53788],[2.84622,42.53819],[2.84585,42.53882],[2.84586,42.53932],[2.84574,42.53964],[2.84549,42.53987],[2.84502,42.5401],[2.84435,42.54046],[2.84404,42.54081],[2.84412,42.54144],[2.84405,42.54189],[2.84381,42.54207],[2.84352,42.54249],[2.84273,42.54284],[2.84212,42.54348],[2.82152,42.54793],[2.81526,42.54841],[2.81508,42.54783],[2.81464,42.54716],[2.81458,42.54671],[2.81475,42.54617],[2.815,42.54585],[2.81487,42.54549],[2.81396,42.54482],[2.81384,42.54437],[2.81334,42.54392],[2.81328,42.54365],[2.8131,42.54334],[2.81286,42.54321],[2.81224,42.54271],[2.81212,42.54235],[2.81241,42.54203],[2.81241,42.54181],[2.81199,42.54154],[2.8118,42.5415],[2.81126,42.54177],[2.81046,42.542],[2.80925,42.542],[2.80876,42.54192],[2.80834,42.54196],[2.80791,42.54227],[2.80761,42.54259],[2.80695,42.54297],[2.80603,42.54328],[2.80529,42.54333],[2.80511,42.54324],[2.80487,42.54251],[2.80437,42.54176],[2.80443,42.54113],[2.8043,42.5409],[2.80424,42.54077],[2.80388,42.54054],[2.80387,42.53991],[2.80363,42.5397],[2.80363,42.53924],[2.80331,42.53883],[2.80332,42.53834],[2.80362,42.53802],[2.80361,42.53771],[2.80331,42.53771],[2.80318,42.5378],[2.80288,42.53775],[2.80221,42.53722],[2.80136,42.53705],[2.801,42.53673],[2.80033,42.53655],[2.79996,42.53616],[2.79964,42.53516],[2.79977,42.53471],[2.8003,42.53386],[2.80235,42.53204],[2.80295,42.53136],[2.80368,42.53078],[2.80472,42.5296],[2.8055,42.52879],[2.80616,42.52816],[2.80979,42.52526],[2.81069,42.5245],[2.81238,42.52314],[2.81553,42.52056],[2.81583,42.52025],[2.81655,42.51974],[2.81709,42.5183],[2.81728,42.51758],[2.81769,42.5165],[2.81787,42.51502],[2.81779,42.51465],[2.81767,42.51456],[2.81603,42.5147],[2.81529,42.51448],[2.81511,42.51417],[2.8145,42.5139],[2.81358,42.51323],[2.81194,42.51292],[2.81102,42.51257],[2.81084,42.51234],[2.81126,42.51067],[2.81239,42.50721],[2.81268,42.50658],[2.8128,42.50599],[2.81122,42.50604],[2.8108,42.50595],[2.80902,42.50524],[2.80658,42.50403],[2.80512,42.50309],[2.80364,42.50234],[2.80346,42.50207],[2.80339,42.50127],[2.80314,42.50049],[2.80259,42.50013],[2.79973,42.49871],[2.79852,42.49805],[2.79692,42.49733],[2.79437,42.49734],[2.79376,42.49725],[2.79315,42.49707],[2.79211,42.4968],[2.7909,42.49681],[2.79059,42.49685],[2.78974,42.49686],[2.78932,42.49646],[2.78847,42.49628],[2.78724,42.49584],[2.78717,42.49562],[2.78723,42.49494],[2.7871,42.49448],[2.78601,42.49377],[2.78553,42.49377],[2.78437,42.49382],[2.78395,42.49373],[2.78328,42.49351],[2.78273,42.4932],[2.78255,42.49329],[2.78164,42.4946],[2.78055,42.49586],[2.77911,42.49762],[2.77809,42.49948],[2.77742,42.50038],[2.77701,42.50119],[2.77616,42.50244],[2.77581,42.50308],[2.77261,42.50787],[2.77207,42.5085],[2.77159,42.50949],[2.77135,42.50985],[2.77052,42.51143],[2.7696,42.51265],[2.76852,42.51409],[2.76798,42.5145],[2.76779,42.51468],[2.76701,42.51517],[2.76647,42.51518],[2.7661,42.515],[2.76543,42.51495],[2.76487,42.51518],[2.76445,42.51523],[2.76359,42.51452],[2.76329,42.51443],[2.76281,42.51469],[2.76208,42.51479],[2.75794,42.51493],[2.75716,42.51508],[2.75613,42.51513],[2.75576,42.51495],[2.75491,42.51495],[2.75479,42.51486],[2.75404,42.5145],[2.75349,42.51451],[2.75314,42.5146],[2.7527,42.51442],[2.75203,42.51438],[2.75126,42.51443],[2.75119,42.51483],[2.75083,42.51483],[2.75059,42.5147],[2.75016,42.5147],[2.74992,42.51484],[2.749,42.51556],[2.74858,42.51579],[2.74804,42.51623],[2.74786,42.51655],[2.74749,42.51695],[2.74726,42.51751],[2.74695,42.51796],[2.74484,42.51922],[2.74484,42.51935],[2.74502,42.51962],[2.74551,42.51962],[2.74569,42.51971],[2.74582,42.5212],[2.7457,42.52124],[2.74546,42.52111],[2.74453,42.52111],[2.74423,42.52102],[2.74411,42.52079],[2.74362,42.52044],[2.7432,42.52044],[2.74289,42.52057],[2.74247,42.52057],[2.74174,42.52049],[2.74119,42.52053],[2.74072,42.5209],[2.73993,42.52112],[2.73967,42.52139],[2.7393,42.52158],[2.73913,42.52181],[2.73889,42.5219],[2.73767,42.52204],[2.73664,42.5224],[2.73519,42.52263],[2.73408,42.52309],[2.733,42.52332],[2.73221,42.52354],[2.73178,42.52358],[2.73172,42.52346],[2.73165,42.52292],[2.73172,42.52265],[2.73257,42.52228],[2.73262,42.5216],[2.73279,42.52097],[2.7331,42.52052],[2.73298,42.5203],[2.73297,42.51994],[2.73267,42.51976],[2.73267,42.51917],[2.73284,42.51868],[2.7326,42.51805],[2.73283,42.51719],[2.73307,42.51674],[2.73337,42.51548],[2.73367,42.51494],[2.73386,42.5144],[2.7338,42.51408],[2.73379,42.51354],[2.73397,42.51327],[2.73409,42.51277],[2.73232,42.51252],[2.73049,42.51203],[2.72994,42.5118],[2.73007,42.51167],[2.73018,42.51108],[2.72982,42.51062],[2.72823,42.50969],[2.72781,42.50893],[2.72761,42.50736],[2.72779,42.50694],[2.72821,42.50645],[2.72833,42.50596],[2.72772,42.50587],[2.72686,42.50578],[2.72668,42.50587],[2.72619,42.50628],[2.72596,42.50682],[2.72535,42.50682],[2.72505,42.50691],[2.72395,42.50696],[2.72322,42.50683],[2.72285,42.50557],[2.72284,42.50494],[2.72357,42.50369],[2.72459,42.50255],[2.72562,42.50197],[2.72703,42.50156],[2.72805,42.50092],[2.72829,42.50088],[2.7292,42.50091],[2.73024,42.50118],[2.73201,42.50117],[2.73292,42.501],[2.73335,42.50085],[2.73498,42.50071],[2.73516,42.50062],[2.73528,42.50026],[2.73606,42.5],[2.73582,42.49932],[2.7357,42.49923],[2.73576,42.49914],[2.73606,42.49905],[2.7363,42.49824],[2.73655,42.498],[2.73703,42.49787],[2.73715,42.49778],[2.73715,42.49769],[2.73697,42.4976],[2.73648,42.49675],[2.73592,42.49621],[2.73591,42.4954],[2.73585,42.49536],[2.73464,42.49536],[2.73355,42.49559],[2.73301,42.49591],[2.73234,42.49614],[2.73021,42.4965],[2.72978,42.49659],[2.72863,42.4966],[2.7276,42.49638],[2.72711,42.49615],[2.72662,42.49566],[2.72644,42.49557],[2.72607,42.49557],[2.72557,42.49373],[2.72563,42.49342],[2.7263,42.49269],[2.72654,42.49229],[2.72654,42.49165],[2.72749,42.48976],[2.72785,42.48949],[2.72858,42.48935],[2.72899,42.48854],[2.73009,42.48759],[2.73063,42.48597],[2.73081,42.48552],[2.73056,42.4844],[2.73068,42.48413],[2.73092,42.48389],[2.73171,42.48367],[2.73182,42.48354],[2.73176,42.48331],[2.73152,42.48309],[2.73097,42.48187],[2.73108,42.48053],[2.73087,42.47989],[2.73102,42.47958],[2.7315,42.47926],[2.73167,42.47899],[2.73136,42.4781],[2.73082,42.47783],[2.73015,42.47765],[2.73003,42.47752],[2.73015,42.4772],[2.73075,42.47688],[2.73093,42.47657],[2.73118,42.47643],[2.73148,42.47611],[2.73183,42.47575],[2.73184,42.47544],[2.73166,42.47508],[2.73165,42.47463],[2.73134,42.47436],[2.73092,42.47418],[2.7308,42.47382],[2.73109,42.47341],[2.73163,42.47283],[2.73181,42.47242],[2.7318,42.47161],[2.73199,42.47138],[2.73272,42.47098],[2.73302,42.4707],[2.73297,42.47004],[2.73314,42.46977],[2.73399,42.46958],[2.73417,42.46954],[2.73417,42.46891],[2.73368,42.46818],[2.7338,42.468],[2.73423,42.46786],[2.73482,42.46782],[2.73506,42.46759],[2.73525,42.46682],[2.73542,42.4666],[2.73512,42.4662],[2.7339,42.46536],[2.73329,42.46504],[2.73189,42.46409],[2.73164,42.46337],[2.73023,42.46235],[2.72809,42.45925],[2.72759,42.45845],[2.72619,42.45664],[2.72666,42.45485],[2.72737,42.45111],[2.7276,42.44939],[2.72777,42.44868],[2.72777,42.4485],[2.72595,42.44774],[2.72619,42.44738],[2.72661,42.44693],[2.72715,42.4458],[2.72733,42.44494],[2.72702,42.44377],[2.72737,42.44301],[2.72724,42.44098],[2.72724,42.44048],[2.72874,42.43814],[2.72874,42.43688],[2.72806,42.43428],[2.72775,42.43329],[2.72768,42.43207],[2.72773,42.43162],[2.72767,42.43125],[2.72736,42.43077],[2.72736,42.42973],[2.72704,42.42942],[2.72698,42.42879],[2.72758,42.42712],[2.72866,42.42527],[2.72884,42.42473],[2.72878,42.42451],[2.72798,42.42393],[2.72755,42.42316],[2.72737,42.42262],[2.7301,42.42261],[2.73058,42.42297],[2.73144,42.42355],[2.73345,42.42445],[2.73394,42.42445],[2.73532,42.42399],[2.73728,42.42358],[2.73795,42.42353],[2.73904,42.42357],[2.74165,42.42424],[2.74347,42.4249],[2.74566,42.42494],[2.74683,42.4253],[2.74858,42.42529],[2.74919,42.4252],[2.75187,42.42536],[2.7532,42.42536],[2.75496,42.42568],[2.75544,42.42568],[2.75629,42.42526],[2.75757,42.42445],[2.75768,42.42422],[2.75786,42.42279],[2.75894,42.42039],[2.75947,42.41949],[2.76001,42.41837],[2.76067,42.41787],[2.76165,42.41746],[2.76364,42.41699],[2.76491,42.41636],[2.76546,42.41587],[2.76625,42.41474],[2.76697,42.41433],[2.76769,42.41411],[2.76853,42.41343],[2.77018,42.4118],[2.77029,42.41162],[2.77059,42.41166],[2.77109,42.41198],[2.7729,42.41273],[2.77406,42.41273],[2.77589,42.41263],[2.77644,42.41236],[2.77661,42.41213],[2.77697,42.41195],[2.77812,42.41217],[2.77879,42.41248],[2.78058,42.41415],[2.78136,42.41495],[2.78326,42.41666],[2.78412,42.41751],[2.78745,42.41754],[2.78897,42.4174],[2.7897,42.41739],[2.7903,42.41793],[2.79068,42.41837],[2.79118,42.41833],[2.79189,42.41806],[2.7928,42.41819],[2.79383,42.41836],[2.79791,42.41834],[2.79924,42.41857],[2.79962,42.41911],[2.80059,42.42103],[2.80097,42.42157],[2.80103,42.42212],[2.80085,42.42343],[2.80086,42.42396],[2.80166,42.42508],[2.80234,42.42679],[2.8026,42.42742],[2.80315,42.42822],[2.80345,42.42854],[2.80431,42.42957],[2.80432,42.43047],[2.80403,42.43128],[2.80372,42.43169],[2.80366,42.43196],[2.80396,42.43227],[2.80422,42.43245],[2.80458,42.4324],[2.80675,42.43136],[2.80778,42.43109],[2.80852,42.43108],[2.80925,42.43135],[2.80998,42.43193],[2.81071,42.43288],[2.8112,42.43391],[2.81133,42.43463],[2.81171,42.4353],[2.81237,42.4358],[2.81262,42.43584],[2.81365,42.43633],[2.81371,42.43637],[2.81414,42.43759],[2.81484,42.43879],[2.81526,42.43974],[2.81732,42.43973],[2.81854,42.44018],[2.81983,42.44048],[2.82098,42.44039],[2.82213,42.44007],[2.82351,42.43944],[2.82498,42.43921],[2.82529,42.43907],[2.82626,42.43907],[2.82711,42.43924],[2.82753,42.43955],[2.82827,42.44035],[2.82875,42.4408],[2.82949,42.44161],[2.83073,42.44363],[2.83122,42.44426],[2.83164,42.44461],[2.83368,42.44821],[2.83374,42.44906],[2.83363,42.4496],[2.83296,42.4502],[2.83273,42.45073],[2.8325,42.45159],[2.83231,42.45204],[2.83237,42.45226],[2.83317,42.4528],[2.8336,42.45303],[2.83464,42.45392],[2.83494,42.45423],[2.83579,42.45468],[2.83598,42.4549],[2.83598,42.45549],[2.83587,42.45593],[2.8372,42.45697],[2.83887,42.45876],[2.83911,42.45916],[2.8393,42.45929],[2.83954,42.45929],[2.84015,42.45893],[2.84141,42.45852],[2.84361,42.45815],[2.84446,42.45801],[2.84452,42.45797],[2.84542,42.45778],[2.84797,42.45674],[2.85027,42.45605],[2.85256,42.4551],[2.85403,42.45492],[2.85578,42.45436],[2.85663,42.45404],[2.85748,42.45403],[2.85968,42.45458],[2.8615,42.45483],[2.8618,42.45523],[2.86199,42.45577],[2.86385,42.45936],[2.86422,42.45977],[2.86406,42.46094],[2.86334,42.46333],[2.86352,42.46369],[2.86412,42.46408],[2.86463,42.46417],[2.86553,42.46421],[2.86603,42.46467],[2.86657,42.46543],[2.86737,42.46605],[2.86872,42.46681],[2.86987,42.46725],[2.87031,42.46734],[2.8717,42.46729],[2.87278,42.46706],[2.87478,42.46624],[2.87613,42.46556],[2.87661,42.46514],[2.87774,42.46439],[2.87841,42.46394],[2.87963,42.46271],[2.87975,42.46253],[2.88094,42.46117],[2.88216,42.4606],[2.88285,42.46047],[2.88391,42.46026],[2.88498,42.46],[2.88549,42.45993],[2.88651,42.46038],[2.88881,42.46158],[2.88946,42.46182],[2.89047,42.46176],[2.89122,42.46184],[2.89201,42.46179],[2.89546,42.46083],[2.8971,42.46046],[2.89867,42.45991],[2.90031,42.45901],[2.90133,42.45815],[2.90302,42.45737],[2.90431,42.45696],[2.90461,42.45687],[2.9071,42.45696],[2.91178,42.45728],[2.91353,42.45683],[2.91482,42.4565],[2.91736,42.45613],[2.91845,42.45608],[2.92042,42.45737],[2.92114,42.45773],[2.92333,42.45807],[2.92448,42.45839],[2.92524,42.46162],[2.92519,42.46212],[2.92478,42.46356],[2.92478,42.46387],[2.92571,42.46513],[2.92718,42.46616],[2.92811,42.46796],[2.92835,42.46826],[2.92891,42.46957],[2.92971,42.47033],[2.93001,42.47078],[2.93022,42.47208],[2.93064,42.47257],[2.93285,42.47436],[2.93413,42.47436],[2.93487,42.47453],[2.93705,42.47564],[2.93749,42.47596],[2.93817,42.47717],[2.93841,42.47735],[2.94068,42.47832],[2.94329,42.47931],[2.94464,42.47962],[2.94506,42.47965],[2.94568,42.48002],[2.94574,42.48006],[2.94641,42.48072],[2.94697,42.48162],[2.94703,42.4818],[2.94709,42.4818],[2.94727,42.48161],[2.94805,42.48017],[2.94877,42.47946],[2.95035,42.47837],[2.95143,42.47777],[2.95149,42.47768],[2.95191,42.47745],[2.95275,42.4769],[2.95384,42.47655],[2.95469,42.47627],[2.9553,42.476],[2.95627,42.47567],[2.95899,42.4744],[2.9596,42.47408],[2.96038,42.47358],[2.96097,42.47272],[2.96139,42.47169],[2.96151,42.4716],[2.96211,42.47043],[2.96271,42.4697],[2.96385,42.46888],[2.96458,42.46847],[2.96591,42.46756],[2.96621,42.46707],[2.96626,42.46608],[2.96637,42.46576],[2.96699,42.4654],[2.96735,42.46536],[2.96899,42.46579],[2.97057,42.46605],[2.9713,42.46614],[2.97203,42.46636],[2.97266,42.46672],[2.97569,42.46746],[2.97654,42.46746],[2.97885,42.46717],[2.9794,42.46718],[2.97983,42.46736],[2.9805,42.46798],[2.98087,42.46847],[2.98185,42.46914],[2.98246,42.46941],[2.98258,42.46958],[2.98216,42.47053],[2.98205,42.4713],[2.98224,42.47161],[2.98267,42.47197],[2.98322,42.47224],[2.98426,42.47255],[2.98511,42.47281],[2.98687,42.47316],[2.98889,42.47383],[2.98919,42.47387],[2.98981,42.47382],[2.99193,42.47327],[2.99235,42.47322],[2.99411,42.47326],[2.99509,42.47338],[2.99619,42.47334],[2.99727,42.4731],[2.99879,42.47309],[2.99995,42.47295],[3.00092,42.47299],[3.00158,42.47245],[3.00212,42.47218],[3.00325,42.47045],[3.00387,42.47014],[3.00466,42.46995],[3.00574,42.46949],[3.00738,42.46926],[3.00962,42.46817],[3.01258,42.46652],[3.01275,42.46634],[3.01299,42.46621],[3.01299,42.46616],[3.01325,42.46621],[3.01393,42.4667],[3.01435,42.46711],[3.01594,42.46844],[3.01612,42.46862],[3.01735,42.46942],[3.0198,42.47062],[3.02053,42.47085],[3.02199,42.47088],[3.02254,42.47105],[3.02352,42.47182],[3.02407,42.4719],[3.02534,42.4718],[3.02669,42.47206],[3.02784,42.47243],[3.02955,42.47367],[3.0309,42.47433],[3.03201,42.47473],[3.03231,42.47495],[3.0328,42.47491],[3.03357,42.47463],[3.03412,42.47449],[3.03467,42.47413],[3.03552,42.47381],[3.03684,42.47355],[3.03877,42.47366],[3.03962,42.4737],[3.04046,42.47439],[3.04058,42.47373],[3.04076,42.47314],[3.04116,42.47275],[3.04128,42.47182],[3.04159,42.47128],[3.04191,42.47104],[3.04199,42.4708],[3.04191,42.47008],[3.04179,42.46963],[3.0419,42.46909],[3.04298,42.46756],[3.04314,42.46607],[3.04363,42.46521],[3.0453,42.46282],[3.04571,42.46178],[3.04577,42.46137],[3.04642,42.46096],[3.04673,42.46064],[3.04702,42.45934],[3.04725,42.45708],[3.04778,42.4565],[3.04904,42.45555],[3.05018,42.45513],[3.05085,42.45459],[3.05115,42.45413],[3.05144,42.45292],[3.0533,42.4512],[3.05366,42.45074],[3.05413,42.44979],[3.05498,42.44894],[3.0563,42.44821],[3.05691,42.44762],[3.05708,42.44721],[3.05732,42.44698],[3.05804,42.44554],[3.0598,42.44512],[3.06052,42.44475],[3.06112,42.44435],[3.06191,42.44408],[3.06355,42.44401],[3.06427,42.44356],[3.06482,42.44321],[3.06638,42.4427],[3.06693,42.44238],[3.06704,42.44116],[3.06812,42.4399],[3.06854,42.43895],[3.06865,42.43837],[3.06907,42.43795],[3.06955,42.43759],[3.06961,42.43714],[3.06965,42.43628],[3.06996,42.43588],[3.07055,42.43556],[3.07275,42.43518],[3.07395,42.43504],[3.07631,42.43516],[3.0765,42.43498],[3.07649,42.43399],[3.07697,42.43246],[3.0772,42.4321],[3.07738,42.43146],[3.07779,42.43096],[3.07839,42.43047],[3.07856,42.43015],[3.07966,42.42951],[3.08014,42.42848],[3.08055,42.42817],[3.08207,42.42757],[3.084,42.4266],[3.08544,42.42551],[3.08556,42.42537],[3.0861,42.42519],[3.08744,42.42527],[3.08847,42.42535],[3.0897,42.42535],[3.09035,42.42503],[3.0932,42.42514],[3.09461,42.42513],[3.09661,42.42494],[3.09831,42.42493],[3.09928,42.42529],[3.10014,42.42564],[3.10166,42.42608],[3.10228,42.42653],[3.10252,42.42697],[3.10248,42.42778],[3.10254,42.42828],[3.10291,42.42878],[3.10402,42.42966],[3.1042,42.42975],[3.10432,42.42984],[3.10597,42.43046],[3.10646,42.4309],[3.10702,42.43199],[3.10753,42.43333],[3.10796,42.43396],[3.10925,42.43481],[3.10967,42.43502],[3.11016,42.43538],[3.11064,42.43538],[3.11192,42.43501],[3.1126,42.435],[3.1132,42.43509],[3.1146,42.43517],[3.11521,42.43535],[3.11593,42.43579],[3.11746,42.43614],[3.11802,42.43644],[3.11863,42.43717],[3.1193,42.43748],[3.12028,42.43775],[3.12077,42.43801],[3.12083,42.43801],[3.121,42.4372],[3.12165,42.43629],[3.12226,42.43584],[3.12408,42.43501],[3.12546,42.43468],[3.12704,42.43463],[3.12838,42.4348],[3.1299,42.43479],[3.13032,42.43492],[3.13172,42.43523],[3.1324,42.43572],[3.13307,42.43572],[3.13392,42.43544],[3.13549,42.4352],[3.13634,42.43511],[3.13689,42.43524],[3.13787,42.43523],[3.13847,42.435],[3.13948,42.43414],[3.13967,42.43396],[3.14015,42.43368],[3.14076,42.43359],[3.14332,42.43362],[3.14367,42.43348],[3.14427,42.43307],[3.14476,42.43306],[3.14769,42.43363],[3.14866,42.43393],[3.14909,42.4342],[3.15067,42.43473],[3.15231,42.43499],[3.1533,42.43547],[3.1536,42.43547],[3.1539,42.43534],[3.15451,42.43488],[3.15522,42.43447],[3.15619,42.43424],[3.15742,42.43418],[3.15881,42.43431],[3.16003,42.43461],[3.16143,42.43524],[3.16303,42.43581],[3.16382,42.43585],[3.16418,42.43575],[3.16599,42.43525],[3.16708,42.43519],[3.16843,42.43541],[3.16964,42.4354],[3.17054,42.43512],[3.17145,42.43498],[3.17322,42.43488],[3.17469,42.43504],[3.17407,42.43542],[3.1736,42.43587],[3.17354,42.436],[3.17366,42.43614],[3.17368,42.43749],[3.17399,42.43793],[3.17436,42.43807],[3.17448,42.43798],[3.17478,42.43789],[3.1749,42.43802],[3.17466,42.43825],[3.1746,42.43852],[3.17478,42.4387],[3.17557,42.43868],[3.17569,42.43882],[3.17606,42.43882],[3.1763,42.43873],[3.17703,42.43867],[3.17703,42.43881],[3.17733,42.43885],[3.17764,42.43903],[3.17765,42.4393],[3.17783,42.43948],[3.17753,42.43967],[3.17741,42.4399],[3.17759,42.43993],[3.17759,42.44011],[3.17705,42.44003],[3.17694,42.44026],[3.17663,42.44026],[3.17651,42.44035],[3.17651,42.44071],[3.17633,42.4408],[3.17627,42.44089],[3.17682,42.44088],[3.17682,42.44093],[3.17676,42.44102],[3.17633,42.44107],[3.1761,42.44116],[3.17537,42.44121],[3.17525,42.44135],[3.17532,42.44166],[3.17501,42.4418],[3.17489,42.44198],[3.17465,42.44202],[3.17433,42.44193],[3.17427,42.44181],[3.17409,42.44163],[3.17385,42.44172],[3.17379,42.44181],[3.1733,42.44167],[3.1733,42.44145],[3.17312,42.4414],[3.17312,42.44113],[3.173,42.44096],[3.17239,42.44101],[3.17215,42.44119],[3.1716,42.44124],[3.17148,42.4412],[3.17148,42.44075],[3.1713,42.44066],[3.17134,42.44029],[3.17122,42.44011],[3.17086,42.44016],[3.17026,42.44063],[3.16996,42.44076],[3.16935,42.44085],[3.16922,42.44071],[3.1694,42.4403],[3.16928,42.44017],[3.16878,42.44009],[3.16848,42.44022],[3.16734,42.44032],[3.1674,42.44028],[3.16739,42.44006],[3.16696,42.44006],[3.16672,42.4401],[3.16631,42.44055],[3.16619,42.44096],[3.1662,42.44168],[3.16632,42.44173],[3.16717,42.44177],[3.16754,42.44199],[3.16796,42.44221],[3.16785,42.44257],[3.16828,42.44271],[3.16852,42.44297],[3.16858,42.44319],[3.16846,42.44324],[3.16834,42.44342],[3.16854,42.44355],[3.1686,42.44368],[3.1689,42.44386],[3.1689,42.444],[3.16908,42.44431],[3.16921,42.44422],[3.16945,42.44422],[3.16951,42.4444],[3.16921,42.44445],[3.1691,42.44468],[3.16861,42.44486],[3.16849,42.44513],[3.16867,42.44522],[3.16922,42.44513],[3.16922,42.44522],[3.1688,42.44545],[3.16875,42.44576],[3.16893,42.44594],[3.16936,42.44584],[3.16942,42.44625],[3.16912,42.44643],[3.16912,42.44657],[3.16893,42.4467],[3.16907,42.44688],[3.1687,42.44697],[3.16828,42.44733],[3.1684,42.44742],[3.16925,42.44732],[3.16931,42.44764],[3.16902,42.44804],[3.16836,42.44823],[3.16811,42.44805],[3.16799,42.44837],[3.16739,42.44842],[3.1669,42.44856],[3.1669,42.44847],[3.16672,42.44842],[3.1666,42.44847],[3.16563,42.4488],[3.16538,42.44903],[3.16472,42.44912],[3.16447,42.4493],[3.16411,42.44931],[3.16393,42.4494],[3.16412,42.44971],[3.16388,42.44971],[3.16376,42.44989],[3.1637,42.45012],[3.16322,42.45039],[3.16305,42.45066],[3.16256,42.45089],[3.1625,42.45098],[3.16206,42.45121],[3.1614,42.45126],[3.16123,42.45148],[3.16068,42.45154],[3.16056,42.45167],[3.15989,42.4519],[3.15991,42.45244],[3.16009,42.45279],[3.16064,42.45279],[3.16088,42.45305],[3.16118,42.4531],[3.16124,42.45319],[3.16179,42.45333],[3.16211,42.45365],[3.16284,42.45373],[3.16303,42.45381],[3.16346,42.45386],[3.16358,42.45407],[3.16425,42.45407],[3.16449,42.45389],[3.16497,42.45398],[3.16508,42.45375],[3.16534,42.45388],[3.16534,42.45424],[3.1654,42.45442],[3.16541,42.4551],[3.16517,42.45541],[3.16542,42.45555],[3.16572,42.45559],[3.16627,42.45585],[3.16633,42.45603],[3.16693,42.45607],[3.16737,42.45622],[3.16768,42.45657],[3.16743,42.45661],[3.16725,42.4568],[3.16713,42.45689],[3.16701,42.45712],[3.16683,42.45716],[3.16532,42.45731],[3.1652,42.4574],[3.1649,42.4574],[3.16484,42.45726],[3.16465,42.45713],[3.16399,42.45714],[3.16379,42.45727],[3.16349,42.45736],[3.16343,42.45741],[3.163,42.4575],[3.1627,42.45773],[3.16246,42.45773],[3.16241,42.45805],[3.16259,42.45827],[3.16241,42.45841],[3.16205,42.45845],[3.16169,42.45877],[3.16127,42.45877],[3.16114,42.45864],[3.16065,42.45856],[3.16036,42.45883],[3.15988,42.45883],[3.15957,42.4587],[3.15907,42.45861],[3.15835,42.45876],[3.1578,42.45907],[3.15762,42.45916],[3.15733,42.45943],[3.15727,42.45997],[3.15733,42.46047],[3.15759,42.46078],[3.15856,42.46081],[3.15892,42.4609],[3.15923,42.46118],[3.15971,42.46122],[3.15977,42.4614],[3.16039,42.46144],[3.1607,42.46158],[3.16088,42.46175],[3.16071,42.46197],[3.16041,42.46198],[3.16035,42.46212],[3.15997,42.4623],[3.15991,42.46234],[3.16021,42.46257],[3.15979,42.46266],[3.15968,42.46293],[3.15974,42.46333],[3.16047,42.46341],[3.16054,42.46345],[3.16035,42.46355],[3.16041,42.46368],[3.1614,42.4639],[3.16177,42.46416],[3.16226,42.46421],[3.16232,42.4643],[3.1622,42.46434],[3.1622,42.46443],[3.16238,42.46458],[3.16232,42.46467],[3.16244,42.46476],[3.16244,42.46498],[3.16149,42.46566],[3.15967,42.46671],[3.15961,42.46693],[3.15943,42.46702],[3.1592,42.4673],[3.15908,42.46779],[3.15883,42.46792],[3.15818,42.46806],[3.15787,42.46825],[3.15781,42.46852],[3.15806,42.46878],[3.15775,42.46883],[3.15776,42.46892],[3.15751,42.46892],[3.1571,42.4692],[3.15678,42.4692],[3.1566,42.46929],[3.15612,42.4693],[3.15563,42.46962],[3.15545,42.4698],[3.15498,42.47016],[3.15492,42.47079],[3.15475,42.4711],[3.15414,42.47179],[3.15416,42.47237],[3.15446,42.47263],[3.15448,42.47299],[3.15478,42.47308],[3.15484,42.47323],[3.15448,42.47332],[3.15442,42.47341],[3.1546,42.4739],[3.15492,42.47426],[3.1551,42.47466],[3.15486,42.4748],[3.15486,42.47493],[3.15498,42.47502],[3.15511,42.47534],[3.15548,42.47542],[3.15627,42.47578],[3.15633,42.47591],[3.15584,42.47605],[3.15548,42.47623],[3.15524,42.47623],[3.15482,42.47637],[3.15483,42.47669],[3.15525,42.47677],[3.15525,42.47691],[3.15549,42.477],[3.15568,42.47713],[3.15525,42.47722],[3.15514,42.47745],[3.15441,42.47759],[3.15398,42.47777],[3.15313,42.47787],[3.15325,42.47761],[3.15307,42.47761],[3.1527,42.47774],[3.1524,42.47774],[3.1524,42.47756],[3.15173,42.47748],[3.15161,42.47762],[3.15131,42.47762],[3.15119,42.47771],[3.15088,42.47775],[3.151,42.47757],[3.1504,42.47753],[3.14991,42.47744],[3.14985,42.47735],[3.14991,42.4773],[3.14997,42.47717],[3.14973,42.47708],[3.14967,42.47717],[3.14924,42.47731],[3.14918,42.47758],[3.14899,42.47776],[3.14906,42.478],[3.14876,42.47809],[3.14839,42.478],[3.14803,42.47799],[3.14791,42.47818],[3.14767,42.47836],[3.14706,42.47832],[3.14694,42.47837],[3.14677,42.47873],[3.14616,42.47873],[3.14604,42.47928],[3.14616,42.4794],[3.14604,42.47945],[3.14599,42.47964],[3.14624,42.47967],[3.1463,42.47981],[3.14605,42.47999],[3.14533,42.48],[3.14531,42.48003],[3.14514,42.48031],[3.14478,42.48031],[3.14416,42.48014],[3.14416,42.47987],[3.14434,42.47947],[3.14421,42.47933],[3.14433,42.47911],[3.14421,42.47902],[3.14348,42.47889],[3.14323,42.47916],[3.14319,42.47961],[3.14331,42.4797],[3.14307,42.47992],[3.14305,42.48002],[3.14302,42.48037],[3.14272,42.48056],[3.14223,42.48056],[3.14211,42.4806],[3.13888,42.48063],[3.13858,42.48073],[3.13766,42.48082],[3.13725,42.48095],[3.13719,42.4814],[3.13713,42.48172],[3.13653,42.48173],[3.13646,42.48164],[3.13598,42.48137],[3.13537,42.48133],[3.13433,42.4816],[3.13414,42.48143],[3.13311,42.48125],[3.13293,42.48139],[3.1325,42.48144],[3.13232,42.48122],[3.1319,42.48122],[3.13106,42.4815],[3.13033,42.48186],[3.12967,42.48254],[3.12961,42.4829],[3.12979,42.48312],[3.13151,42.48356],[3.13194,42.48387],[3.13206,42.48456],[3.13183,42.48474],[3.13183,42.48487],[3.13214,42.48491],[3.13244,42.48508],[3.13183,42.48509],[3.13195,42.48523],[3.1325,42.48531],[3.13268,42.4854],[3.13275,42.48567],[3.13245,42.4858],[3.13197,42.48576],[3.13191,42.48612],[3.13167,42.48613],[3.13136,42.48604],[3.13094,42.48604],[3.13092,42.48608],[3.13106,42.48613],[3.13106,42.48631],[3.13001,42.48632],[3.12942,42.48677],[3.12881,42.48687],[3.12857,42.48696],[3.12845,42.48714],[3.12821,42.48718],[3.12815,42.48709],[3.12772,42.4871],[3.12754,42.48732],[3.12773,42.48817],[3.1281,42.4884],[3.12889,42.48848],[3.12938,42.48858],[3.12945,42.48876],[3.12908,42.4888],[3.12878,42.48894],[3.12878,42.48912],[3.12903,42.48952],[3.12952,42.48983],[3.13025,42.48982],[3.13062,42.49014],[3.13123,42.49017],[3.13183,42.49049],[3.13221,42.49058],[3.13239,42.49076],[3.13282,42.49075],[3.13294,42.49084],[3.13288,42.49102],[3.13306,42.49106],[3.13332,42.49129],[3.13295,42.49138],[3.13277,42.4916],[3.13301,42.49193],[3.13315,42.49246],[3.13303,42.49282],[3.13277,42.49296],[3.13271,42.49305],[3.13284,42.49314],[3.13298,42.49327],[3.13267,42.49354],[3.13254,42.49377],[3.13285,42.49422],[3.13298,42.49467],[3.13292,42.49498],[3.13245,42.49552],[3.13239,42.49585],[3.13239,42.49611],[3.13265,42.49647],[3.13295,42.49727],[3.13345,42.49754],[3.13511,42.49803],[3.1362,42.49811],[3.1365,42.49828],[3.13638,42.49842],[3.13577,42.49842],[3.13559,42.4986],[3.13506,42.49888],[3.135,42.49925],[3.13561,42.49969],[3.13561,42.49987],[3.1355,42.49991],[3.13544,42.50032],[3.1352,42.5005],[3.1347,42.50046],[3.13452,42.50055],[3.13452,42.50078],[3.13423,42.50082],[3.13429,42.50109],[3.13398,42.50114],[3.13368,42.50091],[3.13331,42.50083],[3.13196,42.50035],[3.13142,42.50004],[3.13093,42.4999],[3.13093,42.49962],[3.13075,42.4995],[3.12978,42.49945],[3.12953,42.4995],[3.12867,42.49996],[3.12832,42.50042],[3.12833,42.5015],[3.12797,42.50177],[3.127,42.50191],[3.1267,42.50178],[3.12627,42.50146],[3.12597,42.50143],[3.1253,42.5017],[3.12475,42.5021],[3.12445,42.50279],[3.1244,42.50337],[3.12465,42.5039],[3.12472,42.50439],[3.12387,42.50436],[3.12338,42.50449],[3.12297,42.50504],[3.12297,42.50567],[3.12334,42.50594],[3.12401,42.50589],[3.12407,42.50593],[3.1254,42.50593],[3.12589,42.50615],[3.12578,42.50651],[3.1259,42.50655],[3.12627,42.50624],[3.12657,42.50619],[3.12675,42.50614],[3.12694,42.50623],[3.12695,42.50667],[3.12707,42.50699],[3.12731,42.50699],[3.12737,42.50681],[3.1275,42.50676],[3.12798,42.50721],[3.12847,42.50725],[3.12871,42.50743],[3.12883,42.50765],[3.12921,42.50793],[3.12933,42.50816],[3.12897,42.50811],[3.12885,42.50816],[3.12885,42.50834],[3.12891,42.50861],[3.12909,42.50865],[3.12935,42.50896],[3.12923,42.50923],[3.12965,42.50927],[3.12989,42.50927],[3.13008,42.50904],[3.13038,42.509],[3.13056,42.50913],[3.13111,42.50921],[3.13129,42.50926],[3.13129,42.50957],[3.13172,42.50962],[3.1319,42.50971],[3.13166,42.50993],[3.1316,42.51011],[3.13179,42.51034],[3.13185,42.5106],[3.1321,42.51073],[3.1324,42.51078],[3.13252,42.51055],[3.13284,42.51055],[3.1332,42.51086],[3.13326,42.51113],[3.13314,42.51127],[3.1331,42.51176],[3.1326,42.51191],[3.1326,42.51213],[3.13242,42.51213],[3.13243,42.51236],[3.13237,42.51281],[3.13213,42.51303],[3.13207,42.51326],[3.13231,42.51335],[3.13342,42.51329],[3.13366,42.51343],[3.13415,42.51351],[3.1344,42.51378],[3.1341,42.514],[3.13416,42.51414],[3.13458,42.51427],[3.13531,42.51418],[3.13562,42.5139],[3.13622,42.5139],[3.13641,42.51412],[3.13762,42.51457],[3.13781,42.51489],[3.13835,42.51479],[3.13829,42.51497],[3.13837,42.5151],[3.13879,42.5151],[3.13917,42.51515],[3.13946,42.5151],[3.14001,42.51518],[3.14067,42.51513],[3.1411,42.51521],[3.14178,42.51557],[3.1419,42.51575],[3.14063,42.51585],[3.14032,42.51594],[3.13855,42.51609],[3.13789,42.51637],[3.13717,42.51646],[3.13704,42.51669],[3.1368,42.51673],[3.13674,42.51646],[3.13644,42.51625],[3.13625,42.51643],[3.13607,42.51674],[3.13595,42.51692],[3.13548,42.51697],[3.13511,42.51688],[3.13401,42.51689],[3.1337,42.51716],[3.13322,42.51717],[3.1331,42.51739],[3.13346,42.51761],[3.13346,42.51774],[3.13281,42.5178],[3.13244,42.51793],[3.13171,42.51799],[3.13141,42.51812],[3.13135,42.51826],[3.13092,42.51839],[3.1299,42.51854],[3.12977,42.51827],[3.12953,42.51822],[3.12947,42.51845],[3.12928,42.51854],[3.12856,42.51895],[3.12813,42.51937],[3.12772,42.51936],[3.12747,42.5194],[3.12711,42.51978],[3.12559,42.52011],[3.12542,42.52038],[3.12494,42.52033],[3.1248,42.52047],[3.12506,42.52065],[3.1245,42.52101],[3.12281,42.52151],[3.12233,42.52184],[3.12172,42.52188],[3.12111,42.52176],[3.12069,42.52149],[3.1202,42.52149],[3.12008,42.52176],[3.11947,42.52186],[3.11947,42.52217],[3.11899,42.52231],[3.11833,42.52285],[3.1176,42.52322],[3.11724,42.52317],[3.11699,42.52295],[3.11705,42.52263],[3.11813,42.52178],[3.11915,42.52123],[3.11915,42.52082],[3.1189,42.52059],[3.11861,42.52059],[3.11824,42.52083],[3.11794,42.52097],[3.11788,42.52087],[3.1172,42.52029],[3.11713,42.52006],[3.11726,42.51957],[3.11713,42.5194],[3.11651,42.51917],[3.11628,42.51931],[3.11586,42.5194],[3.11597,42.51922],[3.11597,42.51895],[3.1156,42.51887],[3.1156,42.51891],[3.11501,42.51932],[3.1144,42.52017],[3.11416,42.52059],[3.11452,42.52085],[3.11452,42.52116],[3.11411,42.52143],[3.11381,42.52176],[3.11344,42.52177],[3.11314,42.5219],[3.11279,42.52235],[3.11267,42.5224],[3.11255,42.52253],[3.11176,42.52308],[3.11159,42.52344],[3.11128,42.52348],[3.11043,42.52327],[3.11007,42.52323],[3.10975,42.52305],[3.10927,42.52306],[3.10883,42.52279],[3.10841,42.52288],[3.10823,42.52328],[3.10884,42.52337],[3.10927,42.52373],[3.10946,42.52408],[3.10995,42.52408],[3.11007,42.52417],[3.11019,42.52439],[3.11007,42.52466],[3.10946,42.52493],[3.1088,42.52485],[3.10825,42.52481],[3.10808,42.52494],[3.10741,42.52495],[3.10741,42.52504],[3.10778,42.52521],[3.1079,42.52539],[3.10778,42.52562],[3.10735,42.52563],[3.10723,42.52572],[3.1068,42.52563],[3.10651,42.5259],[3.10615,42.52594],[3.10577,42.52564],[3.10547,42.52555],[3.10521,42.52528],[3.10491,42.52519],[3.10473,42.52546],[3.10448,42.52556],[3.10376,42.52551],[3.10314,42.52534],[3.10302,42.52512],[3.1026,42.52512],[3.10229,42.52499],[3.10193,42.5249],[3.10096,42.525],[3.10059,42.52473],[3.09991,42.52366],[3.09973,42.52342],[3.09935,42.52338],[3.09917,42.52352],[3.09911,42.52361]]]},"properties":{"ID":"668","id":"668","NOM_MASSIF":"ALBERES","dept":"66"}},{"type":"Feature","id":3,"geometry":{"type":"Polygon","coordinates":[[[2.93989,42.57221],[2.93903,42.57156],[2.93816,42.57082],[2.93734,42.57029],[2.93694,42.56987],[2.93542,42.56859],[2.92486,42.56953],[2.92183,42.57005],[2.92081,42.57054],[2.91788,42.57089],[2.91627,42.57069],[2.91369,42.57031],[2.91323,42.56954],[2.91274,42.56877],[2.91225,42.5679],[2.91291,42.56719],[2.91312,42.56658],[2.9133,42.5664],[2.91371,42.56563],[2.9137,42.56509],[2.914,42.56393],[2.91394,42.56315],[2.91368,42.56248],[2.91295,42.56199],[2.91258,42.56145],[2.91209,42.56124],[2.91129,42.56065],[2.91056,42.56034],[2.90872,42.56004],[2.90799,42.55968],[2.90678,42.55933],[2.90628,42.55897],[2.9058,42.55802],[2.90506,42.55736],[2.9031,42.55601],[2.90292,42.55601],[2.90248,42.55624],[2.90012,42.5572],[2.89703,42.55856],[2.89419,42.56],[2.8942,42.55937],[2.89361,42.55897],[2.89228,42.55862],[2.89084,42.55817],[2.8904,42.55892],[2.88995,42.55984],[2.88953,42.56059],[2.88918,42.56157],[2.88909,42.56169],[2.88759,42.56468],[2.88705,42.56622],[2.88676,42.56681],[2.88551,42.56991],[2.88539,42.57069],[2.88398,42.57645],[2.8838,42.57658],[2.88313,42.5769],[2.88259,42.57722],[2.88198,42.57771],[2.88035,42.57908],[2.87896,42.5803],[2.87806,42.58152],[2.878,42.58161],[2.87745,42.58161],[2.87696,42.58102],[2.87664,42.58098],[2.87525,42.58059],[2.87445,42.58001],[2.87248,42.57799],[2.87163,42.57723],[2.87041,42.57643],[2.86868,42.57549],[2.86844,42.57544],[2.86754,42.57572],[2.86711,42.57594],[2.86705,42.57631],[2.86542,42.57663],[2.86463,42.57691],[2.86298,42.57786],[2.86214,42.57849],[2.86046,42.58034],[2.85924,42.58134],[2.85894,42.58143],[2.85851,42.58116],[2.85833,42.58107],[2.85802,42.5814],[2.85784,42.5814],[2.85723,42.58098],[2.85699,42.58098],[2.85419,42.58195],[2.85213,42.58299],[2.85201,42.58312],[2.85257,42.58362],[2.85202,42.58398],[2.85178,42.58403],[2.85111,42.58349],[2.85104,42.58331],[2.85152,42.58291],[2.85116,42.58246],[2.85115,42.58196],[2.85091,42.58155],[2.85103,42.58137],[2.85121,42.58132],[2.8515,42.58096],[2.85009,42.57998],[2.84905,42.57941],[2.84887,42.57941],[2.84753,42.57959],[2.84675,42.57992],[2.84572,42.58009],[2.84523,42.5801],[2.84462,42.57952],[2.84326,42.57862],[2.84296,42.57853],[2.84302,42.57898],[2.84253,42.57895],[2.84168,42.57858],[2.84162,42.57817],[2.84131,42.57787],[2.84058,42.57755],[2.83936,42.57724],[2.8393,42.57715],[2.83887,42.57706],[2.83771,42.57689],[2.83734,42.57671],[2.83721,42.57658],[2.83648,42.57654],[2.83521,42.57663],[2.83491,42.57677],[2.83473,42.57699],[2.83509,42.57708],[2.83546,42.57735],[2.83535,42.57767],[2.83492,42.57807],[2.83408,42.5791],[2.8333,42.57993],[2.83256,42.58051],[2.83209,42.58186],[2.83124,42.58322],[2.83119,42.58353],[2.8318,42.58385],[2.83204,42.58407],[2.83181,42.58461],[2.83169,42.58542],[2.83151,42.58592],[2.83145,42.58632],[2.83165,42.58699],[2.83207,42.58708],[2.83213,42.58717],[2.83123,42.58871],[2.83081,42.58925],[2.83009,42.59043],[2.82893,42.59174],[2.82803,42.59246],[2.82791,42.5926],[2.8281,42.59278],[2.82779,42.59309],[2.827,42.59359],[2.82677,42.59377],[2.82653,42.59391],[2.82512,42.59333],[2.82426,42.59279],[2.82365,42.59253],[2.822,42.5914],[2.82145,42.5911],[2.82089,42.59055],[2.82047,42.58992],[2.81979,42.58944],[2.81844,42.58882],[2.81777,42.58876],[2.81747,42.58887],[2.81552,42.58886],[2.81509,42.58877],[2.81467,42.58851],[2.81442,42.58784],[2.81393,42.58761],[2.81148,42.5874],[2.81039,42.58709],[2.80978,42.58709],[2.80893,42.58732],[2.80832,42.58732],[2.8077,42.58724],[2.80618,42.5868],[2.80381,42.58603],[2.80314,42.58627],[2.80284,42.58654],[2.80253,42.58712],[2.80175,42.58853],[2.80158,42.58911],[2.80194,42.58924],[2.80206,42.58937],[2.80182,42.5896],[2.80163,42.58965],[2.80115,42.58947],[2.8003,42.58907],[2.80012,42.58907],[2.79981,42.58974],[2.79952,42.58997],[2.7978,42.5906],[2.79568,42.59125],[2.79508,42.59166],[2.79423,42.59206],[2.79357,42.59256],[2.79284,42.59373],[2.7921,42.59428],[2.7901,42.59527],[2.78708,42.59741],[2.78677,42.5975],[2.78647,42.59799],[2.78636,42.59848],[2.78654,42.59893],[2.7869,42.59911],[2.78794,42.59915],[2.78794,42.59929],[2.7877,42.59979],[2.78721,42.60024],[2.78607,42.60069],[2.78522,42.60092],[2.7845,42.6012],[2.78351,42.602],[2.78352,42.60218],[2.78432,42.60308],[2.78433,42.60344],[2.78463,42.6038],[2.78548,42.60425],[2.78683,42.60461],[2.7872,42.60488],[2.78751,42.60604],[2.78715,42.60595],[2.78629,42.60595],[2.78587,42.60609],[2.78544,42.6065],[2.78502,42.60735],[2.78411,42.60956],[2.7837,42.61046],[2.78262,42.6125],[2.78336,42.61308],[2.78636,42.615],[2.78692,42.61531],[2.78843,42.6163],[2.78886,42.61652],[2.78905,42.6167],[2.78754,42.61756],[2.78736,42.61761],[2.78674,42.61707],[2.786,42.61685],[2.78442,42.61659],[2.78363,42.61637],[2.78149,42.61515],[2.78118,42.61506],[2.78083,42.61579],[2.78052,42.61579],[2.77941,42.61543],[2.77868,42.61507],[2.77825,42.61467],[2.77795,42.61468],[2.77795,42.61459],[2.77751,42.614],[2.7769,42.61374],[2.77593,42.61351],[2.77415,42.61361],[2.77367,42.61344],[2.7725,42.61262],[2.77171,42.61226],[2.77098,42.61218],[2.77026,42.61327],[2.77008,42.61327],[2.76934,42.61232],[2.76891,42.61277],[2.76867,42.61277],[2.76709,42.61241],[2.76599,42.61238],[2.76391,42.61219],[2.76379,42.61279],[2.76355,42.61357],[2.76345,42.61509],[2.7625,42.62009],[2.76179,42.62153],[2.7615,42.62244],[2.76169,42.62495],[2.76181,42.62521],[2.76231,42.62558],[2.76316,42.62589],[2.76401,42.62657],[2.76499,42.6275],[2.76708,42.62921],[2.7674,42.62952],[2.76837,42.63033],[2.76941,42.63078],[2.77081,42.63112],[2.77136,42.63139],[2.77443,42.63395],[2.77516,42.63431],[2.7762,42.6347],[2.77778,42.63564],[2.77975,42.6369],[2.78013,42.63721],[2.78037,42.6378],[2.78038,42.63811],[2.78079,42.63802],[2.78244,42.63743],[2.78268,42.63729],[2.78281,42.63729],[2.78435,42.63868],[2.78459,42.63886],[2.78477,42.63886],[2.78543,42.63849],[2.7861,42.63845],[2.78659,42.63867],[2.78818,42.6397],[2.78831,42.64019],[2.78838,42.64114],[2.78868,42.64172],[2.79009,42.64325],[2.79041,42.64325],[2.79134,42.64505],[2.79153,42.64562],[2.79215,42.64684],[2.79252,42.64796],[2.7932,42.64931],[2.79502,42.64961],[2.79685,42.65019],[2.79717,42.65033],[2.79753,42.65042],[2.79766,42.65109],[2.79784,42.65136],[2.79822,42.65226],[2.79864,42.65275],[2.79932,42.65306],[2.79969,42.65338],[2.79932,42.65356],[2.79903,42.65387],[2.79884,42.65446],[2.79843,42.65518],[2.79837,42.65523],[2.79751,42.65681],[2.79623,42.66003],[2.7962,42.66023],[2.79573,42.66104],[2.79561,42.66105],[2.7942,42.66016],[2.79413,42.66007],[2.79381,42.65987],[2.79334,42.66033],[2.79182,42.66279],[2.7913,42.66259],[2.78991,42.66266],[2.78625,42.6608],[2.78485,42.66034],[2.78029,42.66196],[2.77895,42.66187],[2.77837,42.66279],[2.77749,42.66262],[2.77666,42.66246],[2.77585,42.66243],[2.77433,42.6627],[2.77396,42.66288],[2.77263,42.66325],[2.77269,42.66361],[2.77282,42.66437],[2.77141,42.66416],[2.76901,42.66407],[2.76781,42.66304],[2.76678,42.66272],[2.76514,42.66274],[2.76481,42.66292],[2.76417,42.66285],[2.76013,42.66233],[2.75959,42.66218],[2.75926,42.66211],[2.75911,42.66112],[2.75798,42.66071],[2.75558,42.66033],[2.75497,42.66037],[2.7546,42.65962],[2.75394,42.65972],[2.75306,42.66005],[2.75234,42.66022],[2.75185,42.66027],[2.75174,42.66006],[2.75163,42.65978],[2.75145,42.65969],[2.75029,42.65987],[2.74999,42.65983],[2.74999,42.65969],[2.7487,42.65943],[2.74779,42.65944],[2.74754,42.6593],[2.74753,42.6588],[2.74644,42.65871],[2.74522,42.65876],[2.74431,42.65894],[2.74406,42.6589],[2.74394,42.65828],[2.74387,42.65724],[2.74375,42.65684],[2.74191,42.65716],[2.7404,42.65752],[2.73582,42.65745],[2.73436,42.6575],[2.7324,42.65751],[2.73015,42.65733],[2.72954,42.65721],[2.72808,42.65717],[2.72753,42.65703],[2.72551,42.65699],[2.72521,42.65704],[2.72485,42.65745],[2.72363,42.65777],[2.72291,42.6583],[2.7226,42.65839],[2.72007,42.66004],[2.7195,42.66025],[2.71956,42.66056],[2.71822,42.66039],[2.71822,42.66048],[2.71829,42.66066],[2.71841,42.66111],[2.7175,42.66125],[2.7167,42.66148],[2.71603,42.66157],[2.71602,42.66124],[2.71578,42.66103],[2.71487,42.66049],[2.71469,42.66049],[2.7139,42.66149],[2.71293,42.66257],[2.71128,42.66343],[2.7114,42.66365],[2.71204,42.66433],[2.71228,42.66473],[2.71185,42.66487],[2.71038,42.66568],[2.70917,42.66623],[2.70766,42.66699],[2.70705,42.6675],[2.70595,42.66822],[2.70491,42.66876],[2.70492,42.66885],[2.70456,42.66898],[2.70328,42.6702],[2.70328,42.67029],[2.70395,42.67053],[2.70432,42.67061],[2.70445,42.67241],[2.70429,42.67411],[2.70441,42.67429],[2.70569,42.67448],[2.70678,42.67452],[2.70678,42.67479],[2.70642,42.676],[2.7063,42.67631],[2.70881,42.67635],[2.70863,42.67699],[2.70857,42.67725],[2.709,42.67743],[2.70864,42.67847],[2.7089,42.67991],[2.70877,42.68085],[2.70853,42.68216],[2.70824,42.68423],[2.70788,42.68589],[2.7079,42.68793],[2.70881,42.68783],[2.70962,42.68769],[2.70999,42.68926],[2.71116,42.6916],[2.71202,42.69376],[2.713,42.69346],[2.71368,42.69316],[2.71544,42.69237],[2.7173,42.69194],[2.71832,42.69175],[2.71954,42.69151],[2.72134,42.69117],[2.72293,42.69106],[2.72487,42.6906],[2.72614,42.69036],[2.7282,42.69021],[2.72895,42.69013],[2.72939,42.69005],[2.72975,42.69001],[2.73036,42.68992],[2.73163,42.68933],[2.73394,42.68802],[2.7348,42.6876],[2.73625,42.68705],[2.73797,42.68656],[2.74037,42.6862],[2.74113,42.68609],[2.74249,42.6857],[2.74398,42.68582],[2.74599,42.68546],[2.74759,42.68517],[2.74883,42.68488],[2.75036,42.68456],[2.75212,42.68412],[2.75364,42.68371],[2.75466,42.68375],[2.75509,42.68362],[2.75697,42.68365],[2.75786,42.68388],[2.7589,42.68407],[2.75977,42.68425],[2.76067,42.68424],[2.76221,42.68436],[2.76379,42.68446],[2.7664,42.68489],[2.76748,42.68449],[2.76857,42.68437],[2.76893,42.68442],[2.7701,42.68441],[2.77174,42.68391],[2.77271,42.68359],[2.77297,42.68625],[2.77407,42.68656],[2.7745,42.68728],[2.77707,42.68767],[2.77829,42.68789],[2.77914,42.68797],[2.77939,42.6873],[2.77957,42.68725],[2.78011,42.68716],[2.78114,42.6872],[2.7827,42.689],[2.78276,42.68914],[2.7841,42.68918],[2.7844,42.68927],[2.78452,42.68971],[2.78575,42.69002],[2.78606,42.68997],[2.78647,42.68975],[2.78696,42.68966],[2.78771,42.69064],[2.78777,42.69082],[2.78948,42.69081],[2.79088,42.69067],[2.79277,42.69085],[2.79309,42.69097],[2.79322,42.69251],[2.79315,42.6931],[2.79262,42.69489],[2.79192,42.69809],[2.79191,42.6985],[2.79325,42.69863],[2.79467,42.69902],[2.79442,42.70016],[2.79425,42.70083],[2.79425,42.70097],[2.79548,42.70083],[2.79572,42.70132],[2.79597,42.70253],[2.79592,42.70371],[2.79581,42.7038],[2.7955,42.70398],[2.79459,42.70475],[2.7944,42.7052],[2.79478,42.70582],[2.79514,42.70627],[2.79533,42.70695],[2.79521,42.70758],[2.79504,42.70794],[2.79473,42.70799],[2.79461,42.70866],[2.79406,42.70857],[2.79296,42.70835],[2.79195,42.70975],[2.79121,42.71025],[2.78975,42.71088],[2.78896,42.7112],[2.78775,42.71269],[2.78569,42.71495],[2.78538,42.71536],[2.78441,42.71608],[2.78278,42.71685],[2.78126,42.71781],[2.78083,42.71817],[2.78071,42.71844],[2.78077,42.71888],[2.78139,42.71907],[2.78256,42.72],[2.78342,42.72099],[2.78391,42.7209],[2.78452,42.72076],[2.78658,42.72043],[2.78806,42.72029],[2.78908,42.72011],[2.79073,42.72001],[2.79464,42.72023],[2.79953,42.72025],[2.8002,42.72034],[2.80093,42.72029],[2.80147,42.72016],[2.80184,42.71962],[2.80202,42.71957],[2.80275,42.71952],[2.80336,42.71952],[2.80955,42.72183],[2.8104,42.72218],[2.81206,42.72281],[2.81315,42.72352],[2.81396,42.72429],[2.81414,42.72456],[2.81426,42.72455],[2.81432,42.72477],[2.81524,42.72563],[2.81758,42.72648],[2.82014,42.72719],[2.82155,42.72785],[2.82358,42.72875],[2.82432,42.72914],[2.82517,42.72955],[2.82713,42.73085],[2.82786,42.73133],[2.83008,42.73245],[2.83088,42.73294],[2.83112,42.73313],[2.83373,42.73451],[2.83456,42.7349],[2.83681,42.73565],[2.83784,42.73612],[2.83488,42.73671],[2.83073,42.73727],[2.82951,42.73759],[2.82939,42.7379],[2.82868,42.7402],[2.8282,42.74146],[2.82802,42.74268],[2.82786,42.74493],[2.82788,42.74646],[2.82782,42.74695],[2.82783,42.74767],[2.82942,42.7491],[2.82998,42.74987],[2.8301,42.75009],[2.83095,42.75059],[2.8312,42.75076],[2.83172,42.75437],[2.8321,42.75589],[2.83186,42.75688],[2.83067,42.76013],[2.83025,42.76112],[2.82978,42.76301],[2.82888,42.76575],[2.8287,42.76607],[2.82981,42.76597],[2.83962,42.76472],[2.84173,42.7675],[2.84185,42.76773],[2.84228,42.76782],[2.84331,42.7679],[2.84435,42.76789],[2.84533,42.76771],[2.84618,42.7678],[2.8465,42.76802],[2.84644,42.76838],[2.84607,42.76929],[2.84583,42.76987],[2.84559,42.77032],[2.84542,42.77091],[2.84583,42.77203],[2.846,42.77261],[2.84586,42.77288],[2.84617,42.77327],[2.84526,42.7742],[2.84431,42.77574],[2.84425,42.77661],[2.84384,42.77697],[2.84345,42.77757],[2.84365,42.77837],[2.84337,42.77906],[2.84332,42.77967],[2.84312,42.78162],[2.843,42.78284],[2.84282,42.78298],[2.84234,42.78321],[2.84234,42.78339],[2.84296,42.78442],[2.84469,42.7864],[2.84545,42.78778],[2.84625,42.78903],[2.84668,42.7903],[2.84779,42.79182],[2.84945,42.79303],[2.84963,42.7932],[2.85129,42.79419],[2.8526,42.79589],[2.85523,42.79814],[2.85561,42.79863],[2.85599,42.79948],[2.85641,42.79993],[2.8566,42.80002],[2.85654,42.80029],[2.85641,42.80051],[2.85661,42.80074],[2.85691,42.80086],[2.85752,42.80149],[2.8577,42.80155],[2.85802,42.80181],[2.85919,42.80217],[2.85992,42.8027],[2.86171,42.80359],[2.86378,42.80439],[2.86563,42.80529],[2.86735,42.80635],[2.87066,42.80805],[2.87239,42.80877],[2.873,42.80912],[2.87404,42.80956],[2.87539,42.81027],[2.87588,42.8105],[2.87631,42.81046],[2.87645,42.8104],[2.87667,42.81023],[2.87808,42.80986],[2.88534,42.80794],[2.89167,42.80601],[2.89177,42.80598],[2.89764,42.80396],[2.89934,42.80332],[2.90325,42.80204],[2.90373,42.80181],[2.9049,42.80145],[2.90581,42.80104],[2.9066,42.80077],[2.90715,42.8005],[2.9083,42.80013],[2.90946,42.79962],[2.91025,42.79926],[2.91226,42.79848],[2.91323,42.79834],[2.91433,42.79829],[2.9139,42.79668],[2.91321,42.7956],[2.9129,42.79524],[2.91203,42.79394],[2.91062,42.79242],[2.91079,42.79161],[2.9106,42.79062],[2.91034,42.78976],[2.91248,42.78961],[2.91657,42.78915],[2.91889,42.78891],[2.92017,42.78872],[2.92272,42.78732],[2.92315,42.78722],[2.92718,42.7872],[2.93049,42.787],[2.9314,42.78691],[2.93512,42.78666],[2.93482,42.78774],[2.934,42.79054],[2.93358,42.79189],[2.93358,42.79198],[2.9348,42.79224],[2.93579,42.79251],[2.93714,42.79269],[2.93762,42.79246],[2.93878,42.79245],[2.94025,42.79209],[2.93989,42.79316],[2.93936,42.79397],[2.93882,42.79497],[2.93884,42.79726],[2.93853,42.79816],[2.93836,42.79915],[2.93838,42.80123],[2.93851,42.80127],[2.93967,42.80082],[2.93991,42.80082],[2.94023,42.8019],[2.94142,42.80473],[2.9416,42.80472],[2.94415,42.80313],[2.94445,42.80304],[2.94445,42.80313],[2.94512,42.80394],[2.94526,42.80416],[2.94743,42.80675],[2.94793,42.80774],[2.94941,42.8098],[2.95004,42.81106],[2.95016,42.81151],[2.94945,42.81327],[2.94939,42.81368],[2.95537,42.81828],[2.9614,42.82353],[2.96441,42.82522],[2.96722,42.82688],[2.97228,42.82983],[2.98779,42.83879],[2.9896,42.83979],[2.99081,42.84049],[2.99268,42.84149],[2.99415,42.84232],[2.99619,42.84343],[2.99813,42.84445],[2.99971,42.84535],[3.00133,42.84621],[3.00378,42.84765],[3.00525,42.84844],[3.008,42.84991],[3.01117,42.85157],[3.01258,42.85237],[3.01403,42.85169],[3.01756,42.85011],[3.01906,42.84941],[3.02058,42.84871],[3.02403,42.84718],[3.02792,42.84544],[3.02958,42.84469],[3.03099,42.84403],[3.0345,42.84252],[3.03544,42.84207],[3.03969,42.84001],[3.04027,42.83965],[3.04351,42.83815],[3.04331,42.83711],[3.04324,42.83652],[3.04292,42.83568],[3.04292,42.835],[3.04315,42.83446],[3.04277,42.83361],[3.04276,42.83194],[3.04255,42.8305],[3.04286,42.82955],[3.04266,42.82898],[3.0421,42.82803],[3.04202,42.82731],[3.04221,42.82636],[3.04219,42.82546],[3.04181,42.82456],[3.04173,42.82277],[3.04178,42.82164],[3.04151,42.81975],[3.04144,42.81876],[3.04105,42.8171],[3.04104,42.81652],[3.04128,42.81592],[3.04121,42.81552],[3.04078,42.81454],[3.0407,42.81301],[3.04069,42.81161],[3.04044,42.8103],[3.04042,42.80919],[3.04003,42.80793],[3.04003,42.80711],[3.0402,42.80657],[3.03976,42.80559],[3.03975,42.80442],[3.03949,42.8032],[3.03927,42.79979],[3.03944,42.79897],[3.0395,42.79861],[3.04077,42.79815],[3.04211,42.79788],[3.04211,42.79765],[3.0418,42.79725],[3.0407,42.7969],[3.04045,42.79654],[3.03992,42.79357],[3.03965,42.79159],[3.03952,42.78988],[3.039,42.78781],[3.03927,42.78535],[3.03912,42.78355],[3.03884,42.78213],[3.03876,42.78142],[3.03893,42.78097],[3.03868,42.78032],[3.03861,42.77958],[3.03869,42.7791],[3.03928,42.77837],[3.03941,42.77766],[3.03891,42.77542],[3.03928,42.7745],[3.03902,42.77292],[3.03901,42.77175],[3.0393,42.77098],[3.0391,42.76962],[3.03891,42.76896],[3.03902,42.76797],[3.03902,42.76757],[3.03869,42.76572],[3.03892,42.76508],[3.03878,42.76405],[3.03878,42.76297],[3.03866,42.76231],[3.03877,42.7619],[3.03833,42.75996],[3.0383,42.75866],[3.03848,42.75789],[3.03823,42.75713],[3.03822,42.75654],[3.0379,42.75542],[3.0379,42.75456],[3.03818,42.75335],[3.03854,42.75267],[3.03908,42.75235],[3.03963,42.75234],[3.03955,42.75131],[3.03898,42.74912],[3.03889,42.74654],[3.0387,42.74574],[3.03876,42.74516],[3.03905,42.74439],[3.03885,42.74335],[3.03866,42.7425],[3.03854,42.74209],[3.03834,42.74016],[3.03851,42.73935],[3.03862,42.73778],[3.03905,42.73386],[3.03898,42.73255],[3.03866,42.73116],[3.03871,42.73044],[3.039,42.72998],[3.03955,42.72994],[3.03949,42.7298],[3.03906,42.72971],[3.03894,42.72909],[3.03929,42.72836],[3.03948,42.72823],[3.04021,42.72818],[3.0402,42.72795],[3.03946,42.7279],[3.03934,42.72781],[3.03934,42.72719],[3.03963,42.72683],[3.03982,42.72665],[3.04074,42.72656],[3.04074,42.72638],[3.03982,42.72629],[3.0398,42.72521],[3.04005,42.72462],[3.04054,42.72458],[3.04054,42.7244],[3.04023,42.72426],[3.04022,42.72358],[3.04028,42.72326],[3.04064,42.72344],[3.04101,42.72344],[3.04083,42.72326],[3.04028,42.7229],[3.04002,42.72233],[3.04001,42.72098],[3.04035,42.71953],[3.04034,42.71778],[3.04052,42.71751],[3.04075,42.71742],[3.04075,42.71666],[3.04036,42.71476],[3.04022,42.71373],[3.03991,42.7127],[3.03983,42.71103],[3.03906,42.70807],[3.03894,42.70696],[3.03887,42.7066],[3.0388,42.70645],[3.03874,42.70626],[3.03873,42.70613],[3.03874,42.70599],[3.03869,42.70585],[3.03867,42.70554],[3.03865,42.70543],[3.03856,42.7052],[3.03855,42.70508],[3.03849,42.70491],[3.03843,42.70459],[3.03844,42.70454],[3.03862,42.70432],[3.03886,42.7041],[3.03901,42.70392],[3.03919,42.70374],[3.03939,42.70357],[3.03964,42.70346],[3.03983,42.70339],[3.04003,42.7033],[3.04044,42.70317],[3.04079,42.70303],[3.04094,42.70297],[3.04162,42.70283],[3.04165,42.70281],[3.04165,42.70278],[3.04164,42.70276],[3.04159,42.70275],[3.04126,42.70278],[3.04094,42.70286],[3.04031,42.70307],[3.03929,42.70347],[3.03922,42.7035],[3.03899,42.70368],[3.03894,42.70373],[3.03889,42.70373],[3.03883,42.70368],[3.03867,42.70353],[3.03842,42.70341],[3.03839,42.70339],[3.03839,42.70336],[3.03842,42.70328],[3.03835,42.70325],[3.03845,42.70315],[3.03853,42.70313],[3.03856,42.70311],[3.03856,42.70309],[3.03856,42.70306],[3.0385,42.70299],[3.03847,42.70298],[3.03836,42.70299],[3.03835,42.703],[3.03834,42.70301],[3.03834,42.70304],[3.03781,42.7031],[3.03744,42.70327],[3.03747,42.70345],[3.03762,42.70344],[3.03794,42.70385],[3.03744,42.70406],[3.03713,42.70366],[3.03706,42.7037],[3.03747,42.70425],[3.03708,42.70441],[3.03669,42.70457],[3.03625,42.704],[3.03576,42.7042],[3.03588,42.70436],[3.03549,42.70449],[3.03539,42.70436],[3.03532,42.70438],[3.03496,42.70453],[3.03501,42.70458],[3.03502,42.70466],[3.03504,42.70468],[3.03528,42.705],[3.03529,42.70502],[3.03529,42.70504],[3.03527,42.70506],[3.03449,42.70537],[3.03439,42.70527],[3.03435,42.70528],[3.03412,42.70538],[3.03423,42.70553],[3.03401,42.7056],[3.03389,42.70547],[3.03367,42.70557],[3.03359,42.70561],[3.03315,42.70578],[3.03254,42.70604],[3.0324,42.70609],[3.03227,42.70592],[3.03179,42.70612],[3.03148,42.70613],[3.03144,42.70608],[3.03117,42.70618],[3.03109,42.70607],[3.031,42.7061],[3.03082,42.70585],[3.03123,42.70568],[3.03107,42.70547],[3.03267,42.7048],[3.03244,42.70449],[3.03285,42.70433],[3.03234,42.70367],[3.03168,42.70363],[3.03099,42.7036],[3.03063,42.70361],[3.03046,42.70363],[3.03028,42.70366],[3.0301,42.7037],[3.0299,42.70377],[3.02977,42.70381],[3.02962,42.70389],[3.0294,42.70403],[3.02909,42.70422],[3.02886,42.70437],[3.02866,42.70449],[3.02851,42.70459],[3.02815,42.7049],[3.02773,42.70522],[3.0273,42.70558],[3.02691,42.70591],[3.02675,42.70605],[3.02672,42.70604],[3.02671,42.70604],[3.02667,42.70607],[3.02608,42.70652],[3.02606,42.70653],[3.02605,42.70653],[3.02602,42.70651],[3.026,42.70651],[3.02598,42.70651],[3.02597,42.70653],[3.02578,42.70672],[3.02577,42.70673],[3.02576,42.70673],[3.02559,42.70672],[3.02556,42.70671],[3.02526,42.70648],[3.0252,42.70643],[3.02516,42.7064],[3.02514,42.70639],[3.02513,42.70639],[3.02513,42.70637],[3.02514,42.70636],[3.02526,42.70629],[3.02539,42.70621],[3.02552,42.70612],[3.02575,42.70594],[3.02611,42.70567],[3.0262,42.70562],[3.0262,42.7056],[3.0262,42.70558],[3.02619,42.70556],[3.02611,42.70539],[3.02609,42.70539],[3.02606,42.70538],[3.02604,42.70539],[3.02599,42.70541],[3.02594,42.70545],[3.02571,42.70562],[3.02569,42.70563],[3.02567,42.70563],[3.02565,42.70559],[3.02561,42.70553],[3.02556,42.70547],[3.02548,42.70536],[3.02541,42.70524],[3.02528,42.70506],[3.02514,42.70485],[3.02494,42.70456],[3.0247,42.70421],[3.02447,42.70388],[3.02445,42.70387],[3.02445,42.70385],[3.02447,42.70382],[3.02449,42.70379],[3.0245,42.70378],[3.02456,42.70376],[3.02476,42.70369],[3.02478,42.70368],[3.02488,42.70366],[3.02519,42.70358],[3.02521,42.70357],[3.02544,42.70351],[3.02565,42.70345],[3.02582,42.70341],[3.02586,42.70339],[3.02588,42.70338],[3.02587,42.70334],[3.02597,42.70332],[3.02599,42.70335],[3.02622,42.70331],[3.02639,42.70356],[3.02665,42.70394],[3.02671,42.70402],[3.02683,42.70421],[3.02688,42.70426],[3.02693,42.70431],[3.02699,42.70435],[3.027,42.70435],[3.02711,42.70441],[3.02727,42.7045],[3.02737,42.70453],[3.02739,42.70454],[3.02744,42.70454],[3.02754,42.70453],[3.0276,42.70452],[3.02762,42.70451],[3.02765,42.7045],[3.02771,42.70446],[3.02787,42.70435],[3.02797,42.70429],[3.02825,42.70409],[3.02831,42.70405],[3.02849,42.70395],[3.02871,42.70381],[3.02876,42.70378],[3.02899,42.70365],[3.02922,42.70351],[3.02949,42.70337],[3.0297,42.70325],[3.02977,42.70322],[3.02999,42.7031],[3.0301,42.70306],[3.03022,42.70303],[3.03031,42.70302],[3.03041,42.70301],[3.03055,42.70301],[3.03073,42.70301],[3.03082,42.70302],[3.03089,42.70303],[3.03107,42.70306],[3.03139,42.70311],[3.03144,42.70312],[3.03163,42.70316],[3.03171,42.70316],[3.03182,42.70314],[3.03187,42.70309],[3.03188,42.70301],[3.03187,42.70299],[3.03172,42.70305],[3.03165,42.70296],[3.03173,42.70291],[3.03168,42.70286],[3.03173,42.70283],[3.03151,42.70257],[3.03144,42.7026],[3.03134,42.70248],[3.03128,42.7025],[3.03104,42.7022],[3.03112,42.70217],[3.0313,42.70218],[3.03145,42.70235],[3.03163,42.70243],[3.03172,42.70247],[3.03191,42.7027],[3.03194,42.70279],[3.03195,42.70289],[3.03201,42.70297],[3.03211,42.70305],[3.03228,42.70309],[3.0331,42.70307],[3.03345,42.70288],[3.03339,42.70282],[3.03327,42.70288],[3.03291,42.70248],[3.03237,42.70272],[3.03193,42.70222],[3.03219,42.70209],[3.0325,42.70194],[3.03272,42.70181],[3.03251,42.70187],[3.03239,42.70172],[3.03206,42.70165],[3.03201,42.70174],[3.0319,42.70177],[3.03156,42.7017],[3.03166,42.7014],[3.03186,42.70145],[3.03191,42.70134],[3.03197,42.70122],[3.03217,42.70114],[3.03263,42.70125],[3.03293,42.7016],[3.03295,42.70173],[3.03332,42.70216],[3.03363,42.7027],[3.03351,42.70276],[3.03356,42.70282],[3.03369,42.70277],[3.03384,42.70295],[3.03443,42.70364],[3.03435,42.70368],[3.03468,42.70414],[3.03469,42.70416],[3.03473,42.70417],[3.03477,42.70417],[3.03508,42.70404],[3.0351,42.70403],[3.0351,42.704],[3.03423,42.70289],[3.03486,42.70262],[3.03533,42.70242],[3.03563,42.7023],[3.03591,42.70218],[3.03613,42.70208],[3.03634,42.70199],[3.03652,42.70191],[3.03655,42.70193],[3.03658,42.70195],[3.03661,42.70195],[3.03663,42.70194],[3.03719,42.70246],[3.03722,42.70249],[3.03724,42.70249],[3.03729,42.70248],[3.03739,42.70242],[3.03766,42.70268],[3.03768,42.70268],[3.03772,42.70269],[3.03775,42.70269],[3.03827,42.70265],[3.03828,42.70268],[3.0383,42.70268],[3.03839,42.70268],[3.03842,42.70268],[3.03845,42.70266],[3.03845,42.70263],[3.03845,42.70254],[3.03844,42.70248],[3.03842,42.70246],[3.0384,42.70245],[3.03836,42.70244],[3.0382,42.70245],[3.03819,42.70216],[3.03818,42.70209],[3.03826,42.70208],[3.03835,42.70208],[3.03837,42.70207],[3.0384,42.70206],[3.03841,42.70204],[3.03841,42.70202],[3.03842,42.70195],[3.03856,42.70192],[3.0397,42.70187],[3.04063,42.70182],[3.04097,42.70181],[3.04102,42.70182],[3.04103,42.70185],[3.04104,42.70211],[3.04109,42.70213],[3.04113,42.70212],[3.04114,42.70209],[3.04113,42.70178],[3.04134,42.70181],[3.04148,42.70186],[3.0416,42.70192],[3.04175,42.70204],[3.04236,42.70262],[3.04241,42.70274],[3.04248,42.70275],[3.04254,42.70274],[3.04261,42.7027],[3.04263,42.70266],[3.04262,42.70262],[3.04254,42.70255],[3.04208,42.70211],[3.04139,42.70148],[3.04089,42.701],[3.04074,42.70089],[3.0407,42.70089],[3.04068,42.70092],[3.04068,42.70095],[3.04114,42.70137],[3.04136,42.7016],[3.0414,42.70165],[3.04139,42.70167],[3.04126,42.70167],[3.04125,42.70165],[3.04121,42.70163],[3.04112,42.70162],[3.04087,42.70164],[3.04078,42.70162],[3.0408,42.7016],[3.04104,42.70149],[3.04107,42.70146],[3.04106,42.70143],[3.04104,42.70143],[3.04091,42.70144],[3.04074,42.70151],[3.04063,42.70154],[3.04011,42.7016],[3.03991,42.70161],[3.03973,42.70158],[3.03952,42.70153],[3.03942,42.7015],[3.03923,42.70141],[3.03906,42.70129],[3.03895,42.70121],[3.03875,42.70099],[3.03858,42.70071],[3.03817,42.69966],[3.03797,42.69894],[3.03797,42.69835],[3.03771,42.69763],[3.03758,42.69665],[3.03727,42.69598],[3.03726,42.6952],[3.03707,42.69449],[3.03692,42.69138],[3.03633,42.6882],[3.03626,42.68648],[3.03594,42.68576],[3.036,42.68522],[3.03605,42.685],[3.03573,42.68329],[3.0359,42.68226],[3.03577,42.68154],[3.03589,42.68086],[3.03545,42.68006],[3.03542,42.67825],[3.0356,42.67775],[3.03541,42.67686],[3.03534,42.6756],[3.0352,42.67501],[3.03519,42.67371],[3.03505,42.67294],[3.03522,42.6716],[3.03489,42.66993],[3.03501,42.66953],[3.03514,42.66921],[3.03485,42.66655],[3.03495,42.66386],[3.03482,42.66255],[3.03494,42.6617],[3.03479,42.6603],[3.0349,42.66002],[3.03509,42.6594],[3.03507,42.65796],[3.03531,42.65751],[3.03627,42.65679],[3.03621,42.65661],[3.0356,42.65625],[3.03547,42.65548],[3.03557,42.65345],[3.03561,42.65296],[3.03555,42.65198],[3.03542,42.65144],[3.03553,42.65039],[3.03539,42.64963],[3.03562,42.64828],[3.03535,42.64648],[3.03546,42.64549],[3.03534,42.645],[3.03552,42.64392],[3.03551,42.64247],[3.03544,42.64225],[3.03574,42.64167],[3.03567,42.64099],[3.03573,42.64077],[3.03585,42.64063],[3.03608,42.63991],[3.03607,42.63906],[3.03601,42.63828],[3.03612,42.63761],[3.03635,42.63698],[3.03626,42.63481],[3.03656,42.634],[3.03673,42.63369],[3.03673,42.63306],[3.0366,42.63257],[3.0367,42.63059],[3.03699,42.62941],[3.03718,42.62878],[3.03705,42.6278],[3.03708,42.62608],[3.03756,42.62483],[3.03742,42.62384],[3.03753,42.6233],[3.03765,42.62294],[3.03855,42.62211],[3.03951,42.62099],[3.04,42.62071],[3.04062,42.62057],[3.04128,42.62057],[3.04116,42.61967],[3.04078,42.61882],[3.04023,42.61851],[3.03985,42.61823],[3.03985,42.61801],[3.03997,42.61787],[3.04025,42.61608],[3.04031,42.6159],[3.04054,42.61441],[3.04058,42.61297],[3.04076,42.61252],[3.04075,42.61166],[3.04061,42.61063],[3.04066,42.60981],[3.0416,42.60666],[3.04195,42.60463],[3.04278,42.60238],[3.04311,42.60008],[3.04322,42.59936],[3.04339,42.59837],[3.04393,42.59715],[3.04429,42.59687],[3.0446,42.59674],[3.04446,42.59602],[3.04489,42.59498],[3.04519,42.59458],[3.0453,42.59408],[3.04524,42.5939],[3.04506,42.59372],[3.03785,42.59286],[3.03712,42.59269],[3.03572,42.5927],[3.02902,42.59221],[3.02742,42.59217],[3.02639,42.59204],[3.02505,42.592],[3.023,42.59224],[3.01812,42.59254],[3.0137,42.58928],[3.01186,42.58785],[3.01136,42.5875],[3.00381,42.58727],[2.99612,42.58624],[2.99355,42.58558],[2.99264,42.58559],[2.99112,42.58573],[2.98918,42.58579],[2.98595,42.58562],[2.98522,42.58549],[2.98376,42.58527],[2.9787,42.58459],[2.97764,42.58427],[2.97691,42.58415],[2.97685,42.5841],[2.97734,42.58374],[2.97892,42.58251],[2.97921,42.58237],[2.97944,42.58049],[2.97967,42.5803],[2.98077,42.57958],[2.98118,42.57917],[2.98167,42.57867],[2.98191,42.57831],[2.98251,42.57732],[2.98293,42.57646],[2.9831,42.57624],[2.98364,42.57506],[2.98303,42.57485],[2.98273,42.57462],[2.98332,42.57425],[2.98418,42.57384],[2.98363,42.5734],[2.98246,42.57241],[2.98184,42.57165],[2.98178,42.57107],[2.98104,42.57048],[2.97943,42.5695],[2.97895,42.56928],[2.97865,42.56959],[2.97847,42.56969],[2.97829,42.56956],[2.97755,42.5692],[2.97749,42.56911],[2.9798,42.56775],[2.98052,42.56738],[2.98046,42.56726],[2.97991,42.56684],[2.97905,42.56676],[2.97862,42.56649],[2.97776,42.56619],[2.97666,42.56533],[2.97622,42.56431],[2.97592,42.5644],[2.97543,42.56449],[2.97519,42.56432],[2.97421,42.56309],[2.97377,42.56265],[2.97298,42.56171],[2.9728,42.56167],[2.97151,42.56235],[2.97115,42.56245],[2.97102,42.56236],[2.96955,42.56047],[2.96826,42.55967],[2.96826,42.55935],[2.96746,42.55864],[2.96556,42.55811],[2.9643,42.55806],[2.96433,42.55726],[2.96453,42.55657],[2.96454,42.55583],[2.96299,42.55577],[2.96305,42.55548],[2.96297,42.5552],[2.96267,42.5543],[2.9618,42.55295],[2.96168,42.55259],[2.96192,42.55237],[2.96186,42.55205],[2.96136,42.55148],[2.96057,42.55143],[2.95928,42.55112],[2.95819,42.551],[2.95721,42.55092],[2.9541,42.55016],[2.953,42.54981],[2.95111,42.54928],[2.94738,42.54809],[2.94721,42.54836],[2.94654,42.5489],[2.94636,42.54912],[2.94601,42.54931],[2.94562,42.54982],[2.94428,42.55022],[2.94346,42.5505],[2.94409,42.55137],[2.94313,42.55209],[2.94245,42.55242],[2.94205,42.55315],[2.93924,42.55572],[2.93864,42.55627],[2.93775,42.55813],[2.93711,42.56051],[2.93657,42.56129],[2.93639,42.56133],[2.93639,42.56187],[2.93561,42.56399],[2.93519,42.56501],[2.93568,42.56513],[2.93664,42.56599],[2.93618,42.56614],[2.93499,42.5668],[2.93743,42.56723],[2.94088,42.5676],[2.94106,42.56769],[2.94059,42.56806],[2.94053,42.5682],[2.94113,42.56865],[2.94138,42.56877],[2.94188,42.56922],[2.94145,42.56945],[2.94037,42.57031],[2.94024,42.57044],[2.94043,42.57053],[2.94135,42.57129],[2.94105,42.57151],[2.94034,42.57202],[2.93989,42.57221]]]},"properties":{"ID":"667","id":"667","NOM_MASSIF":"ROUSSILLON","dept":"66"}},{"type":"Feature","id":4,"geometry":{"type":"Polygon","coordinates":[[[2.78908,42.72011],[2.79073,42.72001],[2.79464,42.72023],[2.79953,42.72025],[2.8002,42.72034],[2.80093,42.72029],[2.80147,42.72016],[2.80184,42.71962],[2.80202,42.71957],[2.80275,42.71952],[2.80336,42.71952],[2.80955,42.72183],[2.8104,42.72218],[2.81206,42.72281],[2.81315,42.72352],[2.81396,42.72429],[2.81414,42.72456],[2.81426,42.72455],[2.81432,42.72477],[2.81524,42.72563],[2.81758,42.72648],[2.82014,42.72719],[2.82155,42.72785],[2.82358,42.72875],[2.82432,42.72914],[2.82517,42.72955],[2.82713,42.73085],[2.82786,42.73133],[2.83008,42.73245],[2.83088,42.73294],[2.83112,42.73313],[2.83373,42.73451],[2.83456,42.7349],[2.83681,42.73565],[2.83784,42.73612],[2.83488,42.73671],[2.83073,42.73727],[2.82951,42.73759],[2.82939,42.7379],[2.82868,42.7402],[2.8282,42.74146],[2.82802,42.74268],[2.82786,42.74493],[2.82788,42.74646],[2.82782,42.74695],[2.82783,42.74767],[2.82942,42.7491],[2.82998,42.74987],[2.8301,42.75009],[2.83095,42.75059],[2.8312,42.75076],[2.83172,42.75437],[2.8321,42.75589],[2.83186,42.75688],[2.83067,42.76013],[2.83025,42.76112],[2.82978,42.76301],[2.82888,42.76575],[2.8287,42.76607],[2.82981,42.76597],[2.83962,42.76472],[2.84173,42.7675],[2.84185,42.76773],[2.84228,42.76782],[2.84331,42.7679],[2.84435,42.76789],[2.84533,42.76771],[2.84618,42.7678],[2.8465,42.76802],[2.84644,42.76838],[2.84607,42.76929],[2.84583,42.76987],[2.84559,42.77032],[2.84542,42.77091],[2.84583,42.77203],[2.846,42.77261],[2.84586,42.77288],[2.84617,42.77327],[2.84526,42.7742],[2.84431,42.77574],[2.84425,42.77661],[2.84384,42.77697],[2.84345,42.77757],[2.84365,42.77837],[2.84337,42.77906],[2.84332,42.77967],[2.84312,42.78162],[2.843,42.78284],[2.84282,42.78298],[2.84234,42.78321],[2.84234,42.78339],[2.84296,42.78442],[2.84469,42.7864],[2.84545,42.78778],[2.84625,42.78903],[2.84668,42.7903],[2.84779,42.79182],[2.84945,42.79303],[2.84963,42.7932],[2.85129,42.79419],[2.8526,42.79589],[2.85523,42.79814],[2.85561,42.79863],[2.85599,42.79948],[2.85641,42.79993],[2.8566,42.80002],[2.85654,42.80029],[2.85641,42.80051],[2.85661,42.80074],[2.85691,42.80086],[2.85752,42.80149],[2.8577,42.80155],[2.85802,42.80181],[2.85919,42.80217],[2.85992,42.8027],[2.86171,42.80359],[2.86378,42.80439],[2.86563,42.80529],[2.86735,42.80635],[2.87066,42.80805],[2.87239,42.80877],[2.873,42.80912],[2.87404,42.80956],[2.87539,42.81027],[2.87588,42.8105],[2.87631,42.81046],[2.87645,42.8104],[2.87667,42.81023],[2.87808,42.80986],[2.88534,42.80794],[2.89167,42.80601],[2.89177,42.80598],[2.89764,42.80396],[2.89934,42.80332],[2.90325,42.80204],[2.90373,42.80181],[2.9049,42.80145],[2.90581,42.80104],[2.9066,42.80077],[2.90715,42.8005],[2.9083,42.80013],[2.90946,42.79962],[2.91025,42.79926],[2.91226,42.79848],[2.91323,42.79834],[2.91433,42.79829],[2.9139,42.79668],[2.91321,42.7956],[2.9129,42.79524],[2.91203,42.79394],[2.91062,42.79242],[2.91079,42.79161],[2.9106,42.79062],[2.91034,42.78976],[2.91248,42.78961],[2.91657,42.78915],[2.91889,42.78891],[2.92017,42.78872],[2.92272,42.78732],[2.92315,42.78722],[2.92718,42.7872],[2.93049,42.787],[2.9314,42.78691],[2.93512,42.78666],[2.93482,42.78774],[2.934,42.79054],[2.93358,42.79189],[2.93358,42.79198],[2.9348,42.79224],[2.93579,42.79251],[2.93714,42.79269],[2.93762,42.79246],[2.93878,42.79245],[2.94025,42.79209],[2.93989,42.79316],[2.93936,42.79397],[2.93882,42.79497],[2.93884,42.79726],[2.93853,42.79816],[2.93836,42.79915],[2.93838,42.80123],[2.93851,42.80127],[2.93967,42.80082],[2.93991,42.80082],[2.94023,42.8019],[2.94142,42.80473],[2.9416,42.80472],[2.94415,42.80313],[2.94445,42.80304],[2.94445,42.80313],[2.94512,42.80394],[2.94526,42.80416],[2.94743,42.80675],[2.94793,42.80774],[2.94941,42.8098],[2.95004,42.81106],[2.95016,42.81151],[2.94945,42.81327],[2.94939,42.81368],[2.95537,42.81828],[2.9614,42.82353],[2.96441,42.82522],[2.96722,42.82688],[2.97228,42.82983],[2.98779,42.83879],[2.9896,42.83979],[2.99081,42.84049],[2.99268,42.84149],[2.99415,42.84232],[2.99619,42.84343],[2.99813,42.84445],[2.99971,42.84535],[3.00133,42.84621],[3.00378,42.84765],[3.00525,42.84844],[3.008,42.84991],[3.01117,42.85157],[3.01258,42.85237],[3.01074,42.85327],[3.00783,42.85476],[3.00617,42.85558],[3.0038,42.85682],[2.99924,42.85912],[2.99438,42.86169],[2.99324,42.86218],[2.99015,42.86375],[2.98929,42.86431],[2.98581,42.86638],[2.98554,42.86669],[2.98499,42.86703],[2.9841,42.86736],[2.98232,42.86803],[2.98012,42.86887],[2.97623,42.87029],[2.96704,42.87207],[2.96342,42.87276],[2.95963,42.87355],[2.95492,42.87451],[2.94761,42.87605],[2.93812,42.87853],[2.93241,42.88018],[2.92963,42.88129],[2.92819,42.88177],[2.92206,42.88358],[2.91767,42.88491],[2.91711,42.88486],[2.91348,42.88826],[2.907,42.89568],[2.90687,42.89581],[2.88933,42.89802],[2.88696,42.89852],[2.88531,42.89902],[2.8839,42.89934],[2.88261,42.89976],[2.88212,42.90007],[2.88183,42.90021],[2.88043,42.90143],[2.87963,42.90269],[2.8766,42.90844],[2.87656,42.90852],[2.87547,42.91005],[2.87523,42.91014],[2.8725,42.9116],[2.87225,42.91178],[2.87006,42.91377],[2.86527,42.91834],[2.86514,42.91834],[2.86343,42.91771],[2.86293,42.9174],[2.8625,42.91718],[2.86152,42.91629],[2.86122,42.91629],[2.85969,42.9167],[2.85926,42.91679],[2.85569,42.91537],[2.85459,42.91511],[2.8536,42.91442],[2.8528,42.91403],[2.85244,42.91403],[2.85115,42.91439],[2.84804,42.91554],[2.84743,42.91558],[2.8467,42.9154],[2.84528,42.91496],[2.84465,42.9146],[2.84392,42.91357],[2.83473,42.91226],[2.83467,42.91217],[2.8351,42.91154],[2.83515,42.91127],[2.83466,42.91065],[2.83434,42.91011],[2.83384,42.90921],[2.83187,42.90895],[2.82912,42.90878],[2.82845,42.90797],[2.82691,42.90659],[2.82628,42.90627],[2.82328,42.90556],[2.8228,42.90526],[2.82206,42.90493],[2.82138,42.90454],[2.82101,42.904],[2.82064,42.9027],[2.8202,42.90239],[2.81921,42.90203],[2.8189,42.90176],[2.81865,42.90131],[2.81828,42.90094],[2.81773,42.90028],[2.81638,42.89997],[2.81013,42.89842],[2.78905,42.89599],[2.78881,42.89581],[2.78849,42.8955],[2.7856,42.89312],[2.78443,42.89209],[2.77815,42.88689],[2.77692,42.88587],[2.77414,42.88363],[2.76215,42.87368],[2.76203,42.87346],[2.76191,42.87332],[2.76159,42.87251],[2.76003,42.8687],[2.75747,42.86177],[2.75735,42.8615],[2.75541,42.85642],[2.75441,42.85193],[2.75435,42.85171],[2.75422,42.85171],[2.75226,42.84914],[2.74837,42.8443],[2.74757,42.84421],[2.74713,42.84404],[2.74671,42.84363],[2.74639,42.8426],[2.74609,42.8421],[2.74572,42.84179],[2.74529,42.84138],[2.7448,42.84098],[2.7443,42.84053],[2.74439,42.84001],[2.74439,42.83997],[2.744,42.8395],[2.74362,42.83942],[2.74252,42.83937],[2.74239,42.83928],[2.74245,42.83883],[2.74239,42.8387],[2.74209,42.83861],[2.74178,42.8387],[2.74135,42.8387],[2.74122,42.83802],[2.74092,42.8378],[2.74,42.83757],[2.73927,42.83704],[2.73871,42.8365],[2.73834,42.83624],[2.73804,42.83592],[2.73737,42.83561],[2.73706,42.83557],[2.73528,42.83567],[2.7351,42.83575],[2.73424,42.83572],[2.73387,42.83585],[2.73344,42.83625],[2.73346,42.83639],[2.73315,42.83634],[2.73223,42.83572],[2.73174,42.83536],[2.73099,42.83504],[2.72854,42.83447],[2.72474,42.83398],[2.72432,42.83404],[2.72133,42.83409],[2.7187,42.83396],[2.71656,42.83406],[2.71497,42.83429],[2.71382,42.83461],[2.71229,42.83529],[2.71149,42.83574],[2.71112,42.8361],[2.71088,42.83606],[2.7099,42.83561],[2.7096,42.83521],[2.70947,42.83485],[2.70892,42.83449],[2.7075,42.83409],[2.70591,42.83338],[2.70579,42.83329],[2.70573,42.8327],[2.70486,42.83216],[2.70419,42.83221],[2.70365,42.83239],[2.70341,42.83239],[2.70291,42.8315],[2.7023,42.83132],[2.70088,42.83132],[2.69807,42.83052],[2.69758,42.83043],[2.69637,42.83053],[2.69575,42.83031],[2.69526,42.83031],[2.69489,42.83053],[2.69483,42.83062],[2.69312,42.83081],[2.69105,42.83109],[2.6892,42.83118],[2.68688,42.83119],[2.68339,42.83075],[2.68174,42.83062],[2.68046,42.83067],[2.67931,42.83103],[2.67752,42.83162],[2.67527,42.83231],[2.67167,42.83384],[2.67075,42.8342],[2.66966,42.8347],[2.66845,42.8352],[2.66759,42.8356],[2.66513,42.83664],[2.66357,42.8365],[2.63841,42.83409],[2.63768,42.83218],[2.63649,42.82908],[2.63618,42.82805],[2.63887,42.82759],[2.6393,42.82727],[2.64081,42.82565],[2.64222,42.82344],[2.64288,42.82272],[2.64312,42.82258],[2.64337,42.82241],[2.64598,42.82078],[2.64696,42.82011],[2.6477,42.81992],[2.6521,42.81968],[2.65307,42.81963],[2.65509,42.81818],[2.65613,42.81778],[2.65654,42.81723],[2.65727,42.81665],[2.65886,42.81561],[2.66081,42.81308],[2.66122,42.81272],[2.66195,42.81173],[2.66268,42.81052],[2.66267,42.80938],[2.66235,42.80764],[2.66211,42.80723],[2.66156,42.80705],[2.66235,42.80597],[2.66252,42.80556],[2.66351,42.80457],[2.66405,42.80304],[2.66435,42.80255],[2.6646,42.80183],[2.66514,42.80119],[2.66581,42.80065],[2.6669,42.79881],[2.66762,42.79803],[2.66813,42.79772],[2.66842,42.7975],[2.66861,42.79704],[2.66897,42.79685],[2.66934,42.79685],[2.66989,42.79722],[2.67025,42.79748],[2.67092,42.7974],[2.67147,42.79717],[2.67171,42.79681],[2.6719,42.79604],[2.67219,42.79554],[2.67274,42.79518],[2.6731,42.79482],[2.67336,42.79424],[2.67433,42.7932],[2.67456,42.79271],[2.67548,42.79211],[2.67608,42.79179],[2.67688,42.79166],[2.67755,42.79134],[2.67809,42.79085],[2.67847,42.79031],[2.67853,42.78945],[2.67882,42.78905],[2.67992,42.78855],[2.68017,42.78819],[2.68022,42.78792],[2.67961,42.78791],[2.67924,42.78797],[2.67852,42.78806],[2.67783,42.78774],[2.67717,42.78783],[2.67501,42.7864],[2.67379,42.78626],[2.67361,42.78614],[2.67019,42.78538],[2.66939,42.78516],[2.66882,42.78505],[2.66827,42.78475],[2.66652,42.78386],[2.66508,42.78302],[2.66467,42.78269],[2.66534,42.7818],[2.66801,42.7781],[2.6685,42.77769],[2.6694,42.77724],[2.67062,42.77683],[2.6711,42.77656],[2.67427,42.77495],[2.67438,42.77466],[2.67517,42.77416],[2.67544,42.7741],[2.67564,42.77406],[2.67626,42.77381],[2.67691,42.7742],[2.67756,42.77468],[2.67785,42.77403],[2.67772,42.77366],[2.67796,42.77204],[2.67725,42.77046],[2.67645,42.76948],[2.67627,42.76858],[2.67645,42.76804],[2.67656,42.76723],[2.67624,42.76507],[2.67661,42.76335],[2.67629,42.76182],[2.67586,42.7616],[2.67556,42.76111],[2.67531,42.76044],[2.67487,42.75931],[2.6745,42.75823],[2.67426,42.75787],[2.67369,42.75674],[2.67344,42.75599],[2.67301,42.75476],[2.67227,42.75396],[2.67166,42.7536],[2.67032,42.75334],[2.66995,42.75302],[2.66794,42.75299],[2.66788,42.7529],[2.66737,42.75222],[2.66695,42.75164],[2.66596,42.75029],[2.66534,42.74876],[2.66607,42.74813],[2.6665,42.74759],[2.66656,42.74732],[2.66673,42.74705],[2.66679,42.74672],[2.66692,42.74646],[2.66685,42.74583],[2.66673,42.74543],[2.66692,42.74516],[2.66735,42.74515],[2.66796,42.74556],[2.66832,42.74587],[2.66851,42.74582],[2.66845,42.74542],[2.66795,42.74493],[2.66746,42.74466],[2.66704,42.74413],[2.66641,42.74359],[2.66611,42.74314],[2.6661,42.74278],[2.66648,42.74232],[2.66684,42.74205],[2.66696,42.74178],[2.6669,42.74142],[2.66628,42.74066],[2.66603,42.74026],[2.66529,42.73913],[2.66535,42.73882],[2.66577,42.73813],[2.66608,42.73656],[2.6662,42.73571],[2.66619,42.73521],[2.66656,42.73472],[2.6671,42.73413],[2.6677,42.7326],[2.66776,42.73188],[2.66788,42.73161],[2.66775,42.7308],[2.66793,42.72994],[2.66847,42.72864],[2.66932,42.72755],[2.6698,42.72693],[2.67072,42.72611],[2.67121,42.72543],[2.67132,42.72516],[2.67163,42.72467],[2.67205,42.72462],[2.67212,42.72449],[2.67235,42.72363],[2.67174,42.72336],[2.67076,42.72256],[2.66997,42.72238],[2.66954,42.72216],[2.66904,42.72107],[2.66842,42.72018],[2.668,42.71982],[2.66768,42.71923],[2.66768,42.71811],[2.66706,42.71712],[2.66639,42.71631],[2.66657,42.716],[2.66632,42.71586],[2.66523,42.71573],[2.66492,42.71546],[2.66277,42.71299],[2.66246,42.71299],[2.66082,42.71331],[2.66112,42.71264],[2.6616,42.71187],[2.66314,42.71061],[2.6641,42.71052],[2.66537,42.70933],[2.66543,42.70848],[2.66622,42.70839],[2.66836,42.70762],[2.6694,42.70735],[2.67019,42.70698],[2.67018,42.70604],[2.66999,42.70514],[2.67073,42.70504],[2.67144,42.70347],[2.67253,42.70067],[2.67271,42.69945],[2.67426,42.69589],[2.67457,42.69593],[2.67615,42.69586],[2.67616,42.69542],[2.67614,42.69082],[2.67638,42.69075],[2.67667,42.69019],[2.67418,42.68961],[2.67568,42.68703],[2.6769,42.68487],[2.67695,42.68456],[2.67685,42.68448],[2.67597,42.68417],[2.67535,42.68384],[2.67581,42.68313],[2.67652,42.68231],[2.67729,42.68176],[2.67621,42.68179],[2.67524,42.68175],[2.67508,42.68141],[2.6748,42.6811],[2.67338,42.68022],[2.66934,42.6788],[2.67033,42.67734],[2.67109,42.67586],[2.67135,42.67414],[2.67171,42.67372],[2.67183,42.67359],[2.67177,42.67327],[2.67159,42.67301],[2.67279,42.67147],[2.67327,42.67071],[2.67406,42.66965],[2.67489,42.6704],[2.67522,42.67015],[2.67753,42.67116],[2.67795,42.67095],[2.67907,42.67127],[2.67994,42.67176],[2.68,42.67181],[2.68031,42.67181],[2.68043,42.67167],[2.68048,42.67127],[2.6806,42.67118],[2.68103,42.67122],[2.68145,42.67149],[2.68171,42.67204],[2.68219,42.67225],[2.68274,42.67234],[2.68317,42.67266],[2.68329,42.67289],[2.68409,42.67333],[2.68445,42.67369],[2.68477,42.67427],[2.68507,42.67449],[2.686,42.67444],[2.68665,42.6744],[2.68745,42.67444],[2.68757,42.67359],[2.68762,42.67142],[2.68785,42.6712],[2.68912,42.6703],[2.68912,42.66922],[2.68997,42.66903],[2.6909,42.66849],[2.69077,42.66809],[2.69034,42.66713],[2.69001,42.66615],[2.69111,42.66493],[2.69142,42.66498],[2.69172,42.66511],[2.69411,42.666],[2.69544,42.66663],[2.69778,42.66761],[2.69881,42.66788],[2.6993,42.66792],[2.6993,42.66797],[2.70193,42.66814],[2.70333,42.66845],[2.70437,42.66885],[2.70456,42.66898],[2.70328,42.6702],[2.70328,42.67029],[2.70395,42.67053],[2.70432,42.67061],[2.70445,42.67241],[2.70429,42.67411],[2.70441,42.67429],[2.70569,42.67448],[2.70678,42.67452],[2.70678,42.67479],[2.70642,42.676],[2.7063,42.67631],[2.70881,42.67635],[2.70863,42.67699],[2.70857,42.67725],[2.709,42.67743],[2.70864,42.67847],[2.7089,42.67991],[2.70877,42.68085],[2.70853,42.68216],[2.70824,42.68423],[2.70788,42.68589],[2.7079,42.68793],[2.70881,42.68783],[2.70962,42.68769],[2.70999,42.68926],[2.71116,42.6916],[2.71202,42.69376],[2.713,42.69346],[2.71368,42.69316],[2.71544,42.69237],[2.7173,42.69194],[2.71832,42.69175],[2.71954,42.69151],[2.72134,42.69117],[2.72293,42.69106],[2.72487,42.6906],[2.72614,42.69036],[2.7282,42.69021],[2.72895,42.69013],[2.72939,42.69005],[2.72975,42.69001],[2.73036,42.68992],[2.73163,42.68933],[2.73394,42.68802],[2.7348,42.6876],[2.73625,42.68705],[2.73797,42.68656],[2.74037,42.6862],[2.74113,42.68609],[2.74249,42.6857],[2.74398,42.68582],[2.74599,42.68546],[2.74759,42.68517],[2.74883,42.68488],[2.75036,42.68456],[2.75212,42.68412],[2.75364,42.68371],[2.75466,42.68375],[2.75509,42.68362],[2.75697,42.68365],[2.75786,42.68388],[2.7589,42.68407],[2.75977,42.68425],[2.76067,42.68424],[2.76221,42.68436],[2.76379,42.68446],[2.7664,42.68489],[2.76748,42.68449],[2.76857,42.68437],[2.76893,42.68442],[2.7701,42.68441],[2.77174,42.68391],[2.77271,42.68359],[2.77297,42.68625],[2.77407,42.68656],[2.7745,42.68728],[2.77707,42.68767],[2.77829,42.68789],[2.77914,42.68797],[2.77939,42.6873],[2.77957,42.68725],[2.78011,42.68716],[2.78114,42.6872],[2.7827,42.689],[2.78276,42.68914],[2.7841,42.68918],[2.7844,42.68927],[2.78452,42.68971],[2.78575,42.69002],[2.78606,42.68997],[2.78647,42.68975],[2.78696,42.68966],[2.78771,42.69064],[2.78777,42.69082],[2.78948,42.69081],[2.79088,42.69067],[2.79277,42.69085],[2.79309,42.69097],[2.79322,42.69251],[2.79315,42.6931],[2.79262,42.69489],[2.79192,42.69809],[2.79191,42.6985],[2.79325,42.69863],[2.79467,42.69902],[2.79442,42.70016],[2.79425,42.70083],[2.79425,42.70097],[2.79548,42.70083],[2.79572,42.70132],[2.79597,42.70253],[2.79592,42.70371],[2.79581,42.7038],[2.7955,42.70398],[2.79459,42.70475],[2.7944,42.7052],[2.79478,42.70582],[2.79514,42.70627],[2.79533,42.70695],[2.79521,42.70758],[2.79504,42.70794],[2.79473,42.70799],[2.79461,42.70866],[2.79406,42.70857],[2.79296,42.70835],[2.79195,42.70975],[2.79121,42.71025],[2.78975,42.71088],[2.78896,42.7112],[2.78775,42.71269],[2.78569,42.71495],[2.78538,42.71536],[2.78441,42.71608],[2.78278,42.71685],[2.78126,42.71781],[2.78083,42.71817],[2.78071,42.71844],[2.78077,42.71888],[2.78139,42.71907],[2.78256,42.72],[2.78342,42.72099],[2.78391,42.7209],[2.78452,42.72076],[2.78658,42.72043],[2.78806,42.72029],[2.78908,42.72011]]]},"properties":{"ID":"669","id":"669","NOM_MASSIF":"CORBIERES","dept":"66"}},{"type":"Feature","id":5,"geometry":{"type":"Polygon","coordinates":[[[2.67171,42.67372],[2.67049,42.6738],[2.66571,42.67149],[2.66596,42.67129],[2.66405,42.67035],[2.66179,42.66979],[2.65891,42.66879],[2.65752,42.66833],[2.65719,42.66795],[2.65603,42.66746],[2.65575,42.66745],[2.6543,42.66657],[2.65412,42.66634],[2.65357,42.66621],[2.65301,42.66617],[2.65278,42.66599],[2.65104,42.66525],[2.65176,42.66509],[2.65214,42.66489],[2.65233,42.66401],[2.65232,42.66305],[2.65213,42.66301],[2.65226,42.66141],[2.65196,42.66135],[2.65196,42.66092],[2.6521,42.66007],[2.65225,42.66],[2.6529,42.65798],[2.65192,42.65659],[2.65193,42.65609],[2.6521,42.65578],[2.6527,42.65376],[2.65264,42.65321],[2.65239,42.65263],[2.65233,42.65061],[2.65213,42.65029],[2.65171,42.6502],[2.65165,42.64984],[2.65146,42.64939],[2.65164,42.64751],[2.65151,42.64692],[2.65114,42.64647],[2.65053,42.64603],[2.64546,42.64401],[2.64431,42.64338],[2.64295,42.64415],[2.64303,42.64554],[2.64297,42.64713],[2.64267,42.64807],[2.64146,42.64941],[2.64093,42.65055],[2.64086,42.65127],[2.64099,42.65189],[2.64129,42.65261],[2.64136,42.65302],[2.64051,42.65302],[2.64039,42.65275],[2.64021,42.65271],[2.63966,42.65275],[2.63966,42.6532],[2.63934,42.65447],[2.63917,42.65501],[2.63868,42.65519],[2.63844,42.65551],[2.63815,42.65663],[2.6379,42.65667],[2.63741,42.65645],[2.6371,42.65646],[2.63705,42.65677],[2.63462,42.65655],[2.63143,42.65584],[2.62997,42.65571],[2.62825,42.65536],[2.62704,42.65532],[2.62626,42.6554],[2.62619,42.65549],[2.62613,42.65585],[2.62625,42.65639],[2.62675,42.6568],[2.62778,42.6572],[2.62944,42.65796],[2.63023,42.65845],[2.63079,42.65909],[2.63097,42.65953],[2.63115,42.65966],[2.63145,42.66001],[2.63176,42.66068],[2.63126,42.66071],[2.63158,42.6611],[2.63201,42.6615],[2.63238,42.66164],[2.63293,42.66195],[2.63323,42.66222],[2.63365,42.66253],[2.6342,42.66253],[2.63481,42.66254],[2.63526,42.66244],[2.63545,42.66218],[2.63563,42.66211],[2.63531,42.66253],[2.6347,42.66298],[2.63363,42.66371],[2.63288,42.66363],[2.63111,42.66345],[2.62932,42.66314],[2.62829,42.66273],[2.62787,42.66241],[2.62702,42.66201],[2.62604,42.66179],[2.62585,42.66134],[2.62561,42.6613],[2.625,42.66112],[2.62353,42.66076],[2.62255,42.66023],[2.62143,42.65998],[2.61956,42.65978],[2.61803,42.65933],[2.61541,42.65794],[2.61334,42.65665],[2.61309,42.65665],[2.61126,42.65701],[2.61085,42.65712],[2.61052,42.65692],[2.61005,42.65652],[2.6086,42.65651],[2.60828,42.65665],[2.6071,42.65617],[2.60625,42.65583],[2.60574,42.65568],[2.6045,42.65682],[2.60453,42.65771],[2.60428,42.65777],[2.60407,42.65841],[2.60359,42.65853],[2.60323,42.65964],[2.60302,42.66008],[2.60276,42.66048],[2.60255,42.66092],[2.60129,42.66134],[2.60027,42.66167],[2.59988,42.66128],[2.59913,42.66076],[2.59797,42.66049],[2.59723,42.66046],[2.59594,42.66023],[2.59409,42.65997],[2.59256,42.65949],[2.59158,42.65976],[2.59005,42.65995],[2.59005,42.65997],[2.58989,42.66003],[2.58949,42.6601],[2.58794,42.66011],[2.58729,42.65998],[2.58714,42.65986],[2.58615,42.65972],[2.58469,42.65973],[2.58218,42.6592],[2.58145,42.65911],[2.57926,42.6592],[2.5778,42.65934],[2.5768,42.65945],[2.57616,42.65954],[2.57575,42.65947],[2.57516,42.65947],[2.57458,42.65967],[2.57399,42.65979],[2.57358,42.66008],[2.57388,42.66033],[2.57262,42.66106],[2.57201,42.66111],[2.57189,42.66115],[2.57097,42.6612],[2.57073,42.66129],[2.56989,42.66129],[2.56889,42.66107],[2.56896,42.66053],[2.56865,42.66021],[2.5684,42.66],[2.56797,42.65986],[2.56694,42.65986],[2.56658,42.65973],[2.56597,42.65968],[2.5656,42.65942],[2.56567,42.65918],[2.56688,42.65815],[2.56742,42.65734],[2.56766,42.6563],[2.56778,42.65396],[2.56753,42.6531],[2.56747,42.65257],[2.56704,42.65176],[2.56637,42.65145],[2.56606,42.65073],[2.56539,42.65023],[2.56544,42.65009],[2.56593,42.64969],[2.56641,42.64874],[2.56683,42.64775],[2.56726,42.64744],[2.56757,42.64744],[2.56793,42.64802],[2.56818,42.64797],[2.56843,42.64775],[2.56849,42.64748],[2.56848,42.64703],[2.56898,42.64649],[2.56909,42.64613],[2.56939,42.6459],[2.5697,42.64527],[2.57036,42.64473],[2.57067,42.64428],[2.57127,42.64401],[2.57164,42.64387],[2.57164,42.64347],[2.57145,42.64293],[2.57115,42.64266],[2.57072,42.64248],[2.57023,42.64203],[2.56956,42.64176],[2.56926,42.64131],[2.56907,42.64073],[2.56858,42.64023],[2.56786,42.63984],[2.5678,42.6397],[2.56864,42.63925],[2.56991,42.63875],[2.56979,42.63821],[2.57076,42.6378],[2.57155,42.6373],[2.57203,42.63676],[2.57228,42.636],[2.57259,42.63492],[2.57301,42.63416],[2.57336,42.63258],[2.57403,42.63073],[2.57432,42.62959],[2.57487,42.62798],[2.57468,42.62695],[2.57474,42.6261],[2.57505,42.62545],[2.57443,42.62492],[2.57339,42.62362],[2.57181,42.62205],[2.57174,42.62164],[2.57187,42.62114],[2.57198,42.62024],[2.57216,42.61966],[2.57258,42.6193],[2.57501,42.61853],[2.57489,42.6183],[2.57465,42.61809],[2.57288,42.6184],[2.57056,42.61845],[2.56983,42.61837],[2.56697,42.61773],[2.56636,42.61764],[2.56557,42.61792],[2.56411,42.6181],[2.56295,42.61806],[2.56222,42.61815],[2.56179,42.61838],[2.56118,42.61856],[2.56022,42.61906],[2.55935,42.61911],[2.55936,42.61969],[2.55711,42.62024],[2.55418,42.62077],[2.55339,42.62078],[2.55278,42.62055],[2.55218,42.62006],[2.55035,42.62123],[2.55011,42.62137],[2.54882,42.62227],[2.54767,42.62332],[2.54738,42.6239],[2.54732,42.6252],[2.54695,42.62561],[2.54678,42.62592],[2.54695,42.62628],[2.54714,42.62651],[2.54726,42.62681],[2.5472,42.62709],[2.54671,42.62746],[2.54557,42.62804],[2.54532,42.62845],[2.54539,42.62921],[2.54496,42.63029],[2.54446,42.63069],[2.54429,42.63101],[2.54471,42.63133],[2.54515,42.63155],[2.54581,42.63196],[2.54674,42.6324],[2.54686,42.63258],[2.54638,42.6333],[2.5457,42.63371],[2.54589,42.6342],[2.54589,42.6352],[2.54608,42.63574],[2.54644,42.63614],[2.54663,42.63641],[2.54633,42.63664],[2.54602,42.63713],[2.54603,42.63771],[2.5462,42.63848],[2.54676,42.63929],[2.54695,42.63983],[2.5467,42.64059],[2.54665,42.64082],[2.54652,42.64154],[2.54683,42.6423],[2.54677,42.64257],[2.54635,42.64297],[2.54604,42.64352],[2.54605,42.64415],[2.54623,42.64469],[2.54727,42.6459],[2.54788,42.64712],[2.54789,42.64752],[2.54721,42.64811],[2.54661,42.64883],[2.54644,42.64928],[2.54564,42.65026],[2.54454,42.65136],[2.54436,42.65185],[2.54436,42.6527],[2.54485,42.65405],[2.54565,42.65532],[2.54559,42.65577],[2.54547,42.6563],[2.54565,42.65747],[2.54547,42.65756],[2.54463,42.65769],[2.54274,42.65778],[2.54231,42.65766],[2.5417,42.65721],[2.54132,42.65654],[2.54089,42.65609],[2.53986,42.65551],[2.53895,42.65518],[2.5373,42.65501],[2.53486,42.65451],[2.53205,42.65412],[2.53054,42.65407],[2.53054,42.65506],[2.53028,42.65569],[2.52999,42.65607],[2.52853,42.65705],[2.52743,42.65755],[2.52737,42.65773],[2.52762,42.65827],[2.5281,42.65867],[2.52828,42.65903],[2.52814,42.65995],[2.5281,42.66007],[2.52793,42.6602],[2.52726,42.66048],[2.52695,42.66066],[2.52683,42.66075],[2.52641,42.66061],[2.52546,42.65993],[2.52487,42.65971],[2.5245,42.65971],[2.52429,42.65995],[2.52384,42.66053],[2.52359,42.66052],[2.52329,42.66035],[2.52286,42.66035],[2.5225,42.66062],[2.52226,42.66147],[2.52202,42.66174],[2.52214,42.66237],[2.52233,42.66282],[2.52233,42.66314],[2.52184,42.6634],[2.5216,42.66381],[2.52148,42.66579],[2.52124,42.66669],[2.521,42.66854],[2.51722,42.66945],[2.51665,42.66956],[2.51356,42.67017],[2.51272,42.67058],[2.51156,42.6713],[2.51065,42.67179],[2.50936,42.67261],[2.50766,42.67347],[2.50705,42.67383],[2.5059,42.67428],[2.50493,42.67486],[2.50315,42.67666],[2.50248,42.6773],[2.50164,42.67824],[2.50079,42.68008],[2.49884,42.68185],[2.49847,42.68212],[2.4978,42.68225],[2.49457,42.68325],[2.49397,42.68352],[2.49391,42.68384],[2.49316,42.68433],[2.49287,42.68451],[2.49026,42.68627],[2.48995,42.68627],[2.4891,42.68623],[2.48768,42.68641],[2.48586,42.68682],[2.4841,42.68555],[2.4828,42.68493],[2.48048,42.68399],[2.47999,42.68376],[2.4789,42.6834],[2.47872,42.68331],[2.4759,42.68251],[2.47077,42.68058],[2.46998,42.68018],[2.46919,42.67954],[2.46742,42.67779],[2.4665,42.67702],[2.46626,42.67681],[2.46376,42.6751],[2.46333,42.67488],[2.46259,42.67434],[2.46165,42.67347],[2.46111,42.673],[2.46016,42.67228],[2.4598,42.67231],[2.45877,42.67297],[2.45193,42.67583],[2.45011,42.67673],[2.44943,42.67731],[2.44893,42.67812],[2.44863,42.67939],[2.4473,42.68295],[2.44712,42.68313],[2.44663,42.68317],[2.44621,42.68304],[2.44554,42.68295],[2.44364,42.68304],[2.44169,42.68305],[2.4412,42.68313],[2.44017,42.68395],[2.43901,42.68452],[2.43802,42.68489],[2.43729,42.68489],[2.4359,42.68431],[2.43377,42.6835],[2.43229,42.68286],[2.43163,42.68246],[2.43096,42.68214],[2.43016,42.68174],[2.42834,42.68093],[2.42655,42.6804],[2.42521,42.68018],[2.4229,42.67977],[2.42211,42.67978],[2.42119,42.68013],[2.41997,42.68049],[2.41863,42.68054],[2.41515,42.68036],[2.41454,42.68028],[2.41345,42.68032],[2.41247,42.68063],[2.41192,42.68095],[2.41132,42.68185],[2.41052,42.68256],[2.40924,42.68329],[2.40882,42.68338],[2.40875,42.68347],[2.40552,42.68496],[2.4046,42.68518],[2.40345,42.68528],[2.40277,42.68536],[2.39984,42.68595],[2.39911,42.68622],[2.39681,42.68617],[2.39577,42.68631],[2.39516,42.68662],[2.39362,42.68676],[2.38985,42.68735],[2.38838,42.68744],[2.38705,42.68731],[2.38546,42.68731],[2.38387,42.68753],[2.38155,42.68754],[2.37643,42.68771],[2.37631,42.6883],[2.37625,42.68947],[2.37656,42.69145],[2.3771,42.69334],[2.3771,42.69393],[2.37088,42.6955],[2.37003,42.69581],[2.36899,42.69681],[2.36618,42.70086],[2.36539,42.70176],[2.36442,42.70252],[2.36284,42.70392],[2.36247,42.70406],[2.36205,42.70316],[2.36168,42.70279],[2.36081,42.7023],[2.36021,42.70167],[2.35947,42.70131],[2.35868,42.70087],[2.35795,42.70055],[2.35619,42.70136],[2.35301,42.70266],[2.35186,42.70302],[2.34928,42.70406],[2.34691,42.70514],[2.34391,42.70613],[2.34252,42.70635],[2.34087,42.70631],[2.3402,42.70636],[2.33909,42.70667],[2.3355,42.70717],[2.33025,42.7077],[2.32879,42.7077],[2.32568,42.70779],[2.32391,42.70797],[2.32249,42.70811],[2.32244,42.70824],[2.32097,42.7091],[2.32104,42.70919],[2.32585,42.7113],[2.32744,42.71198],[2.33177,42.71396],[2.33232,42.71441],[2.33317,42.71535],[2.33648,42.71851],[2.34142,42.72216],[2.34155,42.7222],[2.34167,42.72233],[2.34197,42.72251],[2.34563,42.72521],[2.346,42.72512],[2.34685,42.72467],[2.34734,42.72435],[2.34789,42.72426],[2.34819,42.7244],[2.34886,42.72448],[2.35125,42.7253],[2.35307,42.7253],[2.35308,42.72589],[2.35265,42.72624],[2.35252,42.72633],[2.35266,42.72647],[2.35392,42.72647],[2.35497,42.72674],[2.35539,42.72701],[2.35551,42.7275],[2.35606,42.72818],[2.35612,42.72863],[2.35644,42.72908],[2.35669,42.72926],[2.35705,42.72962],[2.35735,42.73061],[2.35754,42.73263],[2.35754,42.73412],[2.35724,42.73668],[2.35705,42.73957],[2.35675,42.7402],[2.35601,42.74109],[2.35558,42.74213],[2.35564,42.74326],[2.35606,42.74479],[2.35601,42.7451],[2.35485,42.74659],[2.35411,42.74789],[2.35357,42.74857],[2.35265,42.74959],[2.35247,42.74968],[2.35211,42.75072],[2.35181,42.75221],[2.35168,42.75266],[2.35132,42.75424],[2.35052,42.7573],[2.35046,42.75734],[2.35045,42.7577],[2.35193,42.75879],[2.35259,42.75946],[2.35265,42.76058],[2.35241,42.76152],[2.35242,42.76224],[2.35253,42.7627],[2.35242,42.76329],[2.35199,42.76418],[2.35063,42.76787],[2.35009,42.76881],[2.34936,42.76958],[2.34783,42.77048],[2.34601,42.77134],[2.34502,42.77193],[2.3438,42.77318],[2.34313,42.77444],[2.34295,42.77535],[2.34319,42.77665],[2.34344,42.77728],[2.34417,42.77976],[2.34423,42.78056],[2.34392,42.78534],[2.34295,42.79158],[2.34295,42.79424],[2.34319,42.79605],[2.34319,42.79789],[2.34374,42.80005],[2.34392,42.80122],[2.34264,42.80126],[2.33867,42.80158],[2.3364,42.80171],[2.33338,42.80193],[2.33359,42.80438],[2.33367,42.80999],[2.33376,42.81318],[2.33415,42.814],[2.33433,42.81489],[2.33385,42.81562],[2.33288,42.81687],[2.33237,42.81723],[2.33232,42.81769],[2.33237,42.81841],[2.33238,42.81972],[2.33213,42.82043],[2.33165,42.82079],[2.33079,42.82124],[2.32993,42.82228],[2.32926,42.82283],[2.32847,42.82305],[2.32705,42.82309],[2.3268,42.82318],[2.32217,42.82358],[2.31929,42.82399],[2.31907,42.82398],[2.31919,42.82455],[2.32056,42.82843],[2.32211,42.82858],[2.32509,42.82889],[2.32765,42.82907],[2.32741,42.82957],[2.32583,42.83142],[2.3243,42.83331],[2.32393,42.83366],[2.32393,42.8338],[2.32491,42.83493],[2.32504,42.8352],[2.32712,42.83744],[2.32754,42.83749],[2.32981,42.83771],[2.33073,42.83794],[2.33182,42.83876],[2.33194,42.83885],[2.33262,42.83911],[2.33391,42.83925],[2.33446,42.83939],[2.33549,42.83992],[2.33557,42.84],[2.33592,42.84038],[2.33623,42.84082],[2.33665,42.84105],[2.33745,42.84114],[2.33873,42.84082],[2.33927,42.84064],[2.33996,42.84051],[2.34088,42.84059],[2.34229,42.84118],[2.34363,42.8414],[2.34596,42.8415],[2.34687,42.84172],[2.34804,42.84176],[2.34834,42.84185],[2.35022,42.84181],[2.35176,42.84159],[2.35353,42.84424],[2.35353,42.84429],[2.35598,42.84424],[2.35794,42.84406],[2.35941,42.84411],[2.36051,42.84428],[2.36234,42.84487],[2.36424,42.84541],[2.36454,42.84549],[2.36784,42.84554],[2.36895,42.84594],[2.37085,42.84635],[2.37799,42.84689],[2.37843,42.84753],[2.37928,42.84788],[2.38142,42.84833],[2.38217,42.84847],[2.38583,42.84788],[2.39476,42.84607],[2.39659,42.84566],[2.39787,42.84504],[2.39947,42.84441],[2.40135,42.84386],[2.40436,42.84305],[2.41462,42.84102],[2.42012,42.84048],[2.42092,42.84047],[2.42166,42.84057],[2.423,42.84056],[2.42703,42.84006],[2.42703,42.83997],[2.42881,42.83996],[2.43149,42.83961],[2.43346,42.83952],[2.43566,42.83947],[2.43767,42.83884],[2.43798,42.83871],[2.44067,42.8379],[2.44281,42.83726],[2.44452,42.83713],[2.4499,42.83694],[2.45247,42.83693],[2.45614,42.83735],[2.45682,42.83748],[2.45841,42.83779],[2.45956,42.8381],[2.46177,42.83855],[2.4622,42.83855],[2.46251,42.83868],[2.4641,42.83873],[2.4704,42.83944],[2.47411,42.8397],[2.47481,42.83983],[2.47493,42.83992],[2.47499,42.84001],[2.47523,42.84033],[2.47591,42.8412],[2.47645,42.842],[2.48178,42.84437],[2.48239,42.84469],[2.48644,42.84563],[2.49028,42.84639],[2.4931,42.8467],[2.49377,42.84693],[2.49512,42.84768],[2.49689,42.84849],[2.49819,42.84922],[2.49941,42.84984],[2.50045,42.85042],[2.50118,42.85083],[2.5015,42.85115],[2.50168,42.85145],[2.50204,42.85141],[2.50283,42.85114],[2.50399,42.85114],[2.50461,42.85127],[2.50516,42.85123],[2.5059,42.85082],[2.50723,42.85042],[2.50901,42.84983],[2.51523,42.8455],[2.51523,42.84545],[2.51658,42.84241],[2.517,42.84266],[2.51749,42.84293],[2.51987,42.84414],[2.52006,42.84423],[2.52502,42.84427],[2.52996,42.84331],[2.53033,42.84331],[2.53475,42.84493],[2.53561,42.84519],[2.54503,42.84513],[2.5499,42.84422],[2.55095,42.84395],[2.55138,42.8439],[2.55218,42.84534],[2.55205,42.84552],[2.55108,42.84628],[2.55114,42.84642],[2.55152,42.84669],[2.55695,42.84582],[2.5586,42.84551],[2.5597,42.84537],[2.56226,42.84492],[2.56496,42.84388],[2.56563,42.84384],[2.5724,42.84337],[2.57425,42.84265],[2.57663,42.84223],[2.57993,42.84187],[2.58115,42.84164],[2.58183,42.84128],[2.58261,42.84068],[2.58365,42.84037],[2.58527,42.84001],[2.58548,42.83996],[2.59103,42.83878],[2.59611,42.83733],[2.59641,42.83719],[2.59801,42.83679],[2.59899,42.83674],[2.60076,42.837],[2.60303,42.83619],[2.6043,42.83587],[2.60644,42.83595],[2.60865,42.83613],[2.60956,42.83608],[2.61103,42.83563],[2.61195,42.83572],[2.61434,42.83616],[2.61898,42.83651],[2.62101,42.83673],[2.62395,42.83666],[2.62805,42.83667],[2.63303,42.83567],[2.63554,42.83451],[2.63841,42.83409],[2.63768,42.83218],[2.63649,42.82908],[2.63618,42.82805],[2.63887,42.82759],[2.6393,42.82727],[2.64081,42.82565],[2.64222,42.82344],[2.64288,42.82272],[2.64312,42.82258],[2.64337,42.82241],[2.64598,42.82078],[2.64696,42.82011],[2.6477,42.81992],[2.6521,42.81968],[2.65307,42.81963],[2.65509,42.81818],[2.65613,42.81778],[2.65654,42.81723],[2.65727,42.81665],[2.65886,42.81561],[2.66081,42.81308],[2.66122,42.81272],[2.66195,42.81173],[2.66268,42.81052],[2.66267,42.80938],[2.66235,42.80764],[2.66211,42.80723],[2.66156,42.80705],[2.66235,42.80597],[2.66252,42.80556],[2.66351,42.80457],[2.66405,42.80304],[2.66435,42.80255],[2.6646,42.80183],[2.66514,42.80119],[2.66581,42.80065],[2.6669,42.79881],[2.66762,42.79803],[2.66813,42.79772],[2.66842,42.7975],[2.66861,42.79704],[2.66897,42.79685],[2.66934,42.79685],[2.66989,42.79722],[2.67025,42.79748],[2.67092,42.7974],[2.67147,42.79717],[2.67171,42.79681],[2.6719,42.79604],[2.67219,42.79554],[2.67274,42.79518],[2.6731,42.79482],[2.67336,42.79424],[2.67433,42.7932],[2.67456,42.79271],[2.67548,42.79211],[2.67608,42.79179],[2.67688,42.79166],[2.67755,42.79134],[2.67809,42.79085],[2.67847,42.79031],[2.67853,42.78945],[2.67882,42.78905],[2.67992,42.78855],[2.68017,42.78819],[2.68022,42.78792],[2.67961,42.78791],[2.67924,42.78797],[2.67852,42.78806],[2.67783,42.78774],[2.67717,42.78783],[2.67501,42.7864],[2.67379,42.78626],[2.67361,42.78614],[2.67019,42.78538],[2.66939,42.78516],[2.66882,42.78505],[2.66827,42.78475],[2.66652,42.78386],[2.66508,42.78302],[2.66467,42.78269],[2.66534,42.7818],[2.66801,42.7781],[2.6685,42.77769],[2.6694,42.77724],[2.67062,42.77683],[2.6711,42.77656],[2.67427,42.77495],[2.67438,42.77466],[2.67517,42.77416],[2.67544,42.7741],[2.67564,42.77406],[2.67626,42.77381],[2.67691,42.7742],[2.67756,42.77468],[2.67785,42.77403],[2.67772,42.77366],[2.67796,42.77204],[2.67725,42.77046],[2.67645,42.76948],[2.67627,42.76858],[2.67645,42.76804],[2.67656,42.76723],[2.67624,42.76507],[2.67661,42.76335],[2.67629,42.76182],[2.67586,42.7616],[2.67556,42.76111],[2.67531,42.76044],[2.67487,42.75931],[2.6745,42.75823],[2.67426,42.75787],[2.67369,42.75674],[2.67344,42.75599],[2.67301,42.75476],[2.67227,42.75396],[2.67166,42.7536],[2.67032,42.75334],[2.66995,42.75302],[2.66794,42.75299],[2.66788,42.7529],[2.66737,42.75222],[2.66695,42.75164],[2.66596,42.75029],[2.66534,42.74876],[2.66607,42.74813],[2.6665,42.74759],[2.66656,42.74732],[2.66673,42.74705],[2.66679,42.74672],[2.66692,42.74646],[2.66685,42.74583],[2.66673,42.74543],[2.66692,42.74516],[2.66735,42.74515],[2.66796,42.74556],[2.66832,42.74587],[2.66851,42.74582],[2.66845,42.74542],[2.66795,42.74493],[2.66746,42.74466],[2.66704,42.74413],[2.66641,42.74359],[2.66611,42.74314],[2.6661,42.74278],[2.66648,42.74232],[2.66684,42.74205],[2.66696,42.74178],[2.6669,42.74142],[2.66628,42.74066],[2.66603,42.74026],[2.66529,42.73913],[2.66535,42.73882],[2.66577,42.73813],[2.66608,42.73656],[2.6662,42.73571],[2.66619,42.73521],[2.66656,42.73472],[2.6671,42.73413],[2.6677,42.7326],[2.66776,42.73188],[2.66788,42.73161],[2.66775,42.7308],[2.66793,42.72994],[2.66847,42.72864],[2.66932,42.72755],[2.6698,42.72693],[2.67072,42.72611],[2.67121,42.72543],[2.67132,42.72516],[2.67163,42.72467],[2.67205,42.72462],[2.67212,42.72449],[2.67235,42.72363],[2.67174,42.72336],[2.67076,42.72256],[2.66997,42.72238],[2.66954,42.72216],[2.66904,42.72107],[2.66842,42.72018],[2.668,42.71982],[2.66768,42.71923],[2.66768,42.71811],[2.66706,42.71712],[2.66639,42.71631],[2.66657,42.716],[2.66632,42.71586],[2.66523,42.71573],[2.66492,42.71546],[2.66277,42.71299],[2.66246,42.71299],[2.66082,42.71331],[2.66112,42.71264],[2.6616,42.71187],[2.66314,42.71061],[2.6641,42.71052],[2.66537,42.70933],[2.66543,42.70848],[2.66622,42.70839],[2.66836,42.70762],[2.6694,42.70735],[2.67019,42.70698],[2.67018,42.70604],[2.66999,42.70514],[2.67073,42.70504],[2.67144,42.70347],[2.67253,42.70067],[2.67271,42.69945],[2.67426,42.69589],[2.67457,42.69593],[2.67615,42.69586],[2.67616,42.69542],[2.67614,42.69082],[2.67638,42.69075],[2.67667,42.69019],[2.67418,42.68961],[2.67568,42.68703],[2.6769,42.68487],[2.67695,42.68456],[2.67685,42.68448],[2.67597,42.68417],[2.67535,42.68384],[2.67581,42.68313],[2.67652,42.68231],[2.67729,42.68176],[2.67621,42.68179],[2.67524,42.68175],[2.67508,42.68141],[2.6748,42.6811],[2.67338,42.68022],[2.66934,42.6788],[2.67033,42.67734],[2.67109,42.67586],[2.67135,42.67414],[2.67171,42.67372]]]},"properties":{"ID":"664","id":"664","NOM_MASSIF":"FENOUILLEDES","dept":"66"}},{"type":"Feature","id":6,"geometry":{"type":"Polygon","coordinates":[[[2.17614,42.6526],[2.1759,42.65305],[2.17552,42.65354],[2.17332,42.65556],[2.17266,42.65588],[2.17162,42.65609],[2.17089,42.65655],[2.17028,42.65718],[2.1699,42.65749],[2.16941,42.65852],[2.16923,42.65994],[2.1692,42.66],[2.16891,42.66068],[2.16849,42.66159],[2.16763,42.66257],[2.16678,42.66325],[2.16624,42.66383],[2.16605,42.66392],[2.1649,42.66392],[2.16281,42.66414],[2.15965,42.66435],[2.15923,42.66427],[2.15769,42.66377],[2.1569,42.66336],[2.15659,42.66322],[2.15386,42.66224],[2.15251,42.66201],[2.15129,42.66196],[2.15002,42.66223],[2.14898,42.66277],[2.14337,42.6637],[2.14,42.66505],[2.13262,42.66836],[2.13213,42.6694],[2.13134,42.67025],[2.1301,42.67115],[2.12784,42.67227],[2.12736,42.67231],[2.12663,42.67214],[2.12449,42.67186],[2.12388,42.67168],[2.12091,42.67009],[2.11986,42.66946],[2.11798,42.66847],[2.11664,42.66793],[2.11616,42.66771],[2.11476,42.66721],[2.11275,42.66671],[2.11201,42.66643],[2.11092,42.66562],[2.11013,42.66485],[2.10921,42.66404],[2.10897,42.66386],[2.10866,42.664],[2.10756,42.66485],[2.10678,42.66525],[2.1061,42.6653],[2.10428,42.66506],[2.10056,42.66434],[2.09824,42.66402],[2.09611,42.66402],[2.09587,42.6641],[2.09489,42.66478],[2.09397,42.66513],[2.09189,42.66567],[2.09061,42.66568],[2.08867,42.66553],[2.08659,42.66544],[2.08628,42.66629],[2.08579,42.6667],[2.0853,42.66678],[2.08378,42.66669],[2.08366,42.66651],[2.08288,42.66579],[2.08208,42.66524],[2.0811,42.66465],[2.0797,42.66465],[2.07634,42.66477],[2.07598,42.66487],[2.07543,42.6651],[2.0733,42.66581],[2.07116,42.6663],[2.07049,42.66639],[2.07024,42.6658],[2.06976,42.66495],[2.06963,42.6649],[2.06855,42.66444],[2.0677,42.66412],[2.06458,42.66426],[2.0644,42.66417],[2.06228,42.6624],[2.06112,42.66173],[2.06088,42.66168],[2.05452,42.66306],[2.04702,42.66359],[2.0469,42.6635],[2.0443,42.66016],[2.04422,42.66001],[2.04416,42.65991],[2.04412,42.6598],[2.04345,42.65831],[2.04327,42.6575],[2.0426,42.65736],[2.03858,42.65596],[2.03664,42.65541],[2.03457,42.65473],[2.03177,42.65387],[2.02903,42.65296],[2.02811,42.6525],[2.02763,42.65251],[2.02397,42.65321],[2.02256,42.65339],[2.01879,42.65342],[2.01842,42.65366],[2.01818,42.6537],[2.01725,42.65472],[2.01645,42.65495],[2.01353,42.65611],[2.01256,42.65628],[2.01237,42.65659],[2.01225,42.65695],[2.01237,42.658],[2.01248,42.65872],[2.01248,42.65944],[2.00949,42.65911],[2.00797,42.65888],[2.007,42.65861],[2.00645,42.65874],[2.00582,42.65902],[2.00455,42.65936],[2.00406,42.65968],[2.00393,42.65988],[2.00384,42.66],[2.00369,42.66022],[2.00302,42.66058],[2.00216,42.66094],[2.00209,42.66108],[2.00051,42.66156],[1.99959,42.6616],[1.99856,42.66133],[1.99765,42.66079],[1.99692,42.66007],[1.99694,42.6584],[1.99736,42.65719],[1.99725,42.6567],[1.997,42.65611],[1.99664,42.65583],[1.99634,42.6557],[1.9953,42.65506],[1.99476,42.6543],[1.9941,42.65294],[1.99392,42.65268],[1.99257,42.65232],[1.99271,42.65083],[1.99181,42.64836],[1.99127,42.6474],[1.99077,42.64664],[1.99059,42.64659],[1.99053,42.6465],[1.98793,42.64479],[1.98787,42.64461],[1.98721,42.64276],[1.98672,42.6419],[1.98679,42.64149],[1.98649,42.64113],[1.98635,42.64086],[1.98668,42.64032],[1.986,42.63924],[1.98528,42.63722],[1.9848,42.63699],[1.98382,42.63645],[1.98402,42.63564],[1.98389,42.63528],[1.98335,42.63477],[1.98257,42.63347],[1.98221,42.63315],[1.98195,42.63298],[1.98147,42.6327],[1.98056,42.63212],[1.98032,42.63198],[1.97995,42.63166],[1.98015,42.6309],[1.97978,42.63039],[1.97857,42.6299],[1.97759,42.62927],[1.97736,42.62882],[1.97674,42.62805],[1.97602,42.62737],[1.97583,42.62693],[1.97578,42.62557],[1.97597,42.62481],[1.97659,42.62427],[1.97683,42.62414],[1.97726,42.62355],[1.97726,42.62275],[1.97666,42.62216],[1.97661,42.62175],[1.97636,42.62107],[1.97545,42.62031],[1.97413,42.61941],[1.97308,42.61791],[1.97224,42.61714],[1.97176,42.61692],[1.97036,42.61687],[1.96829,42.61637],[1.96525,42.61631],[1.96476,42.6164],[1.96311,42.61712],[1.96213,42.61711],[1.96043,42.61693],[1.95933,42.61701],[1.9581,42.61746],[1.95731,42.618],[1.95602,42.61871],[1.95541,42.61885],[1.95401,42.61889],[1.95293,42.61816],[1.95012,42.61774],[1.94969,42.61752],[1.94933,42.61712],[1.94861,42.61581],[1.94807,42.61517],[1.94722,42.61468],[1.94394,42.61331],[1.94363,42.61314],[1.94376,42.61233],[1.94407,42.61173],[1.94444,42.61079],[1.94451,42.61003],[1.94432,42.60954],[1.94379,42.60855],[1.94336,42.60823],[1.94196,42.60767],[1.93887,42.60686],[1.93612,42.60541],[1.93497,42.60492],[1.93339,42.60482],[1.93309,42.60491],[1.93156,42.60526],[1.9307,42.60561],[1.92991,42.60611],[1.92912,42.60686],[1.92813,42.60822],[1.9277,42.60858],[1.92666,42.60943],[1.92642,42.60947],[1.92544,42.60898],[1.92477,42.60879],[1.92362,42.60892],[1.92228,42.60932],[1.92192,42.60936],[1.92149,42.60922],[1.91467,42.60763],[1.91315,42.60744],[1.91236,42.60762],[1.9115,42.60761],[1.90961,42.60819],[1.90857,42.60836],[1.90729,42.60863],[1.90552,42.61002],[1.90473,42.61079],[1.90368,42.61154],[1.903,42.61222],[1.90213,42.61334],[1.90171,42.61365],[1.90091,42.61433],[1.90043,42.61486],[1.9003,42.61491],[1.90018,42.6149],[1.89778,42.60941],[1.89748,42.60905],[1.89305,42.60633],[1.89268,42.60587],[1.89257,42.60556],[1.89361,42.60476],[1.89434,42.60372],[1.89497,42.60314],[1.89546,42.60233],[1.89413,42.60016],[1.89396,42.59904],[1.89337,42.59751],[1.89325,42.59643],[1.89318,42.59616],[1.89276,42.59584],[1.89198,42.59498],[1.89127,42.59331],[1.88968,42.59236],[1.88799,42.59101],[1.88709,42.59055],[1.88544,42.59014],[1.88385,42.58987],[1.88137,42.58985],[1.88019,42.59007],[1.87667,42.59006],[1.87423,42.59],[1.87404,42.58983],[1.8735,42.58942],[1.87358,42.58883],[1.87345,42.58856],[1.87316,42.58784],[1.8734,42.58726],[1.87323,42.58668],[1.87317,42.58541],[1.87342,42.58478],[1.87374,42.58357],[1.87435,42.58212],[1.87449,42.58141],[1.87015,42.58143],[1.87004,42.58125],[1.86962,42.58027],[1.86938,42.57999],[1.86859,42.57986],[1.86542,42.57913],[1.86432,42.57899],[1.86397,42.57925],[1.86273,42.58069],[1.86218,42.58095],[1.8617,42.58135],[1.86133,42.58244],[1.86065,42.5832],[1.86038,42.58401],[1.86014,42.58405],[1.85971,42.58391],[1.85899,42.58346],[1.85724,42.58278],[1.85688,42.5821],[1.85657,42.5818],[1.85617,42.5816],[1.85566,42.58153],[1.85493,42.58142],[1.85444,42.58128],[1.8539,42.58129],[1.85342,42.58112],[1.85365,42.58232],[1.8534,42.58258],[1.8529,42.58321],[1.85157,42.58433],[1.85126,42.58432],[1.8501,42.58405],[1.84821,42.58372],[1.84743,42.58314],[1.84707,42.58305],[1.84176,42.58303],[1.8411,42.58324],[1.84024,42.58379],[1.83907,42.58441],[1.83821,42.58459],[1.83706,42.58454],[1.8364,42.58431],[1.83477,42.58353],[1.83215,42.58194],[1.83131,42.58149],[1.83034,42.58131],[1.82886,42.5813],[1.82595,42.58147],[1.82515,42.58128],[1.82473,42.58124],[1.82401,42.58087],[1.82309,42.58042],[1.82218,42.57983],[1.82157,42.57956],[1.81926,42.57951],[1.81768,42.57954],[1.81725,42.57927],[1.81707,42.57904],[1.81677,42.57886],[1.81623,42.57837],[1.81599,42.57818],[1.81441,42.57755],[1.81235,42.57687],[1.80956,42.57572],[1.80634,42.57458],[1.801,42.5724],[1.80021,42.57235],[1.79948,42.57243],[1.79874,42.57239],[1.79784,42.57198],[1.79658,42.57153],[1.79601,42.57148],[1.79358,42.57249],[1.79155,42.57351],[1.79039,42.574],[1.78972,42.57401],[1.78954,42.57396],[1.789,42.57359],[1.78766,42.573],[1.78711,42.57304],[1.78613,42.57362],[1.78528,42.57313],[1.78511,42.57263],[1.78456,42.57218],[1.78359,42.57199],[1.78317,42.57181],[1.78274,42.57168],[1.78231,42.57149],[1.78219,42.57109],[1.78147,42.5705],[1.78069,42.57018],[1.78051,42.56995],[1.77966,42.56927],[1.77893,42.56918],[1.77814,42.56854],[1.7774,42.56836],[1.77711,42.568],[1.77651,42.56769],[1.77553,42.56768],[1.77523,42.56754],[1.77506,42.56719],[1.77469,42.56687],[1.7742,42.56664],[1.77384,42.56642],[1.77329,42.5661],[1.77256,42.56604],[1.77238,42.56596],[1.77196,42.56591],[1.77165,42.56604],[1.77122,42.56604],[1.77123,42.56577],[1.77105,42.56564],[1.77063,42.56559],[1.77045,42.5655],[1.77014,42.56513],[1.76996,42.56482],[1.7696,42.56451],[1.76942,42.5645],[1.7693,42.56459],[1.76893,42.56468],[1.76844,42.56437],[1.76789,42.56436],[1.76758,42.56454],[1.7674,42.5648],[1.76721,42.56489],[1.76697,42.56493],[1.76636,42.56476],[1.76581,42.56475],[1.76569,42.56484],[1.76558,42.56506],[1.76539,42.56533],[1.76454,42.56524],[1.76436,42.56533],[1.76393,42.56532],[1.76375,42.5651],[1.76307,42.5651],[1.76258,42.56518],[1.76222,42.56492],[1.76192,42.56487],[1.76161,42.56513],[1.76124,42.56517],[1.76088,42.56504],[1.76058,42.56509],[1.75985,42.56512],[1.75966,42.56521],[1.75936,42.56522],[1.759,42.5649],[1.75833,42.56484],[1.75802,42.56462],[1.75778,42.56462],[1.75747,42.56475],[1.75698,42.56479],[1.75686,42.56475],[1.75644,42.5647],[1.75595,42.56488],[1.7548,42.56487],[1.75449,42.56474],[1.75376,42.56469],[1.7531,42.56437],[1.75292,42.56414],[1.75261,42.56405],[1.75194,42.564],[1.75163,42.56409],[1.7514,42.56391],[1.75103,42.56387],[1.75085,42.564],[1.75048,42.564],[1.74988,42.56359],[1.74977,42.56322],[1.74946,42.56291],[1.74879,42.56291],[1.74867,42.563],[1.7483,42.563],[1.74788,42.56268],[1.74745,42.56254],[1.74691,42.56227],[1.74691,42.56218],[1.74703,42.5621],[1.74716,42.56191],[1.74661,42.5615],[1.746,42.5614],[1.74522,42.56099],[1.74522,42.56086],[1.74529,42.56064],[1.74528,42.56037],[1.74504,42.56014],[1.74468,42.56004],[1.74444,42.55965],[1.74384,42.55937],[1.74377,42.55914],[1.74342,42.55882],[1.74347,42.55847],[1.74317,42.55838],[1.74293,42.55815],[1.74251,42.55815],[1.74219,42.55801],[1.74208,42.55766],[1.7419,42.55739],[1.7413,42.55729],[1.74112,42.5571],[1.74057,42.5567],[1.74002,42.55665],[1.73996,42.55651],[1.74015,42.55624],[1.74022,42.55611],[1.73974,42.55574],[1.73919,42.55561],[1.73907,42.5552],[1.73876,42.55498],[1.7387,42.55471],[1.73827,42.55426],[1.73816,42.55394],[1.73853,42.55354],[1.73823,42.5529],[1.73799,42.55272],[1.73787,42.55213],[1.73763,42.55182],[1.73709,42.55173],[1.73698,42.55128],[1.73704,42.55101],[1.73691,42.55083],[1.73649,42.55069],[1.73643,42.55046],[1.73638,42.55016],[1.7359,42.54993],[1.73542,42.54978],[1.73512,42.55007],[1.73453,42.54908],[1.73467,42.54835],[1.73491,42.54847],[1.73515,42.54863],[1.73595,42.5489],[1.73653,42.54908],[1.73693,42.54909],[1.73705,42.54917],[1.73715,42.54944],[1.73729,42.54952],[1.73751,42.54957],[1.73791,42.5496],[1.73791,42.54924],[1.73775,42.54924],[1.73763,42.54914],[1.73762,42.54899],[1.73771,42.54889],[1.73787,42.54884],[1.7378,42.54863],[1.73707,42.54876],[1.73626,42.54854],[1.73506,42.54808],[1.73474,42.54777],[1.7347,42.54757],[1.735,42.54698],[1.73535,42.54668],[1.73559,42.54622],[1.73549,42.54562],[1.73565,42.5451],[1.73519,42.5445],[1.73521,42.5442],[1.73522,42.54379],[1.73565,42.5433],[1.73565,42.54295],[1.73541,42.54272],[1.7353,42.54231],[1.73457,42.54218],[1.73426,42.54172],[1.73415,42.54118],[1.73415,42.54072],[1.73446,42.54037],[1.73453,42.54001],[1.7344,42.53978],[1.73411,42.53912],[1.73363,42.53888],[1.73363,42.53861],[1.73352,42.53816],[1.73395,42.53785],[1.73382,42.53763],[1.73364,42.53758],[1.73364,42.53731],[1.73389,42.537],[1.73426,42.53686],[1.7345,42.5365],[1.73438,42.53632],[1.73427,42.53605],[1.73451,42.53583],[1.73427,42.53515],[1.7344,42.53448],[1.73458,42.5343],[1.73471,42.53399],[1.73496,42.53372],[1.73489,42.53345],[1.73441,42.53313],[1.73443,42.53263],[1.73431,42.5324],[1.73381,42.53222],[1.73376,42.53213],[1.73388,42.53191],[1.73371,42.53159],[1.73365,42.53128],[1.73345,42.53101],[1.73327,42.53096],[1.73321,42.53078],[1.7331,42.53047],[1.73322,42.53028],[1.73332,42.52916],[1.73352,42.52786],[1.7332,42.52768],[1.73264,42.52766],[1.73164,42.52894],[1.73123,42.5276],[1.73058,42.52648],[1.72966,42.52602],[1.72908,42.52533],[1.72888,42.5247],[1.72878,42.52263],[1.72964,42.52034],[1.72869,42.51988],[1.72774,42.51886],[1.72734,42.51854],[1.72683,42.51838],[1.72553,42.51858],[1.72464,42.51879],[1.72407,42.51858],[1.72322,42.51853],[1.72263,42.51883],[1.72245,42.5188],[1.72279,42.51841],[1.72283,42.51821],[1.72295,42.51763],[1.72186,42.51727],[1.72181,42.51704],[1.72382,42.51624],[1.72516,42.51548],[1.72564,42.51504],[1.72596,42.51428],[1.72605,42.51157],[1.726,42.50973],[1.72573,42.50779],[1.72586,42.50685],[1.72593,42.50486],[1.72583,42.5036],[1.72677,42.50131],[1.72817,42.50015],[1.72897,42.4989],[1.72928,42.49805],[1.72935,42.49723],[1.7293,42.49674],[1.72968,42.49549],[1.7301,42.49518],[1.73043,42.49319],[1.73067,42.49275],[1.73122,42.49274],[1.73208,42.49293],[1.73275,42.49298],[1.73335,42.49325],[1.73444,42.49326],[1.73528,42.49362],[1.73572,42.49371],[1.73651,42.49367],[1.73675,42.49363],[1.73724,42.49368],[1.73785,42.49413],[1.73863,42.49445],[1.74082,42.49446],[1.7421,42.4946],[1.74434,42.49462],[1.7458,42.49503],[1.74653,42.49561],[1.74689,42.49562],[1.74768,42.4954],[1.74817,42.49531],[1.74951,42.49469],[1.74982,42.49437],[1.75013,42.49366],[1.75074,42.49299],[1.75202,42.49195],[1.75302,42.49146],[1.75428,42.49134],[1.75533,42.49085],[1.75623,42.49094],[1.75672,42.49099],[1.75746,42.49086],[1.75794,42.49073],[1.75922,42.49056],[1.75995,42.49029],[1.76062,42.48979],[1.76118,42.48881],[1.76137,42.48836],[1.76179,42.48774],[1.76247,42.48716],[1.76295,42.48689],[1.76326,42.48684],[1.77963,42.48639],[1.79167,42.48578],[1.79415,42.4866],[1.79585,42.4871],[1.79658,42.48728],[1.79816,42.48783],[1.799,42.48819],[1.79974,42.48842],[1.79998,42.48856],[1.80191,42.48915],[1.80216,42.48933],[1.80307,42.48955],[1.80434,42.4901],[1.80459,42.4901],[1.80502,42.4897],[1.80642,42.48845],[1.80715,42.48769],[1.80795,42.48701],[1.81205,42.48524],[1.81338,42.48462],[1.81602,42.4835],[1.8168,42.48306],[1.81735,42.48323],[1.81832,42.48374],[1.81947,42.48419],[1.82081,42.48492],[1.82183,42.48542],[1.82273,42.48596],[1.82327,42.48624],[1.82352,42.48624],[1.82646,42.48404],[1.82659,42.48391],[1.82696,42.48373],[1.82847,42.48343],[1.83092,42.48308],[1.83443,42.48292],[1.83461,42.48283],[1.83462,42.48179],[1.83792,42.48019],[1.83823,42.47992],[1.83823,42.47987],[1.83866,42.47965],[1.83914,42.47929],[1.84061,42.47839],[1.84251,42.4775],[1.84336,42.47714],[1.84583,42.47968],[1.84622,42.47995],[1.84648,42.48018],[1.85235,42.48659],[1.85312,42.48726],[1.85336,42.48736],[1.85361,42.48727],[1.85373,42.48718],[1.85464,42.48705],[1.85525,42.48705],[1.85554,42.48863],[1.85414,42.48943],[1.85341,42.48975],[1.85286,42.49087],[1.85292,42.49096],[1.85418,42.49141],[1.85541,42.49146],[1.85625,42.49174],[1.85885,42.4932],[1.86013,42.4941],[1.86043,42.49441],[1.86098,42.49486],[1.8611,42.49504],[1.86158,42.49518],[1.86188,42.49522],[1.86248,42.49572],[1.86369,42.49745],[1.86436,42.49866],[1.86465,42.49925],[1.86548,42.50137],[1.86463,42.5014],[1.86377,42.50172],[1.86218,42.50306],[1.862,42.5031],[1.86144,42.50405],[1.86004,42.50553],[1.85954,42.50619],[1.85911,42.50777],[1.85819,42.50831],[1.85733,42.50983],[1.85695,42.51019],[1.85495,42.51059],[1.85415,42.51089],[1.85263,42.51233],[1.85207,42.5135],[1.85113,42.51503],[1.8507,42.51597],[1.85069,42.5162],[1.85198,42.51674],[1.85295,42.51724],[1.85404,42.51773],[1.85446,42.51796],[1.85985,42.5202],[1.86108,42.52083],[1.8612,42.52088],[1.85977,42.52298],[1.85885,42.52446],[1.85855,42.52482],[1.85756,42.52639],[1.8562,42.52841],[1.85578,42.52913],[1.85547,42.52949],[1.85473,42.53052],[1.85649,42.53134],[1.85758,42.53139],[1.8577,42.53144],[1.85861,42.53135],[1.85929,42.53149],[1.86075,42.53154],[1.8622,42.53186],[1.86293,42.53209],[1.86482,42.53219],[1.86585,42.53232],[1.86652,42.5322],[1.86725,42.53224],[1.86858,42.53256],[1.86883,42.53238],[1.86981,42.53247],[1.87127,42.53262],[1.87254,42.53281],[1.87411,42.53285],[1.87418,42.53294],[1.8738,42.53438],[1.8738,42.53451],[1.87515,42.53426],[1.87539,42.5343],[1.87616,42.53525],[1.87671,42.53574],[1.87702,42.53565],[1.87793,42.5353],[1.88098,42.53531],[1.88147,42.53509],[1.88189,42.53505],[1.8828,42.53478],[1.88513,42.5343],[1.88695,42.5343],[1.8903,42.53481],[1.8906,42.53481],[1.89114,42.53455],[1.89133,42.53454],[1.8917,42.53486],[1.89188,42.53491],[1.89665,42.53119],[1.89683,42.53101],[1.9013,42.52757],[1.90143,42.52752],[1.90149,42.52743],[1.90173,42.52734],[1.90178,42.52721],[1.90203,42.52707],[1.90252,42.52667],[1.90277,42.52653],[1.906,42.52417],[1.90999,42.51978],[1.91066,42.51909],[1.9125,42.51712],[1.91336,42.51632],[1.91349,42.51604],[1.91288,42.51344],[1.91278,42.51254],[1.91241,42.51113],[1.91212,42.50979],[1.91189,42.5088],[1.91177,42.50835],[1.9108,42.5078],[1.91021,42.50676],[1.9093,42.50419],[1.90931,42.50378],[1.90955,42.50329],[1.91024,42.50155],[1.91035,42.50128],[1.90783,42.4991],[1.9071,42.49829],[1.90644,42.49775],[1.90656,42.49762],[1.90832,42.49682],[1.90924,42.49632],[1.90944,42.49327],[1.90951,42.49291],[1.91085,42.49191],[1.91183,42.49093],[1.91208,42.49061],[1.91257,42.49057],[1.91714,42.48847],[1.91696,42.48816],[1.91707,42.48793],[1.91824,42.487],[1.91887,42.48623],[1.91935,42.48488],[1.91936,42.48362],[1.91876,42.48264],[1.91841,42.48227],[1.91821,42.48163],[1.91804,42.48106],[1.91738,42.47995],[1.91745,42.47822],[1.9177,42.47758],[1.918,42.47723],[1.91924,42.47544],[1.92004,42.4749],[1.92088,42.47454],[1.92186,42.47414],[1.92192,42.474],[1.92217,42.47391],[1.92289,42.47342],[1.92497,42.47262],[1.92661,42.4724],[1.92734,42.47245],[1.92801,42.47259],[1.9322,42.4731],[1.93462,42.47369],[1.93535,42.47397],[1.93724,42.47397],[1.93852,42.47349],[1.93937,42.47277],[1.94229,42.47241],[1.94418,42.47228],[1.94485,42.47206],[1.94485,42.47201],[1.94502,42.47174],[1.9462,42.47135],[1.94644,42.47121],[1.94681,42.47126],[1.94728,42.47162],[1.94746,42.47185],[1.94819,42.47212],[1.94922,42.47212],[1.95032,42.47177],[1.95058,42.47164],[1.95154,42.47132],[1.95166,42.47146],[1.95202,42.47142],[1.95257,42.47119],[1.95337,42.47097],[1.95446,42.47102],[1.95513,42.47111],[1.95817,42.47116],[1.95902,42.47131],[1.95944,42.47149],[1.95969,42.47148],[1.95975,42.47076],[1.96006,42.47045],[1.96018,42.4705],[1.96103,42.47176],[1.96138,42.47252],[1.96162,42.47316],[1.96299,42.47847],[1.96335,42.4787],[1.96425,42.47893],[1.96584,42.47938],[1.96811,42.47995],[1.97016,42.4803],[1.97082,42.48047],[1.97112,42.48079],[1.97154,42.48178],[1.97189,42.48322],[1.97231,42.48395],[1.97237,42.48462],[1.97255,42.48489],[1.97315,42.48516],[1.97522,42.48567],[1.97589,42.48566],[1.9765,42.48553],[1.97778,42.48554],[1.97814,42.48581],[1.97831,42.48604],[1.97825,42.48703],[1.97795,42.48766],[1.97812,42.48815],[1.97818,42.48837],[1.97812,42.48887],[1.97763,42.48994],[1.97726,42.49022],[1.9772,42.49058],[1.97726,42.49081],[1.97762,42.49112],[1.97773,42.49143],[1.97822,42.49157],[1.97846,42.49203],[1.97833,42.4927],[1.97871,42.49413],[1.97876,42.49477],[1.98058,42.49478],[1.98051,42.49491],[1.97924,42.49549],[1.97613,42.49625],[1.97328,42.49686],[1.97102,42.49758],[1.97065,42.49771],[1.96918,42.49816],[1.96871,42.49815],[1.96723,42.49783],[1.96693,42.49784],[1.96688,42.49802],[1.96686,42.50026],[1.96648,42.5026],[1.96653,42.50486],[1.96684,42.50558],[1.96822,42.50814],[1.96904,42.51089],[1.96927,42.51386],[1.96951,42.51468],[1.96963,42.51566],[1.97212,42.52764],[1.97223,42.52795],[1.97351,42.52796],[1.97419,42.52818],[1.97454,42.52855],[1.97478,42.52869],[1.97485,42.52896],[1.97478,42.52936],[1.97484,42.52981],[1.97539,42.53026],[1.97587,42.53062],[1.97604,42.53098],[1.97605,42.53139],[1.97665,42.53174],[1.97683,42.53193],[1.97713,42.53211],[1.97768,42.53216],[1.97816,42.53238],[1.97877,42.53239],[1.97896,42.53258],[1.97963,42.53262],[1.97994,42.53276],[1.9806,42.53275],[1.98078,42.53271],[1.98163,42.53276],[1.98187,42.53286],[1.98272,42.53285],[1.98388,42.5328],[1.98455,42.53309],[1.9851,42.53353],[1.98564,42.53421],[1.9865,42.53457],[1.98728,42.5352],[1.988,42.53534],[1.98849,42.53589],[1.9888,42.53588],[1.98935,42.5357],[1.98995,42.53594],[1.9905,42.53593],[1.99093,42.53634],[1.99093,42.53638],[1.99117,42.53639],[1.99153,42.53593],[1.9919,42.53589],[1.99202,42.53585],[1.9922,42.53594],[1.99225,42.53621],[1.99299,42.53648],[1.99305,42.53679],[1.99366,42.53675],[1.99475,42.53729],[1.99536,42.53748],[1.99609,42.5378],[1.99639,42.53776],[1.99699,42.53775],[1.99731,42.53794],[1.99748,42.53816],[1.99779,42.53808],[1.9979,42.53794],[1.99816,42.53799],[1.99839,42.53825],[1.99851,42.53852],[1.99894,42.53857],[1.99931,42.53849],[1.99955,42.53889],[2.00009,42.5392],[2.00034,42.53952],[2.00046,42.53984],[2.00051,42.54024],[2.00076,42.54046],[2.001,42.54091],[2.00087,42.54118],[2.00093,42.54123],[2.0013,42.54118],[2.00142,42.54119],[2.0016,42.54141],[2.00184,42.54137],[2.00197,42.54124],[2.00215,42.54127],[2.00227,42.54141],[2.00215,42.54172],[2.00227,42.54191],[2.00263,42.5421],[2.00294,42.54214],[2.00311,42.54241],[2.00354,42.5425],[2.00366,42.54246],[2.00385,42.54246],[2.00403,42.54286],[2.00428,42.543],[2.00415,42.54349],[2.00451,42.54371],[2.00452,42.5443],[2.00598,42.5443],[2.0087,42.5448],[2.01005,42.54517],[2.01114,42.54527],[2.01131,42.54572],[2.01204,42.5468],[2.01343,42.55008],[2.01403,42.55131],[2.01421,42.55194],[2.01481,42.55333],[2.01564,42.55599],[2.0157,42.55657],[2.016,42.55676],[2.01612,42.55676],[2.01636,42.55711],[2.01776,42.55838],[2.01855,42.55906],[2.01952,42.5601],[2.02133,42.56172],[2.02139,42.56185],[2.02041,42.56289],[2.01974,42.56379],[2.01938,42.56414],[2.01919,42.56442],[2.01944,42.56509],[2.0193,42.56581],[2.01919,42.56616],[2.02009,42.56677],[2.02021,42.5668],[2.02087,42.56726],[2.02154,42.5673],[2.02222,42.56726],[2.02331,42.56753],[2.02447,42.56735],[2.02557,42.56705],[2.0266,42.56637],[2.02739,42.56574],[2.02784,42.56529],[2.02833,42.56502],[2.02935,42.5648],[2.03046,42.56445],[2.03131,42.56427],[2.0318,42.56247],[2.03222,42.56193],[2.03333,42.56216],[2.03431,42.56247],[2.0368,42.56127],[2.03759,42.56082],[2.03826,42.56051],[2.0387,42.56029],[2.0379,42.55843],[2.03743,42.55754],[2.0376,42.55736],[2.03815,42.55705],[2.03889,42.55646],[2.03915,42.55551],[2.03951,42.55538],[2.04018,42.55533],[2.04121,42.55435],[2.04158,42.55409],[2.0425,42.55391],[2.0428,42.55395],[2.04383,42.55494],[2.04401,42.55503],[2.04585,42.55512],[2.04718,42.55531],[2.04755,42.5554],[2.04894,42.55473],[2.04986,42.5542],[2.0506,42.55383],[2.05084,42.55384],[2.0512,42.55411],[2.05145,42.55407],[2.05529,42.55177],[2.05603,42.55124],[2.05828,42.5504],[2.05937,42.54999],[2.0617,42.54859],[2.06426,42.54753],[2.06504,42.54707],[2.06565,42.54695],[2.06676,42.54699],[2.06852,42.54731],[2.06931,42.54731],[2.071,42.54696],[2.07527,42.54617],[2.07649,42.54593],[2.07826,42.54549],[2.07954,42.5454],[2.08209,42.54545],[2.08423,42.54532],[2.08532,42.5451],[2.08563,42.54492],[2.08666,42.54456],[2.08726,42.54447],[2.08818,42.54452],[2.09062,42.54529],[2.09092,42.54538],[2.09104,42.5457],[2.09152,42.54565],[2.09366,42.54498],[2.09427,42.54485],[2.09836,42.54365],[2.10024,42.54315],[2.10146,42.54324],[2.10802,42.546],[2.11374,42.54859],[2.11446,42.54912],[2.11464,42.5493],[2.11749,42.55151],[2.11767,42.55169],[2.12264,42.55562],[2.12277,42.55562],[2.12302,42.55593],[2.12532,42.5585],[2.12471,42.55918],[2.1247,42.55931],[2.1258,42.5594],[2.1278,42.56161],[2.12896,42.56287],[2.12957,42.56346],[2.12975,42.56382],[2.12913,42.56706],[2.12882,42.56806],[2.1287,42.56873],[2.12851,42.569],[2.12842,42.56931],[2.12949,42.57011],[2.13172,42.57144],[2.13371,42.57279],[2.13407,42.57306],[2.13475,42.57385],[2.13741,42.57679],[2.13775,42.57734],[2.13832,42.57784],[2.13593,42.58809],[2.13563,42.58885],[2.13502,42.58952],[2.13405,42.59008],[2.13501,42.59047],[2.136,42.59247],[2.13744,42.59345],[2.13781,42.59439],[2.13865,42.59506],[2.14011,42.59574],[2.1398,42.59638],[2.13883,42.59755],[2.13773,42.59853],[2.1362,42.60015],[2.13595,42.60037],[2.13608,42.60069],[2.13771,42.60245],[2.13819,42.60361],[2.13862,42.60421],[2.141,42.6056],[2.14464,42.60827],[2.14488,42.6084],[2.14719,42.60989],[2.14729,42.60998],[2.1484,42.61205],[2.14817,42.61246],[2.14816,42.61354],[2.14906,42.61813],[2.1496,42.61961],[2.14996,42.62025],[2.15007,42.62097],[2.15014,42.62169],[2.15026,42.62187],[2.15056,42.622],[2.15148,42.62295],[2.15281,42.62457],[2.15499,42.62691],[2.1564,42.62871],[2.15655,42.62876],[2.15677,42.62885],[2.15688,42.62926],[2.15689,42.6298],[2.15712,42.63052],[2.1573,42.63123],[2.15858,42.63326],[2.15888,42.63363],[2.15937,42.6343],[2.15997,42.63497],[2.16162,42.63606],[2.16326,42.63697],[2.16362,42.63728],[2.16393,42.63777],[2.16404,42.63858],[2.16453,42.63907],[2.16556,42.63958],[2.16667,42.63989],[2.16734,42.64025],[2.16788,42.64084],[2.16813,42.64161],[2.16843,42.6425],[2.16867,42.64295],[2.16963,42.64367],[2.16995,42.64381],[2.17134,42.64485],[2.17166,42.64513],[2.17317,42.64633],[2.17512,42.64755],[2.17566,42.6481],[2.17622,42.6489],[2.17657,42.64972],[2.17664,42.65049],[2.1762,42.65251],[2.17614,42.6526]]]},"properties":{"ID":"661","id":"661","NOM_MASSIF":"CAPCIR","dept":"66"}},{"type":"Feature","id":7,"geometry":{"type":"Polygon","coordinates":[[[2.46582,42.49748],[2.46527,42.49568],[2.46503,42.49537],[2.46484,42.49474],[2.46466,42.49451],[2.46454,42.49424],[2.46314,42.4942],[2.46149,42.49442],[2.45986,42.49483],[2.45919,42.49488],[2.45871,42.49452],[2.45821,42.49394],[2.45729,42.49312],[2.45486,42.49164],[2.45377,42.49074],[2.45334,42.49007],[2.45321,42.48953],[2.45334,42.48908],[2.45334,42.48818],[2.4531,42.48755],[2.45273,42.48728],[2.45261,42.48705],[2.45248,42.48705],[2.45223,42.48688],[2.4512,42.48647],[2.44786,42.48512],[2.44713,42.48414],[2.44688,42.48405],[2.44657,42.48409],[2.44525,42.48454],[2.44397,42.48459],[2.443,42.48445],[2.44184,42.48414],[2.43923,42.48284],[2.43855,42.48207],[2.43795,42.48175],[2.43653,42.48131],[2.43563,42.48091],[2.4346,42.48015],[2.43435,42.47994],[2.43296,42.47911],[2.43168,42.47843],[2.43118,42.47807],[2.43015,42.47744],[2.42936,42.47713],[2.42888,42.47682],[2.42864,42.47641],[2.42864,42.4753],[2.42832,42.47506],[2.42766,42.47483],[2.42621,42.47398],[2.42552,42.47367],[2.42492,42.47313],[2.42431,42.473],[2.42346,42.47295],[2.42334,42.47273],[2.42328,42.47201],[2.4231,42.4717],[2.42237,42.47156],[2.42158,42.47152],[2.4214,42.47133],[2.42078,42.47034],[2.42066,42.4703],[2.42005,42.47043],[2.41944,42.47035],[2.41824,42.46976],[2.41768,42.46931],[2.41714,42.46819],[2.41702,42.46788],[2.41689,42.46715],[2.41701,42.46697],[2.41744,42.46683],[2.41744,42.46669],[2.41714,42.46666],[2.41446,42.46661],[2.41294,42.4663],[2.41099,42.46572],[2.41093,42.46558],[2.41088,42.46527],[2.41032,42.46514],[2.4085,42.46391],[2.40777,42.46351],[2.40631,42.46253],[2.40589,42.46162],[2.40552,42.46068],[2.40515,42.46018],[2.40473,42.45991],[2.40253,42.45942],[2.40163,42.45897],[2.40133,42.45866],[2.40084,42.45762],[2.40053,42.45658],[2.40023,42.45641],[2.39937,42.45613],[2.39785,42.45532],[2.39688,42.45452],[2.39646,42.45398],[2.39518,42.45313],[2.39359,42.45177],[2.39257,42.45097],[2.39226,42.45065],[2.39171,42.45029],[2.39117,42.45003],[2.39044,42.44944],[2.3899,42.44858],[2.38976,42.44835],[2.38945,42.44813],[2.38843,42.44791],[2.388,42.44763],[2.38795,42.44727],[2.38794,42.44674],[2.3877,42.44679],[2.38715,42.44701],[2.38498,42.44705],[2.3846,42.44737],[2.3829,42.44737],[2.38253,42.44728],[2.38157,42.44661],[2.38017,42.44612],[2.37961,42.44575],[2.37924,42.44517],[2.37906,42.44472],[2.37853,42.44413],[2.3781,42.44346],[2.37767,42.44305],[2.3767,42.44252],[2.37622,42.44202],[2.37591,42.44152],[2.37506,42.44093],[2.37354,42.44035],[2.37105,42.43977],[2.36819,42.43847],[2.36746,42.43816],[2.36716,42.43797],[2.36613,42.43774],[2.36485,42.43707],[2.36363,42.4368],[2.36278,42.43666],[2.36163,42.43626],[2.36097,42.43586],[2.35981,42.4355],[2.35865,42.43527],[2.35653,42.43456],[2.35496,42.43423],[2.3533,42.43365],[2.35094,42.43329],[2.34967,42.43289],[2.34887,42.43271],[2.34704,42.43195],[2.34589,42.43182],[2.34511,42.43136],[2.34371,42.43105],[2.34285,42.43055],[2.34043,42.42983],[2.33934,42.42947],[2.33787,42.42893],[2.3377,42.42898],[2.33751,42.42916],[2.33709,42.42906],[2.33623,42.42866],[2.33344,42.42777],[2.33326,42.42767],[2.3295,42.42637],[2.32761,42.42596],[2.32519,42.42556],[2.32306,42.42551],[2.32045,42.4251],[2.31874,42.42501],[2.31844,42.42541],[2.31747,42.42632],[2.31638,42.4269],[2.31553,42.42718],[2.31414,42.42785],[2.3117,42.42839],[2.31073,42.42847],[2.30988,42.42857],[2.30841,42.4287],[2.30695,42.42879],[2.3058,42.42848],[2.30569,42.4283],[2.30526,42.42713],[2.30491,42.42659],[2.30277,42.42541],[2.30113,42.42443],[2.30059,42.42389],[2.2998,42.42371],[2.29852,42.42321],[2.29718,42.42298],[2.29506,42.42289],[2.29403,42.42298],[2.29239,42.42298],[2.2913,42.42294],[2.29112,42.42298],[2.29081,42.42321],[2.28972,42.42419],[2.28862,42.42487],[2.28777,42.42523],[2.28734,42.42527],[2.28704,42.42536],[2.28631,42.42582],[2.28601,42.42631],[2.28418,42.42744],[2.28296,42.42807],[2.28097,42.42932],[2.28005,42.42967],[2.27853,42.43045],[2.27743,42.43085],[2.2752,42.43197],[2.27446,42.43238],[2.27385,42.43269],[2.2724,42.43368],[2.27167,42.434],[2.27106,42.43399],[2.26936,42.43385],[2.2682,42.43363],[2.26741,42.43359],[2.26711,42.43372],[2.26645,42.43413],[2.26504,42.4348],[2.26414,42.43508],[2.26321,42.43556],[2.26158,42.43704],[2.26139,42.43722],[2.2594,42.43778],[2.2578,42.43836],[2.25708,42.43849],[2.25672,42.43844],[2.25568,42.43795],[2.25246,42.43672],[2.25222,42.43646],[2.25186,42.43497],[2.2515,42.43412],[2.25064,42.4333],[2.25035,42.43289],[2.24975,42.43236],[2.2481,42.43141],[2.24792,42.43123],[2.24774,42.4311],[2.24683,42.42992],[2.24652,42.42907],[2.24616,42.42876],[2.24526,42.42867],[2.24209,42.42875],[2.24057,42.42857],[2.23936,42.42821],[2.23687,42.42709],[2.2359,42.4265],[2.23535,42.42623],[2.23456,42.42609],[2.23316,42.42609],[2.23213,42.42632],[2.23122,42.42667],[2.23073,42.42672],[2.2297,42.42645],[2.22763,42.42613],[2.22624,42.42609],[2.22388,42.42563],[2.22321,42.42518],[2.22223,42.42459],[2.22181,42.42437],[2.22127,42.42406],[2.22103,42.42387],[2.22072,42.42347],[2.2203,42.42307],[2.2197,42.4228],[2.21835,42.42279],[2.21762,42.42288],[2.21634,42.42292],[2.21513,42.42297],[2.21471,42.42283],[2.21423,42.42248],[2.21362,42.42161],[2.21276,42.42125],[2.21137,42.42035],[2.21034,42.41995],[2.20907,42.41959],[2.20803,42.41958],[2.20748,42.41963],[2.20724,42.41954],[2.20682,42.41837],[2.20664,42.41747],[2.20658,42.41729],[2.20519,42.41724],[2.20416,42.41705],[2.20161,42.41638],[2.20106,42.41629],[2.20088,42.41638],[2.19973,42.41652],[2.19881,42.41696],[2.19796,42.41723],[2.19619,42.41754],[2.19499,42.41809],[2.19413,42.41817],[2.19303,42.41804],[2.19158,42.41804],[2.19109,42.41821],[2.19085,42.41822],[2.19074,42.41731],[2.19037,42.41686],[2.19013,42.41686],[2.18941,42.41713],[2.18702,42.41749],[2.18623,42.41776],[2.18557,42.41816],[2.18484,42.41889],[2.18435,42.4192],[2.18393,42.41919],[2.18363,42.41897],[2.1827,42.41847],[2.18137,42.41816],[2.18058,42.41816],[2.18016,42.4182],[2.17987,42.41838],[2.17937,42.41918],[2.17865,42.41968],[2.17815,42.41986],[2.17675,42.42044],[2.17566,42.42121],[2.17462,42.42188],[2.17366,42.42229],[2.17268,42.42232],[2.17207,42.42251],[2.1711,42.42255],[2.17074,42.42269],[2.16952,42.42345],[2.16892,42.42376],[2.16782,42.42453],[2.16757,42.42458],[2.16685,42.42344],[2.16612,42.42286],[2.16539,42.42263],[2.16442,42.42254],[2.16375,42.42263],[2.16265,42.42262],[2.16023,42.42217],[2.1592,42.42208],[2.15871,42.42217],[2.15798,42.42249],[2.15743,42.42307],[2.15695,42.42338],[2.15706,42.42383],[2.15713,42.42442],[2.15694,42.42505],[2.1566,42.42554],[2.15603,42.42581],[2.15518,42.42626],[2.15512,42.42635],[2.15488,42.42644],[2.15488,42.42653],[2.15427,42.42684],[2.15347,42.42706],[2.15268,42.42711],[2.15158,42.42779],[2.15037,42.42832],[2.14965,42.4289],[2.14867,42.43043],[2.14813,42.43192],[2.14787,42.4325],[2.14775,42.4334],[2.14695,42.43462],[2.14725,42.43474],[2.1475,42.43484],[2.14781,42.43534],[2.14865,42.43579],[2.14895,42.43615],[2.14908,42.43647],[2.14998,42.43696],[2.15077,42.43728],[2.15126,42.43768],[2.15161,42.43822],[2.15149,42.43904],[2.15136,42.43958],[2.15143,42.44106],[2.1516,42.44168],[2.15167,42.44218],[2.15209,42.44273],[2.15257,42.44308],[2.1536,42.44408],[2.1536,42.44457],[2.15455,42.44552],[2.15522,42.44709],[2.15539,42.4481],[2.15619,42.44882],[2.15622,42.45012],[2.15666,42.45114],[2.15729,42.45209],[2.15765,42.45317],[2.15909,42.45565],[2.15922,42.45623],[2.15903,42.45758],[2.15879,42.45835],[2.1589,42.45871],[2.16017,42.46006],[2.1603,42.46042],[2.1603,42.46159],[2.16023,42.46214],[2.16047,42.46348],[2.16078,42.46479],[2.16139,42.46578],[2.16144,42.46708],[2.16132,42.46749],[2.15967,42.46906],[2.15863,42.47001],[2.15815,42.47077],[2.15753,42.47202],[2.15765,42.47256],[2.15879,42.47491],[2.15928,42.4754],[2.16044,42.47622],[2.16099,42.47671],[2.16135,42.47748],[2.16147,42.479],[2.16207,42.47995],[2.16213,42.4804],[2.16115,42.4822],[2.16109,42.48332],[2.16072,42.48436],[2.1603,42.48598],[2.15981,42.48705],[2.15858,42.48895],[2.1579,42.48971],[2.15724,42.49093],[2.15659,42.49239],[2.15516,42.49407],[2.15497,42.49479],[2.15502,42.49709],[2.15502,42.49798],[2.15467,42.4983],[2.15277,42.49929],[2.1524,42.49961],[2.15227,42.49997],[2.15227,42.50064],[2.14972,42.50243],[2.14789,42.50329],[2.14808,42.50338],[2.14905,42.50352],[2.14972,42.50428],[2.15026,42.50451],[2.15135,42.50473],[2.15166,42.50474],[2.15221,42.50446],[2.15294,42.50447],[2.15349,42.50455],[2.15439,42.50528],[2.15451,42.50537],[2.15482,42.50532],[2.15549,42.50483],[2.1558,42.50411],[2.15617,42.5038],[2.15656,42.50353],[2.15792,42.50366],[2.15866,42.50371],[2.15927,42.50407],[2.15981,42.50475],[2.16023,42.50493],[2.16078,42.50488],[2.16115,42.50457],[2.16145,42.50457],[2.16175,42.50471],[2.16212,42.50484],[2.1626,42.5048],[2.16294,42.50524],[2.16483,42.50594],[2.16648,42.50667],[2.16727,42.50701],[2.16753,42.50718],[2.1677,42.5076],[2.16818,42.50787],[2.16862,42.50796],[2.16881,42.5084],[2.16905,42.50859],[2.16922,42.50899],[2.16928,42.51206],[2.16915,42.5126],[2.16873,42.51336],[2.16793,42.51619],[2.16793,42.5183],[2.16816,42.51893],[2.16871,42.5197],[2.16931,42.52177],[2.16919,42.52195],[2.16888,42.52221],[2.16895,42.52257],[2.16997,42.52379],[2.17039,42.52416],[2.17058,42.5242],[2.17125,42.52469],[2.17161,42.52537],[2.17173,42.52614],[2.1713,42.52618],[2.17148,42.52654],[2.17184,42.52736],[2.17295,42.52916],[2.17294,42.52974],[2.17245,42.53087],[2.17177,42.53063],[2.1708,42.53054],[2.16977,42.53036],[2.16893,42.52991],[2.16723,42.5287],[2.1657,42.52807],[2.16479,42.52739],[2.16255,42.52634],[2.16157,42.52603],[2.1592,42.52621],[2.1566,42.52652],[2.15652,42.52661],[2.1566,42.52725],[2.15518,42.52764],[2.15335,42.52814],[2.15153,42.52939],[2.15049,42.52998],[2.15012,42.53002],[2.14993,42.53065],[2.14757,42.53096],[2.14665,42.53109],[2.14366,42.53234],[2.14208,42.53315],[2.14165,42.5359],[2.1414,42.5363],[2.14042,42.53657],[2.14023,42.53729],[2.14005,42.53819],[2.13962,42.53891],[2.1381,42.54048],[2.13767,42.54174],[2.13742,42.54336],[2.13718,42.54358],[2.13554,42.54448],[2.13517,42.54471],[2.13559,42.54601],[2.13528,42.54646],[2.13455,42.54709],[2.13455,42.54736],[2.13441,42.5475],[2.13357,42.54817],[2.13368,42.54921],[2.13357,42.54961],[2.13325,42.55024],[2.13198,42.55087],[2.13064,42.55163],[2.12948,42.55207],[2.1285,42.55257],[2.12825,42.55302],[2.12777,42.55383],[2.12746,42.55397],[2.12643,42.55468],[2.12546,42.55522],[2.12277,42.55562],[2.12302,42.55593],[2.12532,42.5585],[2.12471,42.55918],[2.1247,42.55931],[2.1258,42.5594],[2.1278,42.56161],[2.12896,42.56287],[2.12957,42.56346],[2.12975,42.56382],[2.12913,42.56706],[2.12882,42.56806],[2.1287,42.56873],[2.12851,42.569],[2.12842,42.56931],[2.12949,42.57011],[2.13172,42.57144],[2.13371,42.57279],[2.13407,42.57306],[2.13475,42.57385],[2.13741,42.57679],[2.13775,42.57734],[2.13832,42.57784],[2.13593,42.58809],[2.13563,42.58885],[2.13502,42.58952],[2.13405,42.59008],[2.13501,42.59047],[2.136,42.59247],[2.13744,42.59345],[2.13781,42.59439],[2.13865,42.59506],[2.14011,42.59574],[2.1398,42.59638],[2.13883,42.59755],[2.13773,42.59853],[2.1362,42.60015],[2.13595,42.60037],[2.13608,42.60069],[2.13771,42.60245],[2.13819,42.60361],[2.13862,42.60421],[2.141,42.6056],[2.14464,42.60827],[2.14488,42.6084],[2.14719,42.60989],[2.14729,42.60998],[2.1484,42.61205],[2.14817,42.61246],[2.14816,42.61354],[2.14906,42.61813],[2.1496,42.61961],[2.14996,42.62025],[2.15007,42.62097],[2.15014,42.62169],[2.15026,42.62187],[2.15056,42.622],[2.15148,42.62295],[2.15281,42.62457],[2.15499,42.62691],[2.1564,42.62871],[2.15655,42.62876],[2.15677,42.62885],[2.15688,42.62926],[2.15689,42.6298],[2.15712,42.63052],[2.1573,42.63123],[2.15858,42.63326],[2.15888,42.63363],[2.15937,42.6343],[2.15997,42.63497],[2.16162,42.63606],[2.16326,42.63697],[2.16362,42.63728],[2.16393,42.63777],[2.16404,42.63858],[2.16453,42.63907],[2.16556,42.63958],[2.16667,42.63989],[2.16734,42.64025],[2.16788,42.64084],[2.16813,42.64161],[2.16843,42.6425],[2.16867,42.64295],[2.16963,42.64367],[2.16995,42.64381],[2.17134,42.64485],[2.17166,42.64513],[2.17317,42.64633],[2.17512,42.64755],[2.17566,42.6481],[2.17622,42.6489],[2.17646,42.64895],[2.17695,42.64918],[2.17774,42.64914],[2.17804,42.6495],[2.17822,42.65035],[2.17828,42.65044],[2.18016,42.65085],[2.18261,42.65175],[2.18322,42.65184],[2.18558,42.65171],[2.1873,42.65193],[2.18803,42.65207],[2.19125,42.65207],[2.19211,42.65176],[2.19237,42.65177],[2.19218,42.65208],[2.19181,42.65266],[2.19119,42.65415],[2.19119,42.65491],[2.19137,42.65595],[2.19125,42.65698],[2.19118,42.65757],[2.1913,42.65815],[2.19217,42.65906],[2.1929,42.65932],[2.19411,42.6595],[2.19477,42.65993],[2.1949,42.66005],[2.19611,42.66041],[2.19678,42.66054],[2.20013,42.6619],[2.20244,42.66303],[2.20428,42.66425],[2.20476,42.66446],[2.20495,42.66478],[2.20494,42.66564],[2.20489,42.66605],[2.20519,42.66654],[2.20598,42.66699],[2.20629,42.66708],[2.20708,42.66708],[2.20855,42.66668],[2.20891,42.66673],[2.21427,42.66952],[2.21567,42.67043],[2.21592,42.67119],[2.21634,42.67164],[2.21755,42.67217],[2.2181,42.67218],[2.21847,42.672],[2.2189,42.67214],[2.2197,42.67277],[2.22018,42.67299],[2.22085,42.67312],[2.22164,42.67313],[2.22237,42.67286],[2.22255,42.67277],[2.22469,42.67416],[2.22493,42.67425],[2.22548,42.67417],[2.22579,42.67408],[2.2267,42.67417],[2.23,42.67494],[2.23067,42.67516],[2.23328,42.67566],[2.23579,42.67597],[2.23828,42.67612],[2.23901,42.6762],[2.24298,42.67881],[2.24652,42.6812],[2.24682,42.68152],[2.2473,42.68265],[2.2493,42.68643],[2.25022,42.68774],[2.25047,42.68783],[2.25205,42.68851],[2.25254,42.68886],[2.25357,42.69075],[2.25539,42.69355],[2.25546,42.69408],[2.25521,42.69746],[2.25515,42.698],[2.25819,42.69912],[2.26039,42.70012],[2.26442,42.70156],[2.26454,42.70156],[2.26453,42.70624],[2.26471,42.70926],[2.26505,42.70901],[2.26581,42.70847],[2.26654,42.70786],[2.27155,42.7044],[2.27186,42.70427],[2.27252,42.70381],[2.27442,42.70314],[2.27662,42.70256],[2.2768,42.70247],[2.27808,42.70247],[2.28253,42.70157],[2.28407,42.70144],[2.28541,42.70171],[2.28596,42.7017],[2.28864,42.70068],[2.29047,42.70014],[2.29157,42.70014],[2.29248,42.70032],[2.29291,42.70055],[2.29315,42.70082],[2.29505,42.70081],[2.29706,42.701],[2.29749,42.70158],[2.29913,42.70247],[2.30078,42.70261],[2.30152,42.70293],[2.30297,42.70387],[2.30377,42.70442],[2.30511,42.70482],[2.30529,42.70496],[2.30541,42.7059],[2.30755,42.70608],[2.31183,42.70613],[2.31657,42.7064],[2.31969,42.70649],[2.32195,42.7077],[2.32201,42.70779],[2.32249,42.70811],[2.32391,42.70797],[2.32568,42.70779],[2.32879,42.7077],[2.33025,42.7077],[2.3355,42.70717],[2.33909,42.70667],[2.3402,42.70636],[2.34087,42.70631],[2.34252,42.70635],[2.34391,42.70613],[2.34691,42.70514],[2.34928,42.70406],[2.35186,42.70302],[2.35301,42.70266],[2.35619,42.70136],[2.35795,42.70055],[2.35868,42.70087],[2.35947,42.70131],[2.36021,42.70167],[2.36081,42.7023],[2.36168,42.70279],[2.36205,42.70316],[2.36247,42.70406],[2.36284,42.70392],[2.36442,42.70252],[2.36539,42.70176],[2.36618,42.70086],[2.36899,42.69681],[2.37003,42.69581],[2.37088,42.6955],[2.3771,42.69393],[2.3771,42.69334],[2.37656,42.69145],[2.37625,42.68947],[2.37631,42.6883],[2.37643,42.68771],[2.38155,42.68754],[2.38387,42.68753],[2.38546,42.68731],[2.38705,42.68731],[2.38838,42.68744],[2.38985,42.68735],[2.39362,42.68676],[2.39516,42.68662],[2.39577,42.68631],[2.39681,42.68617],[2.39911,42.68622],[2.39984,42.68595],[2.40277,42.68536],[2.40345,42.68528],[2.4046,42.68518],[2.40552,42.68496],[2.40875,42.68347],[2.40882,42.68338],[2.40924,42.68329],[2.41052,42.68256],[2.41132,42.68185],[2.41192,42.68095],[2.41247,42.68063],[2.41345,42.68032],[2.41454,42.68028],[2.41515,42.68036],[2.41863,42.68054],[2.41997,42.68049],[2.42119,42.68013],[2.42211,42.67978],[2.4229,42.67977],[2.42521,42.68018],[2.42655,42.6804],[2.42834,42.68093],[2.43016,42.68174],[2.43096,42.68214],[2.43163,42.68246],[2.43229,42.68286],[2.43377,42.6835],[2.4359,42.68431],[2.43729,42.68489],[2.43802,42.68489],[2.43901,42.68452],[2.44017,42.68395],[2.4412,42.68313],[2.44169,42.68305],[2.44364,42.68304],[2.44554,42.68295],[2.44621,42.68304],[2.44663,42.68317],[2.44712,42.68313],[2.4473,42.68295],[2.44863,42.67939],[2.44893,42.67812],[2.44943,42.67731],[2.45011,42.67673],[2.45193,42.67583],[2.45877,42.67297],[2.4598,42.67231],[2.46016,42.67228],[2.46111,42.673],[2.46165,42.67347],[2.46259,42.67434],[2.46333,42.67488],[2.46376,42.6751],[2.46626,42.67681],[2.4665,42.67702],[2.46742,42.67779],[2.46919,42.67954],[2.46998,42.68018],[2.47077,42.68058],[2.4759,42.68251],[2.47872,42.68331],[2.4789,42.6834],[2.47999,42.68376],[2.48048,42.68399],[2.4828,42.68493],[2.4841,42.68555],[2.48586,42.68682],[2.48768,42.68641],[2.4891,42.68623],[2.48995,42.68627],[2.49026,42.68627],[2.49287,42.68451],[2.49316,42.68433],[2.49391,42.68384],[2.49397,42.68352],[2.49457,42.68325],[2.4978,42.68225],[2.49847,42.68212],[2.49884,42.68185],[2.50079,42.68008],[2.50164,42.67824],[2.50248,42.6773],[2.50315,42.67666],[2.50493,42.67486],[2.5059,42.67428],[2.50705,42.67383],[2.50766,42.67347],[2.50936,42.67261],[2.51065,42.67179],[2.51156,42.6713],[2.51272,42.67058],[2.51356,42.67017],[2.51665,42.66956],[2.51722,42.66945],[2.521,42.66854],[2.52124,42.66669],[2.52148,42.66579],[2.5216,42.66381],[2.52184,42.6634],[2.52233,42.66314],[2.52233,42.66282],[2.52214,42.66237],[2.52202,42.66174],[2.52226,42.66147],[2.5225,42.66062],[2.52286,42.66035],[2.52329,42.66035],[2.52359,42.66052],[2.52384,42.66053],[2.52429,42.65995],[2.5245,42.65971],[2.52487,42.65971],[2.52546,42.65993],[2.52641,42.66061],[2.52683,42.66075],[2.52695,42.66066],[2.52726,42.66048],[2.52793,42.6602],[2.5281,42.66007],[2.52814,42.65995],[2.52828,42.65903],[2.5281,42.65867],[2.52762,42.65827],[2.52737,42.65773],[2.52743,42.65755],[2.52853,42.65705],[2.52999,42.65607],[2.53028,42.65569],[2.53054,42.65506],[2.53054,42.65407],[2.53205,42.65412],[2.53486,42.65451],[2.5373,42.65501],[2.53895,42.65518],[2.53986,42.65551],[2.54089,42.65609],[2.54132,42.65654],[2.5417,42.65721],[2.54231,42.65766],[2.54274,42.65778],[2.54463,42.65769],[2.54547,42.65756],[2.54565,42.65747],[2.54547,42.6563],[2.54559,42.65577],[2.54565,42.65532],[2.54485,42.65405],[2.54436,42.6527],[2.54436,42.65185],[2.54454,42.65136],[2.54564,42.65026],[2.54644,42.64928],[2.54661,42.64883],[2.54721,42.64811],[2.54789,42.64752],[2.54788,42.64712],[2.54727,42.6459],[2.54623,42.64469],[2.54605,42.64415],[2.54604,42.64352],[2.54635,42.64297],[2.54677,42.64257],[2.54683,42.6423],[2.54652,42.64154],[2.54665,42.64082],[2.5467,42.64059],[2.54695,42.63983],[2.54676,42.63929],[2.5462,42.63848],[2.54603,42.63771],[2.54602,42.63713],[2.54633,42.63664],[2.54663,42.63641],[2.54644,42.63614],[2.54608,42.63574],[2.54589,42.6352],[2.54589,42.6342],[2.5457,42.63371],[2.54638,42.6333],[2.54686,42.63258],[2.54674,42.6324],[2.54581,42.63196],[2.54515,42.63155],[2.54471,42.63133],[2.54429,42.63101],[2.54446,42.63069],[2.54496,42.63029],[2.54539,42.62921],[2.54532,42.62845],[2.54557,42.62804],[2.54671,42.62746],[2.5472,42.62709],[2.54726,42.62681],[2.54714,42.62651],[2.54695,42.62628],[2.54678,42.62592],[2.54695,42.62561],[2.54732,42.6252],[2.54738,42.6239],[2.54767,42.62332],[2.54882,42.62227],[2.55011,42.62137],[2.55035,42.62123],[2.55218,42.62006],[2.55278,42.62055],[2.55339,42.62078],[2.55418,42.62077],[2.55711,42.62024],[2.55936,42.61969],[2.55935,42.61911],[2.56022,42.61906],[2.56118,42.61856],[2.56179,42.61838],[2.56222,42.61815],[2.56295,42.61806],[2.56411,42.6181],[2.56557,42.61792],[2.56636,42.61764],[2.56697,42.61773],[2.56983,42.61837],[2.57056,42.61845],[2.57288,42.6184],[2.57465,42.61809],[2.57445,42.61655],[2.57403,42.61596],[2.57403,42.61529],[2.57451,42.61394],[2.57531,42.61292],[2.57584,42.61234],[2.57574,42.6119],[2.57569,42.61079],[2.57594,42.61011],[2.57579,42.6087],[2.5769,42.60838],[2.57705,42.60813],[2.57735,42.60781],[2.57793,42.60728],[2.57747,42.60597],[2.57716,42.60485],[2.57714,42.60314],[2.57739,42.60255],[2.57781,42.60206],[2.57794,42.60115],[2.57854,42.60043],[2.57865,42.59993],[2.5784,42.59904],[2.5781,42.59859],[2.57804,42.59828],[2.57822,42.59769],[2.57828,42.59661],[2.57852,42.59616],[2.57876,42.59504],[2.57875,42.59215],[2.57893,42.59161],[2.57886,42.59085],[2.57874,42.59014],[2.57885,42.58918],[2.57873,42.58864],[2.57836,42.58774],[2.57823,42.5872],[2.57751,42.58626],[2.57665,42.58559],[2.5755,42.585],[2.57415,42.58455],[2.57219,42.58299],[2.57158,42.58222],[2.57116,42.58119],[2.5709,42.57975],[2.57041,42.57863],[2.56956,42.5775],[2.56834,42.57607],[2.56761,42.57494],[2.56712,42.57368],[2.56649,42.57319],[2.5654,42.5727],[2.56351,42.57122],[2.56302,42.57058],[2.56222,42.56919],[2.56198,42.5682],[2.56186,42.56635],[2.56155,42.56537],[2.56143,42.56537],[2.56061,42.56505],[2.56001,42.56461],[2.55952,42.5638],[2.55835,42.55989],[2.55829,42.5598],[2.55829,42.55967],[2.55681,42.55606],[2.55571,42.55381],[2.5546,42.5512],[2.55252,42.54689],[2.55258,42.54635],[2.55282,42.54608],[2.55454,42.54527],[2.55477,42.54504],[2.55508,42.5446],[2.55568,42.54419],[2.5561,42.54395],[2.55635,42.54368],[2.5564,42.54323],[2.55671,42.54301],[2.55719,42.54283],[2.5572,42.54261],[2.55622,42.54162],[2.55524,42.54081],[2.55464,42.54009],[2.55475,42.53955],[2.55438,42.53852],[2.55414,42.53677],[2.55413,42.53591],[2.55352,42.53496],[2.55296,42.53384],[2.55283,42.53281],[2.55277,42.53163],[2.5527,42.531],[2.55332,42.52852],[2.55324,42.52439],[2.55275,42.52331],[2.55286,42.52241],[2.55347,42.52138],[2.55377,42.52101],[2.55456,42.51953],[2.55456,42.51881],[2.55388,42.51705],[2.55351,42.51476],[2.55301,42.51395],[2.55039,42.5136],[2.54791,42.51315],[2.5462,42.51261],[2.54559,42.51226],[2.54516,42.5118],[2.54479,42.51099],[2.54394,42.50928],[2.54351,42.50826],[2.54315,42.50767],[2.54259,42.50726],[2.54138,42.50691],[2.53894,42.50642],[2.53419,42.5053],[2.53273,42.50481],[2.53067,42.50351],[2.52925,42.50284],[2.5281,42.50252],[2.52652,42.50252],[2.52585,42.50243],[2.52493,42.50216],[2.52415,42.50172],[2.52256,42.50095],[2.52068,42.50033],[2.51842,42.49911],[2.51812,42.49902],[2.51739,42.49871],[2.5166,42.49855],[2.51521,42.49867],[2.51283,42.49921],[2.51247,42.49943],[2.51059,42.50008],[2.50954,42.50008],[2.50918,42.50022],[2.50828,42.50084],[2.50778,42.50138],[2.50712,42.50188],[2.50639,42.5021],[2.505,42.50215],[2.50371,42.50206],[2.5031,42.50188],[2.50213,42.50175],[2.50079,42.50189],[2.49812,42.50266],[2.496,42.50311],[2.49478,42.50306],[2.49355,42.5032],[2.49004,42.50347],[2.48913,42.50343],[2.48577,42.50263],[2.48547,42.5025],[2.48376,42.50187],[2.48279,42.50174],[2.47934,42.50107],[2.47732,42.50107],[2.47556,42.50112],[2.47489,42.50103],[2.47287,42.50004],[2.47208,42.49994],[2.47094,42.50022],[2.46996,42.50022],[2.4696,42.50017],[2.46845,42.49982],[2.46752,42.49923],[2.46636,42.49815],[2.46582,42.49748]]]},"properties":{"ID":"663","id":"663","NOM_MASSIF":"CONFLENT","dept":"66"}},{"type":"Feature","id":8,"geometry":{"type":"Polygon","coordinates":[[[1.95829,42.42396],[1.95775,42.42176],[1.95728,42.42058],[1.95727,42.41954],[1.95674,42.41753],[1.95643,42.41697],[1.95633,42.41616],[1.95644,42.41495],[1.95604,42.41288],[1.95586,42.41247],[1.95544,42.41135],[1.95539,42.41032],[1.95588,42.40942],[1.95679,42.40852],[1.9571,42.40834],[1.95759,42.4079],[1.95771,42.40745],[1.95833,42.40664],[1.95875,42.40614],[1.95881,42.40609],[1.9593,42.40565],[1.95949,42.40534],[1.95962,42.40507],[1.96017,42.40479],[1.96034,42.40444],[1.96078,42.40399],[1.96084,42.40377],[1.96071,42.40359],[1.96072,42.40318],[1.96102,42.40259],[1.96133,42.40192],[1.96135,42.39994],[1.96117,42.39967],[1.96117,42.39913],[1.96093,42.39864],[1.96093,42.39828],[1.96081,42.39791],[1.96082,42.39679],[1.96041,42.39611],[1.96015,42.3954],[1.96016,42.39431],[1.96022,42.39391],[1.96035,42.39337],[1.96023,42.39305],[1.96022,42.39274],[1.96053,42.39238],[1.96054,42.39193],[1.96079,42.39116],[1.96134,42.39049],[1.9622,42.38991],[1.96335,42.38861],[1.96452,42.38798],[1.96475,42.38762],[1.96476,42.3865],[1.9644,42.38569],[1.96435,42.38519],[1.96477,42.38442],[1.96479,42.38281],[1.96466,42.3824],[1.96467,42.38186],[1.96474,42.38164],[1.96521,42.38137],[1.96553,42.38074],[1.96625,42.3803],[1.96717,42.37917],[1.96754,42.37855],[1.96841,42.37778],[1.96943,42.37733],[1.9698,42.37698],[1.96992,42.37644],[1.97017,42.37595],[1.97083,42.37558],[1.97127,42.37491],[1.97133,42.37424],[1.9717,42.37379],[1.97291,42.37311],[1.97401,42.37271],[1.97475,42.37231],[1.97548,42.37204],[1.97674,42.37192],[1.97795,42.37188],[1.97876,42.37165],[1.9796,42.37117],[1.98022,42.37048],[1.98059,42.3694],[1.98114,42.3686],[1.9815,42.36811],[1.98217,42.36715],[1.98333,42.36577],[1.98591,42.36205],[1.98634,42.36168],[1.98701,42.36147],[1.98784,42.36142],[1.98815,42.36129],[1.9884,42.36084],[1.98895,42.36012],[1.98963,42.35958],[1.99072,42.35918],[1.99163,42.359],[1.99242,42.35901],[1.99326,42.35928],[1.99368,42.35969],[1.9941,42.35991],[1.99454,42.35995],[1.99478,42.35982],[1.99509,42.35951],[1.99611,42.35906],[1.99721,42.35816],[1.99758,42.35763],[1.99771,42.35668],[1.99795,42.35609],[1.99832,42.35574],[1.99844,42.35565],[1.99905,42.35543],[1.99997,42.35539],[2.0005,42.35535],[2.00166,42.35535],[2.00281,42.35566],[2.00353,42.35571],[2.00383,42.35557],[2.0045,42.35468],[2.00555,42.35378],[2.00622,42.35333],[2.00708,42.35302],[2.00889,42.35271],[2.01029,42.35271],[2.01144,42.35285],[2.01199,42.3529],[2.01223,42.35277],[2.0123,42.3525],[2.01223,42.35223],[2.012,42.35133],[2.01212,42.3502],[2.01237,42.34957],[2.01316,42.3489],[2.01383,42.348],[2.0148,42.34724],[2.01523,42.34684],[2.01541,42.34678],[2.01584,42.34737],[2.01656,42.34805],[2.01693,42.34869],[2.01842,42.35067],[2.01974,42.35207],[2.0209,42.35311],[2.02222,42.35446],[2.02289,42.355],[2.0235,42.35523],[2.0244,42.35537],[2.02563,42.35536],[2.02823,42.35569],[2.02907,42.35592],[2.03011,42.35669],[2.03041,42.35678],[2.0309,42.357],[2.03125,42.35759],[2.03174,42.35795],[2.03258,42.35831],[2.03331,42.35835],[2.03386,42.35827],[2.03465,42.35787],[2.03551,42.35751],[2.03999,42.35757],[2.04078,42.35752],[2.04394,42.35753],[2.04836,42.35759],[2.05255,42.35801],[2.05498,42.35838],[2.05589,42.35851],[2.05642,42.35829],[2.058,42.35789],[2.05911,42.3578],[2.06098,42.35839],[2.06242,42.35897],[2.06327,42.35957],[2.06365,42.35974],[2.06552,42.36105],[2.06624,42.36137],[2.06684,42.36138],[2.06788,42.36105],[2.06832,42.36101],[2.06844,42.3611],[2.07,42.36269],[2.07236,42.36458],[2.07272,42.36475],[2.07328,42.36476],[2.07399,42.36454],[2.07867,42.3645],[2.07946,42.36437],[2.07995,42.36455],[2.08043,42.3646],[2.08116,42.36442],[2.08158,42.36415],[2.08243,42.36375],[2.08323,42.36321],[2.08396,42.36218],[2.08433,42.36182],[2.08463,42.36177],[2.08565,42.36313],[2.08686,42.36367],[2.08685,42.3639],[2.08649,42.36452],[2.08625,42.36546],[2.08618,42.36727],[2.08635,42.36861],[2.08665,42.36915],[2.08799,42.37033],[2.08853,42.37115],[2.08883,42.37199],[2.08937,42.37276],[2.08955,42.37372],[2.09167,42.37417],[2.09259,42.37453],[2.09307,42.37484],[2.09343,42.3753],[2.09367,42.37542],[2.09451,42.37548],[2.09483,42.37557],[2.09537,42.37597],[2.09579,42.37602],[2.09604,42.37588],[2.0964,42.37584],[2.09659,42.37611],[2.09713,42.37638],[2.09786,42.37647],[2.0987,42.3767],[2.09948,42.3771],[2.09979,42.37743],[2.10039,42.37796],[2.10204,42.37855],[2.10319,42.37923],[2.1047,42.37963],[2.10536,42.37991],[2.10573,42.38],[2.10591,42.37959],[2.10677,42.37901],[2.10707,42.37897],[2.10786,42.3796],[2.11015,42.38104],[2.1115,42.38108],[2.11205,42.38095],[2.11253,42.38096],[2.11325,42.38158],[2.11422,42.38177],[2.11512,42.38205],[2.11671,42.38309],[2.11676,42.38321],[2.11635,42.38358],[2.11572,42.38411],[2.11505,42.38578],[2.11511,42.38668],[2.11499,42.38776],[2.11462,42.38874],[2.11461,42.38925],[2.11492,42.38979],[2.11515,42.39046],[2.11497,42.39141],[2.11473,42.39203],[2.1146,42.39271],[2.1149,42.39374],[2.1149,42.39451],[2.11503,42.39464],[2.11527,42.39491],[2.11631,42.39518],[2.11661,42.39532],[2.11896,42.39622],[2.12006,42.39636],[2.12084,42.39654],[2.12157,42.39736],[2.12175,42.39772],[2.12163,42.39835],[2.12163,42.39893],[2.12204,42.39992],[2.12222,42.40163],[2.1227,42.40222],[2.12283,42.40272],[2.12306,42.40307],[2.12307,42.40356],[2.12294,42.40429],[2.12294,42.40514],[2.12372,42.40644],[2.12445,42.40771],[2.12457,42.40784],[2.12524,42.40906],[2.1256,42.40965],[2.12627,42.41019],[2.12711,42.41055],[2.12789,42.41109],[2.12887,42.41249],[2.13135,42.41348],[2.13262,42.41407],[2.13299,42.41416],[2.13317,42.41434],[2.13481,42.41489],[2.13626,42.41525],[2.13864,42.41611],[2.14106,42.4162],[2.14184,42.41608],[2.14233,42.41607],[2.14257,42.41621],[2.14355,42.41684],[2.14452,42.41765],[2.14525,42.41801],[2.14609,42.41819],[2.14682,42.41837],[2.1473,42.41891],[2.1479,42.41972],[2.1482,42.42005],[2.15088,42.42113],[2.15325,42.42135],[2.15422,42.42158],[2.15464,42.42185],[2.15562,42.42234],[2.15622,42.42275],[2.15634,42.42343],[2.15661,42.42345],[2.15695,42.42338],[2.15706,42.42383],[2.15713,42.42442],[2.15694,42.42505],[2.1566,42.42554],[2.15603,42.42581],[2.15518,42.42626],[2.15512,42.42635],[2.15488,42.42644],[2.15488,42.42653],[2.15427,42.42684],[2.15347,42.42706],[2.15268,42.42711],[2.15158,42.42779],[2.15037,42.42832],[2.14965,42.4289],[2.14867,42.43043],[2.14813,42.43192],[2.14787,42.4325],[2.14775,42.4334],[2.14695,42.43462],[2.14725,42.43474],[2.1475,42.43484],[2.14781,42.43534],[2.14865,42.43579],[2.14895,42.43615],[2.14908,42.43647],[2.14998,42.43696],[2.15077,42.43728],[2.15126,42.43768],[2.15161,42.43822],[2.15149,42.43904],[2.15136,42.43958],[2.15143,42.44106],[2.1516,42.44168],[2.15167,42.44218],[2.15209,42.44273],[2.15257,42.44308],[2.1536,42.44408],[2.1536,42.44457],[2.15455,42.44552],[2.15522,42.44709],[2.15539,42.4481],[2.15619,42.44882],[2.15622,42.45012],[2.15666,42.45114],[2.15729,42.45209],[2.15765,42.45317],[2.15909,42.45565],[2.15922,42.45623],[2.15903,42.45758],[2.15879,42.45835],[2.1589,42.45871],[2.16017,42.46006],[2.1603,42.46042],[2.1603,42.46159],[2.16023,42.46214],[2.16047,42.46348],[2.16078,42.46479],[2.16139,42.46578],[2.16144,42.46708],[2.16132,42.46749],[2.15967,42.46906],[2.15863,42.47001],[2.15815,42.47077],[2.15753,42.47202],[2.15765,42.47256],[2.15879,42.47491],[2.15928,42.4754],[2.16044,42.47622],[2.16099,42.47671],[2.16135,42.47748],[2.16147,42.479],[2.16207,42.47995],[2.16213,42.4804],[2.16115,42.4822],[2.16109,42.48332],[2.16072,42.48436],[2.1603,42.48598],[2.15981,42.48705],[2.15858,42.48895],[2.1579,42.48971],[2.15724,42.49093],[2.15659,42.49239],[2.15516,42.49407],[2.15497,42.49479],[2.15502,42.49709],[2.15502,42.49798],[2.15467,42.4983],[2.15277,42.49929],[2.1524,42.49961],[2.15227,42.49997],[2.15227,42.50064],[2.14972,42.50243],[2.14789,42.50329],[2.14808,42.50338],[2.14905,42.50352],[2.14972,42.50428],[2.15026,42.50451],[2.15135,42.50473],[2.15166,42.50474],[2.15221,42.50446],[2.15294,42.50447],[2.15349,42.50455],[2.15439,42.50528],[2.15451,42.50537],[2.15482,42.50532],[2.15549,42.50483],[2.1558,42.50411],[2.15617,42.5038],[2.15656,42.50353],[2.15792,42.50366],[2.15866,42.50371],[2.15927,42.50407],[2.15981,42.50475],[2.16023,42.50493],[2.16078,42.50488],[2.16115,42.50457],[2.16145,42.50457],[2.16175,42.50471],[2.16212,42.50484],[2.1626,42.5048],[2.16294,42.50524],[2.16483,42.50594],[2.16648,42.50667],[2.16727,42.50701],[2.16753,42.50718],[2.1677,42.5076],[2.16818,42.50787],[2.16862,42.50796],[2.16881,42.5084],[2.16905,42.50859],[2.16922,42.50899],[2.16928,42.51206],[2.16915,42.5126],[2.16873,42.51336],[2.16793,42.51619],[2.16793,42.5183],[2.16816,42.51893],[2.16871,42.5197],[2.16931,42.52177],[2.16919,42.52195],[2.16888,42.52221],[2.16895,42.52257],[2.16997,42.52379],[2.17039,42.52416],[2.17058,42.5242],[2.17125,42.52469],[2.17161,42.52537],[2.17173,42.52614],[2.1713,42.52618],[2.17148,42.52654],[2.17184,42.52736],[2.17295,42.52916],[2.17294,42.52974],[2.17245,42.53087],[2.17177,42.53063],[2.1708,42.53054],[2.16977,42.53036],[2.16893,42.52991],[2.16723,42.5287],[2.1657,42.52807],[2.16479,42.52739],[2.16255,42.52634],[2.16157,42.52603],[2.1592,42.52621],[2.1566,42.52652],[2.15652,42.52661],[2.1566,42.52725],[2.15518,42.52764],[2.15335,42.52814],[2.15153,42.52939],[2.15049,42.52998],[2.15012,42.53002],[2.14993,42.53065],[2.14757,42.53096],[2.14665,42.53109],[2.14366,42.53234],[2.14208,42.53315],[2.14165,42.5359],[2.1414,42.5363],[2.14042,42.53657],[2.14023,42.53729],[2.14005,42.53819],[2.13962,42.53891],[2.1381,42.54048],[2.13767,42.54174],[2.13742,42.54336],[2.13718,42.54358],[2.13554,42.54448],[2.13517,42.54471],[2.13559,42.54601],[2.13528,42.54646],[2.13455,42.54709],[2.13455,42.54736],[2.13441,42.5475],[2.13357,42.54817],[2.13368,42.54921],[2.13357,42.54961],[2.13325,42.55024],[2.13198,42.55087],[2.13064,42.55163],[2.12948,42.55207],[2.1285,42.55257],[2.12825,42.55302],[2.12777,42.55383],[2.12746,42.55397],[2.12643,42.55468],[2.12546,42.55522],[2.12277,42.55562],[2.12264,42.55562],[2.11767,42.55169],[2.11749,42.55151],[2.11464,42.5493],[2.11446,42.54912],[2.11374,42.54859],[2.10802,42.546],[2.10146,42.54324],[2.10024,42.54315],[2.09836,42.54365],[2.09427,42.54485],[2.09366,42.54498],[2.09152,42.54565],[2.09104,42.5457],[2.09092,42.54538],[2.09062,42.54529],[2.08818,42.54452],[2.08726,42.54447],[2.08666,42.54456],[2.08563,42.54492],[2.08532,42.5451],[2.08423,42.54532],[2.08209,42.54545],[2.07954,42.5454],[2.07826,42.54549],[2.07649,42.54593],[2.07527,42.54617],[2.071,42.54696],[2.06931,42.54731],[2.06852,42.54731],[2.06676,42.54699],[2.06565,42.54695],[2.06504,42.54707],[2.06426,42.54753],[2.0617,42.54859],[2.05937,42.54999],[2.05828,42.5504],[2.05603,42.55124],[2.05529,42.55177],[2.05145,42.55407],[2.0512,42.55411],[2.05084,42.55384],[2.0506,42.55383],[2.04986,42.5542],[2.04894,42.55473],[2.04755,42.5554],[2.04718,42.55531],[2.04585,42.55512],[2.04401,42.55503],[2.04383,42.55494],[2.0428,42.55395],[2.0425,42.55391],[2.04158,42.55409],[2.04121,42.55435],[2.04018,42.55533],[2.03951,42.55538],[2.03915,42.55551],[2.03889,42.55646],[2.03815,42.55705],[2.0376,42.55736],[2.03743,42.55754],[2.0379,42.55843],[2.0387,42.56029],[2.03826,42.56051],[2.03759,42.56082],[2.0368,42.56127],[2.03431,42.56247],[2.03333,42.56216],[2.03222,42.56193],[2.0318,42.56247],[2.03131,42.56427],[2.03046,42.56445],[2.02935,42.5648],[2.02833,42.56502],[2.02784,42.56529],[2.02739,42.56574],[2.0266,42.56637],[2.02557,42.56705],[2.02447,42.56735],[2.02331,42.56753],[2.02222,42.56726],[2.02154,42.5673],[2.02087,42.56726],[2.02021,42.5668],[2.02009,42.56677],[2.01919,42.56616],[2.0193,42.56581],[2.01944,42.56509],[2.01919,42.56442],[2.01938,42.56414],[2.01974,42.56379],[2.02041,42.56289],[2.02139,42.56185],[2.02133,42.56172],[2.01952,42.5601],[2.01855,42.55906],[2.01776,42.55838],[2.01636,42.55711],[2.01612,42.55676],[2.016,42.55676],[2.0157,42.55657],[2.01564,42.55599],[2.01481,42.55333],[2.01421,42.55194],[2.01403,42.55131],[2.01343,42.55008],[2.01204,42.5468],[2.01131,42.54572],[2.01114,42.54527],[2.01005,42.54517],[2.0087,42.5448],[2.00598,42.5443],[2.00452,42.5443],[2.00451,42.54371],[2.00415,42.54349],[2.00428,42.543],[2.00403,42.54286],[2.00385,42.54246],[2.00366,42.54246],[2.00354,42.5425],[2.00311,42.54241],[2.00294,42.54214],[2.00263,42.5421],[2.00227,42.54191],[2.00215,42.54172],[2.00227,42.54141],[2.00215,42.54127],[2.00197,42.54124],[2.00184,42.54137],[2.0016,42.54141],[2.00142,42.54119],[2.0013,42.54118],[2.00093,42.54123],[2.00087,42.54118],[2.001,42.54091],[2.00076,42.54046],[2.00051,42.54024],[2.00046,42.53984],[2.00034,42.53952],[2.00009,42.5392],[1.99955,42.53889],[1.99931,42.53849],[1.99894,42.53857],[1.99851,42.53852],[1.99839,42.53825],[1.99816,42.53799],[1.9979,42.53794],[1.99779,42.53808],[1.99748,42.53816],[1.99731,42.53794],[1.99699,42.53775],[1.99639,42.53776],[1.99609,42.5378],[1.99536,42.53748],[1.99475,42.53729],[1.99366,42.53675],[1.99305,42.53679],[1.99299,42.53648],[1.99225,42.53621],[1.9922,42.53594],[1.99202,42.53585],[1.9919,42.53589],[1.99153,42.53593],[1.99117,42.53639],[1.99093,42.53638],[1.99093,42.53634],[1.9905,42.53593],[1.98995,42.53594],[1.98935,42.5357],[1.9888,42.53588],[1.98849,42.53589],[1.988,42.53534],[1.98728,42.5352],[1.9865,42.53457],[1.98564,42.53421],[1.9851,42.53353],[1.98455,42.53309],[1.98388,42.5328],[1.98272,42.53285],[1.98187,42.53286],[1.98163,42.53276],[1.98078,42.53271],[1.9806,42.53275],[1.97994,42.53276],[1.97963,42.53262],[1.97896,42.53258],[1.97877,42.53239],[1.97816,42.53238],[1.97768,42.53216],[1.97713,42.53211],[1.97683,42.53193],[1.97665,42.53174],[1.97605,42.53139],[1.97604,42.53098],[1.97587,42.53062],[1.97539,42.53026],[1.97484,42.52981],[1.97478,42.52936],[1.97485,42.52896],[1.97478,42.52869],[1.97454,42.52855],[1.97419,42.52818],[1.97351,42.52796],[1.97223,42.52795],[1.97212,42.52764],[1.96963,42.51566],[1.96951,42.51468],[1.96927,42.51386],[1.96904,42.51089],[1.96822,42.50814],[1.96684,42.50558],[1.96653,42.50486],[1.96648,42.5026],[1.96686,42.50026],[1.96688,42.49802],[1.96693,42.49784],[1.96723,42.49783],[1.96871,42.49815],[1.96918,42.49816],[1.97065,42.49771],[1.97102,42.49758],[1.97328,42.49686],[1.97613,42.49625],[1.97924,42.49549],[1.98051,42.49491],[1.98058,42.49478],[1.9807,42.49474],[1.98277,42.49465],[1.98411,42.49442],[1.98637,42.49376],[1.98739,42.49362],[1.98953,42.49354],[1.99008,42.49318],[1.99276,42.49049],[1.99411,42.48937],[1.99614,42.48726],[1.99655,42.48686],[1.99705,42.48637],[1.99832,42.48516],[1.99838,42.48498],[1.99608,42.48465],[1.99572,42.48443],[1.99548,42.48443],[1.99517,42.48452],[1.99455,42.48456],[1.99437,42.48447],[1.99334,42.48442],[1.99256,42.48406],[1.9925,42.48383],[1.99243,42.48351],[1.99207,42.48328],[1.99166,42.48266],[1.99165,42.4823],[1.99136,42.48189],[1.99143,42.48144],[1.99136,42.48081],[1.99143,42.48054],[1.99107,42.48023],[1.99086,42.47994],[1.99009,42.47918],[1.98985,42.47838],[1.98937,42.47734],[1.98889,42.47699],[1.98877,42.47676],[1.98834,42.47644],[1.9878,42.4763],[1.9872,42.47586],[1.98653,42.47576],[1.98636,42.47548],[1.98623,42.47472],[1.98653,42.47427],[1.98666,42.47373],[1.98648,42.47293],[1.98667,42.47261],[1.98674,42.47235],[1.98661,42.47189],[1.98662,42.47135],[1.98717,42.47054],[1.98717,42.46991],[1.98729,42.46969],[1.98766,42.46941],[1.98882,42.4692],[1.98924,42.46888],[1.98943,42.46839],[1.99022,42.46735],[1.99144,42.46632],[1.99211,42.46507],[1.99218,42.4643],[1.992,42.46371],[1.99165,42.46309],[1.99164,42.46268],[1.99232,42.46219],[1.99261,42.46187],[1.99336,42.46161],[1.99463,42.4617],[1.99573,42.46148],[1.99749,42.46089],[2.00065,42.4596],[2.00157,42.45906],[2.00187,42.45871],[2.00236,42.45835],[2.00279,42.45822],[2.0034,42.45786],[2.00614,42.4566],[2.00724,42.45629],[2.01059,42.45581],[2.01096,42.45482],[2.01187,42.45288],[2.01261,42.45249],[2.01438,42.45177],[2.01438,42.45168],[2.01341,42.44978],[2.01305,42.44893],[2.01269,42.44834],[2.00984,42.4482],[2.00941,42.44811],[2.00898,42.44811],[2.00741,42.44775],[2.00522,42.44729],[2.00376,42.44692],[2.00267,42.44674],[2.00079,42.44674],[2.00007,42.44678],[1.9895,42.44688],[1.98542,42.44655],[1.98433,42.44655],[1.98134,42.44753],[1.98085,42.44761],[1.98085,42.44766],[1.97995,42.44793],[1.97757,42.44882],[1.97604,42.44922],[1.97111,42.45091],[1.97038,42.45095],[1.96935,42.45148],[1.96794,42.4517],[1.96527,42.4522],[1.96387,42.45238],[1.96101,42.4529],[1.96017,42.45318],[1.9598,42.45326],[1.95919,42.45379],[1.95845,42.45474],[1.95746,42.45586],[1.95643,42.45717],[1.95618,42.4577],[1.95629,42.45802],[1.95715,42.46054],[1.95762,42.46271],[1.95809,42.46481],[1.95886,42.46672],[1.95988,42.46959],[1.96006,42.47045],[1.95975,42.47076],[1.95969,42.47148],[1.95944,42.47149],[1.95902,42.47131],[1.95817,42.47116],[1.95513,42.47111],[1.95446,42.47102],[1.95337,42.47097],[1.95257,42.47119],[1.95202,42.47142],[1.95166,42.47146],[1.95154,42.47132],[1.95058,42.47164],[1.95032,42.47177],[1.94922,42.47212],[1.94819,42.47212],[1.94746,42.47185],[1.94728,42.47162],[1.94681,42.47126],[1.94644,42.47121],[1.9462,42.47135],[1.94502,42.47174],[1.94485,42.47201],[1.94485,42.47206],[1.94418,42.47228],[1.94229,42.47241],[1.93937,42.47277],[1.93852,42.47349],[1.93724,42.47397],[1.93535,42.47397],[1.93462,42.47369],[1.9322,42.4731],[1.92801,42.47259],[1.92734,42.47245],[1.92661,42.4724],[1.92497,42.47262],[1.92289,42.47342],[1.92217,42.47391],[1.92192,42.474],[1.92186,42.47414],[1.92088,42.47454],[1.92004,42.4749],[1.91924,42.47544],[1.918,42.47723],[1.9177,42.47758],[1.91745,42.47822],[1.91738,42.47995],[1.91804,42.48106],[1.91821,42.48163],[1.91841,42.48227],[1.91876,42.48264],[1.91936,42.48362],[1.91935,42.48488],[1.91887,42.48623],[1.91824,42.487],[1.91707,42.48793],[1.91696,42.48816],[1.91714,42.48847],[1.91257,42.49057],[1.91208,42.49061],[1.91183,42.49093],[1.91085,42.49191],[1.90951,42.49291],[1.90944,42.49327],[1.90924,42.49632],[1.90832,42.49682],[1.90656,42.49762],[1.90644,42.49775],[1.9071,42.49829],[1.90783,42.4991],[1.91035,42.50128],[1.91024,42.50155],[1.90955,42.50329],[1.90931,42.50378],[1.9093,42.50419],[1.91021,42.50676],[1.9108,42.5078],[1.91177,42.50835],[1.91189,42.5088],[1.91212,42.50979],[1.91241,42.51113],[1.91278,42.51254],[1.91288,42.51344],[1.91349,42.51604],[1.91336,42.51632],[1.9125,42.51712],[1.91066,42.51909],[1.90999,42.51978],[1.906,42.52417],[1.90277,42.52653],[1.90252,42.52667],[1.90203,42.52707],[1.90178,42.52721],[1.90173,42.52734],[1.90149,42.52743],[1.90143,42.52752],[1.9013,42.52757],[1.89683,42.53101],[1.89665,42.53119],[1.89188,42.53491],[1.8917,42.53486],[1.89133,42.53454],[1.89114,42.53455],[1.8906,42.53481],[1.8903,42.53481],[1.88695,42.5343],[1.88513,42.5343],[1.8828,42.53478],[1.88189,42.53505],[1.88147,42.53509],[1.88098,42.53531],[1.87793,42.5353],[1.87702,42.53565],[1.87671,42.53574],[1.87616,42.53525],[1.87539,42.5343],[1.87515,42.53426],[1.8738,42.53451],[1.8738,42.53438],[1.87418,42.53294],[1.87411,42.53285],[1.87254,42.53281],[1.87127,42.53262],[1.86981,42.53247],[1.86883,42.53238],[1.86858,42.53256],[1.86725,42.53224],[1.86652,42.5322],[1.86585,42.53232],[1.86482,42.53219],[1.86293,42.53209],[1.8622,42.53186],[1.86075,42.53154],[1.85929,42.53149],[1.85861,42.53135],[1.8577,42.53144],[1.85758,42.53139],[1.85649,42.53134],[1.85473,42.53052],[1.85547,42.52949],[1.85578,42.52913],[1.8562,42.52841],[1.85756,42.52639],[1.85855,42.52482],[1.85885,42.52446],[1.85977,42.52298],[1.8612,42.52088],[1.86108,42.52083],[1.85985,42.5202],[1.85446,42.51796],[1.85404,42.51773],[1.85295,42.51724],[1.85198,42.51674],[1.85069,42.5162],[1.8507,42.51597],[1.85113,42.51503],[1.85207,42.5135],[1.85263,42.51233],[1.85415,42.51089],[1.85495,42.51059],[1.85695,42.51019],[1.85733,42.50983],[1.85819,42.50831],[1.85911,42.50777],[1.85954,42.50619],[1.86004,42.50553],[1.86144,42.50405],[1.862,42.5031],[1.86218,42.50306],[1.86377,42.50172],[1.86463,42.5014],[1.86548,42.50137],[1.86465,42.49925],[1.86436,42.49866],[1.86369,42.49745],[1.86248,42.49572],[1.86188,42.49522],[1.86158,42.49518],[1.8611,42.49504],[1.86098,42.49486],[1.86043,42.49441],[1.86013,42.4941],[1.85885,42.4932],[1.85625,42.49174],[1.85541,42.49146],[1.85418,42.49141],[1.85292,42.49096],[1.85286,42.49087],[1.85341,42.48975],[1.85414,42.48943],[1.85554,42.48863],[1.85525,42.48705],[1.85464,42.48705],[1.85373,42.48718],[1.85361,42.48727],[1.85336,42.48736],[1.85312,42.48726],[1.85235,42.48659],[1.84648,42.48018],[1.84622,42.47995],[1.84583,42.47968],[1.84336,42.47714],[1.84385,42.47656],[1.84393,42.47494],[1.84411,42.47445],[1.8446,42.47391],[1.84546,42.47325],[1.84612,42.47257],[1.84681,42.47127],[1.84687,42.47086],[1.84718,42.47015],[1.84731,42.46965],[1.84712,42.46947],[1.84701,42.46898],[1.84713,42.46829],[1.84744,42.46785],[1.84805,42.46781],[1.84842,42.46771],[1.84982,42.46732],[1.85019,42.46709],[1.85122,42.46675],[1.85232,42.46634],[1.85293,42.46571],[1.85348,42.46472],[1.85422,42.46414],[1.85466,42.4641],[1.85575,42.46357],[1.85721,42.46321],[1.85751,42.46308],[1.85855,42.46268],[1.8597,42.46246],[1.86037,42.46305],[1.86127,42.4644],[1.86283,42.4663],[1.86344,42.46653],[1.86429,42.46658],[1.86479,42.46649],[1.86563,42.46613],[1.86716,42.46564],[1.86837,42.46506],[1.86886,42.46475],[1.87076,42.46382],[1.87204,42.46333],[1.87289,42.46282],[1.87392,42.46278],[1.87483,42.46239],[1.87588,42.46221],[1.87703,42.46176],[1.87734,42.46163],[1.87813,42.46146],[1.87873,42.46123],[1.87916,42.46083],[1.88068,42.46021],[1.88143,42.45971],[1.88204,42.45872],[1.88283,42.4581],[1.88296,42.45792],[1.88284,42.4577],[1.88266,42.45707],[1.88266,42.45611],[1.88286,42.45526],[1.88316,42.45472],[1.88404,42.4523],[1.8841,42.45086],[1.88441,42.45032],[1.88545,42.44929],[1.886,42.4493],[1.888,42.44921],[1.88953,42.44959],[1.88976,42.44976],[1.89001,42.44981],[1.89136,42.44779],[1.89203,42.44765],[1.89397,42.44766],[1.89518,42.44753],[1.89548,42.44772],[1.89602,42.4487],[1.89657,42.44943],[1.89723,42.44978],[1.89827,42.45006],[1.89942,42.45007],[1.90027,42.44998],[1.90113,42.44976],[1.90321,42.44895],[1.90521,42.44838],[1.90563,42.44839],[1.90745,42.44848],[1.90801,42.44839],[1.90867,42.44817],[1.90879,42.448],[1.90868,42.44786],[1.90868,42.44764],[1.9088,42.44682],[1.90899,42.44682],[1.90953,42.447],[1.91104,42.44741],[1.91183,42.44751],[1.91225,42.44732],[1.91286,42.44719],[1.91421,42.44675],[1.915,42.44662],[1.91591,42.4464],[1.91664,42.44631],[1.92065,42.44682],[1.92107,42.44704],[1.92234,42.44795],[1.92258,42.44808],[1.92465,42.44941],[1.92531,42.44976],[1.92724,42.45108],[1.92972,42.45266],[1.93033,42.45311],[1.93238,42.45446],[1.93276,42.45447],[1.93348,42.45421],[1.93384,42.45416],[1.93458,42.45385],[1.93531,42.45359],[1.93688,42.45359],[1.93725,42.4529],[1.93818,42.45183],[1.93965,42.44945],[1.94027,42.44788],[1.94088,42.4469],[1.94131,42.4464],[1.94179,42.44563],[1.94259,42.44497],[1.94289,42.44443],[1.94302,42.44412],[1.94292,42.44263],[1.94316,42.44159],[1.94305,42.44069],[1.94275,42.43961],[1.94233,42.43781],[1.94198,42.43713],[1.9418,42.43655],[1.94091,42.43415],[1.94079,42.43317],[1.94105,42.43111],[1.94099,42.4302],[1.9413,42.42989],[1.94173,42.42967],[1.94264,42.42904],[1.94307,42.42859],[1.94367,42.42823],[1.94422,42.4281],[1.94525,42.42774],[1.94604,42.4277],[1.94672,42.4276],[1.94823,42.42761],[1.9486,42.42743],[1.94981,42.42717],[1.95133,42.42708],[1.95201,42.42686],[1.95323,42.42673],[1.95371,42.4266],[1.95419,42.42633],[1.95511,42.42589],[1.95774,42.42418],[1.95828,42.42405],[1.95829,42.42396]]]},"properties":{"ID":"662","id":"662","NOM_MASSIF":"CERDAGNE","dept":"66"}}]}