{"type":"FeatureCollection","features":[{"type":"Feature","id":0,"geometry":{"type":"MultiPolygon","coordinates":[[[[3.67238,43.43002],[3.67251,43.43555],[3.67118,43.43737],[3.67071,43.43805],[3.67059,43.43814],[3.66934,43.43986],[3.66699,43.44305],[3.66519,43.4454],[3.66466,43.44608],[3.66441,43.4465],[3.66466,43.44662],[3.66499,43.44689],[3.66524,43.44747],[3.66555,43.44792],[3.66594,43.44832],[3.66652,43.44905],[3.66681,43.44961],[3.6672,43.45079],[3.66752,43.45221],[3.66748,43.45252],[3.6674,43.45266],[3.66726,43.45275],[3.66628,43.45282],[3.66616,43.453],[3.6661,43.45323],[3.66624,43.4535],[3.66668,43.45426],[3.66676,43.45516],[3.66656,43.45673],[3.66631,43.45705],[3.66625,43.45727],[3.66638,43.45745],[3.66714,43.45838],[3.66752,43.45874],[3.66809,43.45902],[3.66859,43.45936],[3.67078,43.46069],[3.67265,43.46161],[3.67315,43.46192],[3.67353,43.46232],[3.67402,43.46236],[3.67435,43.46268],[3.67436,43.46353],[3.67511,43.46401],[3.67587,43.46401],[3.67624,43.46431],[3.67736,43.46471],[3.67804,43.4647],[3.6794,43.46477],[3.67989,43.46463],[3.6802,43.46463],[3.68113,43.46515],[3.68214,43.4656],[3.68263,43.46586],[3.68295,43.46622],[3.68338,43.46648],[3.68414,43.46697],[3.68557,43.46758],[3.68622,43.46806],[3.68659,43.46856],[3.68742,43.46945],[3.68823,43.46994],[3.68842,43.46998],[3.68848,43.46993],[3.68872,43.4697],[3.68885,43.46984],[3.68992,43.47059],[3.69017,43.47094],[3.69023,43.47112],[3.69037,43.47144],[3.69044,43.47162],[3.69081,43.4722],[3.69127,43.47314],[3.69152,43.47345],[3.69191,43.47404],[3.69198,43.47462],[3.69373,43.47549],[3.69492,43.47602],[3.69573,43.47646],[3.69592,43.47677],[3.69606,43.47727],[3.69632,43.47763],[3.69657,43.47803],[3.69845,43.4794],[3.69853,43.47963],[3.69872,43.48038],[3.69868,43.48106],[3.69856,43.48146],[3.69839,43.48174],[3.69796,43.48216],[3.69784,43.48243],[3.69761,43.48279],[3.69706,43.48306],[3.69674,43.48338],[3.69664,43.48365],[3.69658,43.48419],[3.69646,43.48451],[3.69611,43.48492],[3.69593,43.48519],[3.69588,43.4856],[3.69576,43.48596],[3.69546,43.48619],[3.69455,43.48655],[3.69436,43.48674],[3.69437,43.48728],[3.69443,43.48754],[3.69446,43.48835],[3.6944,43.48853],[3.69417,43.48889],[3.69417,43.48926],[3.69454,43.48949],[3.69493,43.49007],[3.695,43.49038],[3.69482,43.49065],[3.69477,43.49088],[3.69545,43.49091],[3.69557,43.49096],[3.69577,43.49149],[3.69602,43.49181],[3.69639,43.49185],[3.69676,43.49175],[3.69727,43.49206],[3.69727,43.49224],[3.69715,43.49238],[3.69715,43.49274],[3.69728,43.49278],[3.6974,43.49296],[3.69742,43.49318],[3.69717,43.49346],[3.69718,43.49387],[3.69732,43.49418],[3.69763,43.49435],[3.69769,43.49449],[3.69757,43.49463],[3.69758,43.49489],[3.69814,43.4952],[3.69846,43.49543],[3.69852,43.49556],[3.69865,43.49565],[3.69865,43.49623],[3.69892,43.49667],[3.69979,43.49725],[3.69985,43.49739],[3.70016,43.49742],[3.70072,43.49751],[3.70103,43.49764],[3.70123,43.49796],[3.70124,43.49864],[3.70101,43.49882],[3.70107,43.49909],[3.70126,43.49939],[3.70128,43.50007],[3.70147,43.50016],[3.70209,43.50029],[3.70246,43.50059],[3.70267,43.50118],[3.70282,43.50221],[3.70295,43.50252],[3.70301,43.50288],[3.70321,43.50321],[3.70353,43.50369],[3.70346,43.50409],[3.70317,43.50451],[3.7028,43.50483],[3.70262,43.50519],[3.70271,43.50627],[3.70278,43.50649],[3.70427,43.50706],[3.70483,43.50723],[3.70477,43.50741],[3.70448,43.50799],[3.70455,43.50823],[3.70685,43.51107],[3.7071,43.51134],[3.70798,43.51209],[3.70923,43.51304],[3.71049,43.5141],[3.71126,43.51489],[3.71132,43.51503],[3.71141,43.51629],[3.71155,43.51683],[3.71206,43.5175],[3.71261,43.51736],[3.71367,43.51725],[3.71528,43.5171],[3.71534,43.51723],[3.71547,43.51755],[3.71598,43.51821],[3.71667,43.51906],[3.7176,43.51914],[3.71872,43.51925],[3.71952,43.5192],[3.72032,43.5191],[3.721,43.51878],[3.72143,43.51851],[3.72174,43.51854],[3.72217,43.51891],[3.72268,43.51949],[3.723,43.51966],[3.72319,43.51988],[3.72327,43.52074],[3.7234,43.52091],[3.72421,43.5214],[3.72459,43.52162],[3.7246,43.52171],[3.72452,43.5218],[3.72523,43.52229],[3.72536,43.52237],[3.72629,43.52295],[3.72662,43.52326],[3.72749,43.52379],[3.72811,43.5241],[3.72986,43.52466],[3.73061,43.5251],[3.73111,43.52554],[3.73163,43.52612],[3.73163,43.52621],[3.72999,43.52745],[3.73081,43.52825],[3.72928,43.52949],[3.7291,43.52962],[3.72918,43.52985],[3.72961,43.53025],[3.73112,43.53122],[3.73107,43.53167],[3.73068,43.53311],[3.73062,43.53353],[3.73044,43.53402],[3.72951,43.53394],[3.7294,43.53403],[3.73065,43.53469],[3.73159,43.53526],[3.73184,43.53531],[3.73207,43.53512],[3.73372,43.53424],[3.73447,43.53383],[3.73556,43.53292],[3.73623,43.5326],[3.73751,43.5319],[3.73836,43.53149],[3.73885,43.53148],[3.74024,43.53182],[3.74112,43.53245],[3.74168,43.53293],[3.74247,43.53278],[3.74335,43.53428],[3.74273,43.53439],[3.74217,43.53528],[3.7416,43.53596],[3.73991,43.53751],[3.74074,43.53803],[3.74244,43.539],[3.74382,43.5398],[3.74469,43.54023],[3.74544,43.54045],[3.74613,43.54066],[3.74719,43.54123],[3.74832,43.54167],[3.75014,43.54245],[3.75171,43.5433],[3.75171,43.54339],[3.74986,43.54345],[3.74986,43.54354],[3.75042,43.54412],[3.75125,43.54496],[3.75177,43.54586],[3.75223,43.54679],[3.75248,43.54738],[3.75287,43.5481],[3.75365,43.54948],[3.75396,43.54998],[3.75497,43.55081],[3.75498,43.55149],[3.75534,43.55307],[3.75537,43.55419],[3.7555,43.55464],[3.75562,43.55499],[3.75581,43.55517],[3.75633,43.55616],[3.75691,43.55709],[3.75698,43.55736],[3.75822,43.55739],[3.75971,43.55733],[3.76014,43.55669],[3.75975,43.55642],[3.75968,43.55615],[3.75981,43.55597],[3.76055,43.55601],[3.76073,43.55592],[3.7611,43.55582],[3.76148,43.556],[3.76255,43.55702],[3.76287,43.5577],[3.7632,43.55796],[3.76345,43.558],[3.76442,43.55799],[3.76473,43.55772],[3.76479,43.55763],[3.76503,43.5573],[3.76522,43.55726],[3.76673,43.55832],[3.76942,43.55994],[3.77175,43.56131],[3.77345,43.56215],[3.77527,43.56335],[3.77834,43.5655],[3.78062,43.56729],[3.78162,43.5679],[3.78356,43.56851],[3.78399,43.56868],[3.7843,43.56867],[3.78479,43.5684],[3.78717,43.56679],[3.78869,43.56565],[3.78941,43.56488],[3.79009,43.56442],[3.79095,43.56396],[3.7924,43.56295],[3.79259,43.56295],[3.79361,43.56432],[3.79406,43.56482],[3.79425,43.56481],[3.79448,43.56476],[3.79516,43.5648],[3.79555,43.56489],[3.79586,43.5651],[3.79624,43.56564],[3.79674,43.56591],[3.79699,43.56595],[3.79748,43.5659],[3.79785,43.5658],[3.7984,43.56544],[3.80043,43.56478],[3.80128,43.56428],[3.80233,43.56394],[3.80307,43.56367],[3.80387,43.56365],[3.80424,43.56374],[3.80541,43.56314],[3.80675,43.56231],[3.80699,43.56222],[3.80693,43.56186],[3.80672,43.56122],[3.80659,43.56105],[3.80665,43.56069],[3.80671,43.56056],[3.80702,43.55996],[3.80677,43.5584],[3.80689,43.55804],[3.80695,43.5579],[3.80738,43.55762],[3.80768,43.55753],[3.80805,43.55752],[3.80861,43.5577],[3.80899,43.55787],[3.81145,43.55964],[3.81184,43.55991],[3.8119,43.55992],[3.8131,43.55991],[3.81378,43.55992],[3.81461,43.55969],[3.81497,43.5595],[3.81563,43.55896],[3.81671,43.55719],[3.81755,43.55596],[3.81828,43.55518],[3.81881,43.55468],[3.82019,43.553],[3.8208,43.55232],[3.82184,43.55153],[3.82274,43.5512],[3.82329,43.55122],[3.82401,43.5515],[3.82463,43.55186],[3.82488,43.55226],[3.8254,43.55333],[3.82559,43.55351],[3.82622,43.55369],[3.82734,43.55381],[3.8279,43.55394],[3.82833,43.55424],[3.82852,43.55451],[3.82867,43.55505],[3.8288,43.55527],[3.82936,43.55593],[3.82994,43.55638],[3.83075,43.55672],[3.83143,43.55695],[3.83217,43.55703],[3.83254,43.55689],[3.83297,43.55616],[3.83364,43.55548],[3.83418,43.55519],[3.83571,43.55454],[3.83681,43.5545],[3.83793,43.55448],[3.84122,43.55488],[3.84204,43.55514],[3.84322,43.55544],[3.84446,43.55573],[3.84596,43.55616],[3.84633,43.55616],[3.84676,43.55593],[3.847,43.55552],[3.84727,43.55434],[3.84751,43.55349],[3.84778,43.55218],[3.84796,43.55164],[3.84826,43.55128],[3.84868,43.55109],[3.84911,43.55086],[3.84945,43.55009],[3.84982,43.54959],[3.85042,43.54918],[3.85123,43.54858],[3.85158,43.54808],[3.85194,43.54771],[3.85229,43.54726],[3.85259,43.54663],[3.85258,43.54622],[3.8527,43.54595],[3.85335,43.54526],[3.85421,43.54467],[3.85476,43.54448],[3.85537,43.54443],[3.85631,43.5445],[3.85681,43.5445],[3.85736,43.54453],[3.86209,43.54551],[3.86284,43.54577],[3.86309,43.54612],[3.86305,43.54671],[3.86307,43.54752],[3.8632,43.54779],[3.86345,43.54814],[3.8644,43.54881],[3.8653,43.5497],[3.86573,43.54978],[3.86615,43.54946],[3.86645,43.54901],[3.86704,43.54823],[3.86765,43.54751],[3.86808,43.54719],[3.86839,43.5471],[3.86943,43.54685],[3.86987,43.54685],[3.87018,43.54693],[3.87086,43.54742],[3.87143,43.54773],[3.8726,43.54776],[3.87297,43.54761],[3.87328,43.54738],[3.87327,43.54702],[3.87313,43.54689],[3.87294,43.54654],[3.87294,43.54609],[3.87306,43.54591],[3.87355,43.54562],[3.8746,43.54544],[3.8757,43.54515],[3.8763,43.54477],[3.87778,43.54431],[3.87807,43.54408],[3.87826,43.54385],[3.87828,43.54222],[3.87957,43.54172],[3.88025,43.54125],[3.88054,43.54111],[3.88085,43.54107],[3.8819,43.54133],[3.8824,43.54132],[3.88332,43.54086],[3.88448,43.54043],[3.88541,43.53975],[3.88565,43.5397],[3.88584,43.53974],[3.88634,43.54009],[3.88653,43.54036],[3.88684,43.54059],[3.88778,43.54084],[3.88828,43.54088],[3.88999,43.54059],[3.89154,43.54033],[3.8924,43.54032],[3.89384,43.54048],[3.89458,43.54047],[3.8957,43.5405],[3.89625,43.54063],[3.89669,43.5409],[3.89713,43.54103],[3.89781,43.54102],[3.89842,43.54088],[3.89976,43.54036],[3.89959,43.53563],[3.8994,43.5333],[3.89895,43.52556],[3.89891,43.52412],[3.90078,43.52257],[3.9068,43.51807],[3.90796,43.5172],[3.90713,43.51684],[3.90601,43.51628],[3.90368,43.51519],[3.90025,43.51356],[3.8965,43.51191],[3.89418,43.5109],[3.89261,43.50998],[3.89205,43.50976],[3.88929,43.50836],[3.88922,43.50828],[3.8874,43.50726],[3.88672,43.507],[3.88608,43.50674],[3.88459,43.50577],[3.88407,43.50551],[3.88226,43.50436],[3.88144,43.50396],[3.88101,43.50371],[3.88032,43.50335],[3.87925,43.50261],[3.87768,43.50173],[3.87698,43.50133],[3.8746,43.50019],[3.8729,43.499],[3.87071,43.49794],[3.86902,43.49694],[3.86777,43.49619],[3.86638,43.4954],[3.86483,43.49474],[3.86394,43.49421],[3.86363,43.49404],[3.86313,43.49368],[3.86192,43.49289],[3.86067,43.49233],[3.85891,43.49104],[3.85709,43.49008],[3.85608,43.48937],[3.8549,43.48875],[3.85421,43.48831],[3.85302,43.48761],[3.8512,43.48646],[3.84962,43.48536],[3.84854,43.48438],[3.84703,43.48327],[3.84576,43.48226],[3.84457,43.48142],[3.8435,43.4808],[3.84137,43.47939],[3.84023,43.47859],[3.83904,43.47771],[3.83886,43.47748],[3.83728,43.4763],[3.83664,43.47567],[3.83569,43.47497],[3.83413,43.47395],[3.83337,43.47315],[3.83211,43.47218],[3.83147,43.47146],[3.83054,43.47061],[3.83026,43.47036],[3.83001,43.47015],[3.82881,43.4692],[3.82775,43.46809],[3.82641,43.46663],[3.82622,43.46649],[3.82572,43.46592],[3.82476,43.46479],[3.82368,43.46369],[3.82208,43.46192],[3.8212,43.46124],[3.82069,43.46076],[3.82031,43.46027],[3.81986,43.45964],[3.81905,43.45894],[3.81853,43.45831],[3.81784,43.45778],[3.81727,43.45737],[3.81708,43.45707],[3.81664,43.45671],[3.81632,43.4564],[3.81456,43.45516],[3.81412,43.45477],[3.81381,43.45441],[3.81329,43.45397],[3.81286,43.45357],[3.81135,43.45251],[3.80959,43.45118],[3.80882,43.45047],[3.80851,43.45002],[3.80799,43.44945],[3.80749,43.44904],[3.80724,43.44878],[3.80681,43.44856],[3.80598,43.44798],[3.80567,43.44763],[3.80505,43.44719],[3.80441,43.4467],[3.80377,43.44594],[3.80302,43.44532],[3.79999,43.44316],[3.79817,43.44192],[3.79666,43.44104],[3.79199,43.4388],[3.78999,43.43797],[3.78729,43.43657],[3.78579,43.43595],[3.78193,43.4343],[3.77819,43.43281],[3.77776,43.4325],[3.77769,43.43241],[3.77755,43.43201],[3.77705,43.43157],[3.77656,43.43139],[3.77619,43.4314],[3.77574,43.4315],[3.77537,43.4315],[3.77457,43.43143],[3.77413,43.43129],[3.77364,43.43121],[3.7729,43.43095],[3.77252,43.43077],[3.77209,43.43077],[3.77178,43.43078],[3.77129,43.43065],[3.77061,43.43052],[3.77028,43.43035],[3.76979,43.43026],[3.76898,43.43001],[3.76824,43.42988],[3.7675,43.42971],[3.76612,43.42933],[3.76505,43.42888],[3.76394,43.42854],[3.76332,43.42855],[3.7627,43.42837],[3.76189,43.42807],[3.76078,43.42799],[3.75992,43.42778],[3.75948,43.4276],[3.75892,43.42752],[3.75811,43.42726],[3.75761,43.42718],[3.75698,43.42701],[3.75655,43.42696],[3.75587,43.42675],[3.75531,43.42662],[3.75438,43.42636],[3.75357,43.4261],[3.75234,43.42584],[3.75121,43.42541],[3.75009,43.4252],[3.75009,43.42493],[3.75039,43.42457],[3.75026,43.42439],[3.74975,43.42363],[3.74932,43.4236],[3.74827,43.42383],[3.74809,43.4242],[3.74803,43.42424],[3.74628,43.42363],[3.72979,43.41776],[3.72492,43.41579],[3.72454,43.41626],[3.72388,43.41749],[3.72419,43.41764],[3.72381,43.41827],[3.72223,43.42239],[3.72094,43.42218],[3.71767,43.42254],[3.70762,43.42334],[3.70059,43.424],[3.69549,43.42511],[3.67238,43.43002]]]]},"properties":{"ID":"348","id":"348","NOM_MASSIF":"GARDIOLE","dept":"34"}},{"type":"Feature","id":1,"geometry":{"type":"MultiPolygon","coordinates":[[[[4.16363,43.69014],[4.1631,43.68924],[4.16282,43.68845],[4.16275,43.68777],[4.16285,43.68732],[4.16309,43.687],[4.16356,43.68654],[4.16418,43.68622],[4.16551,43.68534],[4.16654,43.68474],[4.16716,43.68423],[4.16753,43.68387],[4.16866,43.68281],[4.16957,43.68204],[4.1706,43.68143],[4.17177,43.68069],[4.17266,43.67947],[4.17395,43.67728],[4.17432,43.67696],[4.17498,43.67673],[4.17741,43.67647],[4.17821,43.67622],[4.17881,43.67586],[4.17923,43.67545],[4.17934,43.67518],[4.17927,43.67476],[4.17875,43.67405],[4.17799,43.67335],[4.17761,43.67303],[4.17741,43.67272],[4.17746,43.67241],[4.17752,43.67223],[4.17794,43.67195],[4.17898,43.67162],[4.18017,43.67138],[4.18058,43.67109],[4.18082,43.6706],[4.18075,43.66857],[4.18093,43.66812],[4.18134,43.66767],[4.18208,43.66721],[4.18288,43.66697],[4.18399,43.66672],[4.18473,43.66644],[4.18526,43.66581],[4.18526,43.66576],[4.18591,43.66498],[4.18633,43.6642],[4.18649,43.66375],[4.18653,43.66303],[4.18664,43.66235],[4.18692,43.66123],[4.18733,43.66037],[4.18912,43.65836],[4.18971,43.65758],[4.19013,43.6569],[4.19127,43.65562],[4.19188,43.65516],[4.19248,43.65493],[4.19384,43.65468],[4.19415,43.65459],[4.19445,43.6543],[4.19456,43.65403],[4.19449,43.65345],[4.19382,43.65175],[4.19349,43.65112],[4.19342,43.65086],[4.19322,43.65059],[4.19253,43.65006],[4.19228,43.64993],[4.19145,43.64936],[4.19107,43.64891],[4.19079,43.64811],[4.1907,43.6473],[4.19081,43.64667],[4.19122,43.64611],[4.19188,43.64552],[4.192,43.6453],[4.19196,43.64426],[4.19215,43.64403],[4.19348,43.64289],[4.19377,43.64243],[4.19377,43.64207],[4.19345,43.64163],[4.19153,43.6399],[4.19102,43.63923],[4.18991,43.6379],[4.18934,43.63723],[4.18817,43.63559],[4.18764,43.6347],[4.18596,43.63239],[4.18381,43.62909],[4.18304,43.62815],[4.18175,43.62651],[4.18034,43.62509],[4.17891,43.62304],[4.17699,43.62033],[4.16877,43.60903],[4.16838,43.60868],[4.16756,43.60802],[4.16439,43.6059],[4.16363,43.60529],[4.16356,43.6052],[4.1606,43.60308],[4.16058,43.60299],[4.16046,43.60295],[4.1561,43.59987],[4.15521,43.59948],[4.15352,43.59905],[4.15066,43.59843],[4.14979,43.59817],[4.14947,43.59791],[4.14933,43.59764],[4.1493,43.59664],[4.14941,43.5961],[4.14945,43.59538],[4.14966,43.59425],[4.14982,43.59286],[4.15001,43.59141],[4.1501,43.59051],[4.15041,43.58839],[4.15046,43.5879],[4.15052,43.58767],[4.15047,43.58632],[4.15034,43.58583],[4.15022,43.58556],[4.14978,43.58548],[4.14927,43.58545],[4.14642,43.58504],[4.14499,43.58497],[4.14497,43.58466],[4.14386,43.58467],[4.13083,43.58673],[4.13005,43.58702],[4.12736,43.58848],[4.1264,43.58878],[4.12535,43.58896],[4.12401,43.58895],[4.12184,43.58868],[4.11906,43.58833],[4.11605,43.58767],[4.11515,43.58748],[4.11446,43.58729],[4.10419,43.58539],[4.09891,43.58524],[4.098,43.58553],[4.09677,43.58613],[4.08684,43.59173],[4.08673,43.59182],[4.08575,43.59216],[4.08525,43.59216],[4.08444,43.592],[4.07467,43.58859],[4.07504,43.58836],[4.07523,43.5884],[4.08036,43.59017],[4.08048,43.59016],[4.09367,43.58241],[4.09591,43.58153],[4.09971,43.57812],[4.10132,43.57651],[4.10435,43.57377],[4.10601,43.57216],[4.1072,43.5711],[4.10815,43.57018],[4.10841,43.56972],[4.10902,43.5688],[4.10925,43.56857],[4.10941,43.56849],[4.10912,43.56775],[4.10899,43.56748],[4.10827,43.56624],[4.10691,43.564],[4.1069,43.56391],[4.10677,43.56382],[4.1067,43.5636],[4.10449,43.56],[4.10104,43.55437],[4.10043,43.55451],[4.1003,43.55461],[4.09999,43.55462],[4.09967,43.5539],[4.09936,43.5539],[4.0971,43.5548],[4.0937,43.55539],[4.09162,43.55573],[4.08916,43.55623],[4.08799,43.55628],[4.08723,43.55625],[4.08686,43.55599],[4.08655,43.55608],[4.08655,43.55613],[4.08605,43.55609],[4.08423,43.5554],[4.08373,43.55514],[4.08349,43.55519],[4.08283,43.55582],[4.0824,43.55606],[4.08135,43.55621],[4.08036,43.55618],[4.07962,43.55584],[4.0788,43.55598],[4.07746,43.55636],[4.07147,43.55708],[4.06634,43.55739],[4.05614,43.55754],[4.05075,43.5574],[4.04226,43.5568],[4.03766,43.55633],[4.02852,43.55512],[4.02256,43.55422],[4.01119,43.55245],[4.01019,43.55219],[4.00701,43.55166],[4.00632,43.55136],[4.0057,43.55123],[4.00544,43.55101],[4.00464,43.55098],[4.00433,43.55076],[4.00352,43.55077],[4.00315,43.55064],[4.00309,43.55055],[4.00228,43.55041],[4.0019,43.5502],[4.00122,43.55016],[4.00071,43.54991],[3.99997,43.54982],[3.99959,43.54956],[3.99884,43.54944],[3.99852,43.54917],[3.99778,43.54919],[3.99728,43.54892],[3.99654,43.5488],[3.99602,43.54854],[3.99547,43.5485],[3.99497,43.54823],[3.9949,43.54814],[3.99416,43.54806],[3.99366,43.54776],[3.99304,43.54772],[3.99236,43.54742],[3.99143,43.54734],[3.99079,43.54704],[3.9906,43.5469],[3.98961,43.54687],[3.98886,43.54657],[3.98868,43.54639],[3.9873,43.54637],[3.98655,43.54606],[3.98591,43.54553],[3.98585,43.54508],[3.9859,43.54467],[3.98553,43.54459],[3.98547,43.54482],[3.9851,43.54518],[3.9848,43.54527],[3.98387,43.54516],[3.98368,43.54498],[3.98367,43.54475],[3.9833,43.54471],[3.98312,43.54485],[3.98256,43.54482],[3.98212,43.54446],[3.98186,43.54397],[3.98197,43.54356],[3.98215,43.54334],[3.98215,43.54329],[3.98178,43.54321],[3.98135,43.54357],[3.98092,43.54376],[3.98012,43.54377],[3.97975,43.54359],[3.97962,43.54332],[3.97968,43.54305],[3.9791,43.54288],[3.97886,43.54288],[3.97863,43.54315],[3.97813,43.54317],[3.97763,43.54295],[3.97718,43.5425],[3.97711,43.54184],[3.97686,43.54184],[3.97655,43.54207],[3.9753,43.54204],[3.97449,43.54173],[3.97435,43.54125],[3.97404,43.54098],[3.97379,43.54098],[3.97342,43.5413],[3.97305,43.5413],[3.9715,43.54079],[3.97001,43.54036],[3.96939,43.54023],[3.96858,43.54002],[3.96831,43.5398],[3.96776,43.53971],[3.96732,43.53946],[3.96732,43.53941],[3.96664,43.53937],[3.96633,43.53924],[3.96607,43.53902],[3.96546,43.53894],[3.96501,43.53872],[3.96493,43.53862],[3.96419,43.5385],[3.96387,43.53828],[3.96313,43.53821],[3.96275,43.5379],[3.96201,43.53777],[3.96157,43.53747],[3.96088,43.53725],[3.9605,43.53699],[3.95944,43.5365],[3.95876,43.53638],[3.9582,43.53603],[3.95756,43.5359],[3.95731,43.53554],[3.95658,43.53551],[3.95489,43.535],[3.95402,43.53469],[3.95376,43.53451],[3.953,43.53421],[3.95144,43.53365],[3.95069,43.53334],[3.95038,43.53325],[3.95013,43.53321],[3.94987,43.53303],[3.949,43.53274],[3.94856,43.53251],[3.94813,43.53243],[3.94763,43.53226],[3.94732,43.53213],[3.94651,43.53192],[3.94476,43.53132],[3.9442,43.53109],[3.94346,43.53098],[3.94271,43.53066],[3.94196,43.53049],[3.93983,43.52976],[3.93914,43.52946],[3.93771,43.52916],[3.93658,43.52887],[3.93577,43.52856],[3.93583,43.52837],[3.93601,43.52814],[3.93601,43.52805],[3.93583,43.52792],[3.93564,43.52797],[3.93533,43.52816],[3.93496,43.52816],[3.93434,43.52794],[3.93402,43.52764],[3.93383,43.52732],[3.93376,43.52715],[3.93388,43.52705],[3.93413,43.52701],[3.93413,43.52692],[3.93394,43.52678],[3.93411,43.52629],[3.93417,43.5262],[3.93509,43.526],[3.93546,43.52582],[3.93546,43.52568],[3.93268,43.52392],[3.932,43.52353],[3.92924,43.52455],[3.92849,43.52474],[3.9275,43.52462],[3.92601,43.52411],[3.92113,43.52228],[3.91788,43.52097],[3.91687,43.5205],[3.91475,43.51967],[3.91431,43.51931],[3.91406,43.51909],[3.91362,43.51888],[3.91125,43.51819],[3.91001,43.51789],[3.90796,43.5172],[3.9068,43.51807],[3.90078,43.52257],[3.89891,43.52412],[3.89895,43.52556],[3.8994,43.5333],[3.89959,43.53563],[3.89976,43.54036],[3.89842,43.54088],[3.89781,43.54102],[3.89713,43.54103],[3.89669,43.5409],[3.89625,43.54063],[3.8957,43.5405],[3.89458,43.54047],[3.89384,43.54048],[3.8924,43.54032],[3.89154,43.54033],[3.88999,43.54059],[3.88828,43.54088],[3.88778,43.54084],[3.88684,43.54059],[3.88653,43.54036],[3.88634,43.54009],[3.88584,43.53974],[3.88565,43.5397],[3.88541,43.53975],[3.88448,43.54043],[3.88332,43.54086],[3.8824,43.54132],[3.8819,43.54133],[3.88085,43.54107],[3.88054,43.54111],[3.88025,43.54125],[3.87957,43.54172],[3.87828,43.54222],[3.87826,43.54385],[3.87807,43.54408],[3.87778,43.54431],[3.8763,43.54477],[3.8757,43.54515],[3.8746,43.54544],[3.87355,43.54562],[3.87306,43.54591],[3.87294,43.54609],[3.87294,43.54654],[3.87313,43.54689],[3.87327,43.54702],[3.87328,43.54738],[3.87297,43.54761],[3.8726,43.54776],[3.87143,43.54773],[3.87086,43.54742],[3.87018,43.54693],[3.86987,43.54685],[3.86943,43.54685],[3.86839,43.5471],[3.86808,43.54719],[3.86765,43.54751],[3.86704,43.54823],[3.86645,43.54901],[3.86615,43.54946],[3.86573,43.54978],[3.8653,43.5497],[3.8644,43.54881],[3.86345,43.54814],[3.8632,43.54779],[3.86307,43.54752],[3.86305,43.54671],[3.86309,43.54612],[3.86284,43.54577],[3.86209,43.54551],[3.85736,43.54453],[3.85681,43.5445],[3.85631,43.5445],[3.85537,43.54443],[3.85476,43.54448],[3.85421,43.54467],[3.85335,43.54526],[3.8527,43.54595],[3.85258,43.54622],[3.85259,43.54663],[3.85229,43.54726],[3.85194,43.54771],[3.85158,43.54808],[3.85123,43.54858],[3.85042,43.54918],[3.84982,43.54959],[3.84945,43.55009],[3.84911,43.55086],[3.84868,43.55109],[3.84826,43.55128],[3.84796,43.55164],[3.84778,43.55218],[3.84751,43.55349],[3.84727,43.55434],[3.847,43.55552],[3.84676,43.55593],[3.84633,43.55616],[3.84596,43.55616],[3.84446,43.55573],[3.84322,43.55544],[3.84204,43.55514],[3.84122,43.55488],[3.83793,43.55448],[3.83681,43.5545],[3.83571,43.55454],[3.83418,43.55519],[3.83364,43.55548],[3.83297,43.55616],[3.83254,43.55689],[3.83217,43.55703],[3.83143,43.55695],[3.83075,43.55672],[3.82994,43.55638],[3.82936,43.55593],[3.8288,43.55527],[3.82867,43.55505],[3.82852,43.55451],[3.82833,43.55424],[3.8279,43.55394],[3.82734,43.55381],[3.82622,43.55369],[3.82559,43.55351],[3.8254,43.55333],[3.82488,43.55226],[3.82463,43.55186],[3.82401,43.5515],[3.82329,43.55122],[3.82274,43.5512],[3.82184,43.55153],[3.8208,43.55232],[3.82019,43.553],[3.81881,43.55468],[3.81828,43.55518],[3.81755,43.55596],[3.81671,43.55719],[3.81563,43.55896],[3.81497,43.5595],[3.81461,43.55969],[3.81378,43.55992],[3.8131,43.55991],[3.8119,43.55992],[3.81184,43.55991],[3.81145,43.55964],[3.80899,43.55787],[3.80861,43.5577],[3.80805,43.55752],[3.80768,43.55753],[3.80738,43.55762],[3.80695,43.5579],[3.80689,43.55804],[3.80677,43.5584],[3.80702,43.55996],[3.80671,43.56056],[3.80665,43.56069],[3.80659,43.56105],[3.80672,43.56122],[3.80693,43.56186],[3.80699,43.56222],[3.80675,43.56231],[3.80541,43.56314],[3.80424,43.56374],[3.80387,43.56365],[3.80307,43.56367],[3.80233,43.56394],[3.80128,43.56428],[3.80043,43.56478],[3.7984,43.56544],[3.79785,43.5658],[3.79748,43.5659],[3.79699,43.56595],[3.79674,43.56591],[3.79624,43.56564],[3.79586,43.5651],[3.79555,43.56489],[3.79516,43.5648],[3.79448,43.56476],[3.79425,43.56481],[3.79406,43.56482],[3.79361,43.56432],[3.79259,43.56295],[3.7924,43.56295],[3.79095,43.56396],[3.79009,43.56442],[3.78941,43.56488],[3.78869,43.56565],[3.78717,43.56679],[3.78479,43.5684],[3.7843,43.56867],[3.78399,43.56868],[3.78356,43.56851],[3.78162,43.5679],[3.78062,43.56729],[3.77834,43.5655],[3.77527,43.56335],[3.77345,43.56215],[3.77175,43.56131],[3.76942,43.55994],[3.76673,43.55832],[3.76522,43.55726],[3.76503,43.5573],[3.76479,43.55763],[3.76473,43.55772],[3.76442,43.55799],[3.76345,43.558],[3.7632,43.55796],[3.76287,43.5577],[3.76255,43.55702],[3.76148,43.556],[3.7611,43.55582],[3.76073,43.55592],[3.76055,43.55601],[3.75981,43.55597],[3.75968,43.55615],[3.75975,43.55642],[3.76014,43.55669],[3.75971,43.55733],[3.76009,43.55805],[3.7608,43.55889],[3.76111,43.55947],[3.76122,43.55997],[3.76133,43.56091],[3.76167,43.56184],[3.76181,43.56235],[3.76206,43.56271],[3.76345,43.56413],[3.76397,43.56452],[3.76434,43.56483],[3.76467,43.56559],[3.76474,43.56591],[3.7648,43.56834],[3.76488,43.56924],[3.76491,43.57018],[3.76658,43.57034],[3.76689,43.57043],[3.76702,43.57065],[3.76696,43.57092],[3.76632,43.57214],[3.76614,43.57287],[3.76616,43.57305],[3.76759,43.57353],[3.76852,43.57383],[3.76914,43.57423],[3.77009,43.57448],[3.77176,43.57468],[3.77232,43.57468],[3.77436,43.57451],[3.77462,43.57487],[3.77494,43.57569],[3.77515,43.57626],[3.77559,43.57653],[3.77592,43.5772],[3.77592,43.57738],[3.77624,43.57796],[3.7763,43.57805],[3.77842,43.57861],[3.77855,43.5786],[3.77964,43.57773],[3.77988,43.57755],[3.78013,43.57759],[3.781,43.57807],[3.78245,43.5791],[3.7827,43.57914],[3.78514,43.57776],[3.78597,43.57847],[3.78786,43.57979],[3.78881,43.58091],[3.7894,43.5818],[3.7894,43.58207],[3.78874,43.58262],[3.7888,43.58275],[3.78961,43.58328],[3.79069,43.58408],[3.79069,43.58421],[3.79051,43.58439],[3.79057,43.58448],[3.79121,43.58484],[3.79131,43.58668],[3.79138,43.58722],[3.79091,43.58821],[3.79074,43.58889],[3.79063,43.58984],[3.79053,43.5902],[3.79016,43.5907],[3.78969,43.59125],[3.78944,43.59143],[3.78944,43.59152],[3.79007,43.59187],[3.79031,43.59186],[3.79081,43.59168],[3.79198,43.59153],[3.79297,43.59125],[3.79322,43.59125],[3.79322,43.59143],[3.79285,43.59198],[3.79238,43.59234],[3.79126,43.59254],[3.79059,43.59286],[3.78962,43.59346],[3.78888,43.59392],[3.78761,43.59492],[3.78652,43.59616],[3.78609,43.59638],[3.78529,43.59666],[3.78432,43.5969],[3.78413,43.59708],[3.78414,43.59744],[3.78439,43.59776],[3.78472,43.59793],[3.78472,43.5982],[3.78435,43.59866],[3.7835,43.59929],[3.78313,43.59953],[3.7842,43.59996],[3.78652,43.60115],[3.78815,43.60207],[3.78871,43.60229],[3.78895,43.60192],[3.78938,43.60156],[3.7898,43.60124],[3.79138,43.60014],[3.79231,43.59986],[3.79311,43.59949],[3.7944,43.59889],[3.79574,43.59851],[3.79704,43.59813],[3.79844,43.59771],[3.79875,43.59766],[3.79875,43.59775],[3.79863,43.59793],[3.79847,43.5987],[3.79812,43.59946],[3.79837,43.59951],[3.80047,43.59926],[3.80344,43.59899],[3.80443,43.59899],[3.80561,43.59915],[3.80573,43.59919],[3.8061,43.59923],[3.80784,43.59948],[3.81002,43.59967],[3.81275,43.60013],[3.8135,43.60017],[3.81461,43.59984],[3.8151,43.59965],[3.81527,43.5992],[3.81532,43.59884],[3.81531,43.59835],[3.8148,43.59772],[3.81467,43.59741],[3.81471,43.59687],[3.81502,43.59686],[3.81564,43.59695],[3.81562,43.59537],[3.81573,43.59506],[3.81578,43.59465],[3.81596,43.59389],[3.81541,43.59403],[3.81507,43.59326],[3.81488,43.59294],[3.81418,43.59224],[3.81411,43.59215],[3.81411,43.59206],[3.8149,43.5916],[3.81582,43.59105],[3.81607,43.59113],[3.81625,43.59122],[3.81613,43.59149],[3.81614,43.59194],[3.8164,43.59226],[3.81767,43.59354],[3.8178,43.59363],[3.8178,43.59368],[3.81818,43.59403],[3.81838,43.59444],[3.81845,43.59511],[3.81798,43.59583],[3.81792,43.59615],[3.81817,43.59633],[3.81919,43.59683],[3.81997,43.59715],[3.82014,43.59781],[3.81958,43.59824],[3.81894,43.59823],[3.81835,43.59849],[3.81831,43.59948],[3.81783,43.59989],[3.81752,43.60017],[3.81711,43.60098],[3.81693,43.60152],[3.81646,43.60229],[3.81646,43.60251],[3.81654,43.60274],[3.81785,43.60303],[3.81816,43.60326],[3.81835,43.60348],[3.81868,43.60447],[3.81907,43.60496],[3.81933,43.60518],[3.81952,43.60563],[3.81963,43.60774],[3.81978,43.60827],[3.81979,43.60886],[3.81944,43.60955],[3.81932,43.60973],[3.81914,43.61009],[3.81802,43.61276],[3.81784,43.61294],[3.81767,43.61353],[3.81755,43.61366],[3.81737,43.6142],[3.81727,43.61492],[3.81699,43.61579],[3.81669,43.61633],[3.81517,43.61802],[3.81427,43.61883],[3.81336,43.61958],[3.81293,43.61976],[3.81238,43.61986],[3.81213,43.62008],[3.81184,43.62054],[3.81166,43.621],[3.81137,43.62167],[3.81112,43.6219],[3.81062,43.62208],[3.80971,43.62223],[3.80864,43.62203],[3.80821,43.62198],[3.80791,43.62203],[3.80773,43.62221],[3.80755,43.62262],[3.80757,43.62365],[3.80764,43.62374],[3.80795,43.62406],[3.80908,43.62453],[3.81083,43.62514],[3.81108,43.62536],[3.81116,43.62599],[3.81243,43.62702],[3.81287,43.62732],[3.81431,43.62798],[3.81475,43.62833],[3.8155,43.62886],[3.8157,43.62922],[3.81592,43.63011],[3.81617,43.63084],[3.81619,43.63137],[3.81613,43.63156],[3.81583,43.63192],[3.81474,43.63265],[3.81406,43.63294],[3.81371,43.63325],[3.81316,43.63407],[3.81279,43.63439],[3.81242,43.63453],[3.81199,43.63454],[3.81155,43.63449],[3.81,43.63415],[3.80963,43.63417],[3.8092,43.63421],[3.80864,43.63444],[3.80722,43.63446],[3.80703,43.63455],[3.80705,43.63478],[3.80743,43.63532],[3.80787,43.63567],[3.80807,43.63603],[3.8082,43.63647],[3.8081,43.63706],[3.80798,43.63755],[3.80799,43.6385],[3.80787,43.63877],[3.80746,43.63901],[3.80746,43.63932],[3.80778,43.63971],[3.80873,43.64057],[3.80956,43.64123],[3.80973,43.64118],[3.81035,43.64063],[3.81066,43.64049],[3.81103,43.64054],[3.81191,43.64128],[3.81261,43.64173],[3.81373,43.64221],[3.81692,43.64334],[3.81815,43.64404],[3.81903,43.64404],[3.81989,43.64375],[3.82094,43.6433],[3.82143,43.64332],[3.82179,43.64351],[3.82095,43.64424],[3.82345,43.64324],[3.82297,43.6433],[3.8226,43.64328],[3.82237,43.64318],[3.82234,43.64295],[3.82243,43.64264],[3.82225,43.64224],[3.82209,43.64201],[3.82151,43.642],[3.82079,43.6424],[3.82049,43.64244],[3.82019,43.64177],[3.82178,43.64157],[3.82313,43.64076],[3.8241,43.64009],[3.82328,43.63971],[3.82428,43.63885],[3.82391,43.63853],[3.82452,43.63806],[3.82496,43.63819],[3.82684,43.63892],[3.82801,43.6398],[3.828,43.64022],[3.82869,43.64044],[3.82889,43.64071],[3.82927,43.64137],[3.82985,43.64186],[3.83017,43.64235],[3.83062,43.64302],[3.83088,43.64356],[3.83108,43.64406],[3.83163,43.64405],[3.83212,43.64386],[3.83335,43.6433],[3.83537,43.64247],[3.83568,43.64255],[3.83593,43.64273],[3.83569,43.64314],[3.83574,43.64498],[3.83589,43.64569],[3.83595,43.64583],[3.83664,43.64618],[3.83666,43.647],[3.83749,43.64775],[3.83775,43.64833],[3.83815,43.64927],[3.83815,43.64945],[3.83784,43.64977],[3.83792,43.65],[3.83886,43.65052],[3.83935,43.65016],[3.84007,43.64924],[3.84066,43.64829],[3.84114,43.64775],[3.84126,43.6477],[3.84328,43.64834],[3.84483,43.64877],[3.8458,43.64905],[3.84731,43.64879],[3.84833,43.64849],[3.84912,43.64967],[3.84944,43.6498],[3.85062,43.64997],[3.85069,43.65027],[3.8509,43.65099],[3.85109,43.6513],[3.85172,43.65174],[3.85197,43.65183],[3.85227,43.65174],[3.85264,43.65141],[3.85306,43.65105],[3.85332,43.65096],[3.85393,43.65091],[3.85456,43.65113],[3.8552,43.65162],[3.85601,43.65196],[3.85632,43.65232],[3.85672,43.65303],[3.85697,43.65338],[3.85703,43.65352],[3.8579,43.6532],[3.85869,43.65269],[3.85917,43.65241],[3.85979,43.65217],[3.86133,43.65184],[3.86181,43.65156],[3.86256,43.65088],[3.86273,43.65066],[3.86328,43.65024],[3.86396,43.6501],[3.8647,43.64999],[3.86593,43.64993],[3.86654,43.64974],[3.86697,43.64943],[3.86775,43.64856],[3.86832,43.64815],[3.86923,43.64782],[3.86985,43.64781],[3.87059,43.64789],[3.87128,43.64819],[3.87159,43.64819],[3.87285,43.64859],[3.87384,43.64866],[3.87482,43.64864],[3.87514,43.64878],[3.87608,43.64913],[3.87783,43.64914],[3.87882,43.6494],[3.87925,43.64926],[3.87973,43.64898],[3.88047,43.64853],[3.88077,43.64815],[3.88143,43.6472],[3.88184,43.64662],[3.88221,43.6463],[3.88245,43.6462],[3.88475,43.64579],[3.88581,43.64554],[3.88617,43.64551],[3.88866,43.64461],[3.88952,43.64438],[3.89032,43.64445],[3.89041,43.64509],[3.89036,43.64555],[3.88985,43.6461],[3.88868,43.64683],[3.89094,43.64779],[3.89395,43.6485],[3.89588,43.64972],[3.89796,43.65128],[3.89917,43.65254],[3.90075,43.65387],[3.90127,43.65441],[3.90169,43.65471],[3.90247,43.65442],[3.90762,43.65431],[3.91223,43.6542],[3.91327,43.65473],[3.91416,43.65479],[3.91473,43.65507],[3.91723,43.6559],[3.91754,43.65584],[3.91976,43.65532],[3.92038,43.65531],[3.92201,43.65513],[3.92282,43.6549],[3.92446,43.65494],[3.9255,43.65456],[3.92619,43.65424],[3.92637,43.65397],[3.92654,43.65355],[3.9285,43.65129],[3.9267,43.65112],[3.92927,43.6486],[3.9292,43.64808],[3.92975,43.64665],[3.93166,43.64376],[3.93177,43.64304],[3.93178,43.64079],[3.93137,43.64043],[3.93081,43.64041],[3.93057,43.64005],[3.93082,43.63976],[3.93148,43.63886],[3.93183,43.63844],[3.93139,43.63823],[3.93145,43.63805],[3.93158,43.63796],[3.93247,43.63664],[3.93331,43.6355],[3.93391,43.63455],[3.93467,43.63337],[3.93528,43.63269],[3.93618,43.63191],[3.93672,43.63145],[3.93692,43.63154],[3.93855,43.63245],[3.9405,43.63391],[3.94266,43.6356],[3.94521,43.63749],[3.94622,43.63852],[3.94648,43.63887],[3.94681,43.63973],[3.94712,43.64008],[3.94853,43.64137],[3.94943,43.64234],[3.94987,43.64292],[3.94975,43.64324],[3.94983,43.64401],[3.95082,43.64363],[3.95101,43.64354],[3.95132,43.64358],[3.95238,43.64397],[3.95313,43.64427],[3.95493,43.64438],[3.95665,43.64435],[3.96173,43.64595],[3.96285,43.64624],[3.96811,43.64807],[3.97193,43.64981],[3.97295,43.65037],[3.97345,43.65074],[3.97559,43.65165],[3.97634,43.65199],[3.97666,43.65226],[3.97666,43.65239],[3.97797,43.65264],[3.98283,43.65348],[3.98614,43.65448],[3.98687,43.65435],[3.9883,43.65411],[3.98985,43.65382],[3.99226,43.65351],[3.99412,43.65366],[3.99367,43.65575],[3.99355,43.65597],[3.99345,43.65647],[3.99295,43.65751],[3.99252,43.65735],[3.99034,43.65895],[3.98987,43.65944],[3.98975,43.65981],[3.99199,43.65946],[3.99218,43.65991],[3.99225,43.66018],[3.99133,43.66068],[3.9914,43.6611],[3.99104,43.66128],[3.99098,43.66155],[3.99062,43.6617],[3.99062,43.66179],[3.99049,43.66183],[3.9905,43.66197],[3.99056,43.66201],[3.99056,43.6621],[3.99131,43.66231],[3.99151,43.66258],[3.99146,43.66303],[3.99096,43.66312],[3.99084,43.66326],[3.9908,43.66367],[3.99192,43.66402],[3.99192,43.66428],[3.99182,43.66474],[3.99164,43.6651],[3.99159,43.66546],[3.99316,43.66592],[3.99335,43.66638],[3.9935,43.66696],[3.99449,43.66712],[3.99511,43.66725],[3.99536,43.66734],[3.99711,43.66804],[4.00106,43.6692],[4.00282,43.66975],[4.00512,43.67026],[4.00574,43.6706],[4.00682,43.671],[4.01157,43.67259],[4.01598,43.67394],[4.0189,43.67332],[4.02008,43.67377],[4.02034,43.67345],[4.02109,43.67268],[4.02177,43.67223],[4.02228,43.67158],[4.02277,43.67167],[4.02237,43.6728],[4.0224,43.67432],[4.02229,43.67464],[4.02193,43.67523],[4.02183,43.67564],[4.02406,43.67629],[4.02494,43.67654],[4.02519,43.67658],[4.03128,43.67842],[4.03551,43.67962],[4.03971,43.68091],[4.04079,43.68121],[4.04158,43.68097],[4.0444,43.68241],[4.04479,43.68254],[4.04927,43.68364],[4.0546,43.68531],[4.05655,43.68601],[4.05711,43.68627],[4.05705,43.6864],[4.05571,43.68692],[4.05509,43.68721],[4.05357,43.68835],[4.05333,43.68863],[4.05347,43.68939],[4.05433,43.69104],[4.05472,43.69157],[4.05479,43.69179],[4.05813,43.69152],[4.06111,43.69125],[4.06221,43.69105],[4.0635,43.69059],[4.06417,43.6903],[4.06417,43.69021],[4.06509,43.68966],[4.06566,43.68974],[4.0653,43.6906],[4.06482,43.69142],[4.06457,43.69346],[4.06428,43.69391],[4.06452,43.69777],[4.06384,43.69805],[4.06317,43.69856],[4.06276,43.69923],[4.06264,43.69951],[4.06258,43.69955],[4.06246,43.69973],[4.06217,43.70037],[4.06158,43.70138],[4.06128,43.70174],[4.06068,43.70197],[4.06031,43.7023],[4.05989,43.70298],[4.05965,43.70361],[4.05937,43.70474],[4.05887,43.70618],[4.05846,43.70718],[4.05828,43.7074],[4.05785,43.70769],[4.0565,43.70834],[4.0559,43.7088],[4.05516,43.70894],[4.05479,43.70908],[4.0543,43.7094],[4.05413,43.70972],[4.0539,43.71044],[4.05373,43.71085],[4.0533,43.71117],[4.05293,43.71136],[4.05233,43.71182],[4.0519,43.71241],[4.05155,43.71314],[4.05119,43.71365],[4.05114,43.71387],[4.05056,43.71491],[4.05009,43.71591],[4.05034,43.71608],[4.05121,43.71634],[4.05208,43.71646],[4.05377,43.71675],[4.0542,43.71696],[4.05572,43.71798],[4.05598,43.71825],[4.05599,43.71857],[4.05588,43.71906],[4.05584,43.71983],[4.05597,43.72019],[4.056,43.72104],[4.05547,43.72168],[4.05505,43.72227],[4.05488,43.72272],[4.05474,43.72475],[4.05463,43.72529],[4.0544,43.72584],[4.05417,43.72656],[4.05428,43.72786],[4.05441,43.72813],[4.05448,43.7306],[4.05472,43.73213],[4.05487,43.73344],[4.055,43.73406],[4.05528,43.73496],[4.05571,43.73661],[4.05599,43.73801],[4.05601,43.73846],[4.05981,43.73926],[4.06081,43.73942],[4.06144,43.73977],[4.06157,43.73999],[4.06183,43.74017],[4.06747,43.74153],[4.07002,43.74194],[4.07099,43.74142],[4.07223,43.74146],[4.07361,43.7413],[4.07621,43.74117],[4.07929,43.74054],[4.07991,43.74043],[4.08151,43.74005],[4.08176,43.74005],[4.08353,43.74097],[4.08409,43.74118],[4.08624,43.74057],[4.08643,43.7407],[4.08662,43.74079],[4.08701,43.74145],[4.08733,43.74158],[4.08869,43.74165],[4.08907,43.74187],[4.0896,43.74312],[4.08987,43.74357],[4.09063,43.74422],[4.09168,43.74504],[4.09182,43.74596],[4.09206,43.74611],[4.09179,43.74672],[4.09182,43.74716],[4.09208,43.7475],[4.09261,43.74785],[4.09405,43.74828],[4.09436,43.74826],[4.09565,43.74789],[4.09626,43.74788],[4.09719,43.74797],[4.09802,43.74813],[4.09852,43.74835],[4.09896,43.74865],[4.09915,43.74901],[4.09924,43.74959],[4.10016,43.74908],[4.10097,43.74925],[4.10196,43.74923],[4.10443,43.74875],[4.10504,43.74851],[4.10559,43.74819],[4.10623,43.7477],[4.10671,43.74714],[4.10679,43.74624],[4.10709,43.7455],[4.10765,43.74438],[4.10814,43.74387],[4.10843,43.74346],[4.10879,43.74236],[4.10888,43.74206],[4.10962,43.74165],[4.1117,43.74018],[4.1116,43.74],[4.11197,43.73945],[4.11283,43.73867],[4.11404,43.73774],[4.11452,43.73747],[4.11545,43.73704],[4.11638,43.73686],[4.1168,43.7368],[4.11885,43.73691],[4.12102,43.73678],[4.12189,43.73677],[4.12208,43.73686],[4.12252,43.73712],[4.12348,43.73832],[4.124,43.7389],[4.12509,43.73969],[4.12576,43.74],[4.12628,43.7403],[4.12715,43.7406],[4.12903,43.74088],[4.13065,43.74099],[4.13164,43.74094],[4.13337,43.74065],[4.13602,43.74],[4.13763,43.73963],[4.13935,43.73915],[4.14088,43.7385],[4.14143,43.73821],[4.14253,43.73739],[4.14302,43.73684],[4.14324,43.73652],[4.14336,43.73625],[4.14407,43.73516],[4.14478,43.73389],[4.14495,43.73343],[4.14506,43.73275],[4.14504,43.73243],[4.14503,43.73194],[4.14535,43.73009],[4.14562,43.72878],[4.14572,43.72797],[4.14612,43.72675],[4.14646,43.72621],[4.14707,43.72552],[4.14799,43.72492],[4.14976,43.72394],[4.15048,43.72344],[4.15084,43.72307],[4.15108,43.72266],[4.15125,43.72216],[4.15128,43.71874],[4.1515,43.71789],[4.15178,43.71734],[4.1531,43.71576],[4.15388,43.71501],[4.15426,43.71455],[4.15553,43.71354],[4.15722,43.71239],[4.15891,43.71106],[4.15977,43.71024],[4.16096,43.70878],[4.16126,43.7085],[4.16211,43.70781],[4.16338,43.70698],[4.16362,43.70657],[4.16368,43.70603],[4.16348,43.70375],[4.16351,43.70275],[4.16367,43.7023],[4.16616,43.70032],[4.16652,43.69973],[4.16669,43.69932],[4.16666,43.69842],[4.16646,43.69797],[4.16614,43.69744],[4.16562,43.69691],[4.16537,43.69669],[4.16537,43.69664],[4.16479,43.69626],[4.16395,43.69509],[4.16363,43.69446],[4.1636,43.69393],[4.16414,43.69306],[4.16431,43.69283],[4.16449,43.69256],[4.16434,43.69148],[4.16363,43.69014]]]]},"properties":{"ID":"349","id":"349","NOM_MASSIF":"PLAINE-VITICOLE-EST-HERAULTAIS","dept":"34"}},{"type":"Feature","id":2,"geometry":{"type":"MultiPolygon","coordinates":[[[[3.6895,43.93994],[3.68939,43.94057],[3.68922,43.94102],[3.68879,43.94175],[3.68836,43.94256],[3.6882,43.94301],[3.68833,43.94364],[3.68852,43.94404],[3.6886,43.94444],[3.68848,43.94462],[3.68804,43.94486],[3.6868,43.94497],[3.68625,43.94511],[3.68514,43.94553],[3.68341,43.94613],[3.68261,43.9465],[3.68224,43.94686],[3.68218,43.94713],[3.68231,43.94744],[3.68257,43.94789],[3.68335,43.94945],[3.68407,43.95112],[3.68434,43.95202],[3.68487,43.95331],[3.68533,43.95399],[3.68551,43.95398],[3.68847,43.95233],[3.69013,43.95154],[3.69038,43.95162],[3.69248,43.95304],[3.69361,43.95366],[3.69462,43.95432],[3.69564,43.95525],[3.69671,43.95601],[3.69791,43.95658],[3.69867,43.95688],[3.69898,43.95724],[3.69931,43.95774],[3.69944,43.95823],[3.69963,43.95836],[3.7004,43.95943],[3.70105,43.9601],[3.70212,43.96102],[3.70313,43.96151],[3.70476,43.96208],[3.70513,43.96207],[3.70848,43.96073],[3.70879,43.96064],[3.71131,43.95953],[3.71205,43.95943],[3.71268,43.95942],[3.71305,43.95946],[3.71374,43.95973],[3.71407,43.95998],[3.71413,43.96043],[3.71433,43.96084],[3.71465,43.96102],[3.71553,43.96109],[3.71645,43.96099],[3.71727,43.96098],[3.71796,43.9612],[3.71853,43.96155],[3.71942,43.96244],[3.72033,43.96361],[3.72077,43.964],[3.72165,43.96453],[3.72286,43.96542],[3.7245,43.96593],[3.72468,43.96688],[3.72497,43.9673],[3.72578,43.96759],[3.72596,43.96773],[3.72665,43.96798],[3.72697,43.96825],[3.72699,43.96902],[3.72685,43.97055],[3.72779,43.9708],[3.73004,43.97135],[3.73141,43.97188],[3.73218,43.97201],[3.73247,43.97179],[3.73347,43.97159],[3.73433,43.97131],[3.73525,43.97081],[3.73618,43.97003],[3.73708,43.96893],[3.73733,43.96875],[3.74042,43.96764],[3.74365,43.96661],[3.74377,43.96661],[3.74473,43.96799],[3.74511,43.96838],[3.7453,43.96847],[3.74717,43.96822],[3.74945,43.96775],[3.74964,43.96774],[3.74973,43.969],[3.74994,43.96954],[3.7509,43.97079],[3.75181,43.97244],[3.75214,43.97275],[3.7538,43.97237],[3.7538,43.9721],[3.7536,43.97156],[3.75396,43.97075],[3.75443,43.96994],[3.75516,43.96912],[3.75614,43.96834],[3.75651,43.96816],[3.75732,43.96783],[3.75836,43.96763],[3.75899,43.96758],[3.76048,43.96765],[3.76129,43.96755],[3.76391,43.9677],[3.76503,43.96791],[3.76767,43.96832],[3.76806,43.96847],[3.7685,43.96881],[3.769,43.96899],[3.76956,43.96899],[3.76987,43.96894],[3.77265,43.96791],[3.77606,43.967],[3.77698,43.96664],[3.7782,43.9659],[3.77963,43.96516],[3.78016,43.96664],[3.78056,43.96753],[3.78106,43.96766],[3.78249,43.96778],[3.78374,43.96772],[3.78515,43.96721],[3.78634,43.96697],[3.78759,43.96691],[3.78734,43.96687],[3.78704,43.96529],[3.78693,43.96317],[3.78639,43.96161],[3.78631,43.96089],[3.78624,43.96053],[3.7862,43.95905],[3.7863,43.95818],[3.78669,43.95611],[3.78685,43.95498],[3.78684,43.95453],[3.78742,43.95287],[3.78801,43.95183],[3.78801,43.95169],[3.78873,43.95047],[3.78897,43.9501],[3.78933,43.94964],[3.78959,43.94941],[3.78959,43.94932],[3.79055,43.9481],[3.79266,43.94564],[3.79285,43.94537],[3.79412,43.94387],[3.79437,43.94364],[3.79461,43.94327],[3.79552,43.94228],[3.79577,43.94254],[3.79636,43.94348],[3.79648,43.94357],[3.79835,43.94354],[3.8049,43.94336],[3.80567,43.94384],[3.80615,43.9439],[3.80645,43.94342],[3.80674,43.94322],[3.80722,43.94204],[3.80689,43.94137],[3.80695,43.94109],[3.80713,43.941],[3.80751,43.94105],[3.80876,43.94143],[3.80907,43.94148],[3.81,43.94146],[3.81175,43.94126],[3.81311,43.94088],[3.81348,43.94092],[3.81398,43.941],[3.81455,43.94135],[3.81513,43.94162],[3.81538,43.9417],[3.81662,43.94168],[3.81744,43.94194],[3.81813,43.94225],[3.81906,43.94238],[3.82031,43.94241],[3.82146,43.94145],[3.8214,43.9414],[3.823,43.94008],[3.82408,43.93893],[3.82457,43.93861],[3.8267,43.93669],[3.82701,43.93619],[3.82711,43.93583],[3.8271,43.93471],[3.8269,43.93394],[3.82656,43.93324],[3.82566,43.93207],[3.82557,43.93096],[3.82538,43.93063],[3.82474,43.93014],[3.82399,43.9298],[3.82355,43.92944],[3.82406,43.92831],[3.82436,43.92741],[3.82441,43.92732],[3.82628,43.9272],[3.82665,43.92697],[3.82806,43.9256],[3.82902,43.92451],[3.82895,43.92433],[3.82843,43.92335],[3.82798,43.9226],[3.82624,43.9204],[3.82575,43.92],[3.82491,43.9193],[3.8249,43.91921],[3.82478,43.91916],[3.82478,43.91907],[3.82445,43.91882],[3.824,43.91805],[3.82374,43.91765],[3.82341,43.91683],[3.82255,43.91509],[3.82112,43.91237],[3.82041,43.91116],[3.82027,43.91098],[3.81926,43.91041],[3.81606,43.90691],[3.81057,43.90125],[3.80877,43.89934],[3.80781,43.89837],[3.80756,43.89823],[3.8075,43.89792],[3.80706,43.89762],[3.80705,43.89753],[3.80687,43.89748],[3.80516,43.89614],[3.80228,43.89375],[3.8005,43.89193],[3.80038,43.89171],[3.79954,43.89081],[3.79966,43.89059],[3.79971,43.89018],[3.79995,43.88968],[3.80129,43.88608],[3.80188,43.88477],[3.802,43.8844],[3.80206,43.88431],[3.80205,43.88394],[3.80211,43.88394],[3.8028,43.88173],[3.80334,43.88019],[3.80369,43.87929],[3.80398,43.87902],[3.80582,43.878],[3.80607,43.8779],[3.81116,43.87734],[3.81995,43.87539],[3.82236,43.87482],[3.82242,43.87473],[3.82229,43.87437],[3.82233,43.87364],[3.82368,43.87322],[3.82368,43.87313],[3.82343,43.87286],[3.82311,43.87241],[3.82234,43.87162],[3.82284,43.87166],[3.82384,43.87196],[3.82427,43.87164],[3.82478,43.87176],[3.82544,43.87113],[3.83081,43.86642],[3.83307,43.86499],[3.83262,43.86451],[3.83325,43.86463],[3.83356,43.86463],[3.83398,43.86431],[3.83397,43.86427],[3.83416,43.86422],[3.83661,43.86256],[3.83698,43.86243],[3.8381,43.86209],[3.83872,43.86186],[3.84018,43.8609],[3.84084,43.86021],[3.84175,43.85948],[3.8428,43.85861],[3.8428,43.85852],[3.84261,43.8583],[3.84455,43.85674],[3.84455,43.85661],[3.84392,43.85613],[3.84327,43.85554],[3.84325,43.85468],[3.84303,43.85343],[3.84277,43.85285],[3.843,43.8524],[3.84319,43.85217],[3.84349,43.85159],[3.84354,43.85131],[3.84372,43.85112],[3.84372,43.85103],[3.84397,43.85072],[3.84408,43.8504],[3.84218,43.84899],[3.84136,43.84823],[3.84011,43.84843],[3.83998,43.8482],[3.83947,43.84767],[3.83946,43.84722],[3.83927,43.84709],[3.83844,43.84666],[3.83819,43.8463],[3.83806,43.84607],[3.83798,43.8449],[3.83831,43.84318],[3.83842,43.84273],[3.83871,43.8421],[3.83883,43.84169],[3.83782,43.84122],[3.83542,43.83958],[3.8358,43.83786],[3.83592,43.83745],[3.83621,43.83682],[3.83633,43.83637],[3.83674,43.83542],[3.83696,43.83479],[3.83708,43.83425],[3.83726,43.83398],[3.8375,43.83352],[3.83766,43.83226],[3.83777,43.83195],[3.83794,43.831],[3.83796,43.82973],[3.83776,43.82915],[3.83768,43.82843],[3.8378,43.82807],[3.83781,43.82613],[3.83849,43.82613],[3.83868,43.82622],[3.83925,43.82674],[3.83974,43.82678],[3.84037,43.82632],[3.8408,43.82618],[3.84228,43.82589],[3.84284,43.82589],[3.84342,43.82632],[3.8436,43.82637],[3.84427,43.82587],[3.84482,43.82563],[3.84519,43.82536],[3.84536,43.825],[3.84541,43.82441],[3.84552,43.82409],[3.84601,43.82342],[3.84796,43.82191],[3.84882,43.82126],[3.84998,43.82079],[3.85349,43.81949],[3.85492,43.81893],[3.8556,43.8187],[3.85558,43.8182],[3.85563,43.81789],[3.85574,43.81757],[3.85573,43.81694],[3.85559,43.81649],[3.85546,43.81631],[3.85516,43.81535],[3.85325,43.81423],[3.85234,43.81354],[3.85088,43.81113],[3.85038,43.81038],[3.84881,43.81039],[3.84689,43.8105],[3.84568,43.81067],[3.8444,43.81113],[3.84376,43.81072],[3.84171,43.80866],[3.84114,43.80786],[3.84089,43.80732],[3.84083,43.80547],[3.84107,43.80484],[3.84093,43.80453],[3.8408,43.8043],[3.84078,43.80327],[3.84065,43.80296],[3.84053,43.80116],[3.84019,43.79967],[3.83979,43.79888],[3.83966,43.79838],[3.83893,43.79686],[3.83855,43.79638],[3.83786,43.79601],[3.83735,43.79566],[3.83684,43.79517],[3.83616,43.79505],[3.83564,43.79465],[3.83489,43.79443],[3.83396,43.79431],[3.83303,43.79433],[3.83247,43.7942],[3.83098,43.79422],[3.83029,43.79414],[3.82955,43.79415],[3.82792,43.79407],[3.82699,43.79391],[3.82518,43.79366],[3.82355,43.79348],[3.82324,43.79319],[3.81908,43.79308],[3.81903,43.79327],[3.82161,43.79406],[3.82221,43.79434],[3.82125,43.79495],[3.82131,43.79559],[3.82126,43.79728],[3.82125,43.79831],[3.82115,43.79855],[3.81998,43.79896],[3.81948,43.79923],[3.81832,43.79979],[3.81671,43.79981],[3.81516,43.79977],[3.81521,43.79955],[3.81538,43.79928],[3.81538,43.79901],[3.81463,43.79866],[3.81324,43.7981],[3.81342,43.79778],[3.8142,43.79673],[3.81438,43.79623],[3.81455,43.79592],[3.8151,43.79528],[3.81638,43.79432],[3.81661,43.79391],[3.81679,43.79337],[3.81677,43.79292],[3.81652,43.79283],[3.81484,43.79235],[3.81215,43.79172],[3.80903,43.79073],[3.80833,43.79042],[3.80789,43.79001],[3.80757,43.78966],[3.80705,43.78926],[3.80631,43.78822],[3.80645,43.7879],[3.80594,43.78663],[3.80612,43.78643],[3.80519,43.78664],[3.80451,43.78655],[3.80366,43.78641],[3.80214,43.78659],[3.8019,43.78677],[3.80126,43.78706],[3.80107,43.78778],[3.80018,43.7881],[3.7996,43.78861],[3.79849,43.78778],[3.795,43.78794],[3.79388,43.78786],[3.79311,43.78818],[3.79219,43.78837],[3.79174,43.78832],[3.79149,43.78845],[3.79133,43.78818],[3.79098,43.7881],[3.79113,43.78764],[3.79038,43.788],[3.79029,43.78723],[3.79027,43.78672],[3.78874,43.78725],[3.78757,43.78759],[3.78719,43.78759],[3.78399,43.78618],[3.78399,43.786],[3.78453,43.78523],[3.78543,43.78382],[3.78555,43.78369],[3.78561,43.78346],[3.78301,43.78164],[3.78301,43.78133],[3.78401,43.7793],[3.78407,43.77903],[3.78471,43.77772],[3.78519,43.77643],[3.78136,43.77548],[3.78217,43.77421],[3.7815,43.7728],[3.78119,43.77253],[3.77866,43.77149],[3.77841,43.77126],[3.77837,43.77123],[3.77821,43.77105],[3.77845,43.77055],[3.77928,43.76864],[3.77994,43.76691],[3.77998,43.76679],[3.77998,43.76661],[3.77972,43.76634],[3.77765,43.76565],[3.77624,43.76563],[3.77523,43.76532],[3.77429,43.76528],[3.77335,43.76512],[3.77179,43.76451],[3.76996,43.76358],[3.76752,43.76277],[3.76671,43.76241],[3.76459,43.76216],[3.76252,43.76115],[3.76152,43.76094],[3.76143,43.7609],[3.76096,43.76064],[3.76096,43.76051],[3.76064,43.7601],[3.75979,43.75836],[3.75914,43.75719],[3.75864,43.7568],[3.75682,43.75668],[3.75552,43.75675],[3.75502,43.75675],[3.75229,43.75652],[3.75158,43.75648],[3.75042,43.7564],[3.74937,43.75641],[3.74887,43.75646],[3.7485,43.75646],[3.74768,43.75652],[3.74762,43.75652],[3.74706,43.75671],[3.74696,43.75698],[3.74635,43.7578],[3.74618,43.75816],[3.74621,43.75957],[3.74573,43.7602],[3.74698,43.76095],[3.74863,43.76219],[3.74863,43.76228],[3.74753,43.76314],[3.74718,43.76364],[3.74694,43.76414],[3.74652,43.76464],[3.74628,43.7651],[3.7461,43.76546],[3.74566,43.76542],[3.74405,43.76535],[3.72815,43.76513],[3.72479,43.76536],[3.72409,43.76542],[3.72349,43.76547],[3.72311,43.76552],[3.7228,43.76516],[3.72248,43.76453],[3.72196,43.76378],[3.72095,43.76298],[3.7205,43.7623],[3.71992,43.76124],[3.7194,43.76043],[3.71915,43.76034],[3.71367,43.76023],[3.71307,43.76082],[3.71276,43.76105],[3.71204,43.76187],[3.71137,43.76242],[3.71088,43.76265],[3.70934,43.76317],[3.70824,43.76349],[3.70678,43.7627],[3.70665,43.7627],[3.7061,43.76307],[3.70597,43.76307],[3.70553,43.76253],[3.70534,43.76217],[3.70532,43.76154],[3.70544,43.76127],[3.7055,43.761],[3.70581,43.76077],[3.70592,43.75996],[3.70609,43.75928],[3.70485,43.75944],[3.70428,43.75935],[3.70046,43.75822],[3.69903,43.75793],[3.69878,43.75793],[3.69781,43.75848],[3.69713,43.75894],[3.69709,43.75925],[3.69528,43.76008],[3.69406,43.76059],[3.69333,43.76106],[3.69321,43.76124],[3.69098,43.76117],[3.69079,43.7614],[3.69048,43.76141],[3.68887,43.76156],[3.68344,43.76311],[3.68288,43.76326],[3.68466,43.76458],[3.68733,43.76708],[3.68639,43.7674],[3.68571,43.76768],[3.6848,43.76787],[3.67742,43.76913],[3.6772,43.76976],[3.67703,43.77062],[3.67662,43.7722],[3.67601,43.77265],[3.6753,43.77324],[3.67454,43.7733],[3.67467,43.77753],[3.67625,43.77806],[3.67709,43.77844],[3.67814,43.77939],[3.67916,43.78025],[3.67795,43.78084],[3.6766,43.78214],[3.67611,43.78274],[3.67594,43.78323],[3.67582,43.78373],[3.67571,43.78395],[3.67497,43.78451],[3.67375,43.78501],[3.67282,43.78529],[3.67232,43.78539],[3.67196,43.78567],[3.67148,43.78644],[3.67122,43.78671],[3.67086,43.78689],[3.66968,43.78682],[3.66913,43.787],[3.66822,43.78769],[3.66661,43.78829],[3.66632,43.78884],[3.66501,43.78845],[3.66331,43.78783],[3.66236,43.78766],[3.66106,43.78777],[3.6597,43.78792],[3.65859,43.78788],[3.65809,43.78785],[3.65646,43.7876],[3.6554,43.78716],[3.6549,43.78681],[3.65471,43.78654],[3.65444,43.78574],[3.65411,43.78538],[3.65324,43.78461],[3.64787,43.78127],[3.6473,43.78068],[3.64697,43.78005],[3.64685,43.77969],[3.64669,43.77777],[3.64642,43.77696],[3.6461,43.77642],[3.64552,43.77589],[3.64509,43.77558],[3.64434,43.77514],[3.64401,43.77478],[3.64344,43.77406],[3.64311,43.77349],[3.64305,43.77313],[3.64328,43.77272],[3.64389,43.7723],[3.64431,43.77185],[3.64437,43.77122],[3.6443,43.77086],[3.64403,43.77041],[3.64366,43.7702],[3.64204,43.76962],[3.64153,43.76936],[3.64115,43.76877],[3.64082,43.76811],[3.6405,43.76766],[3.63999,43.76708],[3.63747,43.76517],[3.63639,43.76446],[3.63407,43.76333],[3.63356,43.76297],[3.63324,43.76226],[3.63305,43.76195],[3.63261,43.76145],[3.63158,43.7607],[3.63057,43.76008],[3.62976,43.75981],[3.62628,43.75937],[3.62429,43.75876],[3.62259,43.75806],[3.62215,43.7577],[3.62207,43.75725],[3.62182,43.75658],[3.62149,43.7559],[3.62142,43.75536],[3.62146,43.755],[3.62165,43.75478],[3.62165,43.75473],[3.62208,43.75419],[3.62231,43.75378],[3.6223,43.75315],[3.6221,43.7527],[3.62191,43.75221],[3.62138,43.75104],[3.62086,43.75006],[3.62047,43.74921],[3.62026,43.74827],[3.62001,43.74773],[3.61968,43.74715],[3.61917,43.74649],[3.61783,43.74519],[3.61664,43.74435],[3.61495,43.74351],[3.61364,43.74294],[3.61232,43.7426],[3.61126,43.74256],[3.61052,43.74257],[3.60948,43.74285],[3.60891,43.74321],[3.60874,43.74348],[3.60862,43.74381],[3.60833,43.74485],[3.60821,43.74494],[3.60815,43.74507],[3.60773,43.74553],[3.60705,43.74594],[3.60528,43.74709],[3.60466,43.74732],[3.6033,43.74765],[3.60084,43.74844],[3.59868,43.74923],[3.59763,43.74951],[3.59661,43.74957],[3.59583,43.74944],[3.59507,43.74945],[3.59414,43.7496],[3.59335,43.74973],[3.59324,43.75004],[3.59311,43.75037],[3.59288,43.75061],[3.59232,43.75069],[3.59173,43.75102],[3.5912,43.75155],[3.59183,43.75188],[3.59162,43.75233],[3.59156,43.7527],[3.59132,43.75298],[3.59058,43.7532],[3.59026,43.75308],[3.5901,43.75317],[3.5903,43.75366],[3.58994,43.75387],[3.59,43.75423],[3.59006,43.75452],[3.58978,43.75464],[3.58843,43.75484],[3.58781,43.75484],[3.58712,43.75445],[3.58675,43.75445],[3.58582,43.75478],[3.58545,43.75482],[3.58532,43.75478],[3.58513,43.75456],[3.58524,43.75411],[3.58524,43.75379],[3.58484,43.75368],[3.58437,43.7538],[3.58394,43.75394],[3.58369,43.75412],[3.58362,43.75514],[3.58353,43.7555],[3.58326,43.75559],[3.58294,43.75587],[3.58295,43.75598],[3.58305,43.75604],[3.58341,43.75598],[3.5837,43.75601],[3.58402,43.75636],[3.58381,43.7566],[3.58315,43.75683],[3.5827,43.75738],[3.5827,43.75747],[3.58333,43.7579],[3.58352,43.75813],[3.58354,43.75858],[3.58323,43.75876],[3.5823,43.75904],[3.58244,43.75939],[3.58275,43.7598],[3.58294,43.75993],[3.58326,43.76038],[3.58327,43.76075],[3.58321,43.76093],[3.58267,43.76174],[3.58274,43.76206],[3.58342,43.7621],[3.58374,43.76236],[3.58388,43.76272],[3.58369,43.76299],[3.58376,43.76308],[3.584,43.76308],[3.58431,43.76289],[3.58468,43.7628],[3.58499,43.76279],[3.58531,43.76297],[3.5855,43.76324],[3.58564,43.76418],[3.58583,43.76463],[3.58629,43.76538],[3.58654,43.76552],[3.58685,43.76589],[3.58687,43.76629],[3.58724,43.76632],[3.58774,43.76646],[3.58815,43.76676],[3.58828,43.76705],[3.58825,43.76757],[3.58757,43.76801],[3.58763,43.76812],[3.58833,43.76806],[3.58861,43.76811],[3.5888,43.76818],[3.58878,43.76842],[3.58834,43.76905],[3.58817,43.76949],[3.58823,43.76961],[3.58852,43.76967],[3.58924,43.76964],[3.58942,43.76977],[3.58893,43.77],[3.58862,43.77022],[3.58822,43.77065],[3.58828,43.77079],[3.58844,43.7708],[3.58889,43.77082],[3.58925,43.77106],[3.58958,43.77162],[3.58965,43.77218],[3.5896,43.77247],[3.58861,43.77297],[3.58863,43.77317],[3.58883,43.7733],[3.58888,43.7735],[3.58871,43.77375],[3.58869,43.77406],[3.58886,43.77416],[3.58896,43.77488],[3.58922,43.7751],[3.5895,43.77514],[3.5897,43.77528],[3.58977,43.77574],[3.59023,43.77586],[3.59033,43.77609],[3.59016,43.77624],[3.5898,43.77625],[3.58947,43.77636],[3.58917,43.77671],[3.58952,43.77706],[3.5894,43.77724],[3.58865,43.77747],[3.5884,43.77765],[3.58842,43.77814],[3.58836,43.77823],[3.58798,43.77833],[3.58749,43.77847],[3.58689,43.77888],[3.58652,43.77921],[3.58646,43.77953],[3.58555,43.78044],[3.58494,43.78098],[3.58439,43.78117],[3.58354,43.7818],[3.58346,43.7819],[3.5834,43.78226],[3.58328,43.78244],[3.58297,43.78272],[3.58249,43.78294],[3.58219,43.78335],[3.58176,43.78371],[3.5801,43.78427],[3.57912,43.78496],[3.5779,43.78579],[3.57684,43.78633],[3.5758,43.7868],[3.57456,43.78735],[3.57433,43.78758],[3.57645,43.78858],[3.57796,43.78924],[3.57877,43.78965],[3.5794,43.78986],[3.58034,43.78995],[3.58338,43.78996],[3.58407,43.78999],[3.58438,43.78999],[3.58469,43.79017],[3.58471,43.79057],[3.58533,43.79088],[3.58622,43.79176],[3.5871,43.79252],[3.58755,43.79306],[3.58826,43.79382],[3.58839,43.79445],[3.58977,43.79529],[3.59015,43.79555],[3.59084,43.79595],[3.59127,43.79598],[3.59222,43.7967],[3.59302,43.79717],[3.59386,43.79759],[3.59442,43.7979],[3.59509,43.79849],[3.59603,43.79827],[3.59799,43.79804],[3.59943,43.79914],[3.6039,43.80246],[3.60416,43.80269],[3.60417,43.80287],[3.6038,43.80332],[3.60378,43.80362],[3.60413,43.80392],[3.60443,43.80447],[3.60441,43.80516],[3.60504,43.80673],[3.60558,43.80749],[3.60625,43.80762],[3.60669,43.80802],[3.60683,43.80824],[3.60703,43.80882],[3.60819,43.81051],[3.60862,43.81082],[3.60993,43.81118],[3.60987,43.81149],[3.60989,43.81226],[3.60996,43.81239],[3.60653,43.81468],[3.60547,43.81451],[3.60473,43.81465],[3.60442,43.81466],[3.60342,43.81422],[3.60297,43.81392],[3.60247,43.81378],[3.60085,43.81361],[3.59998,43.81367],[3.59913,43.8139],[3.59806,43.81401],[3.59781,43.81419],[3.59769,43.81432],[3.59771,43.81477],[3.59758,43.81495],[3.59662,43.81566],[3.59537,43.81579],[3.59439,43.81661],[3.59408,43.81666],[3.59396,43.8167],[3.5939,43.81693],[3.59452,43.81716],[3.59453,43.81734],[3.59442,43.8177],[3.59386,43.81784],[3.5933,43.81825],[3.59324,43.81825],[3.59261,43.81794],[3.59248,43.81794],[3.59211,43.81803],[3.59192,43.8179],[3.59167,43.8179],[3.59136,43.81804],[3.59175,43.81858],[3.59169,43.81876],[3.59182,43.81912],[3.59247,43.82001],[3.59291,43.8205],[3.59298,43.82086],[3.59286,43.82127],[3.59311,43.82144],[3.5933,43.82148],[3.59348,43.82121],[3.59417,43.82157],[3.596,43.8224],[3.59606,43.82248],[3.59453,43.82336],[3.59238,43.82456],[3.59103,43.82543],[3.59012,43.82598],[3.5874,43.82754],[3.58715,43.82755],[3.58428,43.82694],[3.5723,43.82437],[3.57211,43.82437],[3.57025,43.82494],[3.56951,43.8253],[3.56871,43.82612],[3.56823,43.82644],[3.56761,43.82667],[3.56656,43.82691],[3.56533,43.82733],[3.56459,43.82769],[3.56378,43.82766],[3.56255,43.82795],[3.56186,43.82826],[3.56143,43.8284],[3.56087,43.82837],[3.56172,43.83075],[3.56186,43.83115],[3.56212,43.8316],[3.56263,43.83208],[3.56282,43.83226],[3.56326,43.83271],[3.56345,43.83293],[3.56376,43.83315],[3.56433,43.83328],[3.56665,43.83352],[3.56696,43.83379],[3.5679,43.83423],[3.56915,43.83467],[3.56972,43.8348],[3.57132,43.83483],[3.57165,43.83496],[3.5729,43.83594],[3.57329,43.83642],[3.57385,43.83687],[3.57448,43.83709],[3.5748,43.83735],[3.57549,43.83797],[3.57637,43.83823],[3.57799,43.83894],[3.57735,43.83956],[3.57725,43.83975],[3.57742,43.83987],[3.57769,43.84037],[3.57751,43.84059],[3.57739,43.84093],[3.57761,43.84101],[3.57781,43.84151],[3.57814,43.84217],[3.57833,43.84267],[3.57841,43.84312],[3.57844,43.84366],[3.57867,43.84371],[3.57886,43.8436],[3.57906,43.84377],[3.57895,43.84389],[3.57904,43.84399],[3.57917,43.84399],[3.57894,43.84444],[3.57912,43.8445],[3.57933,43.84443],[3.57932,43.84458],[3.57971,43.84453],[3.57954,43.84479],[3.58017,43.84459],[3.58018,43.84473],[3.57964,43.84512],[3.57977,43.84521],[3.57956,43.84537],[3.5799,43.84544],[3.58022,43.84529],[3.58134,43.84533],[3.58168,43.84563],[3.58152,43.84638],[3.58134,43.84669],[3.58103,43.84692],[3.5806,43.8471],[3.58054,43.84724],[3.5808,43.84755],[3.5813,43.84813],[3.58149,43.84813],[3.58242,43.84794],[3.58402,43.84724],[3.58458,43.84715],[3.58526,43.84714],[3.58669,43.84753],[3.58765,43.8482],[3.58822,43.8486],[3.58847,43.84864],[3.59046,43.8487],[3.59164,43.84883],[3.59338,43.84849],[3.59444,43.84848],[3.59469,43.84857],[3.59506,43.84883],[3.59581,43.84887],[3.59661,43.84911],[3.59749,43.84935],[3.59774,43.84934],[3.59818,43.84911],[3.5985,43.84911],[3.60087,43.84945],[3.59987,43.85297],[3.6015,43.85335],[3.60175,43.85357],[3.60201,43.85402],[3.60232,43.8542],[3.60321,43.85441],[3.60478,43.85462],[3.60868,43.85458],[3.6103,43.85479],[3.61092,43.85496],[3.61125,43.85567],[3.61158,43.85621],[3.61184,43.85679],[3.61203,43.85711],[3.61392,43.8583],[3.61442,43.85839],[3.61518,43.85887],[3.61712,43.85894],[3.61762,43.85907],[3.61812,43.85938],[3.61907,43.86005],[3.61939,43.86035],[3.61995,43.86071],[3.62132,43.86114],[3.62165,43.86132],[3.62184,43.86164],[3.62242,43.86239],[3.62286,43.86271],[3.62398,43.86305],[3.62567,43.86366],[3.62836,43.86408],[3.62986,43.86465],[3.63182,43.86557],[3.63214,43.86579],[3.63283,43.86637],[3.63296,43.86651],[3.63347,43.86686],[3.63415,43.86721],[3.63492,43.86769],[3.63523,43.86783],[3.63635,43.86786],[3.63691,43.86812],[3.63723,43.86834],[3.63773,43.86865],[3.63837,43.86902],[3.63868,43.86941],[3.63901,43.87013],[3.63983,43.87047],[3.64032,43.87061],[3.64039,43.87065],[3.64157,43.87108],[3.64265,43.87152],[3.64577,43.87235],[3.64809,43.87264],[3.64902,43.87294],[3.65041,43.87319],[3.65122,43.87354],[3.65184,43.87385],[3.6528,43.87451],[3.65342,43.875],[3.655,43.87576],[3.65588,43.87637],[3.65633,43.87682],[3.65683,43.87717],[3.65702,43.87726],[3.65789,43.87724],[3.65889,43.87755],[3.65964,43.87794],[3.66053,43.87856],[3.66142,43.87859],[3.66244,43.8788],[3.66289,43.87916],[3.66378,43.87952],[3.66513,43.88001],[3.66606,43.88035],[3.66687,43.8804],[3.66885,43.88048],[3.66992,43.88053],[3.66929,43.88302],[3.66897,43.88411],[3.66854,43.88585],[3.66796,43.88801],[3.66743,43.88997],[3.66665,43.89286],[3.66654,43.89353],[3.66636,43.89412],[3.66625,43.89479],[3.66606,43.89516],[3.66569,43.89511],[3.66557,43.89534],[3.6654,43.89615],[3.66475,43.8976],[3.66446,43.89837],[3.66446,43.89859],[3.6644,43.89864],[3.66435,43.89882],[3.66424,43.89968],[3.66407,43.90014],[3.66316,43.90154],[3.66261,43.90218],[3.66174,43.90254],[3.66101,43.90265],[3.66058,43.90278],[3.66064,43.90301],[3.66067,43.90422],[3.66065,43.90598],[3.66087,43.90759],[3.66101,43.90808],[3.66108,43.90872],[3.66122,43.90922],[3.66174,43.91024],[3.662,43.91064],[3.66282,43.91152],[3.66895,43.91039],[3.66979,43.91028],[3.67145,43.9096],[3.67225,43.91138],[3.67267,43.91183],[3.67293,43.91218],[3.67371,43.91393],[3.67462,43.9158],[3.67514,43.91678],[3.67554,43.91773],[3.67579,43.91827],[3.67632,43.91952],[3.67657,43.91999],[3.67703,43.92077],[3.67745,43.92202],[3.67752,43.92274],[3.67698,43.92334],[3.67779,43.92338],[3.67797,43.92347],[3.67835,43.92405],[3.67862,43.92471],[3.67877,43.92543],[3.67879,43.92642],[3.67861,43.92674],[3.67807,43.92751],[3.67739,43.92824],[3.67622,43.9291],[3.67537,43.92957],[3.67537,43.92988],[3.67544,43.93006],[3.67552,43.93047],[3.67579,43.93146],[3.67617,43.93204],[3.67675,43.93271],[3.67719,43.9331],[3.67783,43.93373],[3.67871,43.93448],[3.67986,43.93523],[3.68207,43.93661],[3.68288,43.93722],[3.68302,43.93736],[3.68322,43.93808],[3.68324,43.93889],[3.68356,43.94045],[3.68356,43.94047],[3.68376,43.94047],[3.68409,43.94029],[3.68463,43.93981],[3.68513,43.93958],[3.68574,43.93948],[3.68643,43.93947],[3.68776,43.93977],[3.68868,43.93981],[3.6895,43.93994]]]]},"properties":{"ID":"343","id":"343","NOM_MASSIF":"GANGEOIS","dept":"34"}},{"type":"Feature","id":3,"geometry":{"type":"MultiPolygon","coordinates":[[[[3.30547,43.75269],[3.30516,43.75225],[3.30458,43.75144],[3.30376,43.75028],[3.30313,43.74943],[3.30217,43.74818],[3.30179,43.74746],[3.30078,43.7462],[3.3004,43.74566],[3.30002,43.74518],[3.29932,43.74441],[3.29876,43.7438],[3.29818,43.74312],[3.298,43.74258],[3.29773,43.74201],[3.29728,43.74114],[3.29652,43.73997],[3.29627,43.73949],[3.29625,43.73837],[3.29599,43.73801],[3.29511,43.73721],[3.29454,43.73649],[3.29435,43.73592],[3.29342,43.73582],[3.29311,43.73587],[3.29292,43.73596],[3.29286,43.7362],[3.29282,43.73696],[3.29263,43.73728],[3.29207,43.7376],[3.29159,43.73778],[3.29072,43.73788],[3.29066,43.73806],[3.29066,43.73833],[3.29023,43.73864],[3.28894,43.73924],[3.28819,43.73942],[3.28696,43.73953],[3.28658,43.73997],[3.28654,43.74056],[3.28585,43.74039],[3.28553,43.74021],[3.28431,43.74032],[3.28345,43.73998],[3.2823,43.7392],[3.28235,43.73902],[3.28334,43.73811],[3.28395,43.73748],[3.28444,43.73729],[3.28486,43.73671],[3.28554,43.73634],[3.28758,43.73533],[3.28838,43.73497],[3.28831,43.73474],[3.28792,43.73407],[3.28761,43.7338],[3.28688,43.73435],[3.28676,43.73449],[3.28607,43.73476],[3.28563,43.73508],[3.28496,43.73527],[3.28459,43.73549],[3.28416,43.73564],[3.28199,43.73552],[3.28143,43.73535],[3.28056,43.73526],[3.27975,43.73527],[3.27932,43.73518],[3.2787,43.73518],[3.27802,43.73542],[3.27746,43.73537],[3.27664,43.73507],[3.27589,43.73494],[3.27514,43.73462],[3.27483,43.73445],[3.27347,43.73432],[3.27266,43.73402],[3.27148,43.73389],[3.27097,43.73376],[3.27061,43.73381],[3.27018,43.73399],[3.26956,43.73386],[3.26912,43.73391],[3.2685,43.73414],[3.26757,43.7346],[3.26658,43.73457],[3.26596,43.73475],[3.26553,43.73493],[3.2646,43.73503],[3.26398,43.7353],[3.26368,43.73563],[3.26319,43.7359],[3.26282,43.73599],[3.26244,43.73594],[3.2566,43.73172],[3.25611,43.73172],[3.25313,43.73192],[3.25245,43.73194],[3.25228,43.73279],[3.25222,43.73324],[3.25188,43.73464],[3.25175,43.73528],[3.25158,43.73609],[3.25141,43.73685],[3.25111,43.73784],[3.25086,43.73838],[3.25051,43.73924],[3.25046,43.73951],[3.25005,43.73996],[3.24953,43.74024],[3.24953,43.74042],[3.24942,43.74069],[3.24942,43.74123],[3.2495,43.7419],[3.24944,43.74213],[3.24939,43.74263],[3.24922,43.74367],[3.24868,43.74524],[3.2464,43.7493],[3.2433,43.74677],[3.24198,43.7457],[3.24141,43.74508],[3.24053,43.74404],[3.23971,43.74319],[3.23901,43.74266],[3.23796,43.74208],[3.23777,43.74178],[3.23776,43.74151],[3.23744,43.74074],[3.23744,43.74052],[3.23725,43.73996],[3.23712,43.73966],[3.2368,43.73953],[3.23656,43.73949],[3.23587,43.73958],[3.23507,43.73981],[3.23437,43.73999],[3.2329,43.74028],[3.23091,43.74038],[3.23023,43.74039],[3.2298,43.74012],[3.22948,43.73999],[3.22835,43.73968],[3.22655,43.73912],[3.22531,43.73881],[3.22455,43.7385],[3.22429,43.73814],[3.22342,43.73784],[3.2228,43.73757],[3.22243,43.73758],[3.2223,43.73781],[3.22232,43.73825],[3.22207,43.73916],[3.22178,43.7397],[3.22154,43.73999],[3.22153,43.74001],[3.22148,43.73999],[3.22109,43.73988],[3.22016,43.73962],[3.21966,43.7393],[3.21911,43.73918],[3.21861,43.73909],[3.21774,43.73901],[3.21568,43.73812],[3.21442,43.73768],[3.21318,43.73733],[3.21298,43.73688],[3.21292,43.73665],[3.21279,43.73634],[3.2122,43.73464],[3.21208,43.73442],[3.21094,43.73343],[3.20937,43.73209],[3.20868,43.73134],[3.20861,43.73098],[3.2086,43.73053],[3.20835,43.73008],[3.20734,43.72923],[3.20709,43.72883],[3.20683,43.72796],[3.2067,43.72778],[3.20447,43.72731],[3.20242,43.72692],[3.20174,43.72684],[3.20149,43.72675],[3.20135,43.72639],[3.20104,43.7263],[3.19972,43.72613],[3.19954,43.72627],[3.19935,43.72649],[3.1993,43.72667],[3.19924,43.72735],[3.19918,43.72744],[3.19702,43.72805],[3.19628,43.72814],[3.19541,43.72801],[3.19442,43.72775],[3.19349,43.72771],[3.19031,43.72729],[3.18589,43.72642],[3.18434,43.72598],[3.18384,43.72589],[3.18341,43.72589],[3.1745,43.72683],[3.17397,43.72685],[3.17346,43.72686],[3.17301,43.72671],[3.17271,43.72666],[3.17256,43.72654],[3.17255,43.7268],[3.17242,43.72703],[3.17232,43.72737],[3.17234,43.7279],[3.16959,43.72807],[3.1683,43.7283],[3.16562,43.72891],[3.16495,43.72919],[3.16433,43.72964],[3.16318,43.73091],[3.16318,43.73154],[3.16243,43.73318],[3.1618,43.73425],[3.16192,43.73565],[3.16146,43.73614],[3.1607,43.73691],[3.16109,43.73801],[3.1616,43.73915],[3.16244,43.73959],[3.16256,43.73999],[3.16275,43.74028],[3.16307,43.74073],[3.16357,43.74121],[3.16383,43.7418],[3.16384,43.74252],[3.16371,43.74306],[3.16371,43.74333],[3.16416,43.74462],[3.1643,43.74498],[3.16449,43.74534],[3.16562,43.74592],[3.16625,43.74624],[3.16644,43.74673],[3.1665,43.747],[3.16664,43.74758],[3.16684,43.74861],[3.16711,43.74933],[3.16841,43.75],[3.1686,43.75013],[3.1686,43.75022],[3.16761,43.75081],[3.16761,43.7509],[3.16812,43.75117],[3.16818,43.75121],[3.16837,43.75112],[3.16855,43.75112],[3.16886,43.75134],[3.16893,43.75134],[3.16917,43.7512],[3.1693,43.75125],[3.16955,43.75143],[3.16882,43.75206],[3.1677,43.75329],[3.16716,43.75397],[3.16649,43.75461],[3.16581,43.7551],[3.16452,43.75579],[3.16415,43.75592],[3.16365,43.75633],[3.16354,43.75651],[3.16323,43.75674],[3.16218,43.75693],[3.16193,43.75706],[3.16173,43.75725],[3.16143,43.75779],[3.16088,43.75824],[3.16077,43.75847],[3.16077,43.75851],[3.16058,43.75878],[3.15996,43.75915],[3.15971,43.75924],[3.15922,43.7592],[3.15872,43.75897],[3.15859,43.75885],[3.15853,43.7588],[3.15847,43.75862],[3.15703,43.75764],[3.15659,43.75737],[3.1564,43.75719],[3.15521,43.75662],[3.15502,43.75631],[3.15484,43.75635],[3.1544,43.75654],[3.15398,43.75717],[3.15361,43.75758],[3.15319,43.75785],[3.15319,43.75812],[3.1535,43.75848],[3.1535,43.75866],[3.15338,43.75884],[3.15288,43.75915],[3.15128,43.75979],[3.1506,43.76025],[3.15024,43.76075],[3.15006,43.76147],[3.14982,43.7621],[3.14965,43.76277],[3.14965,43.76364],[3.15104,43.76519],[3.15054,43.76538],[3.15032,43.76532],[3.14899,43.76582],[3.14802,43.76632],[3.14769,43.76671],[3.14732,43.76689],[3.14675,43.76689],[3.14572,43.76716],[3.14441,43.7674],[3.14245,43.76832],[3.14147,43.76869],[3.14157,43.76983],[3.14192,43.77026],[3.14212,43.77061],[3.14219,43.77084],[3.14243,43.7712],[3.14268,43.77152],[3.14288,43.77229],[3.14307,43.7726],[3.14364,43.77309],[3.14402,43.77367],[3.14472,43.77429],[3.14496,43.77469],[3.14523,43.77568],[3.14529,43.77586],[3.1453,43.77622],[3.14499,43.77658],[3.14487,43.77681],[3.14482,43.77726],[3.1447,43.77744],[3.1447,43.77812],[3.14464,43.77844],[3.1447,43.77857],[3.14483,43.77925],[3.14484,43.77956],[3.1449,43.77974],[3.14484,43.77992],[3.14497,43.78009],[3.14504,43.78041],[3.14573,43.78086],[3.14624,43.78125],[3.14656,43.7817],[3.14718,43.78215],[3.14787,43.78246],[3.14818,43.78273],[3.14813,43.783],[3.14752,43.78386],[3.14752,43.78395],[3.14708,43.78449],[3.14659,43.78495],[3.14498,43.78541],[3.14473,43.78555],[3.14448,43.7855],[3.14319,43.78492],[3.14151,43.78435],[3.14028,43.7841],[3.13951,43.78513],[3.13915,43.78522],[3.1376,43.78526],[3.13565,43.78519],[3.13387,43.78514],[3.13323,43.78478],[3.13006,43.78468],[3.12888,43.78512],[3.12795,43.78521],[3.12677,43.78508],[3.12578,43.78496],[3.12368,43.78502],[3.1238,43.78596],[3.12389,43.78722],[3.12402,43.7878],[3.12403,43.78866],[3.12436,43.78933],[3.12467,43.78965],[3.12492,43.78983],[3.12541,43.79037],[3.12586,43.79108],[3.12574,43.79144],[3.12526,43.79185],[3.12532,43.79202],[3.12563,43.79216],[3.12638,43.79247],[3.12695,43.79269],[3.12813,43.79295],[3.12887,43.79331],[3.12975,43.79388],[3.13026,43.79429],[3.13026,43.7946],[3.13001,43.79478],[3.12945,43.79492],[3.12903,43.79497],[3.12872,43.79515],[3.1281,43.79584],[3.1273,43.79621],[3.12705,43.7963],[3.12643,43.79639],[3.126,43.79652],[3.12557,43.7968],[3.12439,43.79721],[3.12414,43.79753],[3.12396,43.79785],[3.12372,43.79803],[3.12334,43.79812],[3.12272,43.79822],[3.12254,43.7984],[3.12243,43.79939],[3.12225,43.79984],[3.12213,43.79993],[3.12213,43.79997],[3.12188,43.80029],[3.1217,43.8005],[3.1214,43.80077],[3.12105,43.8008],[3.1208,43.80162],[3.12057,43.80192],[3.12031,43.80208],[3.12067,43.8024],[3.12224,43.80338],[3.12323,43.80393],[3.12461,43.80451],[3.12523,43.80477],[3.12567,43.80481],[3.12629,43.80458],[3.12721,43.8039],[3.1282,43.80357],[3.12957,43.8032],[3.13093,43.80306],[3.13156,43.8031],[3.13205,43.80333],[3.13299,43.80381],[3.13418,43.80421],[3.1348,43.80439],[3.13524,43.80465],[3.13605,43.80496],[3.13687,43.80536],[3.13755,43.80549],[3.13873,43.80557],[3.13999,43.80578],[3.14055,43.80605],[3.14092,43.80641],[3.14112,43.80673],[3.14155,43.80713],[3.14187,43.80739],[3.14218,43.8078],[3.14269,43.80834],[3.14362,43.80895],[3.14426,43.80913],[3.14574,43.80917],[3.14673,43.80916],[3.14736,43.80933],[3.14811,43.80964],[3.14855,43.81],[3.14873,43.81035],[3.14875,43.81068],[3.14856,43.81117],[3.14857,43.81167],[3.14907,43.81234],[3.1497,43.81265],[3.15033,43.81314],[3.15033,43.81318],[3.15039,43.81323],[3.15046,43.81336],[3.1507,43.81359],[3.15071,43.81377],[3.1514,43.81461],[3.15147,43.81479],[3.15254,43.81568],[3.15355,43.81649],[3.15423,43.81681],[3.15524,43.81715],[3.15692,43.81755],[3.15804,43.81758],[3.16071,43.81717],[3.16268,43.81615],[3.16374,43.81593],[3.1651,43.81542],[3.16715,43.81545],[3.16838,43.81535],[3.17056,43.81502],[3.17093,43.81484],[3.17166,43.81456],[3.17323,43.81459],[3.17428,43.81459],[3.17546,43.8144],[3.17769,43.81384],[3.17874,43.81338],[3.18016,43.81297],[3.1811,43.81282],[3.18272,43.81281],[3.18464,43.81343],[3.18582,43.81351],[3.18663,43.81372],[3.18857,43.81417],[3.18932,43.81425],[3.18982,43.81411],[3.19049,43.81398],[3.19098,43.81397],[3.19157,43.81424],[3.19219,43.81441],[3.19405,43.81444],[3.19485,43.8143],[3.19541,43.81447],[3.19609,43.81456],[3.19628,43.81456],[3.19901,43.81463],[3.20019,43.81457],[3.20311,43.81387],[3.20404,43.81355],[3.20448,43.81337],[3.20546,43.81291],[3.20713,43.81249],[3.20769,43.81249],[3.20807,43.81258],[3.20807,43.81262],[3.2085,43.81293],[3.20931,43.81311],[3.21144,43.81335],[3.21256,43.81363],[3.21319,43.81407],[3.2165,43.81566],[3.21812,43.81628],[3.21918,43.81659],[3.22144,43.81728],[3.22194,43.81756],[3.22269,43.81778],[3.22301,43.81836],[3.22339,43.81858],[3.22382,43.81889],[3.22402,43.81925],[3.22427,43.81965],[3.22434,43.81983],[3.22452,43.82015],[3.22472,43.82033],[3.22578,43.82059],[3.22609,43.82081],[3.22622,43.82104],[3.22622,43.82143],[3.22648,43.8217],[3.22686,43.82206],[3.22717,43.82246],[3.22743,43.82283],[3.22824,43.82336],[3.2288,43.82371],[3.22888,43.82416],[3.22913,43.82461],[3.22933,43.82493],[3.23057,43.82509],[3.23126,43.82536],[3.23182,43.82567],[3.232,43.82598],[3.23227,43.8263],[3.23264,43.82648],[3.2337,43.82678],[3.23507,43.8269],[3.23575,43.82707],[3.23625,43.82719],[3.23658,43.82713],[3.23738,43.8273],[3.2381,43.82726],[3.23914,43.82725],[3.23944,43.82739],[3.23956,43.82766],[3.24007,43.82776],[3.24071,43.82775],[3.24148,43.82797],[3.24226,43.82837],[3.24276,43.82877],[3.24323,43.82898],[3.24415,43.82909],[3.24596,43.82902],[3.24791,43.82941],[3.24904,43.82958],[3.24918,43.83044],[3.2488,43.83049],[3.24888,43.8313],[3.24895,43.8317],[3.24902,43.83251],[3.24909,43.83319],[3.24934,43.83363],[3.24959,43.83394],[3.25068,43.83483],[3.2508,43.83501],[3.25081,43.83627],[3.25082,43.83686],[3.25095,43.83713],[3.25171,43.83807],[3.25177,43.83829],[3.25179,43.83888],[3.25148,43.83937],[3.25137,43.83978],[3.25143,43.84036],[3.25145,43.84099],[3.25114,43.84144],[3.25109,43.84207],[3.25123,43.84279],[3.25142,43.8432],[3.25136,43.84343],[3.25105,43.84347],[3.25055,43.84347],[3.24987,43.84357],[3.24825,43.84349],[3.24802,43.84381],[3.24771,43.84449],[3.24716,43.84504],[3.24678,43.84541],[3.24624,43.84577],[3.2447,43.84654],[3.24054,43.84869],[3.24024,43.8489],[3.24001,43.84958],[3.23975,43.8505],[3.23933,43.85176],[3.23742,43.85219],[3.237,43.85271],[3.2367,43.85308],[3.23637,43.85347],[3.23673,43.85456],[3.23573,43.85478],[3.23557,43.85539],[3.23567,43.85599],[3.23496,43.8565],[3.23483,43.85698],[3.23446,43.85756],[3.23436,43.8585],[3.2344,43.85937],[3.23473,43.86028],[3.23465,43.86088],[3.23509,43.86245],[3.23561,43.86349],[3.23604,43.8644],[3.23577,43.86516],[3.23622,43.86655],[3.23658,43.86784],[3.2366,43.86789],[3.23758,43.86991],[3.23789,43.87027],[3.23908,43.87044],[3.23996,43.87147],[3.24041,43.872],[3.2413,43.87294],[3.24168,43.87339],[3.24224,43.87392],[3.24331,43.87473],[3.24331,43.87487],[3.243,43.87505],[3.24308,43.87518],[3.24408,43.8758],[3.24482,43.87616],[3.24585,43.87646],[3.24634,43.87655],[3.2482,43.87653],[3.24975,43.87638],[3.25031,43.87638],[3.25423,43.87675],[3.2553,43.87751],[3.25683,43.87872],[3.25727,43.87916],[3.25828,43.88019],[3.25898,43.88095],[3.25968,43.88198],[3.2598,43.88211],[3.25981,43.8822],[3.26024,43.88286],[3.26038,43.883],[3.2607,43.88368],[3.26135,43.88552],[3.26162,43.88664],[3.26167,43.88714],[3.26181,43.88732],[3.26193,43.88768],[3.26206,43.88813],[3.26228,43.88983],[3.26247,43.89055],[3.26261,43.891],[3.26287,43.89217],[3.26314,43.89279],[3.26351,43.89329],[3.26415,43.89405],[3.26434,43.8944],[3.26497,43.89526],[3.26567,43.89568],[3.26721,43.89654],[3.26853,43.8971],[3.26948,43.8975],[3.2704,43.89755],[3.27212,43.8979],[3.27341,43.89824],[3.27507,43.89835],[3.27646,43.89732],[3.27695,43.89701],[3.27744,43.89677],[3.2777,43.89664],[3.2782,43.89618],[3.2785,43.89587],[3.2785,43.89564],[3.27912,43.89527],[3.28004,43.89487],[3.28109,43.89494],[3.28201,43.89412],[3.2828,43.89313],[3.28342,43.89272],[3.28667,43.89282],[3.2868,43.89314],[3.28699,43.89341],[3.28793,43.89403],[3.28856,43.89438],[3.29063,43.89514],[3.29287,43.89571],[3.29343,43.89578],[3.29399,43.8956],[3.29684,43.89454],[3.29845,43.89408],[3.30019,43.89384],[3.30204,43.89369],[3.30629,43.89365],[3.30872,43.89376],[3.31027,43.89375],[3.3115,43.89365],[3.31212,43.89338],[3.31316,43.89264],[3.31397,43.89228],[3.31584,43.89173],[3.31793,43.89098],[3.31893,43.89062],[3.31911,43.89062],[3.32005,43.89101],[3.32168,43.89145],[3.3228,43.89167],[3.32991,43.89241],[3.33508,43.89308],[3.33553,43.89308],[3.33846,43.89351],[3.34257,43.89419],[3.34215,43.89496],[3.34173,43.89605],[3.34144,43.89686],[3.34138,43.89722],[3.34127,43.89749],[3.34115,43.89821],[3.34032,43.90133],[3.34027,43.90173],[3.34135,43.90302],[3.34301,43.90504],[3.34391,43.90604],[3.35654,43.91207],[3.35677,43.91257],[3.35836,43.91383],[3.35834,43.9135],[3.3583,43.913],[3.35827,43.91278],[3.35783,43.91256],[3.35732,43.91224],[3.35705,43.91205],[3.35736,43.91179],[3.35838,43.91147],[3.35893,43.91164],[3.35938,43.91169],[3.3598,43.91142],[3.36011,43.91096],[3.36026,43.91063],[3.361,43.91022],[3.36181,43.91015],[3.36232,43.91039],[3.36229,43.91086],[3.36274,43.91133],[3.3638,43.91222],[3.36411,43.9125],[3.36464,43.91251],[3.36502,43.91233],[3.36573,43.9124],[3.36652,43.913],[3.36723,43.91351],[3.36796,43.91346],[3.36867,43.91364],[3.3689,43.91396],[3.36873,43.91414],[3.36806,43.91413],[3.36787,43.91413],[3.36704,43.91398],[3.36694,43.91416],[3.36679,43.91443],[3.36687,43.9152],[3.36696,43.91581],[3.36668,43.91645],[3.36656,43.91697],[3.36668,43.91706],[3.36731,43.91711],[3.36799,43.91691],[3.36843,43.91691],[3.36893,43.91714],[3.36961,43.9174],[3.37017,43.91748],[3.37098,43.91729],[3.3718,43.91702],[3.37247,43.91642],[3.37265,43.91615],[3.37264,43.91579],[3.37251,43.91544],[3.37245,43.91504],[3.37257,43.9149],[3.37287,43.91467],[3.37343,43.91466],[3.37424,43.9147],[3.37467,43.91461],[3.3761,43.9141],[3.37609,43.91374],[3.37552,43.91316],[3.37545,43.91294],[3.37551,43.91289],[3.37582,43.91289],[3.37646,43.91311],[3.37689,43.9131],[3.37713,43.91292],[3.37731,43.91265],[3.37775,43.91228],[3.37806,43.91224],[3.379,43.9124],[3.37919,43.91227],[3.3793,43.91213],[3.37936,43.91182],[3.37929,43.91128],[3.37965,43.91105],[3.38023,43.91123],[3.38048,43.91141],[3.38048,43.91208],[3.38073,43.9123],[3.38131,43.91239],[3.38173,43.91239],[3.38216,43.91206],[3.38266,43.91143],[3.38289,43.91089],[3.38307,43.91071],[3.38339,43.91057],[3.38413,43.9106],[3.38462,43.91051],[3.38505,43.91056],[3.38569,43.91086],[3.38625,43.91104],[3.38725,43.91112],[3.3875,43.9112],[3.38756,43.91152],[3.38769,43.91165],[3.38807,43.91173],[3.38826,43.91169],[3.38863,43.91146],[3.38894,43.91142],[3.38938,43.91137],[3.39013,43.91146],[3.39081,43.91118],[3.39117,43.91086],[3.39129,43.91062],[3.39129,43.91035],[3.3911,43.91013],[3.39035,43.90996],[3.39003,43.90978],[3.38978,43.90951],[3.38971,43.90921],[3.3899,43.90906],[3.39046,43.90906],[3.39121,43.90945],[3.39171,43.90995],[3.3921,43.91045],[3.39266,43.91084],[3.39291,43.91098],[3.39328,43.91098],[3.39366,43.91084],[3.39426,43.9102],[3.39457,43.9097],[3.39474,43.90919],[3.395,43.9091],[3.39543,43.90956],[3.39618,43.90966],[3.39688,43.91023],[3.39658,43.91069],[3.39678,43.91108],[3.3973,43.91166],[3.39773,43.91305],[3.39781,43.91389],[3.39854,43.91415],[3.39938,43.91455],[3.40064,43.91495],[3.40102,43.91504],[3.40139,43.91482],[3.40157,43.91432],[3.40176,43.91419],[3.4022,43.91418],[3.40251,43.91431],[3.4027,43.9148],[3.40295,43.91503],[3.40326,43.91516],[3.40388,43.91515],[3.40594,43.91491],[3.40637,43.91473],[3.4076,43.91386],[3.40778,43.91381],[3.4081,43.91403],[3.40817,43.9147],[3.4083,43.91529],[3.40855,43.91538],[3.4093,43.91546],[3.40949,43.91532],[3.40967,43.915],[3.40978,43.91469],[3.41004,43.91388],[3.41027,43.91356],[3.41083,43.91338],[3.41133,43.91332],[3.41151,43.91341],[3.41164,43.91355],[3.41197,43.91417],[3.41253,43.91452],[3.41334,43.91479],[3.41415,43.91496],[3.41477,43.91496],[3.41521,43.91468],[3.41545,43.91431],[3.41649,43.9135],[3.41681,43.91341],[3.41712,43.9134],[3.41724,43.91349],[3.41799,43.9143],[3.41818,43.91434],[3.4188,43.91379],[3.42035,43.91269],[3.42108,43.91233],[3.4217,43.91218],[3.42207,43.91218],[3.42239,43.91232],[3.42282,43.91245],[3.42381,43.91176],[3.42445,43.9116],[3.42431,43.91101],[3.42425,43.91073],[3.42414,43.91043],[3.42457,43.91017],[3.42523,43.90995],[3.426,43.90978],[3.42657,43.90958],[3.42704,43.90916],[3.4271,43.90852],[3.42673,43.9076],[3.42689,43.90728],[3.42743,43.90731],[3.42881,43.90669],[3.42993,43.90582],[3.43076,43.90502],[3.43132,43.9044],[3.43161,43.90428],[3.43205,43.90427],[3.43245,43.90439],[3.43283,43.90425],[3.43309,43.90401],[3.43278,43.90369],[3.43289,43.90349],[3.43353,43.90298],[3.43462,43.90229],[3.43595,43.90178],[3.43691,43.90142],[3.43774,43.90118],[3.43801,43.90088],[3.43802,43.90051],[3.43788,43.89994],[3.43831,43.89912],[3.4391,43.89822],[3.4395,43.89761],[3.43986,43.89717],[3.44027,43.89684],[3.4398,43.89643],[3.43948,43.89623],[3.43897,43.89609],[3.43867,43.89604],[3.43822,43.89606],[3.43766,43.89597],[3.43735,43.89598],[3.43379,43.89574],[3.43323,43.89556],[3.4329,43.89526],[3.43265,43.89498],[3.4322,43.89408],[3.43219,43.89377],[3.43365,43.89165],[3.43462,43.89019],[3.43721,43.88918],[3.44148,43.88752],[3.44148,43.88743],[3.43553,43.88532],[3.43528,43.88514],[3.43431,43.88362],[3.43316,43.88179],[3.43244,43.88045],[3.43209,43.87833],[3.43202,43.87784],[3.43196,43.87752],[3.43161,43.87533],[3.43159,43.8747],[3.43152,43.87384],[3.43137,43.87258],[3.43056,43.87259],[3.42379,43.87297],[3.42304,43.8728],[3.42161,43.87232],[3.42425,43.87107],[3.42597,43.86993],[3.42725,43.8687],[3.42787,43.86802],[3.42901,43.86639],[3.42926,43.86611],[3.42975,43.86553],[3.43048,43.86489],[3.43121,43.86412],[3.43212,43.86285],[3.43369,43.86297],[3.43518,43.86296],[3.43537,43.86304],[3.43687,43.86392],[3.43959,43.86529],[3.44221,43.86647],[3.44279,43.86668],[3.44325,43.86686],[3.4436,43.86713],[3.44397,43.86738],[3.44415,43.86767],[3.44416,43.86803],[3.44387,43.86867],[3.44615,43.86953],[3.45114,43.86927],[3.45266,43.86922],[3.45606,43.86906],[3.45631,43.8691],[3.45958,43.87063],[3.46272,43.87205],[3.46545,43.87504],[3.46697,43.87664],[3.46811,43.87772],[3.47027,43.87962],[3.47291,43.88185],[3.47451,43.88332],[3.47683,43.885],[3.47822,43.88608],[3.47854,43.88653],[3.47939,43.88831],[3.48003,43.8892],[3.48111,43.89018],[3.483,43.89197],[3.48325,43.89201],[3.48395,43.8916],[3.48461,43.89105],[3.48517,43.89069],[3.48542,43.89041],[3.48546,43.88987],[3.49077,43.89104],[3.49127,43.89116],[3.49158,43.89129],[3.49183,43.89129],[3.49233,43.8912],[3.49295,43.89128],[3.49421,43.8914],[3.49446,43.89131],[3.49488,43.89108],[3.49519,43.89058],[3.49542,43.88986],[3.49566,43.8895],[3.49597,43.88936],[3.49622,43.88931],[3.4966,43.88944],[3.49672,43.88958],[3.49691,43.88985],[3.49727,43.89026],[3.49738,43.89071],[3.49726,43.89134],[3.49723,43.89177],[3.49749,43.89203],[3.49783,43.89221],[3.49846,43.89224],[3.49947,43.89211],[3.50044,43.89168],[3.50143,43.89117],[3.50227,43.89101],[3.50316,43.89141],[3.50381,43.89227],[3.50351,43.89294],[3.50245,43.89321],[3.50173,43.89343],[3.50161,43.89372],[3.5016,43.89407],[3.50193,43.89435],[3.50259,43.89476],[3.50358,43.89569],[3.50365,43.89612],[3.50276,43.89661],[3.50227,43.8969],[3.50252,43.89714],[3.50265,43.89729],[3.50311,43.89732],[3.50433,43.89737],[3.50531,43.89739],[3.50567,43.8972],[3.50625,43.8966],[3.50678,43.89625],[3.50764,43.89567],[3.50844,43.89518],[3.50925,43.89533],[3.50996,43.89543],[3.51027,43.89543],[3.51108,43.89519],[3.51171,43.89478],[3.5121,43.89483],[3.51219,43.89567],[3.51238,43.89603],[3.51287,43.89618],[3.51334,43.89621],[3.51407,43.89561],[3.5153,43.89466],[3.51554,43.89424],[3.51572,43.89352],[3.51578,43.89298],[3.51564,43.89259],[3.51557,43.89214],[3.51582,43.89204],[3.51607,43.89199],[3.51756,43.89238],[3.51813,43.89247],[3.51844,43.89237],[3.51862,43.89215],[3.51867,43.89192],[3.51848,43.89165],[3.51779,43.89112],[3.51709,43.89072],[3.51621,43.89009],[3.51596,43.88979],[3.51576,43.88938],[3.51594,43.88893],[3.51679,43.88842],[3.51796,43.8877],[3.51858,43.88741],[3.51901,43.88732],[3.51932,43.88732],[3.5197,43.8874],[3.52001,43.88762],[3.52078,43.8883],[3.5216,43.88887],[3.52223,43.88895],[3.52247,43.88885],[3.52278,43.88863],[3.52297,43.8884],[3.52301,43.88777],[3.52282,43.88737],[3.52249,43.88684],[3.52187,43.88635],[3.52098,43.88577],[3.52091,43.8855],[3.52116,43.88541],[3.52147,43.88536],[3.52185,43.88558],[3.5226,43.88589],[3.52309,43.88597],[3.52328,43.88593],[3.52353,43.88579],[3.52371,43.88538],[3.52367,43.8839],[3.52355,43.88367],[3.52329,43.88345],[3.52292,43.88324],[3.52261,43.88319],[3.5218,43.88347],[3.52081,43.88362],[3.52037,43.88353],[3.52025,43.88339],[3.52024,43.883],[3.52041,43.88235],[3.5206,43.88212],[3.5207,43.88145],[3.52101,43.88113],[3.52144,43.88099],[3.52188,43.88099],[3.52263,43.8812],[3.52331,43.88143],[3.52362,43.88138],[3.52393,43.88124],[3.52418,43.88101],[3.52424,43.88087],[3.52422,43.88029],[3.52385,43.87979],[3.52321,43.8794],[3.52171,43.87892],[3.5214,43.87874],[3.52127,43.87856],[3.52132,43.87807],[3.5215,43.87775],[3.52186,43.87744],[3.52286,43.87715],[3.52404,43.87697],[3.52435,43.87673],[3.52427,43.87628],[3.52415,43.87616],[3.52371,43.8758],[3.52264,43.87527],[3.52213,43.87492],[3.52201,43.87468],[3.52213,43.8745],[3.52317,43.8739],[3.52335,43.87363],[3.52334,43.87318],[3.52309,43.87292],[3.52227,43.87239],[3.52126,43.87195],[3.5202,43.87151],[3.52001,43.87134],[3.5202,43.87111],[3.52259,43.87004],[3.52327,43.86964],[3.52345,43.86928],[3.52356,43.86901],[3.52349,43.86811],[3.52328,43.86725],[3.52314,43.8667],[3.5227,43.86608],[3.52225,43.86564],[3.5215,43.86533],[3.52044,43.86511],[3.5192,43.86499],[3.5187,43.86478],[3.51857,43.8646],[3.51855,43.86393],[3.5188,43.86352],[3.51909,43.86337],[3.51953,43.86337],[3.52009,43.86346],[3.52172,43.86389],[3.52329,43.86427],[3.52367,43.86436],[3.5241,43.86436],[3.5246,43.864],[3.52483,43.86363],[3.52514,43.86304],[3.52531,43.86277],[3.5269,43.86158],[3.52763,43.8609],[3.52781,43.86054],[3.52775,43.86014],[3.52742,43.85947],[3.5271,43.85915],[3.52623,43.8588],[3.52609,43.85862],[3.52608,43.85776],[3.52619,43.85754],[3.52718,43.85668],[3.52755,43.85631],[3.52796,43.85563],[3.52809,43.85522],[3.52814,43.85477],[3.52825,43.85432],[3.52844,43.85414],[3.52862,43.8541],[3.52893,43.85409],[3.52968,43.85444],[3.53012,43.8548],[3.53064,43.85551],[3.53076,43.85573],[3.5311,43.85695],[3.53143,43.85727],[3.53199,43.85739],[3.53242,43.85739],[3.53285,43.85716],[3.53327,43.85661],[3.53369,43.85579],[3.53429,43.85511],[3.5346,43.85489],[3.53548,43.85469],[3.53604,43.85482],[3.53691,43.85509],[3.53722,43.85504],[3.53747,43.85486],[3.53777,43.85432],[3.53789,43.85409],[3.53782,43.85368],[3.53776,43.85359],[3.53776,43.85337],[3.53812,43.85319],[3.53892,43.85317],[3.53942,43.85322],[3.54035,43.85321],[3.54097,43.85303],[3.54258,43.85238],[3.5437,43.85214],[3.54488,43.85199],[3.54606,43.85198],[3.54772,43.85155],[3.54859,43.85137],[3.54965,43.85127],[3.54977,43.85135],[3.54996,43.85153],[3.55152,43.85152],[3.55277,43.85155],[3.55358,43.85171],[3.55377,43.85176],[3.55396,43.85216],[3.55409,43.85252],[3.55442,43.85309],[3.55448,43.85309],[3.55473,43.8535],[3.55488,43.85413],[3.55496,43.85522],[3.55515,43.85576],[3.55542,43.85592],[3.55573,43.8561],[3.55691,43.85645],[3.55747,43.85663],[3.5581,43.85671],[3.55934,43.85652],[3.56081,43.8561],[3.56205,43.8554],[3.56272,43.85509],[3.56334,43.85467],[3.56395,43.85399],[3.56457,43.85375],[3.56588,43.85357],[3.56661,43.85328],[3.56753,43.85278],[3.56791,43.85264],[3.5682,43.85232],[3.56851,43.85183],[3.56886,43.85079],[3.56915,43.85047],[3.57022,43.84978],[3.57033,43.8496],[3.57045,43.84915],[3.57069,43.8487],[3.57092,43.84838],[3.5711,43.84789],[3.57123,43.84762],[3.57121,43.84675],[3.57218,43.84611],[3.57312,43.84552],[3.57371,43.84515],[3.57446,43.84483],[3.57581,43.84434],[3.57706,43.84416],[3.57785,43.84392],[3.57844,43.84366],[3.57841,43.84312],[3.57833,43.84267],[3.57814,43.84217],[3.57781,43.84151],[3.57761,43.84101],[3.57739,43.84093],[3.57751,43.84059],[3.57769,43.84037],[3.57742,43.83987],[3.57725,43.83975],[3.57735,43.83956],[3.57799,43.83894],[3.57637,43.83823],[3.57549,43.83797],[3.5748,43.83735],[3.57448,43.83709],[3.57385,43.83687],[3.57329,43.83642],[3.5729,43.83594],[3.57165,43.83496],[3.57132,43.83483],[3.56972,43.8348],[3.56915,43.83467],[3.5679,43.83423],[3.56696,43.83379],[3.56665,43.83352],[3.56433,43.83328],[3.56376,43.83315],[3.56345,43.83293],[3.56326,43.83271],[3.56282,43.83226],[3.56263,43.83208],[3.56212,43.8316],[3.56186,43.83115],[3.56172,43.83075],[3.56087,43.82837],[3.56143,43.8284],[3.56186,43.82826],[3.56255,43.82795],[3.56378,43.82766],[3.56459,43.82769],[3.56533,43.82733],[3.56656,43.82691],[3.56761,43.82667],[3.56823,43.82644],[3.56871,43.82612],[3.56951,43.8253],[3.57025,43.82494],[3.57211,43.82437],[3.5723,43.82437],[3.57396,43.82367],[3.57421,43.82354],[3.57419,43.823],[3.57404,43.82232],[3.57392,43.82228],[3.57135,43.82357],[3.57116,43.82357],[3.5711,43.82339],[3.57102,43.82276],[3.5704,43.82002],[3.57018,43.81867],[3.56984,43.81733],[3.56978,43.81679],[3.56963,43.81634],[3.56855,43.81478],[3.56714,43.81295],[3.55777,43.8108],[3.55726,43.81013],[3.55586,43.80839],[3.5547,43.80687],[3.55337,43.80526],[3.54794,43.80361],[3.54755,43.803],[3.54671,43.80101],[3.5463,43.79981],[3.54596,43.79837],[3.54575,43.79733],[3.54562,43.79693],[3.5454,43.79549],[3.54527,43.79536],[3.54009,43.79393],[3.53997,43.79371],[3.53984,43.79313],[3.53963,43.792],[3.53936,43.79146],[3.53898,43.79093],[3.53788,43.79089],[3.53686,43.79066],[3.53544,43.7902],[3.53479,43.78971],[3.53424,43.78895],[3.53359,43.78814],[3.53282,43.78717],[3.53142,43.78546],[3.53104,43.78489],[3.52988,43.7836],[3.52812,43.78185],[3.52666,43.78043],[3.52557,43.77954],[3.52449,43.77839],[3.52379,43.77767],[3.52271,43.77655],[3.51911,43.77309],[3.51879,43.77259],[3.51809,43.77143],[3.51711,43.76942],[3.51699,43.76924],[3.51574,43.76889],[3.5153,43.76871],[3.51429,43.76787],[3.51321,43.7668],[3.51233,43.76614],[3.51089,43.76548],[3.5092,43.76459],[3.50561,43.76224],[3.50424,43.7614],[3.50404,43.76105],[3.50339,43.75983],[3.50288,43.75899],[3.50275,43.75868],[3.50165,43.75675],[3.50101,43.75535],[3.50061,43.75464],[3.50017,43.75379],[3.49972,43.75317],[3.49877,43.75218],[3.49619,43.75009],[3.4953,43.7493],[3.49479,43.7488],[3.49206,43.74887],[3.48865,43.74882],[3.48786,43.75013],[3.48757,43.75064],[3.48745,43.75113],[3.48748,43.75293],[3.48761,43.75352],[3.48757,43.75442],[3.48746,43.75491],[3.48721,43.75518],[3.48666,43.75559],[3.48323,43.75747],[3.48199,43.75825],[3.48047,43.75907],[3.47789,43.76043],[3.47146,43.76345],[3.47126,43.76875],[3.4712,43.7688],[3.47082,43.76881],[3.47076,43.76822],[3.4696,43.76594],[3.46883,43.76428],[3.46837,43.76329],[3.46812,43.7628],[3.46755,43.76307],[3.46663,43.76362],[3.4611,43.76664],[3.45907,43.76785],[3.45785,43.76862],[3.45657,43.76989],[3.45497,43.77193],[3.45436,43.77309],[3.45352,43.77309],[3.45283,43.77342],[3.45153,43.77384],[3.45039,43.77439],[3.4489,43.77475],[3.44812,43.77454],[3.4474,43.77466],[3.44616,43.77522],[3.445,43.77581],[3.44336,43.77689],[3.44244,43.77738],[3.44159,43.77621],[3.44001,43.77442],[3.43868,43.77309],[3.43819,43.77304],[3.43767,43.77255],[3.43761,43.77237],[3.43795,43.77136],[3.43778,43.77089],[3.43774,43.76961],[3.4373,43.76917],[3.43544,43.77011],[3.43488,43.76984],[3.43389,43.76962],[3.43327,43.76975],[3.43277,43.76971],[3.43246,43.7695],[3.43146,43.76941],[3.43058,43.76879],[3.42853,43.76832],[3.42815,43.76837],[3.42766,43.76851],[3.42702,43.76829],[3.42399,43.76906],[3.4232,43.76912],[3.4229,43.76957],[3.42269,43.77008],[3.42292,43.77053],[3.42286,43.77098],[3.41917,43.76985],[3.41436,43.76814],[3.40811,43.76578],[3.40787,43.766],[3.4069,43.76744],[3.40616,43.76854],[3.40598,43.76881],[3.4055,43.76944],[3.40514,43.76993],[3.40471,43.77079],[3.40436,43.77157],[3.40407,43.77215],[3.40347,43.7735],[3.40281,43.77501],[3.4026,43.77528],[3.40287,43.77541],[3.40312,43.77549],[3.40342,43.77551],[3.40363,43.77559],[3.40376,43.77573],[3.40376,43.77591],[3.40372,43.77606],[3.40381,43.77618],[3.404,43.77628],[3.40432,43.77626],[3.40447,43.77677],[3.40446,43.7771],[3.40411,43.77791],[3.40411,43.77845],[3.40417,43.77877],[3.40436,43.77917],[3.40444,43.77948],[3.40432,43.77958],[3.39947,43.7798],[3.3983,43.7799],[3.39794,43.78017],[3.39788,43.78026],[3.39765,43.78103],[3.39753,43.7818],[3.39735,43.78253],[3.39716,43.78293],[3.39718,43.78352],[3.39681,43.78406],[3.39614,43.78474],[3.39602,43.78492],[3.39554,43.78556],[3.39481,43.78611],[3.39456,43.78638],[3.39438,43.78669],[3.39421,43.78773],[3.39515,43.78772],[3.39527,43.78749],[3.39545,43.78731],[3.396,43.78713],[3.39662,43.78712],[3.39824,43.78737],[3.39918,43.78763],[3.39918,43.78768],[3.39955,43.78772],[3.40272,43.78761],[3.40353,43.78773],[3.40446,43.78786],[3.40472,43.78804],[3.40491,43.78826],[3.40585,43.78897],[3.40574,43.78938],[3.40576,43.79103],[3.40523,43.79208],[3.40505,43.79226],[3.40469,43.79303],[3.40457,43.79367],[3.40438,43.79403],[3.40403,43.79457],[3.40361,43.79565],[3.40338,43.79669],[3.4032,43.79715],[3.40272,43.7976],[3.40278,43.79791],[3.40286,43.79863],[3.40292,43.79881],[3.40299,43.79948],[3.40288,43.79975],[3.40282,43.80033],[3.40265,43.80103],[3.40212,43.80206],[3.4017,43.80287],[3.40108,43.80369],[3.39987,43.80545],[3.39969,43.80582],[3.39926,43.80654],[3.39897,43.80699],[3.39758,43.80894],[3.39696,43.80952],[3.39579,43.81036],[3.39363,43.81124],[3.39186,43.81247],[3.39062,43.81319],[3.38915,43.81447],[3.38818,43.81542],[3.38812,43.8156],[3.38893,43.81604],[3.38863,43.81649],[3.38839,43.81673],[3.38704,43.81804],[3.38509,43.81999],[3.38392,43.82122],[3.38325,43.82186],[3.38283,43.82223],[3.38264,43.82227],[3.37956,43.82343],[3.37739,43.82425],[3.37689,43.82426],[3.37341,43.82406],[3.37127,43.82282],[3.3687,43.82127],[3.36863,43.82069],[3.36848,43.81988],[3.36846,43.81866],[3.36827,43.81812],[3.36764,43.81759],[3.36739,43.81714],[3.36731,43.81651],[3.36724,43.81561],[3.3671,43.81489],[3.3669,43.81435],[3.36664,43.81387],[3.36638,43.81332],[3.36625,43.81283],[3.36631,43.81247],[3.36623,43.81184],[3.36603,43.81098],[3.36609,43.81031],[3.3662,43.81004],[3.36612,43.80756],[3.36652,43.80629],[3.36829,43.80453],[3.36735,43.80408],[3.36572,43.80315],[3.36478,43.8029],[3.36377,43.80223],[3.36237,43.80098],[3.36187,43.80035],[3.3618,43.80013],[3.36061,43.79955],[3.36061,43.79946],[3.3601,43.79875],[3.35978,43.79813],[3.36022,43.79698],[3.35647,43.79662],[3.35246,43.79439],[3.35213,43.79388],[3.35231,43.79325],[3.35236,43.79284],[3.35186,43.79257],[3.3508,43.79258],[3.34553,43.79262],[3.33794,43.7927],[3.33769,43.79261],[3.33694,43.79207],[3.33592,43.79096],[3.33452,43.78903],[3.33427,43.78863],[3.33421,43.7885],[3.33543,43.78691],[3.33529,43.78685],[3.33462,43.78673],[3.33414,43.7866],[3.33403,43.78607],[3.33385,43.7858],[3.33384,43.78526],[3.33409,43.78485],[3.33421,43.78413],[3.33444,43.78373],[3.33444,43.783],[3.3343,43.78264],[3.33392,43.78237],[3.33268,43.78189],[3.33248,43.78154],[3.33124,43.78172],[3.33093,43.78164],[3.33035,43.78128],[3.32986,43.78115],[3.32843,43.78116],[3.32842,43.78053],[3.32804,43.78014],[3.32779,43.77991],[3.32779,43.77982],[3.32828,43.77946],[3.32878,43.77936],[3.32907,43.77918],[3.32914,43.77905],[3.32907,43.77869],[3.32856,43.7781],[3.32831,43.77774],[3.32818,43.77711],[3.32823,43.77671],[3.32829,43.77635],[3.32852,43.77603],[3.32852,43.77594],[3.32783,43.77577],[3.32697,43.77552],[3.32636,43.77569],[3.32334,43.77574],[3.32201,43.77559],[3.32117,43.77555],[3.32083,43.7754],[3.32026,43.77545],[3.31989,43.77546],[3.31935,43.77539],[3.3187,43.77582],[3.31847,43.77577],[3.31824,43.77598],[3.31778,43.77597],[3.31703,43.77559],[3.3167,43.77581],[3.31619,43.77579],[3.31558,43.77719],[3.31558,43.7775],[3.31539,43.77804],[3.31531,43.7801],[3.31526,43.78087],[3.31515,43.78163],[3.31503,43.7819],[3.31494,43.78385],[3.31494,43.78407],[3.31481,43.78416],[3.31345,43.7844],[3.31314,43.78458],[3.3124,43.78522],[3.31149,43.78622],[3.31095,43.78699],[3.31064,43.78717],[3.31002,43.78717],[3.30877,43.78701],[3.30472,43.78619],[3.30254,43.78579],[3.30037,43.78581],[3.29911,43.78511],[3.30004,43.7846],[3.30077,43.78343],[3.30125,43.78275],[3.30168,43.78243],[3.30303,43.78197],[3.30396,43.78156],[3.30562,43.78042],[3.30692,43.77987],[3.30753,43.7795],[3.30815,43.77904],[3.30863,43.77846],[3.30923,43.77755],[3.30972,43.77692],[3.31206,43.77545],[3.3136,43.77472],[3.31619,43.77299],[3.31767,43.77212],[3.31773,43.77203],[3.31728,43.77167],[3.31615,43.77083],[3.31551,43.7702],[3.31565,43.76962],[3.31555,43.76831],[3.3153,43.76782],[3.3148,43.76746],[3.31497,43.76724],[3.31572,43.76705],[3.31497,43.76638],[3.3144,43.76581],[3.31421,43.76549],[3.31407,43.76486],[3.31392,43.76356],[3.3131,43.76271],[3.31266,43.76194],[3.31221,43.76132],[3.31177,43.76092],[3.3107,43.75985],[3.30975,43.75892],[3.30963,43.75865],[3.30835,43.75726],[3.30727,43.7561],[3.30652,43.7552],[3.306,43.75449],[3.30561,43.75368],[3.30547,43.75269]]],[[[3.59987,43.85297],[3.59942,43.85473],[3.59917,43.85482],[3.59661,43.85554],[3.59454,43.85609],[3.58854,43.85755],[3.58389,43.85877],[3.58339,43.85909],[3.58316,43.85927],[3.57874,43.86274],[3.57551,43.86539],[3.57545,43.86552],[3.57634,43.86623],[3.57684,43.86677],[3.5773,43.86775],[3.57736,43.86802],[3.57782,43.86901],[3.57789,43.86928],[3.57868,43.8712],[3.57882,43.87156],[3.57901,43.87206],[3.57926,43.8724],[3.57945,43.87264],[3.57965,43.87291],[3.5799,43.87313],[3.5799,43.87318],[3.58105,43.8746],[3.58163,43.8755],[3.58234,43.8762],[3.58247,43.87706],[3.58267,43.87733],[3.58323,43.87763],[3.58411,43.87795],[3.58467,43.8783],[3.58512,43.87875],[3.58532,43.87919],[3.5854,43.88004],[3.58565,43.88035],[3.58615,43.88062],[3.58691,43.88083],[3.58834,43.88091],[3.58878,43.88095],[3.58903,43.88113],[3.58886,43.88193],[3.58906,43.88243],[3.58981,43.88288],[3.59044,43.88341],[3.59079,43.88379],[3.59105,43.88411],[3.59171,43.88432],[3.5925,43.88457],[3.59359,43.8849],[3.59421,43.88512],[3.5949,43.88515],[3.59662,43.88553],[3.59683,43.88545],[3.5977,43.88562],[3.59865,43.88602],[3.5994,43.88651],[3.60031,43.88722],[3.60112,43.88811],[3.60114,43.88833],[3.60001,43.88871],[3.59964,43.88898],[3.59964,43.88911],[3.60034,43.88964],[3.60134,43.89022],[3.60161,43.89053],[3.6018,43.89066],[3.6018,43.89097],[3.60149,43.89134],[3.60101,43.89171],[3.60002,43.89207],[3.59977,43.89221],[3.59997,43.89249],[3.60048,43.89311],[3.60093,43.89373],[3.60112,43.89391],[3.6017,43.89481],[3.60221,43.89538],[3.60368,43.89726],[3.60439,43.89825],[3.60681,43.90128],[3.60702,43.90158],[3.60727,43.90181],[3.60727,43.90185],[3.60758,43.90221],[3.60808,43.90225],[3.61044,43.902],[3.61093,43.90172],[3.61111,43.90172],[3.61156,43.90185],[3.612,43.90208],[3.6125,43.90252],[3.61283,43.90305],[3.61284,43.90395],[3.61273,43.90431],[3.61262,43.90504],[3.61307,43.90544],[3.61313,43.90557],[3.6132,43.90562],[3.6137,43.90619],[3.61447,43.90695],[3.61453,43.90709],[3.61549,43.90811],[3.61549,43.90816],[3.61688,43.90954],[3.61689,43.90963],[3.61913,43.91207],[3.61957,43.91252],[3.62136,43.91444],[3.62186,43.91493],[3.62186,43.91497],[3.62294,43.91617],[3.62313,43.91644],[3.62359,43.91698],[3.62396,43.91692],[3.62557,43.91645],[3.62688,43.91644],[3.62881,43.9161],[3.62931,43.91606],[3.62987,43.91619],[3.63086,43.91632],[3.6325,43.91598],[3.63331,43.91588],[3.63516,43.91612],[3.63898,43.91619],[3.63933,43.91599],[3.63956,43.91549],[3.63999,43.91472],[3.64015,43.91427],[3.6402,43.91364],[3.64007,43.91337],[3.63975,43.91284],[3.63855,43.91186],[3.63842,43.91163],[3.63821,43.91082],[3.63798,43.91024],[3.63775,43.90988],[3.63736,43.90922],[3.63698,43.90851],[3.63662,43.90747],[3.63613,43.90694],[3.63513,43.90571],[3.63438,43.90478],[3.6344,43.9038],[3.63419,43.90326],[3.6334,43.90097],[3.63268,43.89958],[3.63249,43.89927],[3.63619,43.89775],[3.63716,43.89728],[3.63772,43.89705],[3.63855,43.89664],[3.63898,43.89646],[3.63921,43.89628],[3.6393,43.8962],[3.63946,43.89652],[3.63996,43.89668],[3.64059,43.8974],[3.64114,43.89766],[3.6415,43.89777],[3.64227,43.89792],[3.6464,43.90095],[3.64732,43.90105],[3.6474,43.90136],[3.64748,43.90163],[3.64755,43.90244],[3.6475,43.90262],[3.64731,43.90292],[3.64683,43.90393],[3.64654,43.9042],[3.64629,43.90457],[3.64631,43.90497],[3.64644,43.90516],[3.64645,43.90552],[3.64635,43.90604],[3.64638,43.9066],[3.64634,43.90766],[3.64627,43.90903],[3.64628,43.90952],[3.64676,43.91033],[3.64673,43.91051],[3.64627,43.91083],[3.64629,43.91119],[3.6465,43.91171],[3.64648,43.91235],[3.64544,43.91302],[3.64512,43.91326],[3.64432,43.91364],[3.64217,43.91492],[3.64092,43.9152],[3.64086,43.91529],[3.64161,43.91555],[3.64236,43.91568],[3.64261,43.91564],[3.64509,43.91488],[3.64677,43.91459],[3.65005,43.91425],[3.65221,43.91327],[3.65315,43.91295],[3.65475,43.91262],[3.65593,43.91247],[3.65612,43.91274],[3.6562,43.91319],[3.65676,43.91322],[3.66258,43.91207],[3.66282,43.91152],[3.662,43.91064],[3.66174,43.91024],[3.66122,43.90922],[3.66108,43.90872],[3.66101,43.90808],[3.66087,43.90759],[3.66065,43.90598],[3.66067,43.90422],[3.66064,43.90301],[3.66058,43.90278],[3.66101,43.90265],[3.66174,43.90254],[3.66261,43.90218],[3.66316,43.90154],[3.66407,43.90014],[3.66424,43.89968],[3.66435,43.89882],[3.6644,43.89864],[3.66446,43.89859],[3.66446,43.89837],[3.66475,43.8976],[3.6654,43.89615],[3.66557,43.89534],[3.66569,43.89511],[3.66606,43.89516],[3.66625,43.89479],[3.66636,43.89412],[3.66654,43.89353],[3.66665,43.89286],[3.66743,43.88997],[3.66796,43.88801],[3.66854,43.88585],[3.66897,43.88411],[3.66929,43.88302],[3.66992,43.88053],[3.66885,43.88048],[3.66687,43.8804],[3.66606,43.88035],[3.66513,43.88001],[3.66378,43.87952],[3.66289,43.87916],[3.66244,43.8788],[3.66142,43.87859],[3.66053,43.87856],[3.65964,43.87794],[3.65889,43.87755],[3.65789,43.87724],[3.65702,43.87726],[3.65683,43.87717],[3.65633,43.87682],[3.65588,43.87637],[3.655,43.87576],[3.65342,43.875],[3.6528,43.87451],[3.65184,43.87385],[3.65122,43.87354],[3.65041,43.87319],[3.64902,43.87294],[3.64809,43.87264],[3.64577,43.87235],[3.64265,43.87152],[3.64157,43.87108],[3.64039,43.87065],[3.64032,43.87061],[3.63983,43.87047],[3.63901,43.87013],[3.63868,43.86941],[3.63837,43.86902],[3.63773,43.86865],[3.63723,43.86834],[3.63691,43.86812],[3.63635,43.86786],[3.63523,43.86783],[3.63492,43.86769],[3.63415,43.86721],[3.63347,43.86686],[3.63296,43.86651],[3.63283,43.86637],[3.63214,43.86579],[3.63182,43.86557],[3.62986,43.86465],[3.62836,43.86408],[3.62567,43.86366],[3.62398,43.86305],[3.62286,43.86271],[3.62242,43.86239],[3.62184,43.86164],[3.62165,43.86132],[3.62132,43.86114],[3.61995,43.86071],[3.61939,43.86035],[3.61907,43.86005],[3.61812,43.85938],[3.61762,43.85907],[3.61712,43.85894],[3.61518,43.85887],[3.61442,43.85839],[3.61392,43.8583],[3.61203,43.85711],[3.61184,43.85679],[3.61158,43.85621],[3.61125,43.85567],[3.61092,43.85496],[3.6103,43.85479],[3.60868,43.85458],[3.60478,43.85462],[3.60321,43.85441],[3.60232,43.8542],[3.60201,43.85402],[3.60175,43.85357],[3.6015,43.85335],[3.59987,43.85297]]]]},"properties":{"ID":"342","id":"342","NOM_MASSIF":"ESCANDORGUE-ET-LARZAC","dept":"34"}},{"type":"Feature","id":4,"geometry":{"type":"MultiPolygon","coordinates":[[[[3.78313,43.59953],[3.7835,43.59929],[3.78435,43.59866],[3.78472,43.5982],[3.78472,43.59793],[3.78439,43.59776],[3.78414,43.59744],[3.78413,43.59708],[3.78432,43.5969],[3.78529,43.59666],[3.78609,43.59638],[3.78652,43.59616],[3.78761,43.59492],[3.78888,43.59392],[3.78962,43.59346],[3.79059,43.59286],[3.79126,43.59254],[3.79238,43.59234],[3.79285,43.59198],[3.79322,43.59143],[3.79322,43.59125],[3.79297,43.59125],[3.79198,43.59153],[3.79081,43.59168],[3.79031,43.59186],[3.79007,43.59187],[3.78944,43.59152],[3.78944,43.59143],[3.78969,43.59125],[3.79016,43.5907],[3.79053,43.5902],[3.79063,43.58984],[3.79074,43.58889],[3.79091,43.58821],[3.79138,43.58722],[3.79131,43.58668],[3.79121,43.58484],[3.79057,43.58448],[3.79051,43.58439],[3.79069,43.58421],[3.79069,43.58408],[3.78961,43.58328],[3.7888,43.58275],[3.78874,43.58262],[3.7894,43.58207],[3.7894,43.5818],[3.78881,43.58091],[3.78786,43.57979],[3.78597,43.57847],[3.78514,43.57776],[3.7827,43.57914],[3.78245,43.5791],[3.781,43.57807],[3.78013,43.57759],[3.77988,43.57755],[3.77964,43.57773],[3.77855,43.5786],[3.77842,43.57861],[3.7763,43.57805],[3.77624,43.57796],[3.77592,43.57738],[3.77592,43.5772],[3.77559,43.57653],[3.77515,43.57626],[3.77494,43.57569],[3.77462,43.57487],[3.77436,43.57451],[3.77232,43.57468],[3.77176,43.57468],[3.77009,43.57448],[3.76914,43.57423],[3.76852,43.57383],[3.76759,43.57353],[3.76616,43.57305],[3.76614,43.57287],[3.76632,43.57214],[3.76696,43.57092],[3.76702,43.57065],[3.76689,43.57043],[3.76658,43.57034],[3.76491,43.57018],[3.76488,43.56924],[3.7648,43.56834],[3.76474,43.56591],[3.76467,43.56559],[3.76434,43.56483],[3.76397,43.56452],[3.76345,43.56413],[3.76206,43.56271],[3.76181,43.56235],[3.76167,43.56184],[3.76133,43.56091],[3.76122,43.55997],[3.76111,43.55947],[3.7608,43.55889],[3.76009,43.55805],[3.75971,43.55733],[3.75822,43.55739],[3.75698,43.55736],[3.75691,43.55709],[3.75633,43.55616],[3.75581,43.55517],[3.75562,43.55499],[3.7555,43.55464],[3.75537,43.55419],[3.75534,43.55307],[3.75498,43.55149],[3.75497,43.55081],[3.75396,43.54998],[3.75365,43.54948],[3.75287,43.5481],[3.75248,43.54738],[3.75223,43.54679],[3.75177,43.54586],[3.75125,43.54496],[3.75042,43.54412],[3.74986,43.54354],[3.74986,43.54345],[3.75171,43.54339],[3.75171,43.5433],[3.75014,43.54245],[3.74832,43.54167],[3.74719,43.54123],[3.74613,43.54066],[3.74544,43.54045],[3.74469,43.54023],[3.74382,43.5398],[3.74244,43.539],[3.74074,43.53803],[3.73991,43.53751],[3.7416,43.53596],[3.74217,43.53528],[3.74273,43.53439],[3.74335,43.53428],[3.74247,43.53278],[3.74168,43.53293],[3.74112,43.53245],[3.74024,43.53182],[3.73885,43.53148],[3.73836,43.53149],[3.73751,43.5319],[3.73623,43.5326],[3.73556,43.53292],[3.73447,43.53383],[3.73372,43.53424],[3.73207,43.53512],[3.73184,43.53531],[3.73159,43.53526],[3.73065,43.53469],[3.7294,43.53403],[3.72951,43.53394],[3.73044,43.53402],[3.73062,43.53353],[3.73068,43.53311],[3.73107,43.53167],[3.73112,43.53122],[3.72961,43.53025],[3.72918,43.52985],[3.7291,43.52962],[3.72928,43.52949],[3.73081,43.52825],[3.72999,43.52745],[3.73163,43.52621],[3.73163,43.52612],[3.73111,43.52554],[3.73061,43.5251],[3.72986,43.52466],[3.72811,43.5241],[3.72749,43.52379],[3.72662,43.52326],[3.72629,43.52295],[3.72536,43.52237],[3.72523,43.52229],[3.72452,43.5218],[3.7246,43.52171],[3.72459,43.52162],[3.72421,43.5214],[3.7234,43.52091],[3.72327,43.52074],[3.72319,43.51988],[3.723,43.51966],[3.72268,43.51949],[3.72217,43.51891],[3.72174,43.51854],[3.72143,43.51851],[3.721,43.51878],[3.72032,43.5191],[3.71952,43.5192],[3.71872,43.51925],[3.7176,43.51914],[3.71667,43.51906],[3.71598,43.51821],[3.71547,43.51755],[3.71534,43.51723],[3.71528,43.5171],[3.71367,43.51725],[3.71261,43.51736],[3.71206,43.5175],[3.71155,43.51683],[3.71141,43.51629],[3.71132,43.51503],[3.71126,43.51489],[3.71049,43.5141],[3.70923,43.51304],[3.70798,43.51209],[3.7071,43.51134],[3.70685,43.51107],[3.70455,43.50823],[3.70448,43.50799],[3.70477,43.50741],[3.70483,43.50723],[3.70427,43.50706],[3.70278,43.50649],[3.70271,43.50627],[3.70262,43.50519],[3.7028,43.50483],[3.70317,43.50451],[3.70346,43.50409],[3.70353,43.50369],[3.70321,43.50321],[3.70301,43.50288],[3.70295,43.50252],[3.70282,43.50221],[3.70267,43.50118],[3.70246,43.50059],[3.70209,43.50029],[3.70147,43.50016],[3.70128,43.50007],[3.70126,43.49939],[3.70107,43.49909],[3.70101,43.49882],[3.70124,43.49864],[3.70123,43.49796],[3.70103,43.49764],[3.70072,43.49751],[3.70016,43.49742],[3.69985,43.49739],[3.69979,43.49725],[3.69892,43.49667],[3.69865,43.49623],[3.69865,43.49565],[3.69852,43.49556],[3.69846,43.49543],[3.69814,43.4952],[3.69758,43.49489],[3.69757,43.49463],[3.69769,43.49449],[3.69763,43.49435],[3.69732,43.49418],[3.69718,43.49387],[3.69717,43.49346],[3.69742,43.49318],[3.6974,43.49296],[3.69728,43.49278],[3.69715,43.49274],[3.69715,43.49238],[3.69727,43.49224],[3.69727,43.49206],[3.69676,43.49175],[3.69639,43.49185],[3.69602,43.49181],[3.69577,43.49149],[3.69557,43.49096],[3.69545,43.49091],[3.69477,43.49088],[3.69482,43.49065],[3.695,43.49038],[3.69493,43.49007],[3.69454,43.48949],[3.69417,43.48926],[3.69417,43.48889],[3.6944,43.48853],[3.69446,43.48835],[3.69443,43.48754],[3.69437,43.48728],[3.69436,43.48674],[3.69455,43.48655],[3.69546,43.48619],[3.69576,43.48596],[3.69588,43.4856],[3.69593,43.48519],[3.69611,43.48492],[3.69646,43.48451],[3.69658,43.48419],[3.69664,43.48365],[3.69674,43.48338],[3.69706,43.48306],[3.69761,43.48279],[3.69784,43.48243],[3.69796,43.48216],[3.69839,43.48174],[3.69856,43.48146],[3.69868,43.48106],[3.69872,43.48038],[3.69853,43.47963],[3.69845,43.4794],[3.69657,43.47803],[3.69632,43.47763],[3.69606,43.47727],[3.69592,43.47677],[3.69573,43.47646],[3.69492,43.47602],[3.69373,43.47549],[3.69198,43.47462],[3.69191,43.47404],[3.69152,43.47345],[3.69127,43.47314],[3.69081,43.4722],[3.69044,43.47162],[3.69037,43.47144],[3.69023,43.47112],[3.69017,43.47094],[3.68992,43.47059],[3.68885,43.46984],[3.68872,43.4697],[3.68848,43.46993],[3.68842,43.46998],[3.68823,43.46994],[3.68742,43.46945],[3.68659,43.46856],[3.68622,43.46806],[3.68557,43.46758],[3.68414,43.46697],[3.68338,43.46648],[3.68295,43.46622],[3.68263,43.46586],[3.68214,43.4656],[3.68113,43.46515],[3.6802,43.46463],[3.67989,43.46463],[3.6794,43.46477],[3.67804,43.4647],[3.67736,43.46471],[3.67624,43.46431],[3.67587,43.46401],[3.67511,43.46401],[3.67436,43.46353],[3.67435,43.46268],[3.67402,43.46236],[3.67353,43.46232],[3.67315,43.46192],[3.67265,43.46161],[3.67078,43.46069],[3.66859,43.45936],[3.66809,43.45902],[3.66752,43.45874],[3.66714,43.45838],[3.66638,43.45745],[3.66625,43.45727],[3.66619,43.45736],[3.66597,43.45813],[3.66579,43.45858],[3.6655,43.45894],[3.66488,43.45945],[3.66269,43.46055],[3.66158,43.46143],[3.66147,43.46157],[3.66062,43.46211],[3.65971,43.46258],[3.65859,43.46304],[3.65657,43.4636],[3.65357,43.46458],[3.65215,43.46514],[3.65197,43.4651],[3.65089,43.46389],[3.64928,43.46437],[3.64651,43.46491],[3.64493,43.4654],[3.6444,43.46592],[3.64288,43.4675],[3.64004,43.47109],[3.63835,43.47282],[3.63817,43.47313],[3.63757,43.47381],[3.63657,43.47536],[3.63625,43.4759],[3.63584,43.47658],[3.63518,43.47722],[3.63457,43.478],[3.63422,43.47876],[3.6341,43.4789],[3.63369,43.47971],[3.63333,43.48025],[3.63278,43.48089],[3.63199,43.48162],[3.62799,43.48491],[3.62628,43.48646],[3.62598,43.48683],[3.62586,43.48678],[3.62511,43.48665],[3.6248,43.48665],[3.62425,43.4868],[3.62394,43.48658],[3.62338,43.48599],[3.62248,43.48474],[3.62203,43.48363],[3.62157,43.48278],[3.62149,43.48233],[3.62137,43.48188],[3.62124,43.48156],[3.62073,43.48121],[3.61856,43.48046],[3.61487,43.47912],[3.613,43.47836],[3.61186,43.47707],[3.61112,43.47659],[3.61035,43.47575],[3.60948,43.47508],[3.60674,43.47376],[3.60586,43.47354],[3.60536,43.47355],[3.6042,43.4737],[3.60408,43.47374],[3.60414,43.47388],[3.60421,43.47428],[3.60126,43.47535],[3.59992,43.47613],[3.59973,43.47613],[3.59837,43.47463],[3.59837,43.47349],[3.5975,43.47322],[3.59743,43.47238],[3.59755,43.47215],[3.59815,43.47146],[3.59819,43.47065],[3.59831,43.4702],[3.59829,43.46936],[3.59808,43.46846],[3.59792,43.46793],[3.59683,43.46767],[3.59647,43.46722],[3.59595,43.46438],[3.59551,43.46253],[3.5955,43.45979],[3.59553,43.45781],[3.595,43.45812],[3.59461,43.45873],[3.59438,43.45904],[3.59418,43.45922],[3.59352,43.45986],[3.59108,43.46169],[3.59048,43.46224],[3.59001,43.46296],[3.58946,43.46368],[3.5894,43.46386],[3.58836,43.46424],[3.58739,43.4648],[3.5858,43.46558],[3.58488,43.46613],[3.58403,43.4665],[3.58188,43.4676],[3.58102,43.46819],[3.58011,43.46875],[3.57724,43.47076],[3.57531,43.47235],[3.57457,43.47276],[3.57402,43.47295],[3.57316,43.47309],[3.57273,43.4731],[3.57191,43.47279],[3.57069,43.47375],[3.57009,43.47457],[3.5698,43.47479],[3.56825,43.47504],[3.56764,43.47523],[3.56721,43.47559],[3.56434,43.47724],[3.56141,43.47907],[3.55835,43.48087],[3.55835,43.48092],[3.55788,43.48159],[3.5572,43.48214],[3.55654,43.48273],[3.55496,43.4841],[3.55466,43.48473],[3.55295,43.48601],[3.55297,43.48628],[3.55291,43.48641],[3.55157,43.4876],[3.55103,43.48805],[3.55103,43.48814],[3.55147,43.48828],[3.55259,43.48881],[3.55372,43.48951],[3.55372,43.4896],[3.55353,43.48974],[3.55195,43.49084],[3.55195,43.49093],[3.55214,43.4912],[3.5529,43.49186],[3.55341,43.49248],[3.55329,43.49276],[3.55297,43.49298],[3.55095,43.49354],[3.54972,43.49392],[3.54887,43.49424],[3.54887,43.49433],[3.54894,43.49502],[3.54906,43.49519],[3.54945,43.49555],[3.55063,43.49576],[3.55199,43.49623],[3.55267,43.49659],[3.55348,43.49667],[3.55398,43.49676],[3.55598,43.49731],[3.5561,43.49745],[3.55444,43.49832],[3.55354,43.49901],[3.55323,43.49929],[3.55282,43.49992],[3.55227,43.50056],[3.55173,43.50106],[3.55075,43.50215],[3.55075,43.50232],[3.55108,43.503],[3.55121,43.50363],[3.55148,43.5047],[3.55164,43.50619],[3.55183,43.50682],[3.5526,43.50803],[3.55311,43.50905],[3.55344,43.50981],[3.55396,43.51058],[3.55446,43.51147],[3.55498,43.51241],[3.55593,43.51357],[3.55611,43.51379],[3.55687,43.51432],[3.55719,43.51481],[3.55745,43.51531],[3.55801,43.51593],[3.55859,43.51643],[3.55946,43.51691],[3.55977,43.517],[3.56039,43.51698],[3.56207,43.51692],[3.56256,43.51701],[3.563,43.51736],[3.56345,43.51781],[3.56376,43.5183],[3.56395,43.51876],[3.56391,43.51925],[3.56379,43.51957],[3.5638,43.52011],[3.56406,43.5205],[3.56462,43.5209],[3.56575,43.52201],[3.56645,43.52254],[3.56682,43.5229],[3.56726,43.52321],[3.56802,43.52348],[3.56852,43.52388],[3.57232,43.52581],[3.57773,43.52786],[3.57998,43.52855],[3.58345,43.52878],[3.58556,43.529],[3.59079,43.53007],[3.59209,43.53019],[3.59426,43.53026],[3.59737,43.53015],[3.60111,43.52978],[3.60597,43.53021],[3.60296,43.5333],[3.60205,43.5335],[3.60038,43.53427],[3.59987,43.53523],[3.59847,43.53602],[3.59766,43.53656],[3.5973,43.53707],[3.59724,43.53725],[3.59654,43.53874],[3.59594,43.53968],[3.59551,43.53997],[3.59539,43.54028],[3.59509,43.54046],[3.5943,43.54083],[3.59375,43.5412],[3.59338,43.54138],[3.59294,43.54129],[3.59231,43.54135],[3.5922,43.54153],[3.59227,43.54198],[3.59271,43.54233],[3.59272,43.54269],[3.59266,43.543],[3.59279,43.54345],[3.59262,43.54368],[3.59194,43.54374],[3.59139,43.54379],[3.59083,43.54365],[3.59044,43.54326],[3.58988,43.54304],[3.58951,43.54299],[3.5892,43.54269],[3.58907,43.54247],[3.58905,43.54188],[3.58674,43.54038],[3.58661,43.54034],[3.58618,43.54034],[3.58407,43.54071],[3.58346,43.54072],[3.58264,43.54041],[3.58252,43.54037],[3.58233,43.54038],[3.58179,43.54088],[3.58124,43.54142],[3.58052,43.54188],[3.57972,43.54247],[3.57865,43.54384],[3.57839,43.5443],[3.57804,43.54502],[3.57767,43.54529],[3.57707,43.54557],[3.57658,43.54593],[3.57621,43.54639],[3.57611,43.54715],[3.57594,43.5476],[3.57576,43.54796],[3.57503,43.54856],[3.57491,43.54892],[3.57454,43.54937],[3.57456,43.54987],[3.57444,43.54996],[3.57437,43.55014],[3.57418,43.55027],[3.574,43.55023],[3.57325,43.54975],[3.57214,43.54976],[3.57195,43.54972],[3.57158,43.54932],[3.57145,43.54923],[3.57144,43.54918],[3.57001,43.54875],[3.56869,43.54728],[3.56793,43.54675],[3.56706,43.54634],[3.56656,43.54622],[3.56594,43.54645],[3.56452,43.54633],[3.56346,43.54635],[3.56186,43.54654],[3.56075,43.54674],[3.55846,43.54644],[3.55821,43.54635],[3.55786,43.54672],[3.55718,43.54679],[3.55633,43.54624],[3.55588,43.54683],[3.55562,43.54733],[3.5555,43.54756],[3.55502,43.54792],[3.55447,43.54802],[3.55214,43.54894],[3.55121,43.54945],[3.54862,43.55002],[3.54751,43.54994],[3.54621,43.54973],[3.54546,43.54965],[3.54472,43.54947],[3.54379,43.54949],[3.54361,43.54953],[3.54307,43.54999],[3.54226,43.55009],[3.54043,43.54993],[3.54034,43.55058],[3.54178,43.5513],[3.54317,43.55213],[3.54566,43.553],[3.54858,43.55368],[3.54989,43.55423],[3.55047,43.55516],[3.55161,43.55566],[3.55154,43.5562],[3.55148,43.55665],[3.55131,43.55714],[3.55126,43.55777],[3.55107,43.55804],[3.55035,43.55855],[3.55011,43.55887],[3.54969,43.55937],[3.54951,43.55973],[3.54944,43.56008],[3.54955,43.56051],[3.55182,43.56105],[3.55263,43.56118],[3.55356,43.56144],[3.55407,43.56175],[3.55419,43.5618],[3.55512,43.56183],[3.55603,43.56168],[3.5564,43.56163],[3.55709,43.56172],[3.55945,43.56146],[3.55982,43.56146],[3.56032,43.56168],[3.56124,43.56159],[3.56217,43.56144],[3.56265,43.56117],[3.56304,43.56085],[3.56334,43.56066],[3.56399,43.56041],[3.56459,43.56029],[3.56531,43.56034],[3.56614,43.56048],[3.57743,43.56289],[3.57823,43.56293],[3.57934,43.56283],[3.58009,43.56296],[3.58133,43.56335],[3.58245,43.56387],[3.58872,43.56691],[3.58965,43.56708],[3.58971,43.56717],[3.5899,43.56752],[3.59015,43.56761],[3.59249,43.56736],[3.59262,43.56736],[3.59274,43.56758],[3.59283,43.56826],[3.59277,43.56853],[3.59241,43.56908],[3.59139,43.57026],[3.59114,43.57066],[3.59108,43.57089],[3.5916,43.57183],[3.59191,43.57201],[3.59598,43.57377],[3.59656,43.57407],[3.59828,43.57473],[3.59903,43.57498],[3.59929,43.57561],[3.59937,43.57651],[3.59877,43.57723],[3.59797,43.57793],[3.59748,43.57774],[3.5965,43.578],[3.59626,43.57835],[3.59626,43.57849],[3.59616,43.57943],[3.59585,43.57989],[3.5955,43.58052],[3.5947,43.58116],[3.5936,43.58171],[3.59281,43.58226],[3.59221,43.58294],[3.59209,43.58294],[3.59015,43.58238],[3.58998,43.58297],[3.58992,43.58346],[3.58964,43.5845],[3.58927,43.58477],[3.58935,43.58541],[3.58944,43.58579],[3.58987,43.58612],[3.58925,43.58749],[3.58793,43.58849],[3.58726,43.58921],[3.58696,43.58962],[3.58597,43.58963],[3.58604,43.59017],[3.58613,43.59111],[3.58582,43.59112],[3.58426,43.59091],[3.58246,43.59093],[3.58154,43.59108],[3.58092,43.59135],[3.58031,43.59153],[3.5797,43.59154],[3.5787,43.59146],[3.57802,43.59143],[3.57784,43.59156],[3.57758,43.59202],[3.57748,43.59247],[3.57773,43.59291],[3.57773,43.59314],[3.5775,43.59332],[3.57627,43.59401],[3.57474,43.59466],[3.57321,43.59512],[3.57302,43.59526],[3.5729,43.59544],[3.57272,43.5958],[3.57266,43.59634],[3.57223,43.59652],[3.57203,43.59864],[3.57185,43.59914],[3.57143,43.59956],[3.57028,43.60047],[3.56943,43.60115],[3.56949,43.60129],[3.5703,43.60155],[3.57104,43.60168],[3.57254,43.60224],[3.57353,43.60246],[3.57703,43.60342],[3.57949,43.60439],[3.58145,43.60296],[3.58345,43.60362],[3.58515,43.60414],[3.58684,43.60455],[3.58728,43.60473],[3.58723,43.60514],[3.58716,43.60568],[3.58711,43.60641],[3.58695,43.60722],[3.58697,43.60798],[3.58679,43.60843],[3.58685,43.6087],[3.58699,43.60906],[3.587,43.60933],[3.58694,43.60947],[3.5865,43.60974],[3.58663,43.60996],[3.58746,43.61107],[3.58843,43.61233],[3.58899,43.61309],[3.58918,43.61309],[3.59016,43.61262],[3.59134,43.61288],[3.59266,43.613],[3.59358,43.61299],[3.59493,43.61262],[3.59536,43.61257],[3.59574,43.61265],[3.59662,43.61302],[3.59773,43.61308],[3.59829,43.61317],[3.60142,43.6152],[3.60652,43.61865],[3.60847,43.62003],[3.60954,43.62087],[3.61106,43.62198],[3.61224,43.62228],[3.61727,43.62308],[3.61758,43.62307],[3.61791,43.62334],[3.61828,43.62392],[3.6193,43.62513],[3.61957,43.62558],[3.6197,43.62616],[3.61966,43.62764],[3.61944,43.62922],[3.61943,43.63107],[3.61957,43.63197],[3.61972,43.63305],[3.61991,43.6335],[3.6201,43.63376],[3.62056,43.63497],[3.62077,43.63582],[3.62087,43.63727],[3.62069,43.63777],[3.62059,43.63849],[3.6204,43.63898],[3.62023,43.63979],[3.61998,43.64024],[3.61981,43.64056],[3.61969,43.64088],[3.61968,43.64286],[3.61962,43.64332],[3.61933,43.64404],[3.61904,43.64498],[3.61901,43.64606],[3.61895,43.6462],[3.61891,43.64701],[3.61872,43.64746],[3.61862,43.64773],[3.61849,43.64773],[3.618,43.64814],[3.61721,43.64914],[3.61696,43.64946],[3.61648,43.64978],[3.61605,43.64996],[3.61533,43.65083],[3.61496,43.65105],[3.61446,43.65115],[3.61304,43.65121],[3.61162,43.65154],[3.61088,43.65173],[3.60774,43.65294],[3.60628,43.65372],[3.60567,43.65413],[3.60549,43.65431],[3.60524,43.6544],[3.60461,43.65419],[3.60378,43.65374],[3.60279,43.65344],[3.60217,43.65341],[3.60014,43.65366],[3.59902,43.65354],[3.59845,43.6534],[3.59702,43.65284],[3.59658,43.65261],[3.59628,43.65262],[3.5959,43.65267],[3.59465,43.65291],[3.59312,43.65328],[3.59176,43.65375],[3.59097,43.65389],[3.58977,43.65437],[3.58971,43.65484],[3.58927,43.65558],[3.58904,43.65603],[3.58851,43.65663],[3.58714,43.65706],[3.58811,43.65755],[3.58754,43.65776],[3.58747,43.65806],[3.58681,43.65783],[3.58613,43.65782],[3.58555,43.65768],[3.58459,43.65752],[3.58408,43.65751],[3.58379,43.65736],[3.58364,43.65701],[3.58365,43.65667],[3.58364,43.65644],[3.58301,43.65609],[3.58208,43.65574],[3.58164,43.65547],[3.58053,43.65535],[3.57991,43.65523],[3.57822,43.65525],[3.57754,43.65543],[3.57686,43.65536],[3.57649,43.65536],[3.57618,43.65549],[3.57582,43.65581],[3.57421,43.65601],[3.57329,43.65629],[3.5731,43.65647],[3.57312,43.65688],[3.57343,43.65724],[3.57344,43.65755],[3.57288,43.65791],[3.57276,43.65823],[3.57245,43.6585],[3.57222,43.65886],[3.57179,43.65914],[3.57142,43.65933],[3.5713,43.65951],[3.57138,43.66],[3.57157,43.66027],[3.57157,43.66049],[3.57132,43.66068],[3.57078,43.66086],[3.57059,43.66099],[3.57035,43.66109],[3.56824,43.66143],[3.56807,43.66157],[3.56795,43.66197],[3.56789,43.66233],[3.56751,43.66251],[3.56635,43.6628],[3.56573,43.66316],[3.56507,43.6634],[3.56433,43.66399],[3.56385,43.66464],[3.56342,43.665],[3.56324,43.66527],[3.56327,43.66658],[3.56315,43.66689],[3.56316,43.66725],[3.56328,43.66748],[3.56367,43.66764],[3.56454,43.66773],[3.56473,43.66791],[3.56469,43.66903],[3.56456,43.66917],[3.56444,43.66922],[3.56425,43.66913],[3.56388,43.6689],[3.56351,43.66891],[3.56325,43.66909],[3.56325,43.66954],[3.56339,43.66972],[3.56333,43.66985],[3.56251,43.67001],[3.56249,43.6704],[3.5624,43.67061],[3.5616,43.67068],[3.56159,43.66952],[3.5617,43.66906],[3.56162,43.66808],[3.56155,43.66799],[3.56142,43.66749],[3.56122,43.66705],[3.56109,43.66651],[3.56089,43.66615],[3.56045,43.66566],[3.55944,43.6649],[3.55875,43.6645],[3.55807,43.66407],[3.55756,43.66371],[3.55519,43.6627],[3.55449,43.66235],[3.55381,43.66236],[3.55315,43.66263],[3.55271,43.6629],[3.55236,43.66354],[3.55187,43.66418],[3.55158,43.66445],[3.55021,43.66505],[3.54884,43.66502],[3.54644,43.66504],[3.547,43.66589],[3.54733,43.66657],[3.54765,43.66696],[3.54847,43.66732],[3.54959,43.66766],[3.54984,43.66789],[3.55003,43.6682],[3.55021,43.66837],[3.55097,43.66868],[3.5511,43.66895],[3.5511,43.66918],[3.55098,43.66928],[3.55007,43.67],[3.54989,43.67032],[3.54997,43.67086],[3.55009,43.67135],[3.55028,43.67162],[3.55067,43.67202],[3.55074,43.67238],[3.55062,43.67274],[3.55032,43.67301],[3.54889,43.67348],[3.54859,43.67371],[3.54835,43.6742],[3.54837,43.67501],[3.54806,43.67533],[3.54782,43.67546],[3.54726,43.67534],[3.54651,43.6749],[3.5462,43.6749],[3.54496,43.67509],[3.54478,43.67523],[3.54478,43.6755],[3.54498,43.67568],[3.5456,43.67594],[3.5456,43.67626],[3.54542,43.67639],[3.5448,43.67635],[3.54386,43.67596],[3.54362,43.67583],[3.54343,43.67592],[3.54325,43.6761],[3.54313,43.67641],[3.54308,43.67727],[3.54295,43.67741],[3.54235,43.67782],[3.5421,43.67818],[3.5421,43.67827],[3.54198,43.67841],[3.54181,43.67868],[3.54119,43.67901],[3.5407,43.67924],[3.5404,43.67956],[3.53991,43.68037],[3.53968,43.6806],[3.53919,43.68083],[3.53783,43.68116],[3.53741,43.68153],[3.53703,43.68225],[3.5368,43.6827],[3.53655,43.68306],[3.53583,43.6837],[3.53558,43.68402],[3.53552,43.68424],[3.53523,43.68461],[3.53492,43.68483],[3.53412,43.68503],[3.53381,43.68521],[3.53358,43.68579],[3.53292,43.68634],[3.53286,43.68656],[3.53286,43.68719],[3.53255,43.68742],[3.53181,43.68757],[3.53069,43.68749],[3.53057,43.68731],[3.53044,43.68722],[3.52957,43.68718],[3.52864,43.68697],[3.52776,43.68658],[3.52633,43.68619],[3.52546,43.68583],[3.52508,43.68562],[3.52445,43.68549],[3.52238,43.68411],[3.52207,43.68393],[3.52207,43.68362],[3.52143,43.68308],[3.5208,43.68228],[3.52068,43.68219],[3.52003,43.68122],[3.51971,43.68081],[3.51952,43.68035],[3.51883,43.67996],[3.51738,43.67939],[3.51669,43.67899],[3.51592,43.67779],[3.51534,43.67667],[3.5132,43.67489],[3.51245,43.6744],[3.51245,43.67422],[3.51268,43.67381],[3.51243,43.67364],[3.51125,43.67316],[3.51075,43.67316],[3.51026,43.67334],[3.50953,43.67394],[3.50715,43.67572],[3.50696,43.67581],[3.50567,43.67659],[3.50425,43.67732],[3.50278,43.67761],[3.50185,43.67793],[3.50051,43.67875],[3.49969,43.67912],[3.49791,43.6795],[3.49711,43.67982],[3.4957,43.68083],[3.49448,43.68156],[3.49405,43.68156],[3.49343,43.68139],[3.49341,43.68049],[3.49307,43.67919],[3.49295,43.67888],[3.49262,43.67844],[3.49237,43.67817],[3.49161,43.67731],[3.49136,43.67678],[3.49123,43.67678],[3.48994,43.67818],[3.48946,43.67869],[3.48808,43.68037],[3.48789,43.68051],[3.48789,43.6806],[3.48758,43.68096],[3.48729,43.68137],[3.48773,43.68164],[3.48773,43.68177],[3.48761,43.68186],[3.4873,43.68222],[3.48719,43.68245],[3.48731,43.68254],[3.48825,43.68311],[3.48819,43.68338],[3.48851,43.6836],[3.4887,43.68378],[3.48839,43.6841],[3.48839,43.68423],[3.48877,43.6845],[3.48878,43.68464],[3.48835,43.68546],[3.488,43.686],[3.4872,43.68695],[3.48672,43.68768],[3.4863,43.68862],[3.48619,43.68894],[3.48762,43.68973],[3.48758,43.69009],[3.48739,43.6905],[3.4871,43.69095],[3.48551,43.69254],[3.48491,43.69327],[3.48443,43.69396],[3.48354,43.69621],[3.483,43.69703],[3.48269,43.69743],[3.48251,43.69766],[3.48238,43.69775],[3.48203,43.69839],[3.48191,43.69857],[3.48184,43.6987],[3.48137,43.69943],[3.48107,43.69997],[3.47984,43.70016],[3.47718,43.70127],[3.47509,43.70201],[3.47306,43.7027],[3.47312,43.70288],[3.47319,43.70343],[3.47282,43.70342],[3.47207,43.70344],[3.4717,43.70353],[3.4717,43.70357],[3.47177,43.70399],[3.47165,43.70417],[3.47135,43.70444],[3.47135,43.70471],[3.47173,43.70534],[3.47249,43.70622],[3.4727,43.70676],[3.47274,43.70919],[3.47299,43.70946],[3.47337,43.70982],[3.47471,43.71142],[3.47434,43.7117],[3.47392,43.71216],[3.47349,43.7127],[3.47283,43.71351],[3.47233,43.71393],[3.47185,43.71424],[3.47148,43.7146],[3.47135,43.71488],[3.47087,43.71519],[3.47068,43.71552],[3.47069,43.71573],[3.47081,43.71596],[3.47083,43.71627],[3.47071,43.71654],[3.47009,43.71678],[3.46936,43.7171],[3.46843,43.71774],[3.4677,43.71806],[3.46752,43.71819],[3.46721,43.71866],[3.46661,43.71925],[3.46649,43.71952],[3.46612,43.71984],[3.46581,43.72006],[3.46544,43.72039],[3.46484,43.72129],[3.46416,43.72175],[3.46331,43.7223],[3.46312,43.72261],[3.46314,43.72306],[3.46327,43.72329],[3.46333,43.72347],[3.46314,43.7236],[3.46248,43.72388],[3.46223,43.72415],[3.46155,43.72456],[3.46082,43.72511],[3.46058,43.7252],[3.45828,43.72563],[3.45661,43.72619],[3.45624,43.72637],[3.45551,43.7266],[3.45545,43.72701],[3.45533,43.7271],[3.45477,43.72733],[3.45454,43.72751],[3.45455,43.72827],[3.45438,43.72868],[3.45432,43.72917],[3.45464,43.72981],[3.45489,43.73004],[3.45539,43.7302],[3.45602,43.73056],[3.45647,43.73106],[3.45684,43.73154],[3.45767,43.73199],[3.45816,43.73229],[3.45866,43.73274],[3.45879,43.73301],[3.4592,43.7344],[3.45945,43.73516],[3.45984,43.73579],[3.46188,43.7386],[3.46257,43.73881],[3.46571,43.73996],[3.46731,43.74044],[3.46856,43.74083],[3.47013,43.74167],[3.47258,43.74277],[3.47358,43.74309],[3.47401,43.74316],[3.47632,43.74369],[3.477,43.74408],[3.47807,43.74483],[3.47919,43.74495],[3.48242,43.74505],[3.48317,43.7456],[3.48633,43.7474],[3.48739,43.74812],[3.48865,43.74882],[3.49206,43.74887],[3.49479,43.7488],[3.4953,43.7493],[3.49619,43.75009],[3.49877,43.75218],[3.49972,43.75317],[3.50017,43.75379],[3.50061,43.75464],[3.50101,43.75535],[3.50165,43.75675],[3.50275,43.75868],[3.50288,43.75899],[3.50339,43.75983],[3.50404,43.76105],[3.50424,43.7614],[3.50561,43.76224],[3.5092,43.76459],[3.51089,43.76548],[3.51233,43.76614],[3.51321,43.7668],[3.51429,43.76787],[3.5153,43.76871],[3.51574,43.76889],[3.51699,43.76924],[3.51711,43.76942],[3.51809,43.77143],[3.51879,43.77259],[3.51911,43.77309],[3.52271,43.77655],[3.52379,43.77767],[3.52449,43.77839],[3.52557,43.77954],[3.52666,43.78043],[3.52812,43.78185],[3.52988,43.7836],[3.53104,43.78489],[3.53142,43.78546],[3.53282,43.78717],[3.53359,43.78814],[3.53424,43.78895],[3.53479,43.78971],[3.53544,43.7902],[3.53686,43.79066],[3.53788,43.79089],[3.53898,43.79093],[3.53936,43.79146],[3.53963,43.792],[3.53984,43.79313],[3.53997,43.79371],[3.54009,43.79393],[3.54527,43.79536],[3.5454,43.79549],[3.54562,43.79693],[3.54575,43.79733],[3.54596,43.79837],[3.5463,43.79981],[3.54671,43.80101],[3.54755,43.803],[3.54794,43.80361],[3.55337,43.80526],[3.5547,43.80687],[3.55586,43.80839],[3.55726,43.81013],[3.55777,43.8108],[3.56714,43.81295],[3.56855,43.81478],[3.56963,43.81634],[3.56978,43.81679],[3.56984,43.81733],[3.57018,43.81867],[3.5704,43.82002],[3.57102,43.82276],[3.5711,43.82339],[3.57116,43.82357],[3.57135,43.82357],[3.57392,43.82228],[3.57404,43.82232],[3.57419,43.823],[3.57421,43.82354],[3.57396,43.82367],[3.5723,43.82437],[3.58428,43.82694],[3.58715,43.82755],[3.5874,43.82754],[3.59012,43.82598],[3.59103,43.82543],[3.59238,43.82456],[3.59453,43.82336],[3.59606,43.82248],[3.596,43.8224],[3.59417,43.82157],[3.59348,43.82121],[3.5933,43.82148],[3.59311,43.82144],[3.59286,43.82127],[3.59298,43.82086],[3.59291,43.8205],[3.59247,43.82001],[3.59182,43.81912],[3.59169,43.81876],[3.59175,43.81858],[3.59136,43.81804],[3.59167,43.8179],[3.59192,43.8179],[3.59211,43.81803],[3.59248,43.81794],[3.59261,43.81794],[3.59324,43.81825],[3.5933,43.81825],[3.59386,43.81784],[3.59442,43.8177],[3.59453,43.81734],[3.59452,43.81716],[3.5939,43.81693],[3.59396,43.8167],[3.59408,43.81666],[3.59439,43.81661],[3.59537,43.81579],[3.59662,43.81566],[3.59758,43.81495],[3.59771,43.81477],[3.59769,43.81432],[3.59781,43.81419],[3.59806,43.81401],[3.59913,43.8139],[3.59998,43.81367],[3.60085,43.81361],[3.60247,43.81378],[3.60297,43.81392],[3.60342,43.81422],[3.60442,43.81466],[3.60473,43.81465],[3.60547,43.81451],[3.60653,43.81468],[3.60996,43.81239],[3.60989,43.81226],[3.60987,43.81149],[3.60993,43.81118],[3.60862,43.81082],[3.60819,43.81051],[3.60703,43.80882],[3.60683,43.80824],[3.60669,43.80802],[3.60625,43.80762],[3.60558,43.80749],[3.60504,43.80673],[3.60441,43.80516],[3.60443,43.80447],[3.60413,43.80392],[3.60378,43.80362],[3.6038,43.80332],[3.60417,43.80287],[3.60416,43.80269],[3.6039,43.80246],[3.59943,43.79914],[3.59799,43.79804],[3.59603,43.79827],[3.59509,43.79849],[3.59442,43.7979],[3.59386,43.79759],[3.59302,43.79717],[3.59222,43.7967],[3.59127,43.79598],[3.59084,43.79595],[3.59015,43.79555],[3.58977,43.79529],[3.58839,43.79445],[3.58826,43.79382],[3.58755,43.79306],[3.5871,43.79252],[3.58622,43.79176],[3.58533,43.79088],[3.58471,43.79057],[3.58469,43.79017],[3.58438,43.78999],[3.58407,43.78999],[3.58338,43.78996],[3.58034,43.78995],[3.5794,43.78986],[3.57877,43.78965],[3.57796,43.78924],[3.57645,43.78858],[3.57433,43.78758],[3.57456,43.78735],[3.5758,43.7868],[3.57684,43.78633],[3.5779,43.78579],[3.57912,43.78496],[3.5801,43.78427],[3.58176,43.78371],[3.58219,43.78335],[3.58249,43.78294],[3.58297,43.78272],[3.58328,43.78244],[3.5834,43.78226],[3.58346,43.7819],[3.58354,43.7818],[3.58439,43.78117],[3.58494,43.78098],[3.58555,43.78044],[3.58646,43.77953],[3.58652,43.77921],[3.58689,43.77888],[3.58749,43.77847],[3.58798,43.77833],[3.58836,43.77823],[3.58842,43.77814],[3.5884,43.77765],[3.58865,43.77747],[3.5894,43.77724],[3.58952,43.77706],[3.58917,43.77671],[3.58947,43.77636],[3.5898,43.77625],[3.59016,43.77624],[3.59033,43.77609],[3.59023,43.77586],[3.58977,43.77574],[3.5897,43.77528],[3.5895,43.77514],[3.58922,43.7751],[3.58896,43.77488],[3.58886,43.77416],[3.58869,43.77406],[3.58871,43.77375],[3.58888,43.7735],[3.58883,43.7733],[3.58863,43.77317],[3.58861,43.77297],[3.5896,43.77247],[3.58965,43.77218],[3.58958,43.77162],[3.58925,43.77106],[3.58889,43.77082],[3.58844,43.7708],[3.58828,43.77079],[3.58822,43.77065],[3.58862,43.77022],[3.58893,43.77],[3.58942,43.76977],[3.58924,43.76964],[3.58852,43.76967],[3.58823,43.76961],[3.58817,43.76949],[3.58834,43.76905],[3.58878,43.76842],[3.5888,43.76818],[3.58861,43.76811],[3.58833,43.76806],[3.58763,43.76812],[3.58757,43.76801],[3.58825,43.76757],[3.58828,43.76705],[3.58815,43.76676],[3.58774,43.76646],[3.58724,43.76632],[3.58687,43.76629],[3.58685,43.76589],[3.58654,43.76552],[3.58629,43.76538],[3.58583,43.76463],[3.58564,43.76418],[3.5855,43.76324],[3.58531,43.76297],[3.58499,43.76279],[3.58468,43.7628],[3.58431,43.76289],[3.584,43.76308],[3.58376,43.76308],[3.58369,43.76299],[3.58388,43.76272],[3.58374,43.76236],[3.58342,43.7621],[3.58274,43.76206],[3.58267,43.76174],[3.58321,43.76093],[3.58327,43.76075],[3.58326,43.76038],[3.58294,43.75993],[3.58275,43.7598],[3.58244,43.75939],[3.5823,43.75904],[3.58323,43.75876],[3.58354,43.75858],[3.58352,43.75813],[3.58333,43.7579],[3.5827,43.75747],[3.5827,43.75738],[3.58315,43.75683],[3.58381,43.7566],[3.58402,43.75636],[3.5837,43.75601],[3.58341,43.75598],[3.58305,43.75604],[3.58295,43.75598],[3.58294,43.75587],[3.58326,43.75559],[3.58353,43.7555],[3.58362,43.75514],[3.58369,43.75412],[3.58394,43.75394],[3.58437,43.7538],[3.58484,43.75368],[3.58524,43.75379],[3.58524,43.75411],[3.58513,43.75456],[3.58532,43.75478],[3.58545,43.75482],[3.58582,43.75478],[3.58675,43.75445],[3.58712,43.75445],[3.58781,43.75484],[3.58843,43.75484],[3.58978,43.75464],[3.59006,43.75452],[3.59,43.75423],[3.58994,43.75387],[3.5903,43.75366],[3.5901,43.75317],[3.59026,43.75308],[3.59058,43.7532],[3.59132,43.75298],[3.59156,43.7527],[3.59162,43.75233],[3.59183,43.75188],[3.5912,43.75155],[3.59173,43.75102],[3.59232,43.75069],[3.59288,43.75061],[3.59311,43.75037],[3.59324,43.75004],[3.59335,43.74973],[3.59414,43.7496],[3.59507,43.74945],[3.59583,43.74944],[3.59661,43.74957],[3.59763,43.74951],[3.59868,43.74923],[3.60084,43.74844],[3.6033,43.74765],[3.60466,43.74732],[3.60528,43.74709],[3.60705,43.74594],[3.60773,43.74553],[3.60815,43.74507],[3.60821,43.74494],[3.60833,43.74485],[3.60862,43.74381],[3.60874,43.74348],[3.60891,43.74321],[3.60948,43.74285],[3.61052,43.74257],[3.61126,43.74256],[3.61232,43.7426],[3.61364,43.74294],[3.61495,43.74351],[3.61664,43.74435],[3.61783,43.74519],[3.61917,43.74649],[3.61968,43.74715],[3.62001,43.74773],[3.62026,43.74827],[3.62047,43.74921],[3.62086,43.75006],[3.62138,43.75104],[3.62191,43.75221],[3.6221,43.7527],[3.6223,43.75315],[3.62231,43.75378],[3.62208,43.75419],[3.62165,43.75473],[3.62165,43.75478],[3.62146,43.755],[3.62142,43.75536],[3.62149,43.7559],[3.62182,43.75658],[3.62207,43.75725],[3.62215,43.7577],[3.62259,43.75806],[3.62429,43.75876],[3.62628,43.75937],[3.62976,43.75981],[3.63057,43.76008],[3.63158,43.7607],[3.63261,43.76145],[3.63305,43.76195],[3.63324,43.76226],[3.63356,43.76297],[3.63407,43.76333],[3.63639,43.76446],[3.63747,43.76517],[3.63999,43.76708],[3.6405,43.76766],[3.64082,43.76811],[3.64115,43.76877],[3.64153,43.76936],[3.64204,43.76962],[3.64366,43.7702],[3.64403,43.77041],[3.6443,43.77086],[3.64437,43.77122],[3.64431,43.77185],[3.64389,43.7723],[3.64328,43.77272],[3.64305,43.77313],[3.64311,43.77349],[3.64344,43.77406],[3.64401,43.77478],[3.64434,43.77514],[3.64509,43.77558],[3.64552,43.77589],[3.6461,43.77642],[3.64642,43.77696],[3.64669,43.77777],[3.64685,43.77969],[3.64697,43.78005],[3.6473,43.78068],[3.64787,43.78127],[3.65324,43.78461],[3.65411,43.78538],[3.65444,43.78574],[3.65471,43.78654],[3.6549,43.78681],[3.6554,43.78716],[3.65646,43.7876],[3.65809,43.78785],[3.65859,43.78788],[3.6597,43.78792],[3.66106,43.78777],[3.66236,43.78766],[3.66331,43.78783],[3.66501,43.78845],[3.66632,43.78884],[3.66661,43.78829],[3.66822,43.78769],[3.66913,43.787],[3.66968,43.78682],[3.67086,43.78689],[3.67122,43.78671],[3.67148,43.78644],[3.67196,43.78567],[3.67232,43.78539],[3.67282,43.78529],[3.67375,43.78501],[3.67497,43.78451],[3.67571,43.78395],[3.67582,43.78373],[3.67594,43.78323],[3.67611,43.78274],[3.6766,43.78214],[3.67795,43.78084],[3.67916,43.78025],[3.67814,43.77939],[3.67709,43.77844],[3.67625,43.77806],[3.67467,43.77753],[3.67454,43.7733],[3.6753,43.77324],[3.67601,43.77265],[3.67662,43.7722],[3.67703,43.77062],[3.6772,43.76976],[3.67742,43.76913],[3.6848,43.76787],[3.68571,43.76768],[3.68639,43.7674],[3.68733,43.76708],[3.68466,43.76458],[3.68288,43.76326],[3.68344,43.76311],[3.68887,43.76156],[3.69048,43.76141],[3.69079,43.7614],[3.69098,43.76117],[3.69321,43.76124],[3.69333,43.76106],[3.69406,43.76059],[3.69528,43.76008],[3.69709,43.75925],[3.69713,43.75894],[3.69781,43.75848],[3.69878,43.75793],[3.69903,43.75793],[3.70046,43.75822],[3.70428,43.75935],[3.70485,43.75944],[3.70609,43.75928],[3.70592,43.75996],[3.70581,43.76077],[3.7055,43.761],[3.70544,43.76127],[3.70532,43.76154],[3.70534,43.76217],[3.70553,43.76253],[3.70597,43.76307],[3.7061,43.76307],[3.70665,43.7627],[3.70678,43.7627],[3.70824,43.76349],[3.70934,43.76317],[3.71088,43.76265],[3.71137,43.76242],[3.71204,43.76187],[3.71276,43.76105],[3.71307,43.76082],[3.71367,43.76023],[3.71915,43.76034],[3.7194,43.76043],[3.71992,43.76124],[3.7205,43.7623],[3.72095,43.76298],[3.72196,43.76378],[3.72248,43.76453],[3.7228,43.76516],[3.72311,43.76552],[3.72349,43.76547],[3.72409,43.76542],[3.72479,43.76536],[3.72815,43.76513],[3.74405,43.76535],[3.74566,43.76542],[3.7461,43.76546],[3.74628,43.7651],[3.74652,43.76464],[3.74694,43.76414],[3.74718,43.76364],[3.74753,43.76314],[3.74863,43.76228],[3.74863,43.76219],[3.74698,43.76095],[3.74573,43.7602],[3.74621,43.75957],[3.74618,43.75816],[3.74635,43.7578],[3.74696,43.75698],[3.74706,43.75671],[3.74762,43.75652],[3.74768,43.75652],[3.7485,43.75646],[3.74887,43.75646],[3.74937,43.75641],[3.75042,43.7564],[3.75158,43.75648],[3.75229,43.75652],[3.75502,43.75675],[3.75552,43.75675],[3.75682,43.75668],[3.75864,43.7568],[3.75914,43.75719],[3.75979,43.75836],[3.76064,43.7601],[3.76096,43.76051],[3.76096,43.76064],[3.76143,43.7609],[3.76152,43.76094],[3.76252,43.76115],[3.76459,43.76216],[3.76671,43.76241],[3.76752,43.76277],[3.76996,43.76358],[3.77179,43.76451],[3.77335,43.76512],[3.77429,43.76528],[3.77523,43.76532],[3.77624,43.76563],[3.77765,43.76565],[3.77972,43.76634],[3.77998,43.76661],[3.77998,43.76679],[3.77994,43.76691],[3.77928,43.76864],[3.77845,43.77055],[3.77821,43.77105],[3.77837,43.77123],[3.77841,43.77126],[3.77866,43.77149],[3.78119,43.77253],[3.7815,43.7728],[3.78217,43.77421],[3.78136,43.77548],[3.78519,43.77643],[3.78471,43.77772],[3.78407,43.77903],[3.78401,43.7793],[3.78301,43.78133],[3.78301,43.78164],[3.78561,43.78346],[3.78555,43.78369],[3.78543,43.78382],[3.78453,43.78523],[3.78399,43.786],[3.78399,43.78618],[3.78719,43.78759],[3.78757,43.78759],[3.78874,43.78725],[3.79027,43.78672],[3.79029,43.78723],[3.79038,43.788],[3.79113,43.78764],[3.79098,43.7881],[3.79133,43.78818],[3.79149,43.78845],[3.79174,43.78832],[3.79219,43.78837],[3.79311,43.78818],[3.79388,43.78786],[3.795,43.78794],[3.79849,43.78778],[3.7996,43.78861],[3.80018,43.7881],[3.80107,43.78778],[3.80126,43.78706],[3.8019,43.78677],[3.80214,43.78659],[3.80366,43.78641],[3.80451,43.78655],[3.80519,43.78664],[3.80612,43.78643],[3.80594,43.78663],[3.80645,43.7879],[3.80631,43.78822],[3.80705,43.78926],[3.80757,43.78966],[3.80789,43.79001],[3.80833,43.79042],[3.80903,43.79073],[3.81215,43.79172],[3.81484,43.79235],[3.81652,43.79283],[3.81677,43.79292],[3.81679,43.79337],[3.81661,43.79391],[3.81638,43.79432],[3.8151,43.79528],[3.81455,43.79592],[3.81438,43.79623],[3.8142,43.79673],[3.81342,43.79778],[3.81324,43.7981],[3.81463,43.79866],[3.81538,43.79901],[3.81538,43.79928],[3.81521,43.79955],[3.81516,43.79977],[3.81671,43.79981],[3.81832,43.79979],[3.81948,43.79923],[3.81998,43.79896],[3.82115,43.79855],[3.82125,43.79831],[3.82126,43.79728],[3.82131,43.79559],[3.82125,43.79495],[3.82221,43.79434],[3.82161,43.79406],[3.81903,43.79327],[3.81908,43.79308],[3.82324,43.79319],[3.82355,43.79348],[3.82518,43.79366],[3.82699,43.79391],[3.82792,43.79407],[3.82955,43.79415],[3.83029,43.79414],[3.83098,43.79422],[3.83247,43.7942],[3.83303,43.79433],[3.83396,43.79431],[3.83489,43.79443],[3.83564,43.79465],[3.83616,43.79505],[3.83684,43.79517],[3.83735,43.79566],[3.83786,43.79601],[3.83855,43.79638],[3.83893,43.79686],[3.83966,43.79838],[3.83979,43.79888],[3.84019,43.79967],[3.84053,43.80116],[3.84065,43.80296],[3.84078,43.80327],[3.8408,43.8043],[3.84093,43.80453],[3.84107,43.80484],[3.84083,43.80547],[3.84089,43.80732],[3.84114,43.80786],[3.84171,43.80866],[3.84376,43.81072],[3.8444,43.81113],[3.84568,43.81067],[3.84689,43.8105],[3.84881,43.81039],[3.85038,43.81038],[3.85088,43.81113],[3.85234,43.81354],[3.85325,43.81423],[3.85516,43.81535],[3.85546,43.81631],[3.85559,43.81649],[3.85573,43.81694],[3.85574,43.81757],[3.85563,43.81789],[3.85558,43.8182],[3.8556,43.8187],[3.85492,43.81893],[3.85349,43.81949],[3.84998,43.82079],[3.84882,43.82126],[3.84796,43.82191],[3.84601,43.82342],[3.84552,43.82409],[3.84541,43.82441],[3.84536,43.825],[3.84519,43.82536],[3.84482,43.82563],[3.84427,43.82587],[3.8436,43.82637],[3.84342,43.82632],[3.84284,43.82589],[3.84228,43.82589],[3.8408,43.82618],[3.84037,43.82632],[3.83974,43.82678],[3.83925,43.82674],[3.83868,43.82622],[3.83849,43.82613],[3.83781,43.82613],[3.8378,43.82807],[3.83768,43.82843],[3.83776,43.82915],[3.83796,43.82973],[3.83794,43.831],[3.83777,43.83195],[3.83766,43.83226],[3.8375,43.83352],[3.83726,43.83398],[3.83708,43.83425],[3.83696,43.83479],[3.83674,43.83542],[3.83633,43.83637],[3.83621,43.83682],[3.83592,43.83745],[3.8358,43.83786],[3.83542,43.83958],[3.83782,43.84122],[3.83883,43.84169],[3.83871,43.8421],[3.83842,43.84273],[3.83831,43.84318],[3.83798,43.8449],[3.83806,43.84607],[3.83819,43.8463],[3.83844,43.84666],[3.83927,43.84709],[3.83946,43.84722],[3.83947,43.84767],[3.83998,43.8482],[3.84011,43.84843],[3.84136,43.84823],[3.84218,43.84899],[3.84408,43.8504],[3.84397,43.85072],[3.84372,43.85103],[3.84372,43.85112],[3.84354,43.85131],[3.84349,43.85159],[3.84319,43.85217],[3.843,43.8524],[3.84277,43.85285],[3.84303,43.85343],[3.84325,43.85468],[3.84327,43.85554],[3.84392,43.85613],[3.84455,43.85661],[3.84455,43.85674],[3.84261,43.8583],[3.8428,43.85852],[3.8428,43.85861],[3.84175,43.85948],[3.84084,43.86021],[3.84018,43.8609],[3.83872,43.86186],[3.8381,43.86209],[3.83698,43.86243],[3.83661,43.86256],[3.83416,43.86422],[3.83397,43.86427],[3.83398,43.86431],[3.83356,43.86463],[3.83325,43.86463],[3.83262,43.86451],[3.83307,43.86499],[3.83081,43.86642],[3.83459,43.86876],[3.838,43.87073],[3.83825,43.87073],[3.83918,43.8705],[3.8409,43.87011],[3.84214,43.86992],[3.84327,43.86986],[3.84469,43.86948],[3.84562,43.86915],[3.84561,43.86906],[3.84733,43.86846],[3.84932,43.86821],[3.8518,43.86763],[3.85141,43.86997],[3.85209,43.87226],[3.85256,43.87334],[3.85257,43.87347],[3.85308,43.8741],[3.85354,43.87476],[3.85373,43.8749],[3.8546,43.87507],[3.85479,43.87519],[3.85508,43.87538],[3.85593,43.87602],[3.85641,43.87667],[3.85681,43.87712],[3.85696,43.87717],[3.85754,43.87716],[3.85831,43.87706],[3.85881,43.87698],[3.86042,43.87681],[3.86063,43.87679],[3.86087,43.87683],[3.86137,43.87678],[3.86177,43.87687],[3.86223,43.87689],[3.86288,43.87699],[3.86359,43.87697],[3.8649,43.87699],[3.8661,43.87695],[3.86627,43.87698],[3.86683,43.87688],[3.8671,43.87687],[3.86736,43.8768],[3.86756,43.87678],[3.86789,43.87669],[3.86807,43.87669],[3.86816,43.87664],[3.86823,43.87664],[3.86828,43.87654],[3.86839,43.87642],[3.86894,43.87618],[3.86959,43.87618],[3.86987,43.87621],[3.86996,43.87628],[3.87039,43.87683],[3.87072,43.87705],[3.87153,43.87741],[3.87246,43.87753],[3.87546,43.87807],[3.87702,43.87823],[3.87776,43.87822],[3.8787,43.8783],[3.87987,43.87801],[3.88045,43.87796],[3.88305,43.87801],[3.88604,43.87811],[3.88672,43.87823],[3.89008,43.87841],[3.89109,43.87826],[3.89245,43.87784],[3.89325,43.87774],[3.89561,43.8777],[3.89648,43.8776],[3.8971,43.87759],[3.90011,43.87837],[3.90055,43.87845],[3.90243,43.87896],[3.90319,43.87922],[3.90711,43.88276],[3.91014,43.88599],[3.91075,43.88642],[3.91116,43.88754],[3.91127,43.88918],[3.91263,43.88801],[3.91336,43.88777],[3.91429,43.88762],[3.91498,43.88761],[3.91622,43.88773],[3.91696,43.88789],[3.91819,43.88667],[3.91781,43.88626],[3.9174,43.88559],[3.91851,43.88305],[3.91959,43.88129],[3.91895,43.8774],[3.91777,43.87079],[3.91768,43.87011],[3.91764,43.8684],[3.91859,43.867],[3.91885,43.86685],[3.91922,43.86644],[3.91928,43.86622],[3.91975,43.86567],[3.92016,43.86499],[3.92016,43.8649],[3.92022,43.86481],[3.92081,43.8634],[3.92104,43.86272],[3.92116,43.86249],[3.92134,43.86204],[3.92173,43.86083],[3.92192,43.86042],[3.92207,43.86004],[3.92221,43.85981],[3.9221,43.85838],[3.92243,43.85812],[3.92304,43.85793],[3.92411,43.85758],[3.92463,43.85683],[3.92523,43.85659],[3.92608,43.85605],[3.92708,43.85553],[3.928,43.8552],[3.92929,43.85497],[3.9379,43.85358],[3.9407,43.85336],[3.94438,43.8534],[3.94966,43.85364],[3.9514,43.85375],[3.9562,43.85377],[3.95662,43.85384],[3.9579,43.85438],[3.95899,43.8535],[3.95816,43.85253],[3.95795,43.85216],[3.95786,43.85117],[3.95779,43.8509],[3.95763,43.84938],[3.95767,43.84898],[3.9576,43.84826],[3.95713,43.84723],[3.95706,43.84673],[3.95704,43.84574],[3.95734,43.84519],[3.95805,43.84424],[3.95834,43.84374],[3.95971,43.84354],[3.96014,43.84331],[3.9615,43.84307],[3.96194,43.84306],[3.96256,43.84324],[3.96307,43.84323],[3.96363,43.84331],[3.96798,43.84338],[3.96872,43.84346],[3.96966,43.84363],[3.97061,43.8441],[3.97174,43.8445],[3.97311,43.84453],[3.97379,43.84443],[3.9748,43.84396],[3.97541,43.84389],[3.9759,43.84352],[3.97648,43.84352],[3.9775,43.84316],[3.97936,43.84288],[3.98063,43.8431],[3.97872,43.84128],[3.97707,43.83942],[3.97669,43.83912],[3.97587,43.83876],[3.9753,43.83842],[3.97499,43.83815],[3.97448,43.83784],[3.97299,43.8373],[3.97258,43.83723],[3.97518,43.83346],[3.97727,43.83087],[3.97838,43.82991],[3.97818,43.8296],[3.97773,43.8292],[3.9771,43.8289],[3.97513,43.82766],[3.97388,43.82718],[3.97236,43.82653],[3.97167,43.82605],[3.97078,43.82525],[3.96918,43.8236],[3.96873,43.82329],[3.96822,43.82271],[3.96582,43.82131],[3.96531,43.82096],[3.96467,43.82011],[3.96447,43.81975],[3.96332,43.8186],[3.96262,43.81771],[3.96172,43.81678],[3.96159,43.81655],[3.96161,43.81511],[3.96166,43.81466],[3.96208,43.81173],[3.96236,43.81038],[3.96228,43.81002],[3.9614,43.80927],[3.96094,43.80864],[3.96085,43.80774],[3.96072,43.80738],[3.96063,43.8068],[3.96038,43.80635],[3.95928,43.80511],[3.96121,43.80574],[3.96194,43.80629],[3.96218,43.80614],[3.96307,43.80443],[3.96348,43.80396],[3.96416,43.80342],[3.96483,43.8031],[3.96587,43.8024],[3.96636,43.8024],[3.96699,43.80252],[3.96774,43.80287],[3.96805,43.80291],[3.96943,43.80298],[3.97117,43.80337],[3.97237,43.80375],[3.97268,43.8037],[3.97298,43.80348],[3.97322,43.80316],[3.97334,43.80293],[3.97435,43.80147],[3.98051,43.80341],[3.9849,43.80502],[3.98879,43.80671],[3.99433,43.8092],[3.99561,43.80989],[3.99661,43.81052],[3.99951,43.81205],[4.00134,43.81305],[4.00144,43.81224],[4.00168,43.81178],[4.00205,43.81146],[4.00414,43.81099],[4.00548,43.81042],[4.00605,43.81028],[4.00667,43.80982],[4.00685,43.80959],[4.00757,43.80914],[4.00899,43.80871],[4.0114,43.80831],[4.01177,43.80817],[4.01208,43.80794],[4.0125,43.80784],[4.01319,43.80779],[4.01362,43.8077],[4.01418,43.80751],[4.01729,43.80746],[4.01815,43.80736],[4.01857,43.80717],[4.01947,43.80604],[4.01991,43.80567],[4.0207,43.80525],[4.02125,43.80484],[4.02191,43.80397],[4.02234,43.80361],[4.023,43.80342],[4.02375,43.80332],[4.0253,43.80316],[4.02678,43.80268],[4.02886,43.80149],[4.02991,43.80093],[4.03032,43.80065],[4.03016,43.79926],[4.03152,43.79892],[4.03233,43.79874],[4.03294,43.79845],[4.03325,43.79822],[4.03354,43.79777],[4.03397,43.79754],[4.03446,43.7973],[4.03488,43.79698],[4.03549,43.79657],[4.03581,43.79697],[4.03624,43.79665],[4.03733,43.7956],[4.03751,43.7956],[4.03784,43.79577],[4.03796,43.79572],[4.03851,43.79522],[4.0388,43.79472],[4.03959,43.79417],[4.04039,43.79375],[4.04142,43.79297],[4.04197,43.7927],[4.04253,43.79259],[4.04277,43.79241],[4.04294,43.79191],[4.04338,43.79168],[4.04431,43.79153],[4.04609,43.79087],[4.04644,43.79029],[4.04699,43.78988],[4.04833,43.78949],[4.04902,43.78939],[4.04932,43.78925],[4.04952,43.78889],[4.04998,43.78767],[4.05044,43.78704],[4.05142,43.78651],[4.05353,43.78561],[4.05368,43.78523],[4.05334,43.78517],[4.05303,43.78418],[4.05389,43.78346],[4.05382,43.7831],[4.05342,43.78239],[4.05239,43.78097],[4.05143,43.77995],[4.05142,43.77986],[4.05167,43.77958],[4.05154,43.77931],[4.05146,43.77909],[4.05199,43.77799],[4.05273,43.77812],[4.05367,43.77837],[4.05385,43.7781],[4.05385,43.77792],[4.05364,43.77729],[4.05288,43.77668],[4.05263,43.77641],[4.05248,43.77574],[4.05235,43.77551],[4.05203,43.77521],[4.05189,43.77494],[4.05176,43.77427],[4.05186,43.77391],[4.05218,43.77345],[4.05265,43.77296],[4.05326,43.77254],[4.054,43.77221],[4.0548,43.77206],[4.05523,43.77206],[4.05616,43.77214],[4.05685,43.77244],[4.05737,43.77243],[4.05868,43.77298],[4.05918,43.77343],[4.05953,43.77341],[4.06008,43.77315],[4.06071,43.77259],[4.06102,43.77232],[4.06147,43.77231],[4.06207,43.77245],[4.06286,43.77241],[4.06331,43.77228],[4.06357,43.77158],[4.06394,43.7709],[4.06468,43.77021],[4.06501,43.76983],[4.06519,43.76941],[4.06487,43.7684],[4.06476,43.76813],[4.06479,43.76728],[4.06497,43.76691],[4.06532,43.76654],[4.06545,43.76636],[4.06666,43.76558],[4.06702,43.76512],[4.06725,43.76449],[4.06751,43.76471],[4.06758,43.76507],[4.06777,43.76543],[4.06835,43.76585],[4.06864,43.76579],[4.06868,43.76602],[4.06845,43.76626],[4.06938,43.76694],[4.07,43.76715],[4.07031,43.76689],[4.07073,43.7666],[4.07149,43.76697],[4.07308,43.76743],[4.07404,43.76782],[4.07831,43.76789],[4.08363,43.76847],[4.08352,43.76824],[4.08405,43.7682],[4.08509,43.76829],[4.08556,43.76749],[4.08636,43.76652],[4.08708,43.7658],[4.08763,43.76539],[4.0881,43.76528],[4.0887,43.76524],[4.08926,43.76532],[4.08976,43.76523],[4.09001,43.765],[4.09049,43.76439],[4.09097,43.76407],[4.09214,43.76347],[4.09268,43.76306],[4.09292,43.7627],[4.09296,43.76234],[4.09271,43.76211],[4.09227,43.76198],[4.09097,43.76191],[4.09053,43.76184],[4.09034,43.76166],[4.09034,43.76139],[4.09039,43.76121],[4.09075,43.76094],[4.09173,43.76047],[4.09215,43.76019],[4.09215,43.76006],[4.09251,43.75956],[4.09281,43.75887],[4.09292,43.75833],[4.09289,43.75749],[4.09275,43.75704],[4.09255,43.75662],[4.09222,43.75582],[4.09219,43.75487],[4.09224,43.75451],[4.09252,43.75366],[4.09276,43.75325],[4.09312,43.75288],[4.09367,43.75247],[4.09704,43.75079],[4.09924,43.74959],[4.09915,43.74901],[4.09896,43.74865],[4.09852,43.74835],[4.09802,43.74813],[4.09719,43.74797],[4.09626,43.74788],[4.09565,43.74789],[4.09436,43.74826],[4.09405,43.74828],[4.09261,43.74785],[4.09208,43.7475],[4.09182,43.74716],[4.09179,43.74672],[4.09206,43.74611],[4.09182,43.74596],[4.09168,43.74504],[4.09063,43.74422],[4.08987,43.74357],[4.0896,43.74312],[4.08907,43.74187],[4.08869,43.74165],[4.08733,43.74158],[4.08701,43.74145],[4.08662,43.74079],[4.08643,43.7407],[4.08624,43.74057],[4.08409,43.74118],[4.08353,43.74097],[4.08176,43.74005],[4.08151,43.74005],[4.07991,43.74043],[4.07929,43.74054],[4.07621,43.74117],[4.07361,43.7413],[4.07223,43.74146],[4.07099,43.74142],[4.07002,43.74194],[4.06747,43.74153],[4.06183,43.74017],[4.06157,43.73999],[4.06144,43.73977],[4.06081,43.73942],[4.05981,43.73926],[4.05601,43.73846],[4.05599,43.73801],[4.05571,43.73661],[4.05528,43.73496],[4.055,43.73406],[4.05487,43.73344],[4.05472,43.73213],[4.05448,43.7306],[4.05441,43.72813],[4.05428,43.72786],[4.05417,43.72656],[4.0544,43.72584],[4.05463,43.72529],[4.05474,43.72475],[4.05488,43.72272],[4.05505,43.72227],[4.05547,43.72168],[4.056,43.72104],[4.05597,43.72019],[4.05584,43.71983],[4.05588,43.71906],[4.05599,43.71857],[4.05598,43.71825],[4.05572,43.71798],[4.0542,43.71696],[4.05377,43.71675],[4.05208,43.71646],[4.05121,43.71634],[4.05034,43.71608],[4.05009,43.71591],[4.05056,43.71491],[4.05114,43.71387],[4.05119,43.71365],[4.05155,43.71314],[4.0519,43.71241],[4.05233,43.71182],[4.05293,43.71136],[4.0533,43.71117],[4.05373,43.71085],[4.0539,43.71044],[4.05413,43.70972],[4.0543,43.7094],[4.05479,43.70908],[4.05516,43.70894],[4.0559,43.7088],[4.0565,43.70834],[4.05785,43.70769],[4.05828,43.7074],[4.05846,43.70718],[4.05887,43.70618],[4.05937,43.70474],[4.05965,43.70361],[4.05989,43.70298],[4.06031,43.7023],[4.06068,43.70197],[4.06128,43.70174],[4.06158,43.70138],[4.06217,43.70037],[4.06246,43.69973],[4.06258,43.69955],[4.06264,43.69951],[4.06276,43.69923],[4.06317,43.69856],[4.06384,43.69805],[4.06452,43.69777],[4.06428,43.69391],[4.06457,43.69346],[4.06482,43.69142],[4.0653,43.6906],[4.06566,43.68974],[4.06509,43.68966],[4.06417,43.69021],[4.06417,43.6903],[4.0635,43.69059],[4.06221,43.69105],[4.06111,43.69125],[4.05813,43.69152],[4.05479,43.69179],[4.05472,43.69157],[4.05433,43.69104],[4.05347,43.68939],[4.05333,43.68863],[4.05357,43.68835],[4.05509,43.68721],[4.05571,43.68692],[4.05705,43.6864],[4.05711,43.68627],[4.05655,43.68601],[4.0546,43.68531],[4.04927,43.68364],[4.04479,43.68254],[4.0444,43.68241],[4.04158,43.68097],[4.04079,43.68121],[4.03971,43.68091],[4.03551,43.67962],[4.03128,43.67842],[4.02519,43.67658],[4.02494,43.67654],[4.02406,43.67629],[4.02183,43.67564],[4.02193,43.67523],[4.02229,43.67464],[4.0224,43.67432],[4.02237,43.6728],[4.02277,43.67167],[4.02228,43.67158],[4.02177,43.67223],[4.02109,43.67268],[4.02034,43.67345],[4.02008,43.67377],[4.0189,43.67332],[4.01598,43.67394],[4.01157,43.67259],[4.00682,43.671],[4.00574,43.6706],[4.00512,43.67026],[4.00282,43.66975],[4.00106,43.6692],[3.99711,43.66804],[3.99536,43.66734],[3.99511,43.66725],[3.99449,43.66712],[3.9935,43.66696],[3.99335,43.66638],[3.99316,43.66592],[3.99159,43.66546],[3.99164,43.6651],[3.99182,43.66474],[3.99192,43.66428],[3.99192,43.66402],[3.9908,43.66367],[3.99084,43.66326],[3.99096,43.66312],[3.99146,43.66303],[3.99151,43.66258],[3.99131,43.66231],[3.99056,43.6621],[3.99056,43.66201],[3.9905,43.66197],[3.99049,43.66183],[3.99062,43.66179],[3.99062,43.6617],[3.99098,43.66155],[3.99104,43.66128],[3.9914,43.6611],[3.99133,43.66068],[3.99225,43.66018],[3.99218,43.65991],[3.99199,43.65946],[3.98975,43.65981],[3.98987,43.65944],[3.99034,43.65895],[3.99252,43.65735],[3.99295,43.65751],[3.99345,43.65647],[3.99355,43.65597],[3.99367,43.65575],[3.99412,43.65366],[3.99226,43.65351],[3.98985,43.65382],[3.9883,43.65411],[3.98687,43.65435],[3.98614,43.65448],[3.98283,43.65348],[3.97797,43.65264],[3.97666,43.65239],[3.97666,43.65226],[3.97634,43.65199],[3.97559,43.65165],[3.97345,43.65074],[3.97295,43.65037],[3.97193,43.64981],[3.96811,43.64807],[3.96285,43.64624],[3.96173,43.64595],[3.95665,43.64435],[3.95493,43.64438],[3.95313,43.64427],[3.95238,43.64397],[3.95132,43.64358],[3.95101,43.64354],[3.95082,43.64363],[3.94983,43.64401],[3.94975,43.64324],[3.94987,43.64292],[3.94943,43.64234],[3.94853,43.64137],[3.94712,43.64008],[3.94681,43.63973],[3.94648,43.63887],[3.94622,43.63852],[3.94521,43.63749],[3.94266,43.6356],[3.9405,43.63391],[3.93855,43.63245],[3.93692,43.63154],[3.93672,43.63145],[3.93618,43.63191],[3.93528,43.63269],[3.93467,43.63337],[3.93391,43.63455],[3.93331,43.6355],[3.93247,43.63664],[3.93158,43.63796],[3.93145,43.63805],[3.93139,43.63823],[3.93183,43.63844],[3.93148,43.63886],[3.93082,43.63976],[3.93057,43.64005],[3.93081,43.64041],[3.93137,43.64043],[3.93178,43.64079],[3.93177,43.64304],[3.93166,43.64376],[3.92975,43.64665],[3.9292,43.64808],[3.92927,43.6486],[3.9267,43.65112],[3.9285,43.65129],[3.92654,43.65355],[3.92637,43.65397],[3.92619,43.65424],[3.9255,43.65456],[3.92446,43.65494],[3.92282,43.6549],[3.92201,43.65513],[3.92038,43.65531],[3.91976,43.65532],[3.91754,43.65584],[3.91723,43.6559],[3.91473,43.65507],[3.91416,43.65479],[3.91327,43.65473],[3.91223,43.6542],[3.90762,43.65431],[3.90247,43.65442],[3.90169,43.65471],[3.90127,43.65441],[3.90075,43.65387],[3.89917,43.65254],[3.89796,43.65128],[3.89588,43.64972],[3.89395,43.6485],[3.89094,43.64779],[3.88868,43.64683],[3.88985,43.6461],[3.89036,43.64555],[3.89041,43.64509],[3.89032,43.64445],[3.88952,43.64438],[3.88866,43.64461],[3.88617,43.64551],[3.88581,43.64554],[3.88475,43.64579],[3.88245,43.6462],[3.88221,43.6463],[3.88184,43.64662],[3.88143,43.6472],[3.88077,43.64815],[3.88047,43.64853],[3.87973,43.64898],[3.87925,43.64926],[3.87882,43.6494],[3.87783,43.64914],[3.87608,43.64913],[3.87514,43.64878],[3.87482,43.64864],[3.87384,43.64866],[3.87285,43.64859],[3.87159,43.64819],[3.87128,43.64819],[3.87059,43.64789],[3.86985,43.64781],[3.86923,43.64782],[3.86832,43.64815],[3.86775,43.64856],[3.86697,43.64943],[3.86654,43.64974],[3.86593,43.64993],[3.8647,43.64999],[3.86396,43.6501],[3.86328,43.65024],[3.86273,43.65066],[3.86256,43.65088],[3.86181,43.65156],[3.86133,43.65184],[3.85979,43.65217],[3.85917,43.65241],[3.85869,43.65269],[3.8579,43.6532],[3.85703,43.65352],[3.85697,43.65338],[3.85672,43.65303],[3.85632,43.65232],[3.85601,43.65196],[3.8552,43.65162],[3.85456,43.65113],[3.85393,43.65091],[3.85332,43.65096],[3.85306,43.65105],[3.85264,43.65141],[3.85227,43.65174],[3.85197,43.65183],[3.85172,43.65174],[3.85109,43.6513],[3.8509,43.65099],[3.85069,43.65027],[3.85062,43.64997],[3.84944,43.6498],[3.84912,43.64967],[3.84833,43.64849],[3.84731,43.64879],[3.8458,43.64905],[3.84483,43.64877],[3.84328,43.64834],[3.84126,43.6477],[3.84114,43.64775],[3.84066,43.64829],[3.84007,43.64924],[3.83935,43.65016],[3.83886,43.65052],[3.83792,43.65],[3.83784,43.64977],[3.83815,43.64945],[3.83815,43.64927],[3.83775,43.64833],[3.83749,43.64775],[3.83666,43.647],[3.83664,43.64618],[3.83595,43.64583],[3.83589,43.64569],[3.83574,43.64498],[3.83569,43.64314],[3.83593,43.64273],[3.83568,43.64255],[3.83537,43.64247],[3.83335,43.6433],[3.83212,43.64386],[3.83163,43.64405],[3.83108,43.64406],[3.83088,43.64356],[3.83062,43.64302],[3.83017,43.64235],[3.82985,43.64186],[3.82927,43.64137],[3.82889,43.64071],[3.82869,43.64044],[3.828,43.64022],[3.82801,43.6398],[3.82684,43.63892],[3.82496,43.63819],[3.82452,43.63806],[3.82391,43.63853],[3.82428,43.63885],[3.82328,43.63971],[3.8241,43.64009],[3.82313,43.64076],[3.82178,43.64157],[3.82019,43.64177],[3.82049,43.64244],[3.82079,43.6424],[3.82151,43.642],[3.82209,43.64201],[3.82225,43.64224],[3.82243,43.64264],[3.82234,43.64295],[3.82237,43.64318],[3.8226,43.64328],[3.82297,43.6433],[3.82345,43.64324],[3.82095,43.64424],[3.82179,43.64351],[3.82143,43.64332],[3.82094,43.6433],[3.81989,43.64375],[3.81903,43.64404],[3.81815,43.64404],[3.81692,43.64334],[3.81373,43.64221],[3.81261,43.64173],[3.81191,43.64128],[3.81103,43.64054],[3.81066,43.64049],[3.81035,43.64063],[3.80973,43.64118],[3.80956,43.64123],[3.80873,43.64057],[3.80778,43.63971],[3.80746,43.63932],[3.80746,43.63901],[3.80787,43.63877],[3.80799,43.6385],[3.80798,43.63755],[3.8081,43.63706],[3.8082,43.63647],[3.80807,43.63603],[3.80787,43.63567],[3.80743,43.63532],[3.80705,43.63478],[3.80703,43.63455],[3.80722,43.63446],[3.80864,43.63444],[3.8092,43.63421],[3.80963,43.63417],[3.81,43.63415],[3.81155,43.63449],[3.81199,43.63454],[3.81242,43.63453],[3.81279,43.63439],[3.81316,43.63407],[3.81371,43.63325],[3.81406,43.63294],[3.81474,43.63265],[3.81583,43.63192],[3.81613,43.63156],[3.81619,43.63137],[3.81617,43.63084],[3.81592,43.63011],[3.8157,43.62922],[3.8155,43.62886],[3.81475,43.62833],[3.81431,43.62798],[3.81287,43.62732],[3.81243,43.62702],[3.81116,43.62599],[3.81108,43.62536],[3.81083,43.62514],[3.80908,43.62453],[3.80795,43.62406],[3.80764,43.62374],[3.80757,43.62365],[3.80755,43.62262],[3.80773,43.62221],[3.80791,43.62203],[3.80821,43.62198],[3.80864,43.62203],[3.80971,43.62223],[3.81062,43.62208],[3.81112,43.6219],[3.81137,43.62167],[3.81166,43.621],[3.81184,43.62054],[3.81213,43.62008],[3.81238,43.61986],[3.81293,43.61976],[3.81336,43.61958],[3.81427,43.61883],[3.81517,43.61802],[3.81669,43.61633],[3.81699,43.61579],[3.81727,43.61492],[3.81737,43.6142],[3.81755,43.61366],[3.81767,43.61353],[3.81784,43.61294],[3.81802,43.61276],[3.81914,43.61009],[3.81932,43.60973],[3.81944,43.60955],[3.81979,43.60886],[3.81978,43.60827],[3.81963,43.60774],[3.81952,43.60563],[3.81933,43.60518],[3.81907,43.60496],[3.81868,43.60447],[3.81835,43.60348],[3.81816,43.60326],[3.81785,43.60303],[3.81654,43.60274],[3.81646,43.60251],[3.81646,43.60229],[3.81693,43.60152],[3.81711,43.60098],[3.81752,43.60017],[3.81783,43.59989],[3.81831,43.59948],[3.81835,43.59849],[3.81894,43.59823],[3.81958,43.59824],[3.82014,43.59781],[3.81997,43.59715],[3.81919,43.59683],[3.81817,43.59633],[3.81792,43.59615],[3.81798,43.59583],[3.81845,43.59511],[3.81838,43.59444],[3.81818,43.59403],[3.8178,43.59368],[3.8178,43.59363],[3.81767,43.59354],[3.8164,43.59226],[3.81614,43.59194],[3.81613,43.59149],[3.81625,43.59122],[3.81607,43.59113],[3.81582,43.59105],[3.8149,43.5916],[3.81411,43.59206],[3.81411,43.59215],[3.81418,43.59224],[3.81488,43.59294],[3.81507,43.59326],[3.81541,43.59403],[3.81596,43.59389],[3.81578,43.59465],[3.81573,43.59506],[3.81562,43.59537],[3.81564,43.59695],[3.81502,43.59686],[3.81471,43.59687],[3.81467,43.59741],[3.8148,43.59772],[3.81531,43.59835],[3.81532,43.59884],[3.81527,43.5992],[3.8151,43.59965],[3.81461,43.59984],[3.8135,43.60017],[3.81275,43.60013],[3.81002,43.59967],[3.80784,43.59948],[3.8061,43.59923],[3.80573,43.59919],[3.80561,43.59915],[3.80443,43.59899],[3.80344,43.59899],[3.80047,43.59926],[3.79837,43.59951],[3.79812,43.59946],[3.79847,43.5987],[3.79863,43.59793],[3.79875,43.59775],[3.79875,43.59766],[3.79844,43.59771],[3.79704,43.59813],[3.79574,43.59851],[3.7944,43.59889],[3.79311,43.59949],[3.79231,43.59986],[3.79138,43.60014],[3.7898,43.60124],[3.78938,43.60156],[3.78895,43.60192],[3.78871,43.60229],[3.78815,43.60207],[3.78652,43.60115],[3.7842,43.59996],[3.78313,43.59953]]]]},"properties":{"ID":"344","id":"344","NOM_MASSIF":"GARRIGUES-ET-PINEDES-EST-HERAULTAIS","dept":"34"}},{"type":"Feature","id":5,"geometry":{"type":"MultiPolygon","coordinates":[[[[3.46398,43.59689],[3.46436,43.5963],[3.46465,43.59536],[3.46467,43.59401],[3.46479,43.59364],[3.4649,43.59278],[3.46488,43.59175],[3.46438,43.59104],[3.46418,43.59054],[3.46407,43.58852],[3.46401,43.5882],[3.46393,43.58739],[3.46357,43.58456],[3.46252,43.58471],[3.4619,43.58516],[3.45964,43.58583],[3.45931,43.58603],[3.45893,43.58621],[3.45872,43.58644],[3.45872,43.58699],[3.45862,43.58744],[3.45833,43.58763],[3.45692,43.58785],[3.45664,43.5883],[3.4564,43.5889],[3.45635,43.58929],[3.45567,43.58933],[3.45529,43.58905],[3.4551,43.58901],[3.45491,43.58884],[3.4551,43.58833],[3.45502,43.58794],[3.45483,43.58776],[3.45452,43.58762],[3.45409,43.58772],[3.45342,43.58804],[3.45318,43.58827],[3.45258,43.58926],[3.45215,43.58958],[3.45178,43.58954],[3.45146,43.58932],[3.45121,43.58896],[3.45114,43.58865],[3.45113,43.58788],[3.45101,43.58779],[3.45068,43.58767],[3.45045,43.58767],[3.44994,43.58776],[3.44945,43.58812],[3.44914,43.58809],[3.44871,43.58786],[3.44491,43.58704],[3.44473,43.58704],[3.44424,43.58723],[3.44245,43.58711],[3.44177,43.58703],[3.44125,43.58681],[3.441,43.58658],[3.44017,43.58493],[3.4399,43.58457],[3.43978,43.58444],[3.43891,43.58418],[3.43823,43.58413],[3.43387,43.58539],[3.4325,43.58581],[3.43161,43.58433],[3.43097,43.58336],[3.43084,43.58268],[3.43059,43.58201],[3.43008,43.58201],[3.43008,43.58174],[3.43012,43.58007],[3.42999,43.57972],[3.42986,43.57954],[3.4296,43.57931],[3.42798,43.57919],[3.42699,43.57871],[3.42666,43.57795],[3.42623,43.57786],[3.4261,43.57706],[3.42596,43.57674],[3.42577,43.57615],[3.42589,43.57606],[3.42589,43.57597],[3.42569,43.5757],[3.42519,43.57494],[3.42517,43.57441],[3.42542,43.57377],[3.42554,43.57336],[3.42553,43.573],[3.42584,43.573],[3.42676,43.57268],[3.42676,43.57264],[3.42657,43.57237],[3.42638,43.57201],[3.42637,43.57165],[3.42649,43.57129],[3.42701,43.56966],[3.42713,43.56939],[3.42725,43.56894],[3.42731,43.56885],[3.42729,43.5684],[3.42717,43.56781],[3.42715,43.56705],[3.4269,43.56678],[3.4269,43.56651],[3.42707,43.56615],[3.42743,43.56556],[3.42748,43.56543],[3.4273,43.56525],[3.42599,43.56468],[3.42599,43.5645],[3.42605,43.56432],[3.42529,43.56401],[3.42498,43.56383],[3.4251,43.56347],[3.42529,43.56338],[3.4262,43.56305],[3.42626,43.56296],[3.42558,43.56266],[3.42391,43.56227],[3.42211,43.56242],[3.42168,43.56246],[3.42166,43.56161],[3.41925,43.56123],[3.41937,43.55996],[3.41939,43.55911],[3.419,43.5579],[3.419,43.55736],[3.41917,43.55678],[3.41935,43.55628],[3.41944,43.55493],[3.41968,43.5543],[3.41973,43.55416],[3.42016,43.55343],[3.42039,43.55275],[3.42062,43.55203],[3.42062,43.55122],[3.42073,43.55077],[3.4206,43.55046],[3.4206,43.55019],[3.42165,43.55018],[3.42227,43.55035],[3.42327,43.55106],[3.42446,43.5515],[3.42496,43.55172],[3.42525,43.5514],[3.4258,43.55086],[3.42549,43.55064],[3.42548,43.55019],[3.42467,43.54952],[3.42378,43.54894],[3.42254,43.5481],[3.42141,43.54721],[3.42078,43.54677],[3.41879,43.54597],[3.41803,43.54536],[3.41729,43.54495],[3.4171,43.54491],[3.41716,43.54473],[3.41752,43.54419],[3.41758,43.54396],[3.41788,43.54347],[3.41873,43.54251],[3.41933,43.54191],[3.41933,43.54187],[3.41678,43.53937],[3.41718,43.5391],[3.41615,43.53731],[3.41621,43.53709],[3.41583,43.53641],[3.41637,43.53565],[3.41661,43.53537],[3.41655,43.53524],[3.41467,43.53409],[3.41436,43.53418],[3.41408,43.53417],[3.41317,43.53324],[3.41329,43.53309],[3.41209,43.53217],[3.41322,43.53128],[3.41143,43.53013],[3.41101,43.5298],[3.41107,43.52962],[3.41156,43.52903],[3.41234,43.52857],[3.41327,43.52857],[3.41401,43.52869],[3.41507,43.52891],[3.41576,43.52885],[3.41712,43.52884],[3.41749,43.5287],[3.41774,43.52852],[3.41772,43.5283],[3.41753,43.52807],[3.41698,43.52767],[3.41679,43.52759],[3.41659,43.52692],[3.41627,43.52647],[3.41596,43.52638],[3.41572,43.52638],[3.41528,43.52626],[3.41496,43.52602],[3.4149,43.52584],[3.4149,43.52562],[3.4152,43.52539],[3.415,43.52467],[3.41498,43.52377],[3.41424,43.52361],[3.41368,43.52343],[3.41281,43.52281],[3.41218,43.5225],[3.41193,43.52245],[3.41095,43.5231],[3.40894,43.52455],[3.40832,43.52488],[3.40783,43.52448],[3.40721,43.52466],[3.40709,43.52467],[3.40591,43.52449],[3.4056,43.52503],[3.40374,43.52483],[3.40219,43.52431],[3.40138,43.52408],[3.4005,43.52368],[3.39895,43.52302],[3.39802,43.52281],[3.39743,43.52264],[3.39644,43.5232],[3.39345,43.52362],[3.39235,43.52382],[3.39172,43.52319],[3.391,43.52286],[3.38805,43.52173],[3.38562,43.52087],[3.38573,43.5207],[3.38492,43.52035],[3.38408,43.52141],[3.38359,43.52187],[3.38181,43.52265],[3.38021,43.5236],[3.37899,43.52407],[3.37819,43.52448],[3.3774,43.52507],[3.37716,43.52534],[3.3754,43.52703],[3.3746,43.52762],[3.37349,43.52822],[3.373,43.52858],[3.37283,43.52885],[3.37203,43.52954],[3.37172,43.52976],[3.37111,43.52991],[3.36982,43.53005],[3.36847,43.53082],[3.36778,43.53115],[3.36516,43.53146],[3.36467,43.53163],[3.36403,43.53208],[3.36382,43.53219],[3.36356,43.53228],[3.36227,43.53234],[3.362,43.53229],[3.36173,43.53202],[3.36159,43.53195],[3.36104,43.53218],[3.3609,43.53212],[3.36069,43.53168],[3.36046,43.53148],[3.36055,43.5313],[3.35954,43.53022],[3.35923,43.52997],[3.35872,43.5297],[3.35849,43.52974],[3.35781,43.53025],[3.3554,43.53018],[3.35466,43.53028],[3.35447,43.53032],[3.35435,43.53028],[3.35397,43.53001],[3.35224,43.52984],[3.35118,43.52959],[3.34869,43.52867],[3.34701,43.52795],[3.34551,43.52747],[3.34508,43.52726],[3.34172,43.52666],[3.33949,43.52596],[3.33925,43.52596],[3.33894,43.5261],[3.33863,43.52619],[3.33851,43.52614],[3.33831,43.52556],[3.33793,43.52538],[3.33626,43.52472],[3.33581,43.5245],[3.33544,43.52401],[3.33406,43.52245],[3.33336,43.52164],[3.33291,43.52097],[3.33285,43.5207],[3.33247,43.52007],[3.33203,43.51962],[3.33203,43.51958],[3.33159,43.51918],[3.33065,43.51843],[3.33015,43.51789],[3.32995,43.51762],[3.33001,43.5174],[3.3305,43.51672],[3.33049,43.51659],[3.33061,43.51641],[3.33104,43.51573],[3.33107,43.51446],[3.33113,43.51419],[3.33137,43.51374],[3.33167,43.51292],[3.33171,43.51185],[3.33213,43.51144],[3.33256,43.51085],[3.33273,43.5104],[3.33284,43.50931],[3.33333,43.5085],[3.33344,43.50782],[3.3333,43.50693],[3.33324,43.5067],[3.3331,43.50567],[3.33296,43.50513],[3.33283,43.50437],[3.33281,43.50351],[3.33275,43.50342],[3.33275,43.50306],[3.33316,43.50265],[3.33335,43.50243],[3.33364,43.50165],[3.33364,43.50125],[3.33368,43.50062],[3.33443,43.50052],[3.33473,43.50034],[3.33484,43.49998],[3.33466,43.4998],[3.3341,43.4994],[3.33391,43.49905],[3.33402,43.49859],[3.33402,43.49838],[3.3342,43.49796],[3.33451,43.49769],[3.33475,43.4976],[3.33531,43.49751],[3.33587,43.4975],[3.33754,43.4978],[3.33828,43.49793],[3.33853,43.49783],[3.33852,43.49734],[3.33845,43.49712],[3.33787,43.49599],[3.33756,43.49549],[3.33736,43.49451],[3.33729,43.49424],[3.33717,43.49407],[3.33684,43.49344],[3.33627,43.49264],[3.33608,43.49223],[3.3359,43.49192],[3.33589,43.49169],[3.33631,43.49133],[3.33637,43.4912],[3.33625,43.49087],[3.33617,43.48966],[3.3359,43.48926],[3.33541,43.48841],[3.33508,43.48747],[3.33494,43.48675],[3.33469,43.48639],[3.33325,43.48514],[3.33299,43.48483],[3.33305,43.48451],[3.33311,43.48424],[3.33292,43.48402],[3.33261,43.48393],[3.33278,43.48348],[3.3329,43.48339],[3.33332,43.48271],[3.3332,43.48267],[3.33289,43.48258],[3.33116,43.48241],[3.33017,43.48243],[3.3293,43.48248],[3.32776,43.48232],[3.32702,43.48232],[3.32578,43.48255],[3.32504,43.4826],[3.32399,43.48247],[3.32245,43.48249],[3.32127,43.48272],[3.32115,43.48272],[3.32102,43.48232],[3.32084,43.48182],[3.3207,43.48174],[3.32047,43.48197],[3.32022,43.48229],[3.31931,43.48301],[3.31881,43.4836],[3.3179,43.48419],[3.31747,43.48446],[3.31643,43.48529],[3.31522,43.48656],[3.31443,43.48733],[3.31357,43.4882],[3.31291,43.4891],[3.31278,43.48937],[3.31272,43.48942],[3.31255,43.48996],[3.31256,43.49032],[3.31238,43.49081],[3.31222,43.49221],[3.31211,43.49313],[3.31196,43.49358],[3.31181,43.49431],[3.31178,43.4953],[3.31153,43.49641],[3.31118,43.49638],[3.31104,43.49663],[3.31097,43.49709],[3.31072,43.49737],[3.3105,43.49846],[3.30986,43.49917],[3.30894,43.49963],[3.30777,43.4999],[3.3074,43.49982],[3.30702,43.49969],[3.30679,43.49973],[3.30654,43.49982],[3.30623,43.50001],[3.30604,43.49996],[3.30572,43.49933],[3.30502,43.4983],[3.30477,43.49781],[3.30445,43.49736],[3.30414,43.49669],[3.30407,43.49633],[3.30364,43.49639],[3.30073,43.49681],[3.29974,43.49664],[3.2985,43.4962],[3.29652,43.49622],[3.29541,43.4964],[3.29418,43.49677],[3.29265,43.49751],[3.29062,43.49834],[3.29049,43.49825],[3.2903,43.49802],[3.28986,43.49717],[3.28935,43.49614],[3.28909,43.49579],[3.28841,43.49511],[3.28804,43.4953],[3.28718,43.49585],[3.28694,43.49594],[3.28645,43.49634],[3.28491,43.49681],[3.28355,43.497],[3.28109,43.49765],[3.28017,43.49793],[3.27961,43.49749],[3.27911,43.49735],[3.27824,43.49732],[3.27785,43.49714],[3.27785,43.49705],[3.27854,43.49646],[3.27848,43.49637],[3.27741,43.49629],[3.27752,43.4957],[3.27769,43.49502],[3.27751,43.49503],[3.27721,43.49512],[3.27641,43.49494],[3.27505,43.49495],[3.27431,43.49483],[3.27375,43.49483],[3.27307,43.49502],[3.27276,43.49493],[3.27225,43.49439],[3.27182,43.4944],[3.27077,43.49364],[3.27046,43.49378],[3.26997,43.49424],[3.26979,43.49446],[3.26916,43.49464],[3.26898,43.49473],[3.26824,43.49524],[3.26801,43.49528],[3.26776,43.49524],[3.26719,43.49498],[3.26571,43.49499],[3.26422,43.49478],[3.26286,43.49457],[3.26212,43.49452],[3.262,43.49457],[3.26194,43.49506],[3.26132,43.49562],[3.26089,43.49548],[3.2607,43.49548],[3.26035,43.49584],[3.25985,43.49563],[3.25872,43.49478],[3.25848,43.49501],[3.25811,43.49528],[3.25675,43.49506],[3.25644,43.49497],[3.25594,43.49457],[3.25575,43.49426],[3.2552,43.49431],[3.2537,43.49459],[3.25168,43.49514],[3.25088,43.49515],[3.25013,43.49498],[3.24995,43.49502],[3.24982,43.49507],[3.24734,43.4941],[3.24597,43.49353],[3.24397,43.49288],[3.24329,43.49283],[3.24286,43.49297],[3.24213,43.49325],[3.23935,43.49317],[3.23855,43.49336],[3.2375,43.49391],[3.23701,43.49427],[3.23664,43.4946],[3.23548,43.49505],[3.23475,43.49556],[3.23432,43.49601],[3.23413,43.49623],[3.23401,43.49628],[3.23352,43.49598],[3.23259,43.49562],[3.23234,43.49562],[3.23189,43.49629],[3.23144,43.49693],[3.23036,43.49694],[3.22949,43.49698],[3.22852,43.4974],[3.22787,43.49763],[3.2274,43.49754],[3.22708,43.49745],[3.22629,43.49763],[3.22492,43.49831],[3.22448,43.49874],[3.22182,43.49873],[3.22183,43.4999],[3.22202,43.50065],[3.2224,43.50168],[3.22279,43.50266],[3.22299,43.50352],[3.22163,43.50358],[3.2199,43.50377],[3.21868,43.50387],[3.21836,43.50392],[3.21725,43.50411],[3.21576,43.50443],[3.21392,43.50472],[3.21306,43.50476],[3.21238,43.50468],[3.21145,43.50474],[3.20989,43.50475],[3.20884,43.50471],[3.20879,43.50498],[3.20867,43.50507],[3.20811,43.50508],[3.20434,43.50501],[3.20348,43.50498],[3.20099,43.50469],[3.20099,43.50451],[3.20135,43.50356],[3.2014,43.50297],[3.20127,43.50265],[3.20082,43.50211],[3.20058,43.50207],[3.19946,43.50177],[3.19847,43.50169],[3.19854,43.5016],[3.19946,43.50105],[3.19946,43.50096],[3.19839,43.50011],[3.19733,43.49936],[3.19721,43.49936],[3.1971,43.49981],[3.19667,43.50048],[3.19631,43.50093],[3.19594,43.50157],[3.19577,43.50229],[3.1954,43.50261],[3.19521,43.50265],[3.19498,43.5027],[3.1946,43.50261],[3.19453,43.50239],[3.19472,43.50185],[3.19478,43.50162],[3.19512,43.50045],[3.19313,43.5002],[3.19288,43.50011],[3.19295,43.49939],[3.19282,43.49911],[3.19281,43.49835],[3.19299,43.49785],[3.1934,43.49722],[3.1934,43.497],[3.19229,43.49656],[3.19229,43.49643],[3.19277,43.49556],[3.19306,43.49498],[3.19312,43.4948],[3.19183,43.49476],[3.19152,43.49485],[3.19078,43.49495],[3.19078,43.49486],[3.19065,43.4945],[3.19053,43.49391],[3.19013,43.49346],[3.18894,43.49203],[3.18869,43.49168],[3.1883,43.49092],[3.18824,43.49087],[3.18793,43.49051],[3.18736,43.4898],[3.18603,43.48796],[3.18566,43.48738],[3.18527,43.48635],[3.18483,43.48545],[3.18476,43.48536],[3.18476,43.48523],[3.18444,43.4846],[3.18647,43.48309],[3.18641,43.48296],[3.18565,43.48189],[3.18521,43.48139],[3.18502,43.48112],[3.18496,43.48099],[3.18589,43.48081],[3.18607,43.48067],[3.18618,43.48036],[3.18624,43.47995],[3.18581,43.47968],[3.18575,43.47955],[3.18581,43.47955],[3.18746,43.47904],[3.18814,43.47868],[3.18887,43.47813],[3.18911,43.47777],[3.18916,43.47759],[3.18885,43.47737],[3.18879,43.47727],[3.18928,43.47673],[3.18995,43.4761],[3.19013,43.47604],[3.19045,43.47627],[3.19083,43.47631],[3.19126,43.47581],[3.19149,43.47527],[3.19161,43.47496],[3.19178,43.47455],[3.19191,43.47419],[3.19197,43.47372],[3.19257,43.47404],[3.19308,43.47407],[3.19376,43.47335],[3.1941,43.47324],[3.19448,43.47323],[3.19495,43.47337],[3.19533,43.47218],[3.19569,43.47112],[3.19575,43.47016],[3.19573,43.4688],[3.19559,43.46849],[3.19571,43.46768],[3.19588,43.46701],[3.19587,43.46656],[3.19581,43.46638],[3.19537,43.46588],[3.19506,43.46543],[3.19497,43.46359],[3.19483,43.46247],[3.19469,43.46211],[3.19463,43.46161],[3.19424,43.4608],[3.19355,43.45982],[3.19293,43.45897],[3.19267,43.45816],[3.19247,43.45758],[3.19197,43.45677],[3.19146,43.4561],[3.19089,43.45529],[3.19058,43.45499],[3.18984,43.45454],[3.18933,43.45418],[3.18927,43.4536],[3.18913,43.4531],[3.18888,43.45229],[3.18874,43.45198],[3.18856,43.45184],[3.18745,43.45239],[3.18518,43.45332],[3.18322,43.45414],[3.18186,43.4546],[3.18032,43.45515],[3.17964,43.45533],[3.17927,43.45547],[3.17896,43.45539],[3.1781,43.45467],[3.17759,43.45418],[3.17667,43.45432],[3.17543,43.45393],[3.17505,43.45393],[3.17501,43.45406],[3.17495,43.45496],[3.17348,43.4552],[3.1731,43.45521],[3.17309,43.45498],[3.17266,43.45494],[3.17271,43.45471],[3.17296,43.45426],[3.17309,43.45408],[3.17326,43.45372],[3.17376,43.45304],[3.17467,43.45277],[3.17485,43.45281],[3.17499,43.45308],[3.17604,43.45311],[3.17726,43.4531],[3.17745,43.45306],[3.17739,43.45288],[3.1772,43.45252],[3.1759,43.45258],[3.17547,43.45258],[3.17491,43.45195],[3.17423,43.45186],[3.17397,43.45123],[3.17397,43.45105],[3.17371,43.45074],[3.17359,43.45061],[3.17322,43.45043],[3.17278,43.45016],[3.17266,43.44994],[3.17229,43.44977],[3.17192,43.44954],[3.17153,43.44909],[3.17091,43.44888],[3.17091,43.44874],[3.17166,43.4486],[3.17275,43.44828],[3.17331,43.44791],[3.17465,43.44682],[3.17616,43.44528],[3.17623,43.44514],[3.17667,43.44473],[3.17684,43.4445],[3.17727,43.44401],[3.17721,43.44383],[3.17695,43.44356],[3.17639,43.44307],[3.17582,43.44285],[3.17551,43.44276],[3.17508,43.44273],[3.17459,43.44282],[3.17268,43.44319],[3.17237,43.44314],[3.17218,43.44293],[3.17181,43.44266],[3.17113,43.44243],[3.17057,43.44203],[3.17038,43.44176],[3.17031,43.4414],[3.17044,43.44118],[3.17048,43.44077],[3.17042,43.44055],[3.17017,43.44028],[3.16949,43.43988],[3.16787,43.43922],[3.16787,43.43899],[3.16804,43.43845],[3.16829,43.43751],[3.1684,43.43728],[3.16784,43.4371],[3.16753,43.43687],[3.16729,43.43652],[3.16622,43.43568],[3.16622,43.43532],[3.16639,43.43478],[3.16645,43.43446],[3.16621,43.43455],[3.16602,43.43478],[3.16568,43.43498],[3.16526,43.43497],[3.16506,43.43483],[3.16422,43.43492],[3.16353,43.435],[3.1631,43.43464],[3.16248,43.43474],[3.16213,43.43467],[3.16212,43.43438],[3.16187,43.43427],[3.16127,43.43456],[3.16084,43.43445],[3.16021,43.43462],[3.15985,43.43429],[3.15962,43.43369],[3.15908,43.43362],[3.15828,43.43305],[3.15735,43.4327],[3.15644,43.43252],[3.15579,43.43212],[3.15516,43.43151],[3.15522,43.43103],[3.15426,43.43103],[3.15368,43.43033],[3.15403,43.42989],[3.15349,43.42943],[3.15295,43.42936],[3.15235,43.42858],[3.15141,43.42786],[3.15135,43.42773],[3.15147,43.42755],[3.15146,43.42728],[3.14941,43.42581],[3.14816,43.42464],[3.14616,43.42313],[3.14616,43.42304],[3.14658,43.42271],[3.14584,43.422],[3.1454,43.42142],[3.14496,43.42067],[3.14464,43.41999],[3.14445,43.41989],[3.14333,43.4199],[3.14334,43.41981],[3.14333,43.41824],[3.14296,43.41825],[3.14251,43.41834],[3.14239,43.41825],[3.14188,43.41757],[3.14145,43.41767],[3.1412,43.41772],[3.14114,43.41754],[3.14077,43.41691],[3.14076,43.41678],[3.14113,43.41655],[3.14125,43.41641],[3.14082,43.41592],[3.14018,43.41516],[3.14,43.41511],[3.13963,43.41525],[3.13951,43.41511],[3.13932,43.41498],[3.13883,43.41512],[3.13823,43.41546],[3.13705,43.41565],[3.13837,43.41653],[3.1395,43.41763],[3.14009,43.41849],[3.13989,43.42015],[3.14014,43.42106],[3.14015,43.42137],[3.13997,43.42169],[3.13997,43.42178],[3.13972,43.42205],[3.13942,43.42259],[3.13894,43.42323],[3.13851,43.42372],[3.13828,43.42417],[3.13791,43.42417],[3.13673,43.42504],[3.13521,43.42617],[3.13515,43.42626],[3.12858,43.42533],[3.12858,43.42443],[3.12685,43.42444],[3.12673,43.4243],[3.12667,43.42421],[3.12636,43.42426],[3.12451,43.42459],[3.12383,43.42473],[3.12273,43.42515],[3.12056,43.42552],[3.11995,43.42579],[3.11897,43.42625],[3.1186,43.42638],[3.11738,43.42675],[3.11664,43.42716],[3.11609,43.42753],[3.11584,43.42784],[3.11566,43.42852],[3.11542,43.42874],[3.11443,43.42929],[3.11259,43.43007],[3.11204,43.4302],[3.11063,43.4303],[3.10938,43.43063],[3.1084,43.43078],[3.10736,43.43128],[3.10662,43.43169],[3.10602,43.43245],[3.10523,43.43336],[3.10456,43.43431],[3.10296,43.43581],[3.10229,43.43666],[3.10192,43.43764],[3.10103,43.43793],[3.1001,43.4383],[3.09857,43.43867],[3.09714,43.43868],[3.09578,43.4386],[3.09337,43.43821],[3.09239,43.43831],[3.09158,43.43818],[3.09114,43.43792],[3.09077,43.43778],[3.0904,43.43742],[3.09015,43.4372],[3.08984,43.43712],[3.08966,43.43712],[3.08903,43.43711],[3.08866,43.43702],[3.08829,43.43707],[3.08785,43.43725],[3.08694,43.43781],[3.08509,43.43836],[3.08319,43.439],[3.0822,43.43933],[3.0806,43.43997],[3.07975,43.44042],[3.07907,43.44092],[3.07846,43.44151],[3.07792,43.44218],[3.07774,43.4425],[3.07737,43.44282],[3.0767,43.44341],[3.07608,43.44413],[3.07522,43.44477],[3.0751,43.44495],[3.07449,43.4454],[3.07363,43.44577],[3.07344,43.44586],[3.07358,43.44609],[3.07401,43.44666],[3.07434,43.44752],[3.07472,43.44842],[3.07491,43.4486],[3.0754,43.44881],[3.07559,43.44913],[3.07566,43.44962],[3.07591,43.44985],[3.07622,43.44988],[3.07659,43.44952],[3.07683,43.44957],[3.07714,43.44993],[3.07733,43.45024],[3.07758,43.45046],[3.07758,43.45055],[3.07709,43.45115],[3.07716,43.45129],[3.07734,43.4515],[3.07742,43.45182],[3.07717,43.45263],[3.07706,43.45282],[3.07547,43.45417],[3.07553,43.45439],[3.07565,43.45453],[3.07559,43.45462],[3.0748,43.45485],[3.07358,43.45576],[3.07326,43.45612],[3.07308,43.45626],[3.07308,43.4563],[3.07283,43.45653],[3.07229,43.45707],[3.07137,43.45789],[3.07162,43.45803],[3.07236,43.4582],[3.07261,43.45847],[3.07287,43.45887],[3.07324,43.45936],[3.07367,43.45967],[3.07455,43.45998],[3.07486,43.46029],[3.07498,43.46065],[3.075,43.46115],[3.07524,43.46151],[3.07524,43.4616],[3.07438,43.46196],[3.07359,43.46242],[3.07212,43.46343],[3.07218,43.46356],[3.07269,43.46432],[3.07281,43.4645],[3.0738,43.46494],[3.07412,43.4653],[3.074,43.4657],[3.07375,43.4662],[3.07432,43.46732],[3.07446,43.4675],[3.07452,43.46786],[3.07478,43.46845],[3.07566,43.46975],[3.07585,43.47033],[3.07598,43.47113],[3.07606,43.47185],[3.07612,43.4723],[3.07618,43.47262],[3.07644,43.47293],[3.0764,43.47406],[3.07627,43.47482],[3.07566,43.47474],[3.07493,43.47497],[3.07462,43.47507],[3.07406,43.47498],[3.07375,43.47489],[3.0732,43.47503],[3.0722,43.47512],[3.0711,43.47563],[3.07104,43.47572],[3.07005,43.47555],[3.06752,43.47551],[3.06566,43.47594],[3.06449,43.47616],[3.06369,43.47613],[3.06307,43.47594],[3.06282,43.47599],[3.06087,43.47652],[3.06029,43.47653],[3.05925,43.47654],[3.05726,43.47608],[3.05233,43.47529],[3.0514,43.47433],[3.05116,43.47405],[3.0505,43.47399],[3.05008,43.47375],[3.04977,43.47372],[3.04925,43.47371],[3.04903,43.47366],[3.049,43.47377],[3.04848,43.47368],[3.04819,43.4732],[3.04813,43.47307],[3.04766,43.4725],[3.04713,43.47213],[3.04683,43.47194],[3.04579,43.47179],[3.04466,43.47137],[3.04332,43.47118],[3.04317,43.47138],[3.04162,43.4715],[3.04047,43.47148],[3.04031,43.47188],[3.04022,43.47248],[3.0403,43.47273],[3.04064,43.47308],[3.04074,43.47383],[3.04045,43.47432],[3.04011,43.47473],[3.03957,43.47488],[3.03877,43.47492],[3.03784,43.47475],[3.03728,43.47484],[3.03514,43.47583],[3.0339,43.47637],[3.03341,43.47674],[3.03321,43.47712],[3.0329,43.47739],[3.03288,43.4783],[3.03264,43.47851],[3.03222,43.47866],[3.03142,43.47856],[3.03106,43.47854],[3.03053,43.47871],[3.03018,43.47918],[3.02991,43.47939],[3.02682,43.47946],[3.02596,43.47933],[3.02401,43.47882],[3.02289,43.47833],[3.02199,43.47811],[3.02132,43.47805],[3.02057,43.47821],[3.01941,43.47879],[3.0185,43.47915],[3.01549,43.48006],[3.01383,43.48045],[3.01196,43.48043],[3.01076,43.48066],[3.01032,43.4807],[3.00992,43.48072],[3.00895,43.48022],[3.00798,43.47995],[3.00733,43.47999],[3.00662,43.4802],[3.00592,43.48028],[3.00556,43.48034],[3.00528,43.48034],[3.00448,43.48025],[3.00431,43.48037],[3.00378,43.48063],[3.00285,43.48096],[3.00252,43.48133],[3.00219,43.48195],[3.00166,43.48269],[3.00117,43.48334],[3.00067,43.48401],[3.00043,43.48446],[3.00015,43.48473],[2.99799,43.48589],[2.99758,43.48644],[2.99687,43.48674],[2.99597,43.48696],[2.99523,43.48716],[2.99445,43.48735],[2.99345,43.4876],[2.99262,43.48768],[2.99218,43.48767],[2.99201,43.4883],[2.9917,43.48916],[2.99163,43.4893],[2.99152,43.48961],[2.99116,43.4907],[2.99104,43.49115],[2.99056,43.49241],[2.99008,43.49363],[2.98997,43.49399],[2.98978,43.49444],[2.98936,43.49498],[2.98868,43.49561],[2.98733,43.49667],[2.98728,43.49703],[2.98716,43.49739],[2.98697,43.4977],[2.98629,43.4982],[2.98524,43.49852],[2.98482,43.49879],[2.98414,43.49902],[2.98309,43.49934],[2.9828,43.49952],[2.98255,43.49962],[2.98181,43.49975],[2.98119,43.5002],[2.98021,43.50075],[2.98009,43.50089],[2.97959,43.50161],[2.97916,43.50193],[2.97854,43.50211],[2.97755,43.50212],[2.97718,43.50207],[2.97552,43.50177],[2.97496,43.50186],[2.97479,43.502],[2.97479,43.50227],[2.97454,43.50267],[2.97399,43.50312],[2.97369,43.50326],[2.97231,43.50349],[2.97016,43.50365],[2.96924,43.50364],[2.96917,43.50373],[2.96893,43.50391],[2.9675,43.50437],[2.96707,43.50416],[2.96597,43.50483],[2.96566,43.50497],[2.96509,43.50498],[2.9638,43.5048],[2.96305,43.50485],[2.96275,43.50489],[2.96089,43.50464],[2.96003,43.50464],[2.95862,43.5051],[2.95749,43.5052],[2.957,43.50529],[2.95644,43.50548],[2.95546,43.50566],[2.95509,43.50571],[2.95429,43.50553],[2.9536,43.50527],[2.95261,43.50504],[2.95193,43.50501],[2.95132,43.50519],[2.95064,43.50528],[2.9497,43.50533],[2.94878,43.50529],[2.94804,43.50493],[2.94717,43.50472],[2.94563,43.50468],[2.94433,43.50455],[2.94377,43.50451],[2.94297,43.50461],[2.94192,43.50475],[2.94055,43.50494],[2.93968,43.50498],[2.93914,43.50531],[2.93821,43.50562],[2.93809,43.50575],[2.93815,43.50584],[2.93841,43.50607],[2.93841,43.50674],[2.93853,43.50692],[2.93916,43.5075],[2.93978,43.50827],[2.93985,43.50854],[2.93954,43.50881],[2.93905,43.50912],[2.9385,43.50952],[2.93838,43.50976],[2.93813,43.50994],[2.93702,43.51016],[2.93635,43.51062],[2.93553,43.51085],[2.93474,43.5114],[2.93388,43.51176],[2.93346,43.51209],[2.93321,43.51249],[2.93284,43.51281],[2.93285,43.51303],[2.93266,43.51335],[2.93241,43.51361],[2.93224,43.5142],[2.93199,43.51442],[2.93175,43.51483],[2.93157,43.51502],[2.93114,43.51515],[2.93095,43.51529],[2.93121,43.5161],[2.93121,43.51664],[2.93103,43.51709],[2.93099,43.51827],[2.93075,43.51926],[2.93069,43.51988],[2.93087,43.52024],[2.93157,43.52078],[2.93212,43.5214],[2.93257,43.52203],[2.93258,43.52279],[2.93233,43.52352],[2.9324,43.5237],[2.93321,43.52446],[2.93402,43.52513],[2.93544,43.52571],[2.93606,43.52602],[2.93681,43.52656],[2.93737,43.52713],[2.93757,43.52731],[2.9417,43.5258],[2.94446,43.52472],[2.9468,43.52357],[2.94829,43.52298],[2.95007,43.52257],[2.95156,43.52238],[2.95236,43.52237],[2.95298,43.52246],[2.95354,43.52255],[2.95409,43.52268],[2.95459,43.52268],[2.95565,43.52298],[2.9559,43.52298],[2.95842,43.52202],[2.96094,43.52143],[2.96193,43.52133],[2.96312,43.52132],[2.96386,43.52141],[2.96466,43.52167],[2.96602,43.52243],[2.96715,43.52319],[2.96715,43.52328],[2.96654,43.52379],[2.96654,43.52397],[2.96716,43.52432],[2.96791,43.52486],[2.96828,43.52521],[2.96841,43.52553],[2.96804,43.52571],[2.96675,43.52598],[2.96588,43.52631],[2.96528,43.52671],[2.96503,43.52698],[2.96483,43.52739],[2.96483,43.52761],[2.96523,43.52788],[2.96702,43.52892],[2.96734,43.52904],[2.96764,43.52895],[2.9682,43.52886],[2.97098,43.52894],[2.97141,43.52885],[2.9722,43.52816],[2.97307,43.52725],[2.97307,43.52721],[2.97338,43.52689],[2.97381,43.52689],[2.97486,43.52707],[2.9766,43.52769],[2.97715,43.52773],[2.97795,43.5275],[2.97832,43.52745],[2.97913,43.52768],[2.97987,43.52771],[2.98118,43.52757],[2.98235,43.52734],[2.9826,43.5272],[2.98265,43.52702],[2.98271,43.52626],[2.98276,43.5258],[2.98295,43.52539],[2.98325,43.52476],[2.98367,43.52395],[2.98398,43.52337],[2.98458,43.52234],[2.98483,43.5221],[2.98624,43.52155],[2.98712,43.52133],[2.98785,43.521],[2.98865,43.52082],[2.98982,43.52055],[2.99137,43.52054],[2.99296,43.5203],[2.99353,43.52116],[2.99426,43.52193],[2.99513,43.52245],[2.9956,43.52262],[2.9963,43.52272],[2.99765,43.52275],[2.99812,43.5229],[2.99833,43.52246],[2.99854,43.52198],[2.99839,43.52163],[2.99838,43.52118],[3.00026,43.52003],[3.00155,43.51921],[3.00185,43.51872],[3.00204,43.51822],[3.00284,43.51746],[3.00295,43.51723],[3.00326,43.51691],[3.00363,43.5166],[3.0043,43.51633],[3.00535,43.51609],[3.00647,43.51608],[3.00721,43.51626],[3.00745,43.5164],[3.00838,43.51666],[3.00975,43.51674],[3.01043,43.51683],[3.01125,43.51714],[3.01236,43.51753],[3.01428,43.5182],[3.01553,43.51873],[3.01596,43.51899],[3.01628,43.52008],[3.01654,43.52071],[3.01673,43.52129],[3.01685,43.52152],[3.01699,43.52187],[3.01724,43.52236],[3.0175,43.5229],[3.01799,43.52371],[3.0183,43.52384],[3.01918,43.52438],[3.02023,43.52514],[3.021,43.52572],[3.02168,43.52594],[3.02254,43.52602],[3.02316,43.52589],[3.02463,43.52534],[3.02513,43.52533],[3.02574,43.52551],[3.02743,43.52613],[3.02792,43.52644],[3.02804,43.52675],[3.0283,43.52756],[3.02868,43.5281],[3.02981,43.52891],[3.03026,43.52953],[3.03075,43.52953],[3.03241,43.52957],[3.03346,43.52938],[3.03377,43.5292],[3.0347,43.52875],[3.03592,43.52824],[3.03673,43.5281],[3.03722,43.52805],[3.03754,43.52814],[3.03754,43.52832],[3.03753,43.52891],[3.03791,43.52971],[3.03793,43.53088],[3.03787,43.53106],[3.03789,43.53227],[3.03752,43.53281],[3.03753,43.53381],[3.03784,43.53417],[3.03935,43.53573],[3.04047,43.53672],[3.0406,43.53699],[3.04079,43.53747],[3.04111,43.53824],[3.04117,43.53887],[3.04106,43.53932],[3.04101,43.54049],[3.04095,43.54085],[3.04146,43.54134],[3.04245,43.54215],[3.04263,43.54219],[3.04314,43.54196],[3.04364,43.54187],[3.04407,43.5416],[3.04438,43.54137],[3.04467,43.54105],[3.04486,43.54092],[3.04498,43.54128],[3.04524,43.54172],[3.04557,43.54258],[3.04594,43.54348],[3.04614,43.54406],[3.04614,43.54469],[3.04578,43.54568],[3.04548,43.54636],[3.04542,43.54654],[3.04525,43.5469],[3.04525,43.54708],[3.05015,43.54845],[3.05064,43.54885],[3.0512,43.5493],[3.05171,43.54965],[3.05233,43.54987],[3.05356,43.55004],[3.05481,43.54999],[3.05568,43.54999],[3.05648,43.5502],[3.05667,43.55034],[3.05526,43.55152],[3.0552,43.55188],[3.05533,43.55233],[3.05552,43.55282],[3.05541,43.55324],[3.05516,43.5536],[3.05509,43.55387],[3.0551,43.55432],[3.05522,43.55459],[3.05529,43.55498],[3.05555,43.55521],[3.05605,43.55561],[3.05624,43.55593],[3.05638,43.55659],[3.0565,43.55682],[3.0565,43.55691],[3.05612,43.55705],[3.05613,43.55741],[3.05638,43.55776],[3.05701,43.55812],[3.05738,43.55835],[3.05752,43.55852],[3.05752,43.55862],[3.05701,43.55844],[3.05682,43.55848],[3.05701,43.55885],[3.0567,43.55875],[3.05633,43.55866],[3.05621,43.5589],[3.05639,43.55935],[3.05641,43.55975],[3.05641,43.56006],[3.05579,43.56034],[3.05475,43.56052],[3.05308,43.56058],[3.05196,43.56072],[3.05196,43.56081],[3.05352,43.5617],[3.05402,43.56214],[3.05478,43.56295],[3.05509,43.56354],[3.0551,43.56372],[3.0546,43.56381],[3.05306,43.56373],[3.05157,43.56338],[3.05012,43.56303],[3.04969,43.56294],[3.04783,43.56296],[3.04709,43.56282],[3.04548,43.5622],[3.04427,43.562],[3.044,43.56194],[3.04264,43.56163],[3.04064,43.56138],[3.03989,43.56115],[3.03884,43.56067],[3.03797,43.56041],[3.03717,43.56041],[3.03501,43.56078],[3.03421,43.5607],[3.03339,43.56057],[3.03253,43.56057],[3.0316,43.56071],[3.03129,43.56085],[3.03104,43.56116],[3.0303,43.56086],[3.02987,43.56072],[3.02968,43.56072],[3.02852,43.56141],[3.02802,43.56154],[3.02753,43.56142],[3.02734,43.56128],[3.02708,43.56056],[3.02684,43.56006],[3.02676,43.55993],[3.0262,43.55918],[3.0257,43.55867],[3.02434,43.55792],[3.02202,43.55681],[3.02078,43.55646],[3.02047,43.55646],[3.01924,43.5567],[3.01868,43.5571],[3.01838,43.55759],[3.01814,43.55777],[3.01746,43.55796],[3.01529,43.55851],[3.01345,43.55903],[3.01308,43.55898],[3.0117,43.55854],[3.01084,43.55823],[3.01071,43.55823],[3.01047,43.5585],[3.01005,43.55913],[3.00944,43.56003],[3.0095,43.56039],[3.00933,43.56102],[3.00921,43.56147],[3.00913,43.56156],[3.00902,43.56238],[3.00891,43.56274],[3.00854,43.56319],[3.00799,43.5641],[3.00739,43.56496],[3.00647,43.5659],[3.00616,43.56627],[3.00604,43.56658],[3.00599,43.56712],[3.00605,43.5673],[3.00637,43.56793],[3.00662,43.5686],[3.00713,43.56969],[3.00726,43.57071],[3.00734,43.57139],[3.00721,43.57184],[3.00704,43.57215],[3.00902,43.5725],[3.00995,43.57286],[3.01069,43.57331],[3.01114,43.57361],[3.01139,43.5737],[3.01188,43.57366],[3.01225,43.57361],[3.01255,43.57351],[3.01273,43.57338],[3.0128,43.5732],[3.01311,43.57279],[3.01385,43.57225],[3.01538,43.57125],[3.01575,43.57107],[3.01747,43.57047],[3.01852,43.57025],[3.01945,43.57033],[3.02268,43.57062],[3.02355,43.57102],[3.02429,43.57143],[3.02536,43.57178],[3.02616,43.572],[3.02662,43.57232],[3.02724,43.57328],[3.02768,43.57404],[3.02763,43.5749],[3.02775,43.57582],[3.0282,43.57649],[3.02903,43.57709],[3.02986,43.57747],[3.03124,43.57831],[3.03478,43.57834],[3.03564,43.57828],[3.03786,43.57796],[3.03971,43.57745],[3.04083,43.57704],[3.04182,43.57667],[3.04292,43.57635],[3.04348,43.5759],[3.04421,43.57527],[3.04458,43.57512],[3.04513,43.57503],[3.04781,43.57497],[3.04897,43.57451],[3.04984,43.57424],[3.05279,43.57404],[3.05415,43.57403],[3.0559,43.57429],[3.05802,43.57472],[3.06179,43.57529],[3.06241,43.57532],[3.06356,43.57532],[3.06443,43.5754],[3.06553,43.57548],[3.06651,43.57576],[3.06723,43.57606],[3.06778,43.57642],[3.06813,43.57686],[3.06834,43.57767],[3.06817,43.57859],[3.06829,43.57935],[3.0685,43.57973],[3.06914,43.58034],[3.06973,43.58069],[3.07077,43.58099],[3.0716,43.58134],[3.07278,43.58169],[3.07352,43.58237],[3.07426,43.58303],[3.07502,43.5838],[3.07553,43.58428],[3.07609,43.58455],[3.07678,43.585],[3.07703,43.58514],[3.0774,43.58545],[3.07802,43.58567],[3.07857,43.5858],[3.07907,43.5858],[3.08142,43.58565],[3.08266,43.58532],[3.08421,43.585],[3.08501,43.58482],[3.08674,43.58463],[3.0873,43.58466],[3.08773,43.58471],[3.08945,43.5847],[3.09156,43.58486],[3.0923,43.58504],[3.09394,43.58569],[3.09499,43.58591],[3.09598,43.58627],[3.09734,43.58644],[3.09969,43.58647],[3.10025,43.58656],[3.10158,43.58704],[3.10332,43.58732],[3.10462,43.58717],[3.1058,43.58684],[3.10702,43.58675],[3.10812,43.58665],[3.10764,43.58759],[3.10739,43.58781],[3.1066,43.58889],[3.10623,43.58935],[3.10563,43.59026],[3.10479,43.59175],[3.1046,43.59193],[3.1046,43.59202],[3.10442,43.59234],[3.10312,43.59293],[3.10227,43.59348],[3.10159,43.59384],[3.10067,43.59452],[3.10018,43.59479],[3.0984,43.5957],[3.09796,43.59603],[3.09767,43.59679],[3.0975,43.59733],[3.09736,43.59774],[3.09713,43.59833],[3.09688,43.59855],[3.09632,43.59865],[3.0962,43.59896],[3.09615,43.59995],[3.09627,43.60031],[3.09629,43.60076],[3.09586,43.60139],[3.09506,43.60198],[3.09471,43.60243],[3.09446,43.60288],[3.09435,43.60446],[3.09424,43.60501],[3.09425,43.60564],[3.09444,43.60636],[3.09464,43.60694],[3.09445,43.60726],[3.09439,43.60753],[3.09422,43.60775],[3.09416,43.60793],[3.09403,43.60807],[3.09385,43.60838],[3.09378,43.60852],[3.09354,43.6091],[3.09342,43.60955],[3.09336,43.6096],[3.09336,43.60969],[3.09294,43.61027],[3.09287,43.61041],[3.09206,43.61149],[3.09528,43.61203],[3.09669,43.61233],[3.09824,43.61258],[3.09917,43.61262],[3.09955,43.61244],[3.09992,43.61237],[3.10012,43.61175],[3.10088,43.61118],[3.10163,43.61189],[3.1033,43.61268],[3.10687,43.61414],[3.10663,43.61446],[3.10565,43.61519],[3.1054,43.61551],[3.10534,43.61623],[3.10516,43.61659],[3.10503,43.61677],[3.10474,43.61749],[3.10444,43.61853],[3.10432,43.61871],[3.10415,43.61934],[3.10402,43.61957],[3.10552,43.62065],[3.10621,43.62145],[3.1069,43.62202],[3.10814,43.62256],[3.10859,43.62271],[3.10865,43.62288],[3.10916,43.62283],[3.10913,43.62308],[3.10921,43.62393],[3.10869,43.62455],[3.10829,43.62475],[3.108,43.62493],[3.10657,43.62549],[3.10633,43.62553],[3.10615,43.62621],[3.10567,43.62712],[3.10555,43.62721],[3.10549,43.62739],[3.10524,43.62775],[3.10494,43.62798],[3.10426,43.62817],[3.10358,43.6283],[3.10347,43.62884],[3.10353,43.62889],[3.10465,43.62919],[3.1049,43.62928],[3.10508,43.62955],[3.1051,43.63005],[3.10491,43.63036],[3.10442,43.63077],[3.10437,43.63104],[3.10437,43.63149],[3.10424,43.63189],[3.10426,43.63257],[3.10446,43.63306],[3.10445,43.63384],[3.10427,43.63438],[3.10415,43.63442],[3.10421,43.63456],[3.10489,43.63486],[3.10477,43.63518],[3.10423,43.63586],[3.10356,43.6364],[3.10313,43.63694],[3.10204,43.63857],[3.10179,43.63902],[3.10132,43.64083],[3.10103,43.6416],[3.10097,43.64205],[3.10044,43.6438],[3.10036,43.64412],[3.10018,43.64416],[3.09994,43.6444],[3.09951,43.64516],[3.09903,43.64566],[3.09878,43.64611],[3.09886,43.6466],[3.09904,43.64715],[3.09904,43.64733],[3.09906,43.64764],[3.09845,43.64891],[3.09833,43.64904],[3.09803,43.64985],[3.09791,43.64994],[3.09791,43.65003],[3.09736,43.65112],[3.09724,43.6513],[3.09682,43.65211],[3.09664,43.65238],[3.09981,43.65354],[3.10143,43.65415],[3.1105,43.65553],[3.11081,43.65548],[3.11112,43.65539],[3.1118,43.65502],[3.11353,43.65424],[3.1142,43.65388],[3.11531,43.65365],[3.11717,43.6535],[3.11883,43.65318],[3.11914,43.65318],[3.11927,43.65344],[3.1194,43.65438],[3.11996,43.65448],[3.12052,43.65456],[3.12121,43.65487],[3.12366,43.65607],[3.12409,43.65629],[3.12415,43.65634],[3.12471,43.65655],[3.12502,43.65678],[3.12521,43.65723],[3.12568,43.65806],[3.12584,43.65852],[3.12713,43.65903],[3.12864,43.65966],[3.12944,43.66015],[3.12968,43.66027],[3.13032,43.66051],[3.13068,43.66049],[3.13107,43.66042],[3.13169,43.66031],[3.13218,43.66022],[3.1328,43.66011],[3.13335,43.66001],[3.13461,43.66044],[3.13397,43.66061],[3.13319,43.66086],[3.13233,43.66155],[3.13171,43.66182],[3.13165,43.66195],[3.13191,43.66231],[3.1321,43.66267],[3.13241,43.66289],[3.13273,43.66334],[3.13274,43.66379],[3.13286,43.66416],[3.13325,43.66465],[3.13368,43.66523],[3.13388,43.6659],[3.13445,43.66675],[3.13452,43.66706],[3.13422,43.6677],[3.13435,43.66846],[3.13362,43.66919],[3.13337,43.66964],[3.13338,43.67005],[3.13344,43.67018],[3.13346,43.6714],[3.13334,43.67162],[3.13279,43.67203],[3.13279,43.67212],[3.13262,43.67284],[3.13237,43.67297],[3.13138,43.67334],[3.13095,43.67357],[3.13082,43.6738],[3.13076,43.67416],[3.13058,43.67434],[3.13045,43.67447],[3.1296,43.67511],[3.12929,43.67547],[3.12924,43.67624],[3.12901,43.67678],[3.12895,43.67736],[3.12915,43.67795],[3.12946,43.67849],[3.12947,43.67916],[3.12916,43.67975],[3.12899,43.68029],[3.12893,43.68056],[3.12857,43.68155],[3.12815,43.68259],[3.12806,43.68452],[3.13007,43.68487],[3.13146,43.68753],[3.13119,43.68808],[3.13182,43.68824],[3.13257,43.68859],[3.13283,43.68886],[3.13302,43.68958],[3.13353,43.69002],[3.13365,43.69029],[3.13384,43.69092],[3.13392,43.69164],[3.13398,43.69187],[3.13393,43.69236],[3.13362,43.6929],[3.13339,43.69326],[3.13326,43.69353],[3.13328,43.69439],[3.13315,43.6947],[3.13309,43.6952],[3.13329,43.69552],[3.13429,43.69628],[3.13542,43.69699],[3.13573,43.69708],[3.13585,43.69699],[3.13714,43.69563],[3.13891,43.69385],[3.13951,43.69318],[3.1399,43.69282],[3.1399,43.69277],[3.14007,43.69255],[3.14118,43.69177],[3.14229,43.69122],[3.14315,43.6909],[3.14408,43.69085],[3.14432,43.69076],[3.14469,43.69053],[3.14481,43.69035],[3.14492,43.68986],[3.14523,43.68932],[3.14584,43.68877],[3.14635,43.68818],[3.14653,43.68814],[3.14765,43.68858],[3.14827,43.68867],[3.14994,43.68833],[3.1505,43.68824],[3.15282,43.68844],[3.15533,43.68713],[3.15557,43.6872],[3.15695,43.68612],[3.1568,43.68594],[3.15883,43.68376],[3.15904,43.68392],[3.15941,43.68342],[3.15977,43.68355],[3.16001,43.68301],[3.16072,43.68335],[3.16167,43.68301],[3.16382,43.68162],[3.16448,43.68116],[3.16533,43.6803],[3.16606,43.67953],[3.16662,43.67939],[3.16699,43.67939],[3.16786,43.6796],[3.16893,43.67969],[3.16961,43.67955],[3.17003,43.67923],[3.17034,43.67891],[3.17052,43.67842],[3.17063,43.67761],[3.17075,43.67729],[3.17105,43.67666],[3.17154,43.67634],[3.17221,43.67607],[3.17216,43.67638],[3.17198,43.67674],[3.17192,43.6771],[3.17199,43.67778],[3.17218,43.67822],[3.17244,43.67849],[3.17288,43.6788],[3.17455,43.67956],[3.17575,43.67996],[3.17711,43.68031],[3.17748,43.68049],[3.17761,43.68071],[3.17787,43.68169],[3.17782,43.68214],[3.17752,43.68304],[3.17734,43.68354],[3.17717,43.68454],[3.17675,43.68572],[3.17634,43.68648],[3.17627,43.6868],[3.17615,43.68707],[3.17585,43.68738],[3.1748,43.68798],[3.17315,43.68929],[3.17198,43.69024],[3.17174,43.69056],[3.17132,43.69129],[3.17115,43.69232],[3.17109,43.69296],[3.17085,43.6935],[3.1706,43.69382],[3.17011,43.69409],[3.16888,43.69455],[3.16839,43.69486],[3.16809,43.69518],[3.16784,43.69554],[3.16778,43.6963],[3.16791,43.69689],[3.16803,43.69711],[3.16805,43.69725],[3.1683,43.69801],[3.1685,43.69878],[3.16851,43.70013],[3.16871,43.70085],[3.16896,43.7013],[3.16923,43.70206],[3.16937,43.70269],[3.16937,43.70363],[3.16907,43.70435],[3.16901,43.70471],[3.1689,43.7048],[3.1689,43.70503],[3.16854,43.7058],[3.16842,43.7063],[3.16777,43.70814],[3.16771,43.70855],[3.16772,43.70918],[3.16797,43.70967],[3.16836,43.71025],[3.16854,43.71047],[3.16917,43.71083],[3.17023,43.71132],[3.17104,43.71195],[3.17149,43.71253],[3.17168,43.71285],[3.17188,43.7137],[3.17189,43.71464],[3.17159,43.71496],[3.17067,43.71568],[3.16943,43.71632],[3.16844,43.71665],[3.16776,43.71678],[3.16583,43.71666],[3.16341,43.71628],[3.15873,43.7151],[3.15749,43.71492],[3.15569,43.71494],[3.15377,43.71504],[3.15329,43.71518],[3.15261,43.71577],[3.15237,43.71609],[3.15212,43.71645],[3.15206,43.717],[3.15226,43.71754],[3.15228,43.7182],[3.15216,43.71883],[3.15178,43.71934],[3.15117,43.71992],[3.15014,43.72133],[3.14892,43.72295],[3.14812,43.724],[3.1477,43.72418],[3.14732,43.72413],[3.14707,43.72404],[3.14651,43.72364],[3.14208,43.72201],[3.14102,43.72202],[3.13935,43.72217],[3.1373,43.72214],[3.13674,43.72205],[3.13625,43.72197],[3.13555,43.72192],[3.13481,43.7218],[3.13376,43.72199],[3.1324,43.72213],[3.13166,43.7224],[3.13122,43.72267],[3.13092,43.72299],[3.13037,43.72367],[3.13013,43.7243],[3.12996,43.72484],[3.12959,43.72534],[3.12911,43.72574],[3.12854,43.72602],[3.12829,43.72607],[3.12835,43.72629],[3.12855,43.72715],[3.12868,43.72737],[3.12886,43.72781],[3.12919,43.72826],[3.12968,43.72881],[3.13058,43.7293],[3.13145,43.73005],[3.13227,43.73095],[3.13328,43.73184],[3.13346,43.73189],[3.13359,43.73184],[3.13421,43.7317],[3.13477,43.73169],[3.13619,43.73182],[3.13936,43.73211],[3.13979,43.73233],[3.13992,43.73265],[3.13993,43.73328],[3.14071,43.73461],[3.14113,43.73485],[3.14176,43.7351],[3.14239,43.73524],[3.14336,43.73508],[3.14409,43.73478],[3.1451,43.73446],[3.1459,43.73409],[3.14621,43.734],[3.14683,43.73395],[3.14696,43.73399],[3.1477,43.73431],[3.1482,43.73434],[3.1487,43.73425],[3.14992,43.73379],[3.15062,43.73343],[3.15209,43.73306],[3.15309,43.7326],[3.15346,43.73228],[3.15512,43.73146],[3.15659,43.7305],[3.15678,43.73046],[3.15696,43.73055],[3.1574,43.73068],[3.15871,43.73076],[3.15989,43.73089],[3.16095,43.73088],[3.16163,43.73097],[3.16213,43.73096],[3.16318,43.73091],[3.16433,43.72964],[3.16495,43.72919],[3.16562,43.72891],[3.1683,43.7283],[3.16959,43.72807],[3.17234,43.7279],[3.17232,43.72737],[3.17242,43.72703],[3.17255,43.7268],[3.17256,43.72654],[3.17271,43.72666],[3.17301,43.72671],[3.17346,43.72686],[3.17397,43.72685],[3.1745,43.72683],[3.18341,43.72589],[3.18384,43.72589],[3.18434,43.72598],[3.18589,43.72642],[3.19031,43.72729],[3.19349,43.72771],[3.19442,43.72775],[3.19541,43.72801],[3.19628,43.72814],[3.19702,43.72805],[3.19918,43.72744],[3.19924,43.72735],[3.1993,43.72667],[3.19935,43.72649],[3.19954,43.72627],[3.19972,43.72613],[3.20104,43.7263],[3.20135,43.72639],[3.20149,43.72675],[3.20174,43.72684],[3.20242,43.72692],[3.20447,43.72731],[3.2067,43.72778],[3.20683,43.72796],[3.20709,43.72883],[3.20734,43.72923],[3.20835,43.73008],[3.2086,43.73053],[3.20861,43.73098],[3.20868,43.73134],[3.20937,43.73209],[3.21094,43.73343],[3.21208,43.73442],[3.2122,43.73464],[3.21279,43.73634],[3.21292,43.73665],[3.21298,43.73688],[3.21318,43.73733],[3.21442,43.73768],[3.21568,43.73812],[3.21774,43.73901],[3.21861,43.73909],[3.21911,43.73918],[3.21966,43.7393],[3.22016,43.73962],[3.22109,43.73988],[3.22148,43.73999],[3.22153,43.74001],[3.22154,43.73999],[3.22178,43.7397],[3.22207,43.73916],[3.22232,43.73825],[3.2223,43.73781],[3.22243,43.73758],[3.2228,43.73757],[3.22342,43.73784],[3.22429,43.73814],[3.22455,43.7385],[3.22531,43.73881],[3.22655,43.73912],[3.22835,43.73968],[3.22948,43.73999],[3.2298,43.74012],[3.23023,43.74039],[3.23091,43.74038],[3.2329,43.74028],[3.23437,43.73999],[3.23507,43.73981],[3.23587,43.73958],[3.23656,43.73949],[3.2368,43.73953],[3.23712,43.73966],[3.23725,43.73996],[3.23744,43.74052],[3.23744,43.74074],[3.23776,43.74151],[3.23777,43.74178],[3.23796,43.74208],[3.23901,43.74266],[3.23971,43.74319],[3.24053,43.74404],[3.24141,43.74508],[3.24198,43.7457],[3.2433,43.74677],[3.2464,43.7493],[3.24868,43.74524],[3.24922,43.74367],[3.24939,43.74263],[3.24944,43.74213],[3.2495,43.7419],[3.24942,43.74123],[3.24942,43.74069],[3.24953,43.74042],[3.24953,43.74024],[3.25005,43.73996],[3.25046,43.73951],[3.25051,43.73924],[3.25086,43.73838],[3.25111,43.73784],[3.25141,43.73685],[3.25158,43.73609],[3.25175,43.73528],[3.25188,43.73464],[3.25222,43.73324],[3.25228,43.73279],[3.25245,43.73194],[3.25313,43.73192],[3.25611,43.73172],[3.2566,43.73172],[3.26244,43.73594],[3.26282,43.73599],[3.26319,43.7359],[3.26368,43.73563],[3.26398,43.7353],[3.2646,43.73503],[3.26553,43.73493],[3.26596,43.73475],[3.26658,43.73457],[3.26757,43.7346],[3.2685,43.73414],[3.26912,43.73391],[3.26956,43.73386],[3.27018,43.73399],[3.27061,43.73381],[3.27097,43.73376],[3.27148,43.73389],[3.27266,43.73402],[3.27347,43.73432],[3.27483,43.73445],[3.27514,43.73462],[3.27589,43.73494],[3.27664,43.73507],[3.27746,43.73537],[3.27802,43.73542],[3.2787,43.73518],[3.27932,43.73518],[3.27975,43.73527],[3.28056,43.73526],[3.28143,43.73535],[3.28199,43.73552],[3.28416,43.73564],[3.28459,43.73549],[3.28496,43.73527],[3.28563,43.73508],[3.28607,43.73476],[3.28676,43.73449],[3.28688,43.73435],[3.28761,43.7338],[3.28792,43.73407],[3.28831,43.73474],[3.28838,43.73497],[3.28758,43.73533],[3.28554,43.73634],[3.28486,43.73671],[3.28444,43.73729],[3.28395,43.73748],[3.28334,43.73811],[3.28235,43.73902],[3.2823,43.7392],[3.28345,43.73998],[3.28431,43.74032],[3.28553,43.74021],[3.28585,43.74039],[3.28654,43.74056],[3.28658,43.73997],[3.28696,43.73953],[3.28819,43.73942],[3.28894,43.73924],[3.29023,43.73864],[3.29066,43.73833],[3.29066,43.73806],[3.29072,43.73788],[3.29159,43.73778],[3.29207,43.7376],[3.29263,43.73728],[3.29282,43.73696],[3.29286,43.7362],[3.29292,43.73596],[3.29311,43.73587],[3.29342,43.73582],[3.29435,43.73592],[3.29454,43.73649],[3.29511,43.73721],[3.29599,43.73801],[3.29625,43.73837],[3.29627,43.73949],[3.29652,43.73997],[3.29728,43.74114],[3.29773,43.74201],[3.298,43.74258],[3.29818,43.74312],[3.29876,43.7438],[3.29932,43.74441],[3.30002,43.74518],[3.3004,43.74566],[3.30078,43.7462],[3.30179,43.74746],[3.30217,43.74818],[3.30313,43.74943],[3.30376,43.75028],[3.30458,43.75144],[3.30516,43.75225],[3.30547,43.75269],[3.30561,43.75368],[3.306,43.75449],[3.30652,43.7552],[3.30727,43.7561],[3.30835,43.75726],[3.30963,43.75865],[3.30975,43.75892],[3.3107,43.75985],[3.31177,43.76092],[3.31221,43.76132],[3.31266,43.76194],[3.3131,43.76271],[3.31392,43.76356],[3.31407,43.76486],[3.31421,43.76549],[3.3144,43.76581],[3.31497,43.76638],[3.31572,43.76705],[3.31497,43.76724],[3.3148,43.76746],[3.3153,43.76782],[3.31555,43.76831],[3.31565,43.76962],[3.31551,43.7702],[3.31615,43.77083],[3.31728,43.77167],[3.31773,43.77203],[3.31767,43.77212],[3.31619,43.77299],[3.3136,43.77472],[3.31206,43.77545],[3.30972,43.77692],[3.30923,43.77755],[3.30863,43.77846],[3.30815,43.77904],[3.30753,43.7795],[3.30692,43.77987],[3.30562,43.78042],[3.30396,43.78156],[3.30303,43.78197],[3.30168,43.78243],[3.30125,43.78275],[3.30077,43.78343],[3.30004,43.7846],[3.29911,43.78511],[3.30037,43.78581],[3.30254,43.78579],[3.30472,43.78619],[3.30877,43.78701],[3.31002,43.78717],[3.31064,43.78717],[3.31095,43.78699],[3.31149,43.78622],[3.3124,43.78522],[3.31314,43.78458],[3.31345,43.7844],[3.31481,43.78416],[3.31494,43.78407],[3.31494,43.78385],[3.31503,43.7819],[3.31515,43.78163],[3.31526,43.78087],[3.31531,43.7801],[3.31539,43.77804],[3.31558,43.7775],[3.31558,43.77719],[3.31619,43.77579],[3.3167,43.77581],[3.31703,43.77559],[3.31778,43.77597],[3.31824,43.77598],[3.31847,43.77577],[3.3187,43.77582],[3.31935,43.77539],[3.31989,43.77546],[3.32026,43.77545],[3.32083,43.7754],[3.32117,43.77555],[3.32201,43.77559],[3.32334,43.77574],[3.32636,43.77569],[3.32697,43.77552],[3.32783,43.77577],[3.32852,43.77594],[3.32852,43.77603],[3.32829,43.77635],[3.32823,43.77671],[3.32818,43.77711],[3.32831,43.77774],[3.32856,43.7781],[3.32907,43.77869],[3.32914,43.77905],[3.32907,43.77918],[3.32878,43.77936],[3.32828,43.77946],[3.32779,43.77982],[3.32779,43.77991],[3.32804,43.78014],[3.32842,43.78053],[3.32843,43.78116],[3.32986,43.78115],[3.33035,43.78128],[3.33093,43.78164],[3.33124,43.78172],[3.33248,43.78154],[3.33268,43.78189],[3.33392,43.78237],[3.3343,43.78264],[3.33444,43.783],[3.33444,43.78373],[3.33421,43.78413],[3.33409,43.78485],[3.33384,43.78526],[3.33385,43.7858],[3.33403,43.78607],[3.33414,43.7866],[3.33462,43.78673],[3.33529,43.78685],[3.33543,43.78691],[3.33421,43.7885],[3.33427,43.78863],[3.33452,43.78903],[3.33592,43.79096],[3.33694,43.79207],[3.33769,43.79261],[3.33794,43.7927],[3.34553,43.79262],[3.3508,43.79258],[3.35186,43.79257],[3.35236,43.79284],[3.35231,43.79325],[3.35213,43.79388],[3.35246,43.79439],[3.35647,43.79662],[3.36022,43.79698],[3.35978,43.79813],[3.3601,43.79875],[3.36061,43.79946],[3.36061,43.79955],[3.3618,43.80013],[3.36187,43.80035],[3.36237,43.80098],[3.36377,43.80223],[3.36478,43.8029],[3.36572,43.80315],[3.36735,43.80408],[3.36829,43.80453],[3.36652,43.80629],[3.36612,43.80756],[3.3662,43.81004],[3.36609,43.81031],[3.36603,43.81098],[3.36623,43.81184],[3.36631,43.81247],[3.36625,43.81283],[3.36638,43.81332],[3.36664,43.81387],[3.3669,43.81435],[3.3671,43.81489],[3.36724,43.81561],[3.36731,43.81651],[3.36739,43.81714],[3.36764,43.81759],[3.36827,43.81812],[3.36846,43.81866],[3.36848,43.81988],[3.36863,43.82069],[3.3687,43.82127],[3.37127,43.82282],[3.37341,43.82406],[3.37689,43.82426],[3.37739,43.82425],[3.37956,43.82343],[3.38264,43.82227],[3.38283,43.82223],[3.38325,43.82186],[3.38392,43.82122],[3.38509,43.81999],[3.38704,43.81804],[3.38839,43.81673],[3.38863,43.81649],[3.38893,43.81604],[3.38812,43.8156],[3.38818,43.81542],[3.38915,43.81447],[3.39062,43.81319],[3.39186,43.81247],[3.39363,43.81124],[3.39579,43.81036],[3.39696,43.80952],[3.39758,43.80894],[3.39897,43.80699],[3.39926,43.80654],[3.39969,43.80582],[3.39987,43.80545],[3.40108,43.80369],[3.4017,43.80287],[3.40212,43.80206],[3.40265,43.80103],[3.40282,43.80033],[3.40288,43.79975],[3.40299,43.79948],[3.40292,43.79881],[3.40286,43.79863],[3.40278,43.79791],[3.40272,43.7976],[3.4032,43.79715],[3.40338,43.79669],[3.40361,43.79565],[3.40403,43.79457],[3.40438,43.79403],[3.40457,43.79367],[3.40469,43.79303],[3.40505,43.79226],[3.40523,43.79208],[3.40576,43.79103],[3.40574,43.78938],[3.40585,43.78897],[3.40491,43.78826],[3.40472,43.78804],[3.40446,43.78786],[3.40353,43.78773],[3.40272,43.78761],[3.39955,43.78772],[3.39918,43.78768],[3.39918,43.78763],[3.39824,43.78737],[3.39662,43.78712],[3.396,43.78713],[3.39545,43.78731],[3.39527,43.78749],[3.39515,43.78772],[3.39421,43.78773],[3.39438,43.78669],[3.39456,43.78638],[3.39481,43.78611],[3.39554,43.78556],[3.39602,43.78492],[3.39614,43.78474],[3.39681,43.78406],[3.39718,43.78352],[3.39716,43.78293],[3.39735,43.78253],[3.39753,43.7818],[3.39765,43.78103],[3.39788,43.78026],[3.39794,43.78017],[3.3983,43.7799],[3.39947,43.7798],[3.40432,43.77958],[3.40444,43.77948],[3.40436,43.77917],[3.40417,43.77877],[3.40411,43.77845],[3.40411,43.77791],[3.40446,43.7771],[3.40447,43.77677],[3.40432,43.77626],[3.404,43.77628],[3.40381,43.77618],[3.40372,43.77606],[3.40376,43.77591],[3.40376,43.77573],[3.40363,43.77559],[3.40342,43.77551],[3.40312,43.77549],[3.40287,43.77541],[3.4026,43.77528],[3.40281,43.77501],[3.40347,43.7735],[3.40407,43.77215],[3.40436,43.77157],[3.40471,43.77079],[3.40514,43.76993],[3.4055,43.76944],[3.40598,43.76881],[3.40616,43.76854],[3.4069,43.76744],[3.40787,43.766],[3.40811,43.76578],[3.41436,43.76814],[3.41917,43.76985],[3.42286,43.77098],[3.42292,43.77053],[3.42269,43.77008],[3.4229,43.76957],[3.4232,43.76912],[3.42399,43.76906],[3.42702,43.76829],[3.42766,43.76851],[3.42815,43.76837],[3.42853,43.76832],[3.43058,43.76879],[3.43146,43.76941],[3.43246,43.7695],[3.43277,43.76971],[3.43327,43.76975],[3.43389,43.76962],[3.43488,43.76984],[3.43544,43.77011],[3.4373,43.76917],[3.43774,43.76961],[3.43778,43.77089],[3.43795,43.77136],[3.43761,43.77237],[3.43767,43.77255],[3.43819,43.77304],[3.43868,43.77309],[3.44001,43.77442],[3.44159,43.77621],[3.44244,43.77738],[3.44336,43.77689],[3.445,43.77581],[3.44616,43.77522],[3.4474,43.77466],[3.44812,43.77454],[3.4489,43.77475],[3.45039,43.77439],[3.45153,43.77384],[3.45283,43.77342],[3.45352,43.77309],[3.45436,43.77309],[3.45497,43.77193],[3.45657,43.76989],[3.45785,43.76862],[3.45907,43.76785],[3.4611,43.76664],[3.46663,43.76362],[3.46755,43.76307],[3.46812,43.7628],[3.46837,43.76329],[3.46883,43.76428],[3.4696,43.76594],[3.47076,43.76822],[3.47082,43.76881],[3.4712,43.7688],[3.47126,43.76875],[3.47146,43.76345],[3.47789,43.76043],[3.48047,43.75907],[3.48199,43.75825],[3.48323,43.75747],[3.48666,43.75559],[3.48721,43.75518],[3.48746,43.75491],[3.48757,43.75442],[3.48761,43.75352],[3.48748,43.75293],[3.48745,43.75113],[3.48757,43.75064],[3.48786,43.75013],[3.48865,43.74882],[3.48739,43.74812],[3.48633,43.7474],[3.48317,43.7456],[3.48242,43.74505],[3.47919,43.74495],[3.47807,43.74483],[3.477,43.74408],[3.47632,43.74369],[3.47401,43.74316],[3.47358,43.74309],[3.47258,43.74277],[3.47013,43.74167],[3.46856,43.74083],[3.46731,43.74044],[3.46571,43.73996],[3.46257,43.73881],[3.46188,43.7386],[3.45984,43.73579],[3.45945,43.73516],[3.4592,43.7344],[3.45879,43.73301],[3.45866,43.73274],[3.45816,43.73229],[3.45767,43.73199],[3.45684,43.73154],[3.45647,43.73106],[3.45602,43.73056],[3.45539,43.7302],[3.45489,43.73004],[3.45464,43.72981],[3.45432,43.72917],[3.45438,43.72868],[3.45455,43.72827],[3.45454,43.72751],[3.45477,43.72733],[3.45533,43.7271],[3.45545,43.72701],[3.45551,43.7266],[3.45624,43.72637],[3.45661,43.72619],[3.45828,43.72563],[3.46058,43.7252],[3.46082,43.72511],[3.46155,43.72456],[3.46223,43.72415],[3.46248,43.72388],[3.46314,43.7236],[3.46333,43.72347],[3.46327,43.72329],[3.46314,43.72306],[3.46312,43.72261],[3.46331,43.7223],[3.46416,43.72175],[3.46484,43.72129],[3.46544,43.72039],[3.46581,43.72006],[3.46612,43.71984],[3.46649,43.71952],[3.46661,43.71925],[3.46721,43.71866],[3.46752,43.71819],[3.4677,43.71806],[3.46843,43.71774],[3.46936,43.7171],[3.47009,43.71678],[3.47071,43.71654],[3.47083,43.71627],[3.47081,43.71596],[3.47069,43.71573],[3.47068,43.71552],[3.47087,43.71519],[3.47135,43.71488],[3.47148,43.7146],[3.47185,43.71424],[3.47233,43.71393],[3.47283,43.71351],[3.47349,43.7127],[3.47392,43.71216],[3.47434,43.7117],[3.47471,43.71142],[3.47337,43.70982],[3.47299,43.70946],[3.47274,43.70919],[3.4727,43.70676],[3.47249,43.70622],[3.47173,43.70534],[3.47135,43.70471],[3.47135,43.70444],[3.47165,43.70417],[3.47177,43.70399],[3.4717,43.70357],[3.4717,43.70353],[3.47207,43.70344],[3.47282,43.70342],[3.47319,43.70343],[3.47312,43.70288],[3.47306,43.7027],[3.47509,43.70201],[3.47718,43.70127],[3.47984,43.70016],[3.48107,43.69997],[3.48137,43.69943],[3.48184,43.6987],[3.48191,43.69857],[3.48203,43.69839],[3.48238,43.69775],[3.48251,43.69766],[3.48269,43.69743],[3.483,43.69703],[3.48354,43.69621],[3.48443,43.69396],[3.48491,43.69327],[3.48551,43.69254],[3.4871,43.69095],[3.48739,43.6905],[3.48758,43.69009],[3.48762,43.68973],[3.48619,43.68894],[3.4863,43.68862],[3.48672,43.68768],[3.4872,43.68695],[3.488,43.686],[3.48835,43.68546],[3.48878,43.68464],[3.48877,43.6845],[3.48839,43.68423],[3.48839,43.6841],[3.4887,43.68378],[3.48851,43.6836],[3.48819,43.68338],[3.48825,43.68311],[3.48731,43.68254],[3.48719,43.68245],[3.4873,43.68222],[3.48761,43.68186],[3.48773,43.68177],[3.48773,43.68164],[3.48729,43.68137],[3.48758,43.68096],[3.48789,43.6806],[3.48789,43.68051],[3.48695,43.68006],[3.48682,43.67997],[3.48719,43.67957],[3.48779,43.67884],[3.489,43.6772],[3.48973,43.67639],[3.48979,43.67621],[3.48762,43.67623],[3.48762,43.67609],[3.48773,43.67591],[3.48773,43.67582],[3.48845,43.67465],[3.48954,43.67279],[3.48984,43.67211],[3.49007,43.67165],[3.48976,43.67103],[3.4893,43.67014],[3.48898,43.66951],[3.48885,43.66924],[3.48671,43.66742],[3.48647,43.66756],[3.48546,43.6672],[3.48459,43.66721],[3.48442,43.6673],[3.48398,43.66795],[3.48379,43.66799],[3.48323,43.66776],[3.48305,43.66776],[3.48293,43.66799],[3.4827,43.66903],[3.48253,43.66931],[3.48247,43.66936],[3.48146,43.66891],[3.48121,43.66892],[3.48109,43.66901],[3.48069,43.67009],[3.48038,43.67041],[3.48026,43.67041],[3.4797,43.67014],[3.4775,43.6689],[3.47726,43.66886],[3.47676,43.66932],[3.47657,43.66946],[3.47638,43.66946],[3.47576,43.66919],[3.47539,43.66946],[3.47526,43.66943],[3.47489,43.66866],[3.47476,43.66866],[3.47402,43.66907],[3.47365,43.66926],[3.47315,43.66881],[3.4727,43.66823],[3.47233,43.66784],[3.47226,43.66784],[3.47196,43.66815],[3.47154,43.66852],[3.47135,43.66856],[3.47123,43.66852],[3.47092,43.66839],[3.46964,43.6693],[3.46957,43.6693],[3.46875,43.66895],[3.46875,43.66832],[3.46868,43.6681],[3.46842,43.66774],[3.4683,43.66774],[3.46823,43.66779],[3.46782,43.66856],[3.46712,43.66838],[3.46713,43.6687],[3.467,43.66888],[3.46623,43.67015],[3.4658,43.67006],[3.46349,43.66937],[3.46262,43.66919],[3.46187,43.66925],[3.46009,43.66948],[3.4589,43.66954],[3.45822,43.6695],[3.4559,43.66827],[3.45502,43.66756],[3.45446,43.66707],[3.45076,43.66526],[3.45039,43.6653],[3.44904,43.6659],[3.44634,43.66781],[3.44464,43.66911],[3.44372,43.66947],[3.44332,43.66965],[3.44235,43.66874],[3.44084,43.66924],[3.43933,43.66989],[3.43879,43.66987],[3.43796,43.6701],[3.4376,43.67041],[3.43748,43.6707],[3.43737,43.67073],[3.43714,43.66992],[3.43718,43.66938],[3.4373,43.66869],[3.43729,43.66817],[3.43689,43.66797],[3.43629,43.66776],[3.43592,43.66763],[3.43506,43.66781],[3.43475,43.66793],[3.43438,43.66808],[3.43383,43.66799],[3.43364,43.66785],[3.4337,43.66763],[3.43449,43.66704],[3.43467,43.66677],[3.43572,43.66649],[3.43622,43.66639],[3.43658,43.6662],[3.4367,43.66602],[3.43669,43.66548],[3.43643,43.66499],[3.43581,43.66441],[3.43525,43.66406],[3.43393,43.66348],[3.433,43.66313],[3.4325,43.66283],[3.43192,43.66202],[3.43161,43.66162],[3.43147,43.66144],[3.43147,43.66103],[3.43178,43.66081],[3.43227,43.66089],[3.43295,43.66084],[3.43473,43.66028],[3.43541,43.65992],[3.43566,43.6596],[3.4359,43.65942],[3.43677,43.6591],[3.43836,43.65845],[3.43903,43.65786],[3.43971,43.65748],[3.44032,43.65721],[3.44105,43.65666],[3.44111,43.65652],[3.44136,43.65634],[3.44167,43.65616],[3.44241,43.65548],[3.44288,43.6548],[3.44307,43.65448],[3.44367,43.65389],[3.44398,43.6534],[3.4439,43.65259],[3.44383,43.65223],[3.44387,43.65142],[3.4441,43.65083],[3.44484,43.64997],[3.44563,43.64937],[3.44674,43.6489],[3.44779,43.64809],[3.44802,43.64764],[3.4485,43.6465],[3.44855,43.64619],[3.44885,43.64583],[3.44922,43.64542],[3.44922,43.64529],[3.44963,43.64461],[3.4498,43.64389],[3.44998,43.64357],[3.45025,43.64273],[3.4505,43.6425],[3.45112,43.64204],[3.45163,43.64179],[3.45238,43.64151],[3.4531,43.64143],[3.45352,43.64142],[3.45436,43.64204],[3.4548,43.64252],[3.45525,43.64303],[3.45642,43.64305],[3.45717,43.64291],[3.45976,43.64243],[3.461,43.64211],[3.46118,43.64197],[3.46123,43.64152],[3.46135,43.64107],[3.46147,43.64089],[3.46208,43.6403],[3.46226,43.64003],[3.46237,43.63958],[3.46261,43.63922],[3.46352,43.63853],[3.46365,43.6384],[3.46395,43.63786],[3.46406,43.63758],[3.46387,43.63745],[3.46387,43.63699],[3.46417,43.63618],[3.46459,43.63559],[3.4652,43.63482],[3.46562,43.63432],[3.4663,43.63378],[3.4669,43.63327],[3.4669,43.63309],[3.46663,43.63238],[3.46619,43.63166],[3.46574,43.63122],[3.46537,43.63105],[3.46512,43.63105],[3.46488,43.63118],[3.46463,43.63123],[3.46444,43.63114],[3.46307,43.63038],[3.46107,43.62928],[3.45975,43.62804],[3.45835,43.62647],[3.45785,43.62598],[3.45633,43.62487],[3.45563,43.62425],[3.45482,43.62399],[3.45389,43.62332],[3.45389,43.62323],[3.45467,43.62165],[3.45535,43.62182],[3.45547,43.62173],[3.45596,43.62113],[3.45791,43.62004],[3.45853,43.61959],[3.46018,43.61831],[3.46122,43.61762],[3.46245,43.61702],[3.46282,43.61684],[3.4625,43.61648],[3.46042,43.61453],[3.46029,43.61431],[3.46042,43.61421],[3.46348,43.61274],[3.46985,43.60925],[3.47329,43.60733],[3.47415,43.60691],[3.47442,43.6052],[3.47448,43.60466],[3.47465,43.60372],[3.47456,43.60286],[3.47442,43.60228],[3.47392,43.60142],[3.47372,43.60098],[3.47352,43.60026],[3.47306,43.5986],[3.47293,43.59815],[3.47268,43.5982],[3.47071,43.59886],[3.46851,43.59711],[3.46738,43.59618],[3.46653,43.59664],[3.46616,43.59705],[3.46591,43.59741],[3.46398,43.59689]]]]},"properties":{"ID":"345","id":"345","NOM_MASSIF":"COLLINES-CENTRE","dept":"34"}},{"type":"Feature","id":6,"geometry":{"type":"MultiPolygon","coordinates":[[[[3.06068,43.69281],[3.06075,43.69308],[3.06187,43.69398],[3.06225,43.69443],[3.06232,43.69469],[3.06195,43.69524],[3.06195,43.69635],[3.06177,43.69672],[3.06098,43.69762],[3.06067,43.69821],[3.06068,43.6987],[3.06087,43.6992],[3.06095,43.70006],[3.06113,43.70042],[3.0617,43.70122],[3.0619,43.70176],[3.06215,43.70225],[3.0624,43.70247],[3.06365,43.7031],[3.06434,43.70368],[3.06503,43.70412],[3.0661,43.70502],[3.06729,43.70587],[3.0681,43.70626],[3.06917,43.70684],[3.0691,43.70742],[3.06899,43.70778],[3.06881,43.70814],[3.06856,43.70838],[3.06814,43.70869],[3.06777,43.70883],[3.06726,43.70914],[3.06541,43.71002],[3.06522,43.71015],[3.06524,43.71083],[3.06449,43.71141],[3.06407,43.71169],[3.06401,43.71174],[3.06364,43.71174],[3.06271,43.71142],[3.06215,43.71148],[3.06172,43.71166],[3.05998,43.71312],[3.05925,43.71339],[3.05745,43.71386],[3.05579,43.71463],[3.0556,43.71472],[3.0548,43.71477],[3.05407,43.7155],[3.05346,43.71617],[3.05333,43.7164],[3.0534,43.71689],[3.05368,43.71712],[3.05414,43.71739],[3.0541,43.71788],[3.05384,43.71824],[3.05383,43.71867],[3.05387,43.71908],[3.0538,43.71954],[3.0539,43.71972],[3.05398,43.71992],[3.05398,43.72009],[3.05376,43.72036],[3.05373,43.72058],[3.05392,43.72072],[3.05428,43.72061],[3.05537,43.72057],[3.05593,43.7207],[3.05618,43.72079],[3.05649,43.72106],[3.05661,43.72137],[3.05674,43.72183],[3.05618,43.72216],[3.05634,43.72257],[3.05614,43.72304],[3.05627,43.72317],[3.05676,43.7233],[3.05745,43.72343],[3.05782,43.7237],[3.05802,43.72392],[3.05802,43.72451],[3.05778,43.72518],[3.05785,43.72572],[3.05811,43.72627],[3.05848,43.72671],[3.05825,43.72725],[3.05818,43.72734],[3.05781,43.72762],[3.05718,43.7278],[3.0562,43.72813],[3.05545,43.72858],[3.05485,43.72926],[3.05472,43.72953],[3.05455,43.73007],[3.05393,43.73075],[3.05233,43.73134],[3.05178,43.73179],[3.05166,43.73202],[3.05185,43.73224],[3.05253,43.73274],[3.05398,43.73404],[3.05454,43.73475],[3.05511,43.73543],[3.05542,43.73573],[3.05555,43.73578],[3.05673,43.73573],[3.05698,43.73581],[3.05729,43.73604],[3.05741,43.7364],[3.05755,43.73685],[3.0578,43.73721],[3.05842,43.73756],[3.05899,43.73783],[3.05905,43.73796],[3.05905,43.7381],[3.05832,43.73882],[3.05759,43.73968],[3.05734,43.74005],[3.05599,43.74082],[3.05543,43.74114],[3.05413,43.74187],[3.05388,43.74209],[3.05346,43.74277],[3.05327,43.74331],[3.05329,43.74457],[3.0528,43.7452],[3.0528,43.74524],[3.05274,43.74533],[3.05257,43.74578],[3.05306,43.74619],[3.05325,43.74646],[3.05345,43.74686],[3.05364,43.74704],[3.05376,43.74736],[3.05388,43.74758],[3.0539,43.74821],[3.05415,43.74848],[3.05421,43.74866],[3.05428,43.74997],[3.05448,43.7505],[3.05455,43.75099],[3.05468,43.75135],[3.05499,43.75167],[3.0558,43.75215],[3.05612,43.75247],[3.05619,43.75275],[3.05637,43.75293],[3.05637,43.75302],[3.05676,43.7535],[3.05682,43.75377],[3.05663,43.75413],[3.05634,43.75464],[3.05627,43.75495],[3.05634,43.75518],[3.05652,43.7553],[3.05683,43.75526],[3.05739,43.75512],[3.05776,43.75517],[3.05863,43.75529],[3.05932,43.75525],[3.06006,43.75506],[3.06043,43.75479],[3.0605,43.75465],[3.06105,43.75433],[3.06161,43.75415],[3.06254,43.75414],[3.06304,43.75427],[3.06366,43.75468],[3.06454,43.7553],[3.06523,43.75574],[3.06672,43.75609],[3.06734,43.75636],[3.06785,43.75664],[3.06847,43.75681],[3.06859,43.75694],[3.06853,43.75726],[3.06828,43.75753],[3.06836,43.75784],[3.06892,43.75843],[3.06892,43.7587],[3.06874,43.75892],[3.06794,43.75942],[3.068,43.75964],[3.06851,43.76032],[3.06863,43.76077],[3.06883,43.76103],[3.06883,43.7613],[3.06895,43.76171],[3.06936,43.76193],[3.06993,43.76228],[3.07018,43.76267],[3.07041,43.76323],[3.07085,43.76368],[3.07122,43.76385],[3.07164,43.76402],[3.07203,43.76421],[3.07221,43.76421],[3.07246,43.7643],[3.07248,43.76507],[3.07279,43.76553],[3.0729,43.76588],[3.07331,43.76591],[3.07433,43.76633],[3.07507,43.76657],[3.07442,43.76757],[3.07588,43.76852],[3.07544,43.76892],[3.07498,43.76964],[3.07397,43.77047],[3.07343,43.77074],[3.0717,43.77156],[3.07144,43.77168],[3.06939,43.77139],[3.06846,43.77095],[3.06834,43.77099],[3.06765,43.7714],[3.06685,43.77168],[3.06647,43.77199],[3.06587,43.77249],[3.06537,43.77276],[3.06543,43.77298],[3.06587,43.77343],[3.06565,43.7746],[3.06546,43.77514],[3.0654,43.77546],[3.06516,43.77631],[3.06473,43.77654],[3.06269,43.77727],[3.06184,43.77786],[3.06153,43.77818],[3.0614,43.77841],[3.06103,43.77887],[3.06053,43.77918],[3.05986,43.77936],[3.05906,43.77952],[3.05885,43.77999],[3.05877,43.78077],[3.0579,43.78171],[3.05706,43.78264],[3.05705,43.7828],[3.05768,43.78347],[3.05781,43.78374],[3.05794,43.78455],[3.05801,43.78522],[3.05821,43.78573],[3.05839,43.786],[3.05839,43.78613],[3.0576,43.78672],[3.05747,43.78694],[3.05741,43.78721],[3.05712,43.78834],[3.057,43.78897],[3.05694,43.78901],[3.05662,43.78933],[3.05662,43.78942],[3.0565,43.78956],[3.0565,43.78961],[3.05589,43.79024],[3.05601,43.7906],[3.05609,43.79073],[3.05609,43.79123],[3.05604,43.7919],[3.05585,43.79231],[3.05555,43.7929],[3.05414,43.79426],[3.05328,43.7953],[3.05299,43.79584],[3.05274,43.79638],[3.05255,43.7966],[3.05169,43.79719],[3.05033,43.79801],[3.04965,43.7986],[3.04935,43.79896],[3.04904,43.79945],[3.04874,43.80014],[3.04868,43.8005],[3.04857,43.8015],[3.04889,43.80275],[3.0494,43.80383],[3.04997,43.80449],[3.05067,43.80517],[3.05173,43.80606],[3.05261,43.80668],[3.05354,43.80709],[3.05479,43.8074],[3.0551,43.80757],[3.05592,43.80811],[3.05686,43.80841],[3.05779,43.80863],[3.06029,43.80943],[3.06104,43.80942],[3.06245,43.80927],[3.06308,43.80923],[3.06328,43.80972],[3.0636,43.8107],[3.06399,43.81166],[3.06399,43.81175],[3.06355,43.81202],[3.06355,43.81224],[3.06337,43.81247],[3.06358,43.814],[3.06378,43.81485],[3.06378,43.8153],[3.06347,43.81548],[3.06006,43.81649],[3.05922,43.81687],[3.05854,43.81729],[3.05763,43.8186],[3.05775,43.81901],[3.05793,43.81954],[3.05818,43.82038],[3.05859,43.8226],[3.0588,43.82407],[3.05887,43.82497],[3.05908,43.82634],[3.05933,43.82772],[3.05946,43.82922],[3.05957,43.83026],[3.05907,43.8309],[3.05935,43.83111],[3.05986,43.83165],[3.06067,43.83275],[3.06113,43.83329],[3.06271,43.83448],[3.06441,43.83538],[3.06491,43.83557],[3.06962,43.83493],[3.07688,43.83444],[3.07764,43.83438],[3.07832,43.83443],[3.08099,43.83491],[3.08273,43.83534],[3.0846,43.83578],[3.08569,43.83593],[3.08646,43.83581],[3.08714,43.83557],[3.08916,43.83475],[3.09018,43.83431],[3.09107,43.83412],[3.09335,43.83373],[3.09549,43.8331],[3.09854,43.8319],[3.10028,43.8313],[3.10156,43.83073],[3.10325,43.83026],[3.10387,43.83012],[3.1052,43.82978],[3.10749,43.82871],[3.10837,43.82896],[3.11099,43.82836],[3.11143,43.82818],[3.11297,43.82748],[3.11452,43.82605],[3.11602,43.82471],[3.11735,43.82381],[3.11814,43.82331],[3.11869,43.82267],[3.11906,43.82227],[3.1203,43.82096],[3.12122,43.82023],[3.12226,43.81955],[3.12349,43.81887],[3.12448,43.81841],[3.12919,43.81694],[3.13093,43.8167],[3.13191,43.81624],[3.13359,43.81623],[3.13458,43.81635],[3.1359,43.81643],[3.13627,43.81634],[3.13756,43.81588],[3.13893,43.81557],[3.14085,43.81532],[3.14483,43.8153],[3.14539,43.81524],[3.14614,43.81502],[3.14693,43.81451],[3.14867,43.81387],[3.14959,43.81364],[3.15071,43.81377],[3.1507,43.81359],[3.15046,43.81336],[3.15039,43.81323],[3.15033,43.81318],[3.15033,43.81314],[3.1497,43.81265],[3.14907,43.81234],[3.14857,43.81167],[3.14856,43.81117],[3.14875,43.81068],[3.14873,43.81035],[3.14855,43.81],[3.14811,43.80964],[3.14736,43.80933],[3.14673,43.80916],[3.14574,43.80917],[3.14426,43.80913],[3.14362,43.80895],[3.14269,43.80834],[3.14218,43.8078],[3.14187,43.80739],[3.14155,43.80713],[3.14112,43.80673],[3.14092,43.80641],[3.14055,43.80605],[3.13999,43.80578],[3.13873,43.80557],[3.13755,43.80549],[3.13687,43.80536],[3.13605,43.80496],[3.13524,43.80465],[3.1348,43.80439],[3.13418,43.80421],[3.13299,43.80381],[3.13205,43.80333],[3.13156,43.8031],[3.13093,43.80306],[3.12957,43.8032],[3.1282,43.80357],[3.12721,43.8039],[3.12629,43.80458],[3.12567,43.80481],[3.12523,43.80477],[3.12461,43.80451],[3.12323,43.80393],[3.12224,43.80338],[3.12067,43.8024],[3.12031,43.80208],[3.12057,43.80192],[3.1208,43.80162],[3.12105,43.8008],[3.1214,43.80077],[3.1217,43.8005],[3.12188,43.80029],[3.12213,43.79997],[3.12213,43.79993],[3.12225,43.79984],[3.12243,43.79939],[3.12254,43.7984],[3.12272,43.79822],[3.12334,43.79812],[3.12372,43.79803],[3.12396,43.79785],[3.12414,43.79753],[3.12439,43.79721],[3.12557,43.7968],[3.126,43.79652],[3.12643,43.79639],[3.12705,43.7963],[3.1273,43.79621],[3.1281,43.79584],[3.12872,43.79515],[3.12903,43.79497],[3.12945,43.79492],[3.13001,43.79478],[3.13026,43.7946],[3.13026,43.79429],[3.12975,43.79388],[3.12887,43.79331],[3.12813,43.79295],[3.12695,43.79269],[3.12638,43.79247],[3.12563,43.79216],[3.12532,43.79202],[3.12526,43.79185],[3.12574,43.79144],[3.12586,43.79108],[3.12541,43.79037],[3.12492,43.78983],[3.12467,43.78965],[3.12436,43.78933],[3.12403,43.78866],[3.12402,43.7878],[3.12389,43.78722],[3.1238,43.78596],[3.12368,43.78502],[3.12578,43.78496],[3.12677,43.78508],[3.12795,43.78521],[3.12888,43.78512],[3.13006,43.78468],[3.13323,43.78478],[3.13387,43.78514],[3.13565,43.78519],[3.1376,43.78526],[3.13915,43.78522],[3.13951,43.78513],[3.14028,43.7841],[3.14151,43.78435],[3.14319,43.78492],[3.14448,43.7855],[3.14473,43.78555],[3.14498,43.78541],[3.14659,43.78495],[3.14708,43.78449],[3.14752,43.78395],[3.14752,43.78386],[3.14813,43.783],[3.14818,43.78273],[3.14787,43.78246],[3.14718,43.78215],[3.14656,43.7817],[3.14624,43.78125],[3.14573,43.78086],[3.14504,43.78041],[3.14497,43.78009],[3.14484,43.77992],[3.1449,43.77974],[3.14484,43.77956],[3.14483,43.77925],[3.1447,43.77857],[3.14464,43.77844],[3.1447,43.77812],[3.1447,43.77744],[3.14482,43.77726],[3.14487,43.77681],[3.14499,43.77658],[3.1453,43.77622],[3.14529,43.77586],[3.14523,43.77568],[3.14496,43.77469],[3.14472,43.77429],[3.14402,43.77367],[3.14364,43.77309],[3.14307,43.7726],[3.14288,43.77229],[3.14268,43.77152],[3.14243,43.7712],[3.14219,43.77084],[3.14212,43.77061],[3.14192,43.77026],[3.14157,43.76983],[3.14147,43.76869],[3.14245,43.76832],[3.14441,43.7674],[3.14572,43.76716],[3.14675,43.76689],[3.14732,43.76689],[3.14769,43.76671],[3.14802,43.76632],[3.14899,43.76582],[3.15032,43.76532],[3.15054,43.76538],[3.15104,43.76519],[3.14965,43.76364],[3.14965,43.76277],[3.14982,43.7621],[3.15006,43.76147],[3.15024,43.76075],[3.1506,43.76025],[3.15128,43.75979],[3.15288,43.75915],[3.15338,43.75884],[3.1535,43.75866],[3.1535,43.75848],[3.15319,43.75812],[3.15319,43.75785],[3.15361,43.75758],[3.15398,43.75717],[3.1544,43.75654],[3.15484,43.75635],[3.15502,43.75631],[3.15521,43.75662],[3.1564,43.75719],[3.15659,43.75737],[3.15703,43.75764],[3.15847,43.75862],[3.15853,43.7588],[3.15859,43.75885],[3.15872,43.75897],[3.15922,43.7592],[3.15971,43.75924],[3.15996,43.75915],[3.16058,43.75878],[3.16077,43.75851],[3.16077,43.75847],[3.16088,43.75824],[3.16143,43.75779],[3.16173,43.75725],[3.16193,43.75706],[3.16218,43.75693],[3.16323,43.75674],[3.16354,43.75651],[3.16365,43.75633],[3.16415,43.75592],[3.16452,43.75579],[3.16581,43.7551],[3.16649,43.75461],[3.16716,43.75397],[3.1677,43.75329],[3.16882,43.75206],[3.16955,43.75143],[3.1693,43.75125],[3.16917,43.7512],[3.16893,43.75134],[3.16886,43.75134],[3.16855,43.75112],[3.16837,43.75112],[3.16818,43.75121],[3.16812,43.75117],[3.16761,43.7509],[3.16761,43.75081],[3.1686,43.75022],[3.1686,43.75013],[3.16841,43.75],[3.16711,43.74933],[3.16684,43.74861],[3.16664,43.74758],[3.1665,43.747],[3.16644,43.74673],[3.16625,43.74624],[3.16562,43.74592],[3.16449,43.74534],[3.1643,43.74498],[3.16416,43.74462],[3.16371,43.74333],[3.16371,43.74306],[3.16384,43.74252],[3.16383,43.7418],[3.16357,43.74121],[3.16307,43.74073],[3.16275,43.74028],[3.16256,43.73999],[3.16244,43.73959],[3.1616,43.73915],[3.16109,43.73801],[3.1607,43.73691],[3.16146,43.73614],[3.16192,43.73565],[3.1618,43.73425],[3.16243,43.73318],[3.16318,43.73154],[3.16318,43.73091],[3.16213,43.73096],[3.16163,43.73097],[3.16095,43.73088],[3.15989,43.73089],[3.15871,43.73076],[3.1574,43.73068],[3.15696,43.73055],[3.15678,43.73046],[3.15659,43.7305],[3.15512,43.73146],[3.15346,43.73228],[3.15309,43.7326],[3.15209,43.73306],[3.15062,43.73343],[3.14992,43.73379],[3.1487,43.73425],[3.1482,43.73434],[3.1477,43.73431],[3.14696,43.73399],[3.14683,43.73395],[3.14621,43.734],[3.1459,43.73409],[3.1451,43.73446],[3.14409,43.73478],[3.14336,43.73508],[3.14239,43.73524],[3.14176,43.7351],[3.14113,43.73485],[3.14071,43.73461],[3.13993,43.73328],[3.13992,43.73265],[3.13979,43.73233],[3.13936,43.73211],[3.13619,43.73182],[3.13477,43.73169],[3.13421,43.7317],[3.13359,43.73184],[3.13346,43.73189],[3.13328,43.73184],[3.13227,43.73095],[3.13145,43.73005],[3.13058,43.7293],[3.12968,43.72881],[3.12919,43.72826],[3.12886,43.72781],[3.12868,43.72737],[3.12855,43.72715],[3.12835,43.72629],[3.12829,43.72607],[3.12854,43.72602],[3.12911,43.72574],[3.12959,43.72534],[3.12996,43.72484],[3.13013,43.7243],[3.13037,43.72367],[3.13092,43.72299],[3.13122,43.72267],[3.13166,43.7224],[3.1324,43.72213],[3.13376,43.72199],[3.13481,43.7218],[3.13555,43.72192],[3.13625,43.72197],[3.13674,43.72205],[3.1373,43.72214],[3.13935,43.72217],[3.14102,43.72202],[3.14208,43.72201],[3.14651,43.72364],[3.14707,43.72404],[3.14732,43.72413],[3.1477,43.72418],[3.14812,43.724],[3.14892,43.72295],[3.15014,43.72133],[3.15117,43.71992],[3.15178,43.71934],[3.15216,43.71883],[3.15228,43.7182],[3.15226,43.71754],[3.15206,43.717],[3.15212,43.71645],[3.15237,43.71609],[3.15261,43.71577],[3.15329,43.71518],[3.15377,43.71504],[3.15569,43.71494],[3.15749,43.71492],[3.15873,43.7151],[3.16341,43.71628],[3.16583,43.71666],[3.16776,43.71678],[3.16844,43.71665],[3.16943,43.71632],[3.17067,43.71568],[3.17159,43.71496],[3.17189,43.71464],[3.17188,43.7137],[3.17168,43.71285],[3.17149,43.71253],[3.17104,43.71195],[3.17023,43.71132],[3.16917,43.71083],[3.16854,43.71047],[3.16836,43.71025],[3.16797,43.70967],[3.16772,43.70918],[3.16771,43.70855],[3.16777,43.70814],[3.16842,43.7063],[3.16854,43.7058],[3.1689,43.70503],[3.1689,43.7048],[3.16901,43.70471],[3.16907,43.70435],[3.16937,43.70363],[3.16937,43.70269],[3.16923,43.70206],[3.16896,43.7013],[3.16871,43.70085],[3.16851,43.70013],[3.1685,43.69878],[3.1683,43.69801],[3.16805,43.69725],[3.16803,43.69711],[3.16791,43.69689],[3.16778,43.6963],[3.16784,43.69554],[3.16809,43.69518],[3.16839,43.69486],[3.16888,43.69455],[3.17011,43.69409],[3.1706,43.69382],[3.17085,43.6935],[3.17109,43.69296],[3.17115,43.69232],[3.17132,43.69129],[3.17174,43.69056],[3.17198,43.69024],[3.17315,43.68929],[3.1748,43.68798],[3.17585,43.68738],[3.17615,43.68707],[3.17627,43.6868],[3.17634,43.68648],[3.17675,43.68572],[3.17717,43.68454],[3.17734,43.68354],[3.17752,43.68304],[3.17782,43.68214],[3.17787,43.68169],[3.17761,43.68071],[3.17748,43.68049],[3.17711,43.68031],[3.17575,43.67996],[3.17455,43.67956],[3.17288,43.6788],[3.17244,43.67849],[3.17218,43.67822],[3.17199,43.67778],[3.17192,43.6771],[3.17198,43.67674],[3.17216,43.67638],[3.17221,43.67607],[3.17154,43.67634],[3.17105,43.67666],[3.17075,43.67729],[3.17063,43.67761],[3.17052,43.67842],[3.17034,43.67891],[3.17003,43.67923],[3.16961,43.67955],[3.16893,43.67969],[3.16786,43.6796],[3.16699,43.67939],[3.16662,43.67939],[3.16606,43.67953],[3.16533,43.6803],[3.16448,43.68116],[3.16382,43.68162],[3.16167,43.68301],[3.16072,43.68335],[3.16001,43.68301],[3.15977,43.68355],[3.15941,43.68342],[3.15904,43.68392],[3.15883,43.68376],[3.1568,43.68594],[3.15695,43.68612],[3.15557,43.6872],[3.15533,43.68713],[3.15282,43.68844],[3.1505,43.68824],[3.14994,43.68833],[3.14827,43.68867],[3.14765,43.68858],[3.14653,43.68814],[3.14635,43.68818],[3.14584,43.68877],[3.14523,43.68932],[3.14492,43.68986],[3.14481,43.69035],[3.14469,43.69053],[3.14432,43.69076],[3.14408,43.69085],[3.14315,43.6909],[3.14229,43.69122],[3.14118,43.69177],[3.14007,43.69255],[3.1399,43.69277],[3.1399,43.69282],[3.13951,43.69318],[3.13891,43.69385],[3.13714,43.69563],[3.13585,43.69699],[3.13573,43.69708],[3.13542,43.69699],[3.13429,43.69628],[3.13329,43.69552],[3.13309,43.6952],[3.13315,43.6947],[3.13328,43.69439],[3.13326,43.69353],[3.13339,43.69326],[3.13362,43.6929],[3.13393,43.69236],[3.13398,43.69187],[3.13392,43.69164],[3.13384,43.69092],[3.13365,43.69029],[3.13353,43.69002],[3.13302,43.68958],[3.13283,43.68886],[3.13257,43.68859],[3.13182,43.68824],[3.13119,43.68808],[3.13146,43.68753],[3.13007,43.68487],[3.12806,43.68452],[3.12815,43.68259],[3.12857,43.68155],[3.12893,43.68056],[3.12899,43.68029],[3.12916,43.67975],[3.12947,43.67916],[3.12946,43.67849],[3.12915,43.67795],[3.12895,43.67736],[3.12901,43.67678],[3.12924,43.67624],[3.12929,43.67547],[3.1296,43.67511],[3.13045,43.67447],[3.13058,43.67434],[3.13076,43.67416],[3.13082,43.6738],[3.13095,43.67357],[3.13138,43.67334],[3.13237,43.67297],[3.13262,43.67284],[3.13279,43.67212],[3.13279,43.67203],[3.13334,43.67162],[3.13346,43.6714],[3.13344,43.67018],[3.13338,43.67005],[3.13337,43.66964],[3.13362,43.66919],[3.13435,43.66846],[3.13422,43.6677],[3.13452,43.66706],[3.13445,43.66675],[3.13388,43.6659],[3.13368,43.66523],[3.13325,43.66465],[3.13286,43.66416],[3.13274,43.66379],[3.13273,43.66334],[3.13241,43.66289],[3.1321,43.66267],[3.13191,43.66231],[3.13165,43.66195],[3.13171,43.66182],[3.13233,43.66155],[3.13319,43.66086],[3.13397,43.66061],[3.13461,43.66044],[3.13335,43.66001],[3.1328,43.66011],[3.13218,43.66022],[3.13169,43.66031],[3.13107,43.66042],[3.13068,43.66049],[3.13032,43.66051],[3.12968,43.66027],[3.12944,43.66015],[3.12864,43.65966],[3.12713,43.65903],[3.12584,43.65852],[3.12568,43.65806],[3.12521,43.65723],[3.12502,43.65678],[3.12471,43.65655],[3.12415,43.65634],[3.12409,43.65629],[3.12366,43.65607],[3.12121,43.65487],[3.12052,43.65456],[3.11996,43.65448],[3.1194,43.65438],[3.11927,43.65344],[3.11914,43.65318],[3.11883,43.65318],[3.11717,43.6535],[3.11531,43.65365],[3.1142,43.65388],[3.11353,43.65424],[3.1118,43.65502],[3.11112,43.65539],[3.11081,43.65548],[3.1105,43.65553],[3.10143,43.65415],[3.09981,43.65354],[3.09664,43.65238],[3.09682,43.65211],[3.09724,43.6513],[3.09736,43.65112],[3.09791,43.65003],[3.09791,43.64994],[3.09803,43.64985],[3.09833,43.64904],[3.09845,43.64891],[3.09906,43.64764],[3.09904,43.64733],[3.09904,43.64715],[3.09886,43.6466],[3.09878,43.64611],[3.09903,43.64566],[3.09951,43.64516],[3.09994,43.6444],[3.10018,43.64416],[3.10036,43.64412],[3.10044,43.6438],[3.10097,43.64205],[3.10103,43.6416],[3.10132,43.64083],[3.10179,43.63902],[3.10204,43.63857],[3.10313,43.63694],[3.10356,43.6364],[3.10423,43.63586],[3.10477,43.63518],[3.10489,43.63486],[3.10421,43.63456],[3.10415,43.63442],[3.10427,43.63438],[3.10445,43.63384],[3.10446,43.63306],[3.10426,43.63257],[3.10424,43.63189],[3.10437,43.63149],[3.10437,43.63104],[3.10442,43.63077],[3.10491,43.63036],[3.1051,43.63005],[3.10508,43.62955],[3.1049,43.62928],[3.10465,43.62919],[3.10353,43.62889],[3.10347,43.62884],[3.10358,43.6283],[3.10426,43.62817],[3.10494,43.62798],[3.10524,43.62775],[3.10549,43.62739],[3.10555,43.62721],[3.10567,43.62712],[3.10615,43.62621],[3.10633,43.62553],[3.10657,43.62549],[3.108,43.62493],[3.10829,43.62475],[3.10869,43.62455],[3.10921,43.62393],[3.10913,43.62308],[3.10916,43.62283],[3.10865,43.62288],[3.10859,43.62271],[3.10814,43.62256],[3.1069,43.62202],[3.10621,43.62145],[3.10552,43.62065],[3.10402,43.61957],[3.10415,43.61934],[3.10432,43.61871],[3.10444,43.61853],[3.10474,43.61749],[3.10503,43.61677],[3.10516,43.61659],[3.10534,43.61623],[3.1054,43.61551],[3.10565,43.61519],[3.10663,43.61446],[3.10687,43.61414],[3.1033,43.61268],[3.10163,43.61189],[3.10088,43.61118],[3.10012,43.61175],[3.09992,43.61237],[3.09955,43.61244],[3.09917,43.61262],[3.09824,43.61258],[3.09669,43.61233],[3.09528,43.61203],[3.09206,43.61149],[3.09287,43.61041],[3.09294,43.61027],[3.09336,43.60969],[3.09336,43.6096],[3.09342,43.60955],[3.09354,43.6091],[3.09378,43.60852],[3.09385,43.60838],[3.09403,43.60807],[3.09416,43.60793],[3.09422,43.60775],[3.09439,43.60753],[3.09445,43.60726],[3.09464,43.60694],[3.09444,43.60636],[3.09425,43.60564],[3.09424,43.60501],[3.09435,43.60446],[3.09446,43.60288],[3.09471,43.60243],[3.09506,43.60198],[3.09586,43.60139],[3.09629,43.60076],[3.09627,43.60031],[3.09615,43.59995],[3.0962,43.59896],[3.09632,43.59865],[3.09688,43.59855],[3.09713,43.59833],[3.09736,43.59774],[3.0975,43.59733],[3.09767,43.59679],[3.09796,43.59603],[3.0984,43.5957],[3.10018,43.59479],[3.10067,43.59452],[3.10159,43.59384],[3.10227,43.59348],[3.10312,43.59293],[3.10442,43.59234],[3.1046,43.59202],[3.1046,43.59193],[3.10479,43.59175],[3.10563,43.59026],[3.10623,43.58935],[3.1066,43.58889],[3.10739,43.58781],[3.10764,43.58759],[3.10812,43.58665],[3.10702,43.58675],[3.1058,43.58684],[3.10462,43.58717],[3.10332,43.58732],[3.10158,43.58704],[3.10025,43.58656],[3.09969,43.58647],[3.09734,43.58644],[3.09598,43.58627],[3.09499,43.58591],[3.09394,43.58569],[3.0923,43.58504],[3.09156,43.58486],[3.08945,43.5847],[3.08773,43.58471],[3.0873,43.58466],[3.08674,43.58463],[3.08501,43.58482],[3.08421,43.585],[3.08266,43.58532],[3.08142,43.58565],[3.07907,43.5858],[3.07857,43.5858],[3.07802,43.58567],[3.0774,43.58545],[3.07703,43.58514],[3.07678,43.585],[3.07609,43.58455],[3.07553,43.58428],[3.07502,43.5838],[3.07426,43.58303],[3.07352,43.58237],[3.07278,43.58169],[3.0716,43.58134],[3.07077,43.58099],[3.06973,43.58069],[3.06914,43.58034],[3.0685,43.57973],[3.06829,43.57935],[3.06817,43.57859],[3.06834,43.57767],[3.06813,43.57686],[3.06778,43.57642],[3.06723,43.57606],[3.06651,43.57576],[3.06553,43.57548],[3.06443,43.5754],[3.06356,43.57532],[3.06241,43.57532],[3.06179,43.57529],[3.05802,43.57472],[3.0559,43.57429],[3.05415,43.57403],[3.05279,43.57404],[3.04984,43.57424],[3.04897,43.57451],[3.04781,43.57497],[3.04513,43.57503],[3.04458,43.57512],[3.04421,43.57527],[3.04348,43.5759],[3.04292,43.57635],[3.04182,43.57667],[3.04083,43.57704],[3.03971,43.57745],[3.03786,43.57796],[3.03564,43.57828],[3.03478,43.57834],[3.03124,43.57831],[3.02986,43.57747],[3.02903,43.57709],[3.0282,43.57649],[3.02775,43.57582],[3.02763,43.5749],[3.02768,43.57404],[3.02724,43.57328],[3.02662,43.57232],[3.02616,43.572],[3.02536,43.57178],[3.02429,43.57143],[3.02355,43.57102],[3.02268,43.57062],[3.01945,43.57033],[3.01852,43.57025],[3.01747,43.57047],[3.01575,43.57107],[3.01538,43.57125],[3.01385,43.57225],[3.01311,43.57279],[3.0128,43.5732],[3.01273,43.57338],[3.01255,43.57351],[3.01225,43.57361],[3.01188,43.57366],[3.01139,43.5737],[3.01114,43.57361],[3.01069,43.57331],[3.00995,43.57286],[3.00902,43.5725],[3.00704,43.57215],[3.00721,43.57184],[3.00734,43.57139],[3.00726,43.57071],[3.00713,43.56969],[3.00662,43.5686],[3.00637,43.56793],[3.00605,43.5673],[3.00599,43.56712],[3.00604,43.56658],[3.00616,43.56627],[3.00647,43.5659],[3.00739,43.56496],[3.00799,43.5641],[3.00854,43.56319],[3.00891,43.56274],[3.00902,43.56238],[3.00913,43.56156],[3.00921,43.56147],[3.00933,43.56102],[3.0095,43.56039],[3.00944,43.56003],[3.01005,43.55913],[3.01047,43.5585],[3.01071,43.55823],[3.01084,43.55823],[3.0117,43.55854],[3.01308,43.55898],[3.01345,43.55903],[3.01529,43.55851],[3.01746,43.55796],[3.01814,43.55777],[3.01838,43.55759],[3.01868,43.5571],[3.01924,43.5567],[3.02047,43.55646],[3.02078,43.55646],[3.02202,43.55681],[3.02434,43.55792],[3.0257,43.55867],[3.0262,43.55918],[3.02676,43.55993],[3.02684,43.56006],[3.02708,43.56056],[3.02734,43.56128],[3.02753,43.56142],[3.02802,43.56154],[3.02852,43.56141],[3.02968,43.56072],[3.02987,43.56072],[3.0303,43.56086],[3.03104,43.56116],[3.03129,43.56085],[3.0316,43.56071],[3.03253,43.56057],[3.03339,43.56057],[3.03421,43.5607],[3.03501,43.56078],[3.03717,43.56041],[3.03797,43.56041],[3.03884,43.56067],[3.03989,43.56115],[3.04064,43.56138],[3.04264,43.56163],[3.044,43.56194],[3.04427,43.562],[3.04548,43.5622],[3.04709,43.56282],[3.04783,43.56296],[3.04969,43.56294],[3.05012,43.56303],[3.05157,43.56338],[3.05306,43.56373],[3.0546,43.56381],[3.0551,43.56372],[3.05509,43.56354],[3.05478,43.56295],[3.05402,43.56214],[3.05352,43.5617],[3.05196,43.56081],[3.05196,43.56072],[3.05308,43.56058],[3.05475,43.56052],[3.05579,43.56034],[3.05641,43.56006],[3.05641,43.55975],[3.05639,43.55935],[3.05621,43.5589],[3.05633,43.55866],[3.0567,43.55875],[3.05701,43.55885],[3.05682,43.55848],[3.05701,43.55844],[3.05752,43.55862],[3.05752,43.55852],[3.05738,43.55835],[3.05701,43.55812],[3.05638,43.55776],[3.05613,43.55741],[3.05612,43.55705],[3.0565,43.55691],[3.0565,43.55682],[3.05638,43.55659],[3.05624,43.55593],[3.05605,43.55561],[3.05555,43.55521],[3.05529,43.55498],[3.05522,43.55459],[3.0551,43.55432],[3.05509,43.55387],[3.05516,43.5536],[3.05541,43.55324],[3.05552,43.55282],[3.05533,43.55233],[3.0552,43.55188],[3.05526,43.55152],[3.05667,43.55034],[3.05648,43.5502],[3.05568,43.54999],[3.05481,43.54999],[3.05356,43.55004],[3.05233,43.54987],[3.05171,43.54965],[3.0512,43.5493],[3.05064,43.54885],[3.05015,43.54845],[3.04525,43.54708],[3.04525,43.5469],[3.04542,43.54654],[3.04548,43.54636],[3.04578,43.54568],[3.04614,43.54469],[3.04614,43.54406],[3.04594,43.54348],[3.04557,43.54258],[3.04524,43.54172],[3.04498,43.54128],[3.04486,43.54092],[3.04467,43.54105],[3.04438,43.54137],[3.04407,43.5416],[3.04364,43.54187],[3.04314,43.54196],[3.04263,43.54219],[3.04245,43.54215],[3.04146,43.54134],[3.04095,43.54085],[3.04101,43.54049],[3.04106,43.53932],[3.04117,43.53887],[3.04111,43.53824],[3.04079,43.53747],[3.0406,43.53699],[3.04047,43.53672],[3.03935,43.53573],[3.03784,43.53417],[3.03753,43.53381],[3.03752,43.53281],[3.03789,43.53227],[3.03787,43.53106],[3.03793,43.53088],[3.03791,43.52971],[3.03753,43.52891],[3.03754,43.52832],[3.03754,43.52814],[3.03722,43.52805],[3.03673,43.5281],[3.03592,43.52824],[3.0347,43.52875],[3.03377,43.5292],[3.03346,43.52938],[3.03241,43.52957],[3.03075,43.52953],[3.03026,43.52953],[3.02981,43.52891],[3.02868,43.5281],[3.0283,43.52756],[3.02804,43.52675],[3.02792,43.52644],[3.02743,43.52613],[3.02574,43.52551],[3.02513,43.52533],[3.02463,43.52534],[3.02316,43.52589],[3.02254,43.52602],[3.02168,43.52594],[3.021,43.52572],[3.02023,43.52514],[3.01918,43.52438],[3.0183,43.52384],[3.01799,43.52371],[3.0175,43.5229],[3.01724,43.52236],[3.01699,43.52187],[3.01685,43.52152],[3.01673,43.52129],[3.01654,43.52071],[3.01628,43.52008],[3.01596,43.51899],[3.01553,43.51873],[3.01428,43.5182],[3.01236,43.51753],[3.01125,43.51714],[3.01043,43.51683],[3.00975,43.51674],[3.00838,43.51666],[3.00745,43.5164],[3.00721,43.51626],[3.00647,43.51608],[3.00535,43.51609],[3.0043,43.51633],[3.00363,43.5166],[3.00326,43.51691],[3.00295,43.51723],[3.00284,43.51746],[3.00204,43.51822],[3.00185,43.51872],[3.00155,43.51921],[3.00026,43.52003],[2.99838,43.52118],[2.99839,43.52163],[2.99854,43.52198],[2.99833,43.52246],[2.99812,43.5229],[2.99765,43.52275],[2.9963,43.52272],[2.9956,43.52262],[2.99513,43.52245],[2.99426,43.52193],[2.99353,43.52116],[2.99296,43.5203],[2.99137,43.52054],[2.98982,43.52055],[2.98865,43.52082],[2.98785,43.521],[2.98712,43.52133],[2.98624,43.52155],[2.98483,43.5221],[2.98458,43.52234],[2.98398,43.52337],[2.98367,43.52395],[2.98325,43.52476],[2.98295,43.52539],[2.98276,43.5258],[2.98271,43.52626],[2.98265,43.52702],[2.9826,43.5272],[2.98235,43.52734],[2.98118,43.52757],[2.97987,43.52771],[2.97913,43.52768],[2.97832,43.52745],[2.97795,43.5275],[2.97715,43.52773],[2.9766,43.52769],[2.97486,43.52707],[2.97381,43.52689],[2.97338,43.52689],[2.97307,43.52721],[2.97307,43.52725],[2.9722,43.52816],[2.97141,43.52885],[2.97098,43.52894],[2.9682,43.52886],[2.96764,43.52895],[2.96734,43.52904],[2.96702,43.52892],[2.96523,43.52788],[2.96483,43.52761],[2.96483,43.52739],[2.96503,43.52698],[2.96528,43.52671],[2.96588,43.52631],[2.96675,43.52598],[2.96804,43.52571],[2.96841,43.52553],[2.96828,43.52521],[2.96791,43.52486],[2.96716,43.52432],[2.96654,43.52397],[2.96654,43.52379],[2.96715,43.52328],[2.96715,43.52319],[2.96602,43.52243],[2.96466,43.52167],[2.96386,43.52141],[2.96312,43.52132],[2.96193,43.52133],[2.96094,43.52143],[2.95842,43.52202],[2.9559,43.52298],[2.95565,43.52298],[2.95459,43.52268],[2.95409,43.52268],[2.95354,43.52255],[2.95298,43.52246],[2.95236,43.52237],[2.95156,43.52238],[2.95007,43.52257],[2.94829,43.52298],[2.9468,43.52357],[2.94446,43.52472],[2.9417,43.5258],[2.93757,43.52731],[2.93737,43.52713],[2.93681,43.52656],[2.93606,43.52602],[2.93544,43.52571],[2.93402,43.52513],[2.93321,43.52446],[2.9324,43.5237],[2.93233,43.52352],[2.93258,43.52279],[2.93257,43.52203],[2.93212,43.5214],[2.93157,43.52078],[2.93087,43.52024],[2.93069,43.51988],[2.93075,43.51926],[2.93099,43.51827],[2.93103,43.51709],[2.93121,43.51664],[2.93121,43.5161],[2.93095,43.51529],[2.93058,43.5152],[2.93009,43.51489],[2.92971,43.51476],[2.92852,43.51467],[2.9279,43.51427],[2.92716,43.51428],[2.92605,43.51437],[2.92512,43.51433],[2.92463,43.51415],[2.92358,43.51335],[2.92276,43.51294],[2.92097,43.51228],[2.92066,43.5121],[2.92015,43.5117],[2.92009,43.51161],[2.92003,43.51129],[2.91996,43.50999],[2.91982,43.50963],[2.9197,43.50931],[2.91945,43.50927],[2.91882,43.50928],[2.91673,43.50951],[2.91581,43.50983],[2.91525,43.51028],[2.91483,43.5106],[2.91421,43.51074],[2.9126,43.51075],[2.91148,43.51098],[2.91019,43.51153],[2.90982,43.51162],[2.90945,43.51162],[2.90883,43.51144],[2.90741,43.511],[2.90648,43.51082],[2.90438,43.51075],[2.90357,43.51057],[2.90394,43.51007],[2.90394,43.50971],[2.90382,43.50939],[2.90374,43.5089],[2.90387,43.50867],[2.9046,43.50809],[2.90478,43.50791],[2.90497,43.50764],[2.90502,43.50678],[2.90527,43.50641],[2.90532,43.50584],[2.9055,43.50543],[2.9063,43.5048],[2.9074,43.5042],[2.90795,43.50384],[2.90851,43.5033],[2.90862,43.50298],[2.90956,43.50284],[2.91369,43.50178],[2.91442,43.50151],[2.91541,43.50074],[2.91571,43.5006],[2.91626,43.5002],[2.91659,43.50006],[2.91775,43.49979],[2.91948,43.49901],[2.9207,43.49864],[2.92237,43.49823],[2.92286,43.49783],[2.92323,43.49768],[2.92361,43.49746],[2.92422,43.49723],[2.92514,43.49705],[2.9257,43.49691],[2.92638,43.49695],[2.92786,43.49744],[2.92829,43.49748],[2.9286,43.49748],[2.92922,43.49711],[2.92984,43.49698],[2.93015,43.49684],[2.93069,43.49665],[2.93138,43.49621],[2.93145,43.49612],[2.9323,43.49543],[2.93236,43.49525],[2.93249,43.49516],[2.93272,43.4948],[2.93297,43.49412],[2.9332,43.4934],[2.93339,43.49304],[2.93389,43.49299],[2.93506,43.4933],[2.93673,43.49338],[2.93752,43.4931],[2.93883,43.49256],[2.93908,43.49233],[2.93937,43.49206],[2.94005,43.49187],[2.94154,43.49209],[2.94222,43.49232],[2.94345,43.49259],[2.94425,43.49268],[2.94518,43.49253],[2.946,43.49252],[2.94637,43.49243],[2.94686,43.49212],[2.94704,43.4918],[2.94741,43.49148],[2.94846,43.49156],[2.94877,43.49147],[2.94938,43.49137],[2.94963,43.49137],[2.95019,43.49152],[2.95192,43.49164],[2.95216,43.49159],[2.95289,43.49137],[2.95346,43.491],[2.95346,43.49091],[2.95309,43.49059],[2.95277,43.49014],[2.95214,43.48934],[2.95207,43.48867],[2.95182,43.48822],[2.95124,43.48669],[2.95124,43.48646],[2.95086,43.48502],[2.94999,43.48481],[2.9477,43.48405],[2.94677,43.48356],[2.94646,43.48356],[2.94634,43.48361],[2.9433,43.48214],[2.94118,43.48111],[2.94055,43.48057],[2.93905,43.47888],[2.93824,43.47798],[2.93529,43.47876],[2.9351,43.47876],[2.93435,43.47792],[2.93373,43.4772],[2.93329,43.47666],[2.93304,43.47648],[2.93267,43.47598],[2.93229,43.47563],[2.93209,43.47536],[2.9316,43.47482],[2.9316,43.47477],[2.93141,43.47459],[2.93115,43.47433],[2.92997,43.4729],[2.92935,43.47232],[2.92931,43.46845],[2.92937,43.46809],[2.92948,43.46687],[2.92947,43.46665],[2.92979,43.46651],[2.92872,43.46556],[2.92804,43.46494],[2.92418,43.46177],[2.92381,43.46158],[2.92226,43.46145],[2.92183,43.46133],[2.92103,43.46124],[2.92021,43.46124],[2.91854,43.46139],[2.91811,43.46143],[2.91756,43.46104],[2.91719,43.46072],[2.91613,43.45992],[2.91582,43.45978],[2.91508,43.45933],[2.9134,43.45868],[2.91123,43.45768],[2.90856,43.45675],[2.90639,43.45529],[2.90396,43.45364],[2.90309,43.45295],[2.90171,43.45188],[2.90141,43.45176],[2.90128,43.45176],[2.90129,43.45266],[2.90117,43.45279],[2.90098,43.45319],[2.90062,43.45355],[2.90019,43.45419],[2.90001,43.45433],[2.89971,43.45446],[2.89928,43.45479],[2.89878,43.45478],[2.89847,43.45465],[2.89821,43.45429],[2.89791,43.45406],[2.89747,43.45406],[2.89693,43.45447],[2.89681,43.45451],[2.89644,43.45457],[2.896,43.4543],[2.89582,43.45425],[2.89551,43.45425],[2.89532,43.45448],[2.89519,43.45507],[2.89514,43.45556],[2.89526,43.45588],[2.8959,43.45655],[2.89589,43.45687],[2.89558,43.45709],[2.89546,43.45714],[2.89502,43.45714],[2.89465,43.45701],[2.89447,43.45679],[2.89435,43.45643],[2.89416,43.4562],[2.89385,43.45616],[2.8933,43.45626],[2.89237,43.45675],[2.89133,43.45698],[2.89065,43.45734],[2.89028,43.45757],[2.89011,43.45784],[2.89004,43.45847],[2.88919,43.45906],[2.88919,43.45933],[2.88931,43.45955],[2.89025,43.46022],[2.89031,43.46035],[2.89037,43.46067],[2.88989,43.46103],[2.8897,43.46135],[2.88944,43.46154],[2.88839,43.4619],[2.88779,43.46213],[2.88692,43.46236],[2.88637,43.46264],[2.88545,43.46326],[2.88502,43.46335],[2.88428,43.46328],[2.88328,43.46293],[2.88287,43.46286],[2.88248,43.463],[2.88118,43.46375],[2.88079,43.46379],[2.88056,43.46388],[2.88044,43.46408],[2.8805,43.46422],[2.88005,43.46424],[2.87953,43.46412],[2.87924,43.46373],[2.87926,43.4632],[2.87899,43.46304],[2.87876,43.46283],[2.87859,43.46239],[2.87808,43.46185],[2.87765,43.4615],[2.87716,43.46128],[2.87653,43.46072],[2.87628,43.46047],[2.87616,43.4602],[2.87603,43.45998],[2.87565,43.45962],[2.87516,43.459],[2.87385,43.45787],[2.87322,43.45724],[2.87273,43.45666],[2.87273,43.45639],[2.87291,43.45613],[2.87291,43.4559],[2.87171,43.45504],[2.87128,43.45496],[2.87042,43.45438],[2.86986,43.45389],[2.86985,43.45349],[2.8701,43.45313],[2.87016,43.45299],[2.87009,43.45267],[2.86978,43.45222],[2.86959,43.4519],[2.86952,43.45154],[2.86915,43.45106],[2.86872,43.4507],[2.86821,43.44997],[2.86809,43.44962],[2.86771,43.44908],[2.86746,43.44863],[2.86727,43.44805],[2.86727,43.44754],[2.86695,43.44629],[2.86663,43.44548],[2.86663,43.44521],[2.86644,43.44454],[2.86624,43.4436],[2.86598,43.44261],[2.86592,43.44206],[2.86579,43.44166],[2.86579,43.44067],[2.86597,43.44026],[2.86603,43.43981],[2.86626,43.43896],[2.8668,43.43689],[2.86699,43.43652],[2.86717,43.4358],[2.86711,43.43549],[2.86647,43.43469],[2.8661,43.43428],[2.86554,43.43379],[2.86374,43.43214],[2.86262,43.43115],[2.86143,43.42998],[2.8605,43.42917],[2.85901,43.42788],[2.85595,43.42551],[2.85409,43.42407],[2.85422,43.42385],[2.85453,43.42358],[2.85593,43.42254],[2.85925,43.4204],[2.8595,43.42],[2.85992,43.41968],[2.86158,43.41891],[2.86306,43.41796],[2.86508,43.41687],[2.86582,43.41632],[2.86631,43.41588],[2.8636,43.41217],[2.86349,43.41169],[2.86348,43.41138],[2.86461,43.411],[2.86553,43.4112],[2.86676,43.41114],[2.86707,43.41101],[2.86712,43.41087],[2.86687,43.41065],[2.86663,43.41024],[2.86663,43.40979],[2.86668,43.40934],[2.86656,43.40908],[2.86619,43.4088],[2.86562,43.40853],[2.86414,43.40791],[2.86105,43.40658],[2.8595,43.40619],[2.859,43.40614],[2.8582,43.40646],[2.85776,43.40646],[2.85764,43.40619],[2.85758,43.40597],[2.85683,43.40548],[2.85621,43.40526],[2.85603,43.40526],[2.85548,43.40579],[2.85524,43.40589],[2.8548,43.40594],[2.85437,43.40585],[2.85394,43.40581],[2.85357,43.40608],[2.85346,43.40648],[2.85327,43.4068],[2.85303,43.4068],[2.85272,43.40662],[2.85253,43.40657],[2.8521,43.40663],[2.85178,43.40685],[2.85159,43.40717],[2.8513,43.40753],[2.85049,43.40776],[2.85023,43.40786],[2.85012,43.40804],[2.85031,43.40821],[2.85037,43.40841],[2.85026,43.40861],[2.85008,43.40886],[2.85002,43.40875],[2.85011,43.4086],[2.84968,43.40876],[2.84942,43.40847],[2.849,43.40837],[2.8492,43.40804],[2.84916,43.40755],[2.849,43.40697],[2.8482,43.40673],[2.84839,43.40641],[2.84893,43.40597],[2.84851,43.40596],[2.84672,43.40638],[2.84592,43.4067],[2.84438,43.40783],[2.84321,43.40833],[2.8418,43.40878],[2.84082,43.40901],[2.84045,43.40901],[2.84014,43.40898],[2.83995,43.40857],[2.83976,43.40808],[2.83963,43.40803],[2.8368,43.40939],[2.8341,43.41084],[2.83312,43.4113],[2.83134,43.41229],[2.8298,43.41302],[2.82967,43.41306],[2.82955,43.41279],[2.82923,43.41204],[2.82873,43.41123],[2.82836,43.41082],[2.82817,43.41078],[2.82719,43.41114],[2.82547,43.41142],[2.82485,43.41174],[2.82485,43.41183],[2.8246,43.41206],[2.82431,43.41228],[2.824,43.41237],[2.82357,43.41237],[2.82332,43.41233],[2.823,43.41215],[2.82262,43.41197],[2.82219,43.4117],[2.822,43.41166],[2.82163,43.41162],[2.82108,43.4118],[2.82052,43.41176],[2.82027,43.41176],[2.82016,43.41185],[2.8201,43.41221],[2.81997,43.41252],[2.81979,43.41261],[2.81776,43.41289],[2.81721,43.41294],[2.81678,43.41276],[2.81411,43.41282],[2.81399,43.41282],[2.81017,43.41302],[2.80894,43.41315],[2.80857,43.41334],[2.80838,43.41384],[2.80826,43.41429],[2.80813,43.41469],[2.80807,43.41483],[2.80802,43.41523],[2.80766,43.4164],[2.80716,43.41662],[2.80679,43.41676],[2.80686,43.41735],[2.80724,43.41735],[2.80723,43.41744],[2.80663,43.41821],[2.80607,43.4188],[2.80386,43.41921],[2.79911,43.41968],[2.79688,43.41991],[2.79572,43.42019],[2.79529,43.42037],[2.79326,43.42236],[2.79289,43.42289],[2.79284,43.42461],[2.79273,43.42524],[2.79248,43.42569],[2.79236,43.42583],[2.79187,43.42686],[2.79151,43.42736],[2.79108,43.42799],[2.79064,43.42905],[2.79,43.43164],[2.7895,43.43191],[2.78747,43.43238],[2.78704,43.43251],[2.78513,43.43323],[2.78458,43.43342],[2.7836,43.43405],[2.78304,43.43445],[2.78272,43.43482],[2.78248,43.43541],[2.7823,43.43572],[2.78199,43.43594],[2.78175,43.43603],[2.78077,43.436],[2.77996,43.43599],[2.77904,43.43605],[2.77842,43.43627],[2.77817,43.4365],[2.77781,43.43737],[2.77745,43.43782],[2.77685,43.43828],[2.77667,43.43882],[2.77386,43.4375],[2.77373,43.43741],[2.77355,43.43696],[2.7739,43.43615],[2.7742,43.43503],[2.7742,43.43467],[2.77408,43.43445],[2.77413,43.43409],[2.77419,43.43382],[2.77407,43.43337],[2.77375,43.43288],[2.77369,43.43252],[2.77375,43.43165],[2.77374,43.43017],[2.77354,43.42946],[2.7731,43.42847],[2.77286,43.42806],[2.77143,43.42671],[2.77125,43.4264],[2.77111,43.42604],[2.77111,43.42474],[2.77085,43.42411],[2.77042,43.42352],[2.76979,43.4229],[2.76818,43.42169],[2.76707,43.42156],[2.7654,43.42152],[2.76522,43.42147],[2.76472,43.42035],[2.76429,43.41968],[2.76397,43.41932],[2.76316,43.41869],[2.76062,43.41731],[2.76019,43.41694],[2.75993,43.41654],[2.75963,43.41596],[2.7595,43.41574],[2.75943,43.4156],[2.75881,43.41452],[2.75868,43.41421],[2.75875,43.41372],[2.75881,43.41354],[2.75912,43.41362],[2.7593,43.41362],[2.75949,43.41353],[2.76022,43.41295],[2.76083,43.41222],[2.76137,43.41122],[2.76156,43.41086],[2.76173,43.41046],[2.76205,43.41001],[2.76205,43.40997],[2.76218,43.40983],[2.76279,43.40874],[2.76315,43.40821],[2.76359,43.40753],[2.76432,43.40672],[2.76517,43.406],[2.76677,43.40499],[2.76781,43.40449],[2.76874,43.40431],[2.77004,43.40417],[2.77029,43.40404],[2.77065,43.40354],[2.77077,43.40305],[2.77101,43.4026],[2.77181,43.40205],[2.77267,43.40173],[2.77458,43.40146],[2.77526,43.40123],[2.77649,43.40069],[2.7771,43.40019],[2.77735,43.39983],[2.77734,43.3988],[2.77765,43.39842],[2.77795,43.39788],[2.77795,43.39739],[2.77783,43.39739],[2.77764,43.39744],[2.77709,43.39744],[2.77629,43.39718],[2.77493,43.39714],[2.77436,43.39678],[2.77367,43.39664],[2.7733,43.39656],[2.77269,43.39611],[2.7717,43.39589],[2.77146,43.39566],[2.77072,43.39545],[2.77046,43.39522],[2.77027,43.39486],[2.76991,43.39455],[2.76959,43.39391],[2.76903,43.39364],[2.76866,43.3936],[2.76817,43.39361],[2.76743,43.39387],[2.76689,43.39414],[2.76639,43.39402],[2.76557,43.39356],[2.76398,43.39156],[2.76325,43.39068],[2.76236,43.38875],[2.76125,43.38646],[2.76021,43.38536],[2.75989,43.38468],[2.75971,43.38437],[2.75934,43.38401],[2.75934,43.38378],[2.75952,43.38347],[2.75927,43.38284],[2.75926,43.38194],[2.75908,43.38171],[2.75857,43.38136],[2.75845,43.38118],[2.75858,43.3805],[2.75872,43.38005],[2.75878,43.38],[2.7595,43.37942],[2.75906,43.37946],[2.75659,43.37992],[2.75627,43.38003],[2.75579,43.38038],[2.75364,43.38187],[2.75285,43.38223],[2.75235,43.38233],[2.75118,43.38206],[2.75081,43.38197],[2.75001,43.38197],[2.74958,43.38202],[2.74858,43.38202],[2.74815,43.38216],[2.74778,43.38239],[2.74741,43.38212],[2.74661,43.38136],[2.74617,43.38104],[2.74561,43.38069],[2.74537,43.38055],[2.74537,43.38046],[2.74475,43.38002],[2.74472,43.38],[2.74425,43.37965],[2.74425,43.3792],[2.74406,43.3788],[2.74381,43.37844],[2.74332,43.37853],[2.74313,43.37848],[2.74289,43.37822],[2.74264,43.37777],[2.74245,43.37691],[2.74213,43.37633],[2.74189,43.37607],[2.74115,43.37548],[2.74052,43.37525],[2.73952,43.37512],[2.73872,43.37503],[2.73817,43.37476],[2.73743,43.37454],[2.73681,43.37441],[2.73675,43.37427],[2.73674,43.37369],[2.73681,43.37324],[2.73674,43.37315],[2.73637,43.3732],[2.73588,43.37334],[2.73466,43.37402],[2.73429,43.37415],[2.73256,43.37393],[2.73175,43.37394],[2.73107,43.37407],[2.73057,43.37399],[2.73027,43.37385],[2.72995,43.37327],[2.72946,43.37282],[2.72921,43.37269],[2.72878,43.37269],[2.72853,43.37278],[2.72822,43.37296],[2.72799,43.37341],[2.72761,43.37377],[2.72749,43.37386],[2.727,43.37377],[2.72669,43.37359],[2.72638,43.37315],[2.72619,43.37292],[2.72576,43.37261],[2.72545,43.37265],[2.72514,43.37283],[2.72477,43.37338],[2.7244,43.3736],[2.72293,43.37419],[2.72237,43.37428],[2.72169,43.37411],[2.7207,43.37334],[2.72015,43.37294],[2.71996,43.3729],[2.71959,43.37294],[2.71916,43.37303],[2.71868,43.3734],[2.71836,43.37412],[2.71806,43.37497],[2.71801,43.37542],[2.71788,43.37556],[2.71775,43.37583],[2.71732,43.37614],[2.71671,43.37646],[2.71498,43.37701],[2.71455,43.37651],[2.71443,43.37629],[2.71382,43.3762],[2.71314,43.37611],[2.71147,43.37612],[2.71086,43.37621],[2.70986,43.37644],[2.70882,43.37689],[2.7082,43.37725],[2.70795,43.37748],[2.70771,43.37784],[2.70771,43.37829],[2.70748,43.37874],[2.70747,43.37969],[2.70719,43.37999],[2.70714,43.38004],[2.70692,43.38041],[2.7065,43.38095],[2.70619,43.38154],[2.70614,43.38189],[2.70626,43.3823],[2.70626,43.38275],[2.70602,43.3832],[2.70596,43.38383],[2.70603,43.38401],[2.70603,43.38487],[2.70585,43.38523],[2.70554,43.38573],[2.70492,43.38645],[2.70413,43.38704],[2.70357,43.38726],[2.70339,43.38731],[2.70246,43.38686],[2.70091,43.38605],[2.69726,43.38404],[2.69571,43.38314],[2.6951,43.38288],[2.69424,43.38423],[2.6929,43.38694],[2.69278,43.3873],[2.69247,43.38779],[2.69216,43.38779],[2.69173,43.38775],[2.69037,43.38798],[2.68756,43.3894],[2.6869,43.38908],[2.68477,43.38989],[2.68452,43.38993],[2.68452,43.38984],[2.68416,43.38952],[2.6836,43.38935],[2.68229,43.38927],[2.68198,43.38895],[2.68105,43.38828],[2.68043,43.38774],[2.68012,43.38738],[2.68017,43.38665],[2.6803,43.38625],[2.68085,43.3853],[2.67999,43.38468],[2.67973,43.38423],[2.67924,43.38369],[2.67892,43.38307],[2.67843,43.38266],[2.67813,43.38244],[2.67775,43.38186],[2.67762,43.38172],[2.67707,43.38149],[2.67664,43.3814],[2.67633,43.38136],[2.67572,43.38209],[2.67505,43.38307],[2.67493,43.38343],[2.67493,43.38694],[2.675,43.38763],[2.67501,43.38997],[2.67514,43.39122],[2.67496,43.39122],[2.67452,43.39109],[2.67416,43.39068],[2.67366,43.39059],[2.67299,43.39042],[2.67267,43.39024],[2.67218,43.38953],[2.67187,43.3893],[2.67119,43.38907],[2.66995,43.38885],[2.66946,43.38867],[2.66921,43.38845],[2.6689,43.38823],[2.6686,43.38818],[2.66809,43.38845],[2.66735,43.38864],[2.66667,43.38837],[2.66612,43.38824],[2.66556,43.388],[2.66526,43.38764],[2.66475,43.3872],[2.66414,43.38688],[2.66154,43.38554],[2.66074,43.38532],[2.66031,43.3851],[2.65998,43.38456],[2.65974,43.38416],[2.65931,43.38398],[2.65814,43.38385],[2.65807,43.38376],[2.65783,43.38353],[2.65758,43.38349],[2.65721,43.38371],[2.65659,43.3843],[2.65599,43.38448],[2.65543,43.38453],[2.65518,43.38444],[2.65512,43.38435],[2.65511,43.38413],[2.65518,43.38386],[2.65493,43.38353],[2.65444,43.38331],[2.65406,43.38309],[2.654,43.38287],[2.65246,43.38273],[2.65121,43.38256],[2.65059,43.38256],[2.6501,43.38274],[2.64881,43.38355],[2.64796,43.3842],[2.64709,43.38433],[2.6468,43.3846],[2.64623,43.38555],[2.64612,43.38591],[2.64588,43.38582],[2.64581,43.38568],[2.6445,43.38483],[2.64388,43.38465],[2.64271,43.38456],[2.63937,43.38385],[2.63696,43.38322],[2.63609,43.38237],[2.63536,43.38166],[2.63499,43.38135],[2.63473,43.38112],[2.63369,43.38018],[2.63242,43.37964],[2.63069,43.37709],[2.62968,43.37685],[2.62921,43.37755],[2.62859,43.37725],[2.6278,43.37726],[2.62743,43.37732],[2.62687,43.37722],[2.62638,43.37695],[2.6257,43.37691],[2.62546,43.37682],[2.62546,43.37619],[2.62557,43.37597],[2.62601,43.3753],[2.626,43.37488],[2.62588,43.37466],[2.62557,43.37452],[2.62514,43.37429],[2.6249,43.37399],[2.6247,43.37363],[2.62452,43.37295],[2.62445,43.37232],[2.62433,43.3721],[2.62415,43.37196],[2.62359,43.37192],[2.62223,43.37211],[2.6218,43.37193],[2.62156,43.37157],[2.62142,43.37125],[2.62112,43.37058],[2.6203,43.36936],[2.61912,43.36774],[2.61887,43.36735],[2.61843,43.36667],[2.61831,43.36658],[2.61665,43.36595],[2.61554,43.3656],[2.61511,43.36587],[2.6148,43.36619],[2.61462,43.36677],[2.61419,43.36745],[2.61364,43.36821],[2.61327,43.36861],[2.61271,43.36907],[2.61241,43.36952],[2.61173,43.36956],[2.61118,43.36948],[2.60981,43.36899],[2.60833,43.36841],[2.6071,43.36823],[2.60599,43.36796],[2.60537,43.36796],[2.59927,43.36982],[2.59176,43.37191],[2.58485,43.37395],[2.58079,43.37513],[2.57992,43.37576],[2.57882,43.37621],[2.57826,43.37639],[2.57789,43.37657],[2.57634,43.37725],[2.57481,43.37779],[2.57278,43.3792],[2.57205,43.37983],[2.57191,43.37999],[2.57188,43.38001],[2.56914,43.38204],[2.56835,43.38289],[2.56841,43.38312],[2.56872,43.38361],[2.56947,43.38505],[2.56953,43.38519],[2.56965,43.3855],[2.56977,43.3856],[2.56996,43.38605],[2.57002,43.38618],[2.57009,43.38627],[2.57021,43.38653],[2.5704,43.38703],[2.57058,43.3873],[2.57239,43.38865],[2.57387,43.38964],[2.57449,43.39013],[2.57442,43.39035],[2.57369,43.39197],[2.57357,43.39233],[2.57351,43.39314],[2.57334,43.39359],[2.5729,43.39414],[2.57272,43.39468],[2.5726,43.39531],[2.57236,43.39572],[2.57179,43.39625],[2.57172,43.39657],[2.57198,43.39707],[2.57267,43.39818],[2.57286,43.39836],[2.57292,43.39854],[2.57316,43.39886],[2.57348,43.39949],[2.57514,43.39886],[2.57656,43.39823],[2.57815,43.39822],[2.58063,43.39835],[2.5831,43.39857],[2.58525,43.39888],[2.58605,43.39896],[2.58723,43.39955],[2.58762,43.39982],[2.58799,43.40064],[2.58822,43.40092],[2.58836,43.40108],[2.58892,43.40153],[2.59021,43.40216],[2.59133,43.40278],[2.59207,43.40331],[2.59256,43.40377],[2.59274,43.4039],[2.59269,43.40413],[2.59195,43.40566],[2.59172,43.40602],[2.59178,43.40638],[2.59196,43.4067],[2.59208,43.40692],[2.59258,43.40742],[2.59363,43.40818],[2.59472,43.4092],[2.59485,43.41036],[2.59449,43.41147],[2.59346,43.41259],[2.59131,43.41246],[2.58796,43.41206],[2.58662,43.41196],[2.5855,43.4121],[2.58278,43.41222],[2.57968,43.41245],[2.57925,43.4131],[2.57945,43.41429],[2.57946,43.41537],[2.57928,43.41573],[2.57891,43.41608],[2.57799,43.41694],[2.57689,43.41776],[2.57535,43.41857],[2.57368,43.41956],[2.57226,43.42038],[2.57078,43.42087],[2.56838,43.42173],[2.56695,43.42241],[2.56579,43.42296],[2.56683,43.4234],[2.56763,43.42359],[2.56814,43.42354],[2.56876,43.42336],[2.56919,43.42336],[2.57011,43.42367],[2.57073,43.42366],[2.5711,43.42353],[2.57165,43.42313],[2.57258,43.42294],[2.5735,43.42254],[2.57386,43.4224],[2.5743,43.42244],[2.57479,43.42254],[2.57597,43.42258],[2.5764,43.42271],[2.57708,43.42275],[2.57782,43.42276],[2.57864,43.42297],[2.57919,43.42316],[2.58073,43.42315],[2.58153,43.42337],[2.58203,43.42364],[2.58283,43.42445],[2.58322,43.42476],[2.58371,43.42503],[2.58407,43.42552],[2.58445,43.42588],[2.58464,43.42634],[2.58525,43.42669],[2.586,43.42701],[2.58698,43.42764],[2.58717,43.42791],[2.58724,43.42832],[2.58736,43.42845],[2.5889,43.42898],[2.59014,43.42957],[2.59064,43.42965],[2.59145,43.42956],[2.59188,43.42965],[2.59219,43.42965],[2.59261,43.42947],[2.59335,43.42919],[2.59391,43.4292],[2.59416,43.42929],[2.59447,43.42924],[2.59508,43.4291],[2.59539,43.42915],[2.5957,43.42924],[2.59601,43.42955],[2.59639,43.43009],[2.59644,43.43076],[2.59656,43.43099],[2.59651,43.43108],[2.59608,43.43143],[2.59602,43.43166],[2.5964,43.43216],[2.59682,43.43284],[2.59731,43.4331],[2.59836,43.43337],[2.59929,43.43337],[2.59986,43.43328],[2.60048,43.43283],[2.60103,43.4326],[2.60146,43.43219],[2.60189,43.43174],[2.60189,43.4317],[2.60219,43.43133],[2.60244,43.43124],[2.60275,43.43106],[2.60343,43.43083],[2.60392,43.43083],[2.60479,43.43101],[2.60553,43.43097],[2.60608,43.43109],[2.60645,43.43133],[2.60701,43.43187],[2.60727,43.43228],[2.60727,43.4329],[2.60745,43.43303],[2.60819,43.43313],[2.60831,43.43326],[2.60832,43.43353],[2.6082,43.43376],[2.60764,43.4342],[2.60753,43.43452],[2.60759,43.43483],[2.60758,43.43524],[2.60727,43.43555],[2.60727,43.43596],[2.60739,43.43618],[2.60785,43.4365],[2.60784,43.43696],[2.60752,43.43727],[2.60574,43.43808],[2.6047,43.4384],[2.60439,43.43872],[2.60439,43.43881],[2.60426,43.43885],[2.6042,43.43921],[2.60409,43.43953],[2.60408,43.43998],[2.60427,43.4402],[2.60477,43.44046],[2.6052,43.44069],[2.60575,43.44091],[2.60643,43.44091],[2.60742,43.44068],[2.60797,43.44032],[2.60817,43.44019],[2.60848,43.44014],[2.60884,43.44041],[2.60934,43.44041],[2.60965,43.44023],[2.6102,43.43969],[2.61069,43.43905],[2.61099,43.43883],[2.61136,43.43874],[2.6126,43.43869],[2.61328,43.43851],[2.61457,43.43784],[2.61545,43.43729],[2.61576,43.4372],[2.61606,43.43725],[2.61693,43.4376],[2.61779,43.43769],[2.6181,43.43814],[2.6186,43.43908],[2.61897,43.4398],[2.61952,43.44065],[2.62015,43.44143],[2.62065,43.44209],[2.62157,43.44255],[2.622,43.44281],[2.62263,43.44326],[2.62318,43.44393],[2.62367,43.44429],[2.62456,43.44474],[2.62505,43.44501],[2.6261,43.44532],[2.62659,43.44568],[2.62691,43.44608],[2.62783,43.44658],[2.62803,43.44694],[2.62815,43.44729],[2.62821,43.44756],[2.62845,43.44801],[2.62877,43.44824],[2.6292,43.44842],[2.62939,43.44868],[2.63019,43.44896],[2.63057,43.44932],[2.63075,43.44944],[2.63217,43.4498],[2.63267,43.45007],[2.63304,43.45043],[2.6333,43.4507],[2.63373,43.45097],[2.63453,43.45133],[2.63484,43.45155],[2.63496,43.45187],[2.63497,43.45218],[2.63515,43.45236],[2.63608,43.45263],[2.63695,43.45326],[2.6372,43.45362],[2.63732,43.45411],[2.6377,43.45438],[2.63856,43.45473],[2.63911,43.45505],[2.63936,43.45541],[2.63986,43.45594],[2.64017,43.45617],[2.64066,43.45617],[2.64123,43.45598],[2.6416,43.45585],[2.64191,43.45585],[2.6421,43.45594],[2.64247,43.45621],[2.64271,43.45662],[2.64278,43.4577],[2.64302,43.45797],[2.64341,43.45806],[2.64389,43.45801],[2.64426,43.45792],[2.64457,43.45792],[2.64593,43.45886],[2.64618,43.45913],[2.64619,43.45972],[2.646,43.46026],[2.64551,43.46088],[2.64546,43.46174],[2.64527,43.46202],[2.6449,43.46224],[2.6433,43.46274],[2.64274,43.46306],[2.64226,43.46337],[2.64138,43.46364],[2.63929,43.46424],[2.63861,43.46455],[2.63811,43.46495],[2.63788,43.46523],[2.63781,43.46599],[2.63792,43.46633],[2.63794,43.46644],[2.63806,43.4668],[2.63825,43.46702],[2.63863,43.46734],[2.64017,43.46778],[2.64091,43.46824],[2.64221,43.46887],[2.64256,43.4691],[2.64336,43.46911],[2.64436,43.469],[2.64464,43.46887],[2.64498,43.46899],[2.64536,43.46894],[2.64593,43.46919],[2.64613,43.4692],[2.6464,43.46929],[2.64711,43.4695],[2.64787,43.46949],[2.64775,43.4689],[2.6479,43.46795],[2.64851,43.46722],[2.649,43.4669],[2.64986,43.46672],[2.65216,43.46691],[2.65481,43.4669],[2.65641,43.46643],[2.65678,43.4663],[2.65795,43.46553],[2.65895,43.46516],[2.65988,43.46499],[2.66042,43.4648],[2.66079,43.46449],[2.66091,43.4639],[2.6611,43.46363],[2.66134,43.46341],[2.66134,43.46332],[2.66232,43.46255],[2.66307,43.46219],[2.66472,43.46183],[2.66536,43.46177],[2.66548,43.46182],[2.66554,43.46195],[2.66536,43.46236],[2.66517,43.46254],[2.66473,43.46318],[2.66462,43.46363],[2.66455,43.46412],[2.66468,43.46452],[2.66493,43.46483],[2.66519,43.46546],[2.66512,43.46579],[2.66518,43.4661],[2.66555,43.46646],[2.66575,43.46668],[2.66612,43.46771],[2.6665,43.46821],[2.66713,43.46919],[2.66737,43.46951],[2.668,43.47005],[2.66769,43.47032],[2.66601,43.47168],[2.66547,43.4719],[2.66534,43.47208],[2.66534,43.47213],[2.66528,43.47222],[2.66522,43.47235],[2.66461,43.47348],[2.66431,43.47416],[2.66407,43.47497],[2.66388,43.47524],[2.66314,43.47569],[2.66285,43.47592],[2.66301,43.476],[2.66285,43.47624],[2.66292,43.47677],[2.66265,43.47704],[2.66216,43.47718],[2.66192,43.47722],[2.6613,43.47708],[2.6605,43.47686],[2.66038,43.47682],[2.65987,43.47731],[2.65944,43.47786],[2.65913,43.47823],[2.65815,43.47899],[2.65796,43.4793],[2.65791,43.47975],[2.65779,43.48025],[2.65747,43.4807],[2.65705,43.48151],[2.65692,43.48169],[2.6565,43.48219],[2.6565,43.48223],[2.65681,43.48246],[2.65817,43.48341],[2.65903,43.48408],[2.65905,43.48426],[2.6588,43.48475],[2.65812,43.48578],[2.658,43.48587],[2.658,43.48592],[2.65726,43.48682],[2.65678,43.48754],[2.65648,43.48858],[2.65629,43.48907],[2.65617,43.48948],[2.65586,43.49016],[2.65581,43.49047],[2.65556,43.49088],[2.65532,43.49165],[2.65514,43.49277],[2.65508,43.4933],[2.65502,43.49357],[2.65501,43.49425],[2.65505,43.49475],[2.65508,43.49502],[2.65495,43.49538],[2.65471,43.49614],[2.65472,43.49668],[2.65491,43.49687],[2.65552,43.4975],[2.65634,43.49835],[2.65634,43.49839],[2.6564,43.49839],[2.65646,43.49857],[2.65677,43.49884],[2.65833,43.50027],[2.65895,43.501],[2.65908,43.50131],[2.6594,43.50243],[2.65989,43.50297],[2.6605,43.50342],[2.66033,43.5041],[2.66032,43.50446],[2.66008,43.50531],[2.65979,43.50689],[2.65936,43.50847],[2.65937,43.50892],[2.65955,43.5094],[2.65956,43.50985],[2.6595,43.51021],[2.65931,43.51049],[2.65932,43.51098],[2.65944,43.51143],[2.65945,43.51256],[2.65933,43.51328],[2.65902,43.51391],[2.65903,43.51458],[2.65922,43.5158],[2.65915,43.51616],[2.65892,43.5167],[2.65885,43.51692],[2.66071,43.5167],[2.66224,43.51624],[2.66305,43.51619],[2.66385,43.51628],[2.66453,43.5161],[2.66563,43.51565],[2.66601,43.51555],[2.66688,43.51555],[2.66756,43.51541],[2.66935,43.51473],[2.67182,43.51356],[2.67244,43.51324],[2.67279,43.5132],[2.67423,43.51319],[2.6754,43.51328],[2.67602,43.51346],[2.67504,43.51418],[2.67504,43.51426],[2.67491,43.51435],[2.67429,43.51531],[2.67184,43.51743],[2.67116,43.51811],[2.67103,43.51829],[2.6708,43.51856],[2.67036,43.51924],[2.67013,43.51946],[2.6692,43.52086],[2.66822,43.52194],[2.66729,43.52294],[2.66685,43.52326],[2.66513,43.52389],[2.66397,43.52416],[2.6631,43.52452],[2.66192,43.52475],[2.66144,43.52498],[2.66119,43.5252],[2.66113,43.52533],[2.66112,43.52569],[2.66125,43.52592],[2.66006,43.5257],[2.65938,43.52571],[2.65865,43.52579],[2.65785,43.52616],[2.65729,43.52647],[2.65679,43.52661],[2.6563,43.52657],[2.65563,43.52661],[2.6552,43.52675],[2.65464,43.52716],[2.65341,43.52841],[2.65304,43.52878],[2.65304,43.52914],[2.65348,43.52976],[2.65348,43.53004],[2.65323,43.53027],[2.65291,43.53045],[2.65236,43.53081],[2.65199,43.53122],[2.65157,43.53198],[2.65144,43.53216],[2.65126,43.5327],[2.65108,43.53328],[2.65096,43.5336],[2.65059,43.53405],[2.65009,43.5345],[2.64998,43.53468],[2.64998,43.535],[2.64991,43.53509],[2.64917,43.53495],[2.64886,43.535],[2.64818,43.53509],[2.64787,43.53522],[2.64745,43.53555],[2.64665,43.53577],[2.64583,43.53578],[2.64527,43.53622],[2.64441,43.53713],[2.64374,43.53808],[2.64338,43.53858],[2.64282,43.53911],[2.64282,43.53916],[2.64264,43.53934],[2.6422,43.53997],[2.64159,43.54069],[2.64055,43.54177],[2.63975,43.54258],[2.63888,43.54345],[2.63808,43.54426],[2.6353,43.54598],[2.6337,43.54684],[2.6321,43.54778],[2.63098,43.54841],[2.63079,43.54864],[2.63056,43.54927],[2.62951,43.55036],[2.62896,43.5509],[2.62809,43.55144],[2.62755,43.55176],[2.6273,43.55207],[2.62711,43.55239],[2.62705,43.55311],[2.6268,43.5536],[2.62675,43.55454],[2.62682,43.55535],[2.62688,43.55568],[2.62695,43.55622],[2.62694,43.55698],[2.62658,43.55739],[2.62627,43.55779],[2.62515,43.55847],[2.62392,43.55897],[2.6225,43.55951],[2.6219,43.55999],[2.62189,43.56001],[2.6209,43.56087],[2.62009,43.56167],[2.61677,43.56511],[2.61664,43.56538],[2.61639,43.56551],[2.6156,43.5665],[2.61561,43.56663],[2.61696,43.56762],[2.61734,43.56807],[2.61746,43.56857],[2.61821,43.56915],[2.61858,43.56965],[2.61889,43.57005],[2.61959,43.57036],[2.62046,43.57073],[2.62082,43.57108],[2.62101,43.5713],[2.62164,43.57171],[2.62182,43.57198],[2.62189,43.57265],[2.6222,43.57301],[2.62269,43.57351],[2.62276,43.57374],[2.6227,43.57392],[2.62239,43.57423],[2.62238,43.57468],[2.62289,43.5754],[2.62295,43.57567],[2.62326,43.57589],[2.62364,43.57603],[2.62419,43.57607],[2.62444,43.57629],[2.62475,43.57674],[2.62493,43.57688],[2.62549,43.57696],[2.62611,43.57701],[2.62685,43.57714],[2.62717,43.57745],[2.62735,43.5779],[2.62766,43.5784],[2.62766,43.57949],[2.6278,43.57962],[2.62817,43.57971],[2.62847,43.57957],[2.62865,43.57962],[2.6288,43.57975],[2.62917,43.58007],[2.62972,43.58069],[2.62992,43.58101],[2.6301,43.58159],[2.63067,43.58199],[2.63097,43.58226],[2.6311,43.58271],[2.63109,43.58303],[2.63141,43.58348],[2.63166,43.58387],[2.63178,43.58414],[2.63173,43.58477],[2.63136,43.58555],[2.63099,43.58609],[2.63081,43.58632],[2.62968,43.58703],[2.62895,43.5874],[2.6282,43.58758],[2.6274,43.58776],[2.62691,43.58808],[2.62666,43.5883],[2.62672,43.58862],[2.62703,43.58898],[2.62754,43.58943],[2.6276,43.58974],[2.62748,43.59023],[2.62742,43.59037],[2.62742,43.59091],[2.62767,43.59163],[2.62754,43.5919],[2.62743,43.59253],[2.62724,43.5933],[2.62712,43.5933],[2.62279,43.5925],[2.62153,43.59235],[2.62161,43.59278],[2.6216,43.594],[2.62165,43.59448],[2.62173,43.59466],[2.62168,43.59502],[2.62149,43.59529],[2.6215,43.59552],[2.61867,43.59562],[2.61623,43.59512],[2.61579,43.59604],[2.61515,43.59745],[2.61504,43.5978],[2.61494,43.5981],[2.61475,43.59846],[2.6142,43.59887],[2.61414,43.599],[2.61432,43.59923],[2.61464,43.59986],[2.61507,43.60022],[2.61552,43.60066],[2.61577,43.6012],[2.61614,43.60174],[2.61646,43.60202],[2.61714,43.60232],[2.61769,43.60269],[2.618,43.60304],[2.61863,43.6034],[2.61962,43.60417],[2.62,43.60457],[2.6203,43.60511],[2.62036,43.60529],[2.62087,43.6061],[2.62123,43.60641],[2.62254,43.60695],[2.62503,43.60748],[2.62565,43.60771],[2.62634,43.60828],[2.62714,43.609],[2.62863,43.61013],[2.62881,43.61035],[2.62882,43.61089],[2.62869,43.61134],[2.62863,43.61148],[2.62839,43.61188],[2.62772,43.6127],[2.62765,43.61328],[2.62797,43.61418],[2.6281,43.61503],[2.62797,43.61543],[2.62761,43.61612],[2.62731,43.61626],[2.62676,43.61729],[2.62625,43.61752],[2.62593,43.61774],[2.62603,43.61804],[2.62554,43.6183],[2.62704,43.61888],[2.62862,43.6194],[2.62973,43.61989],[2.6314,43.62002],[2.63239,43.62146],[2.63502,43.62519],[2.6352,43.62577],[2.63527,43.62654],[2.63508,43.62712],[2.63503,43.6277],[2.63494,43.62863],[2.63503,43.62935],[2.63512,43.6305],[2.63654,43.63233],[2.63793,43.634],[2.63817,43.6345],[2.63835,43.63468],[2.6388,43.63557],[2.63911,43.63638],[2.63923,43.63665],[2.63955,43.6376],[2.63973,43.63813],[2.64004,43.63893],[2.6408,43.63949],[2.64083,43.64144],[2.64088,43.64299],[2.641,43.64335],[2.64113,43.64394],[2.64125,43.64443],[2.64133,43.6461],[2.64145,43.64651],[2.64176,43.64714],[2.64208,43.64786],[2.64214,43.6479],[2.6422,43.64812],[2.6427,43.64911],[2.64282,43.64929],[2.64302,43.64965],[2.64352,43.65063],[2.64401,43.6515],[2.64421,43.65208],[2.64421,43.65298],[2.64434,43.65432],[2.64441,43.65509],[2.64447,43.65576],[2.64473,43.65622],[2.64522,43.65697],[2.64566,43.65775],[2.64566,43.65865],[2.64542,43.6595],[2.64543,43.66045],[2.64549,43.66067],[2.64616,43.66031],[2.64734,43.66017],[2.6484,43.65999],[2.64883,43.65977],[2.6495,43.65962],[2.65006,43.65945],[2.65006,43.6594],[2.65043,43.659],[2.65143,43.65854],[2.65193,43.65814],[2.65198,43.65706],[2.6521,43.65661],[2.6526,43.65601],[2.65259,43.65548],[2.65253,43.65489],[2.65246,43.65453],[2.65196,43.65403],[2.65184,43.65372],[2.6519,43.65309],[2.65227,43.65282],[2.65233,43.65273],[2.65238,43.65129],[2.65226,43.65075],[2.65219,43.64998],[2.65231,43.64971],[2.6523,43.64895],[2.65292,43.64894],[2.65385,43.64916],[2.65467,43.64948],[2.6559,43.65029],[2.65634,43.65048],[2.65708,43.6506],[2.65771,43.65061],[2.65858,43.65038],[2.66124,43.64937],[2.66217,43.64914],[2.66401,43.64901],[2.66494,43.64896],[2.66601,43.64909],[2.66731,43.6494],[2.66917,43.64954],[2.67046,43.6493],[2.67398,43.65067],[2.67718,43.65166],[2.68003,43.65247],[2.68332,43.65346],[2.68469,43.65381],[2.68476,43.65354],[2.68512,43.65277],[2.68531,43.65245],[2.68555,43.65178],[2.68555,43.65133],[2.68585,43.65119],[2.68945,43.65059],[2.69092,43.65014],[2.69235,43.64973],[2.69322,43.6496],[2.69415,43.6495],[2.69749,43.64873],[2.69792,43.64864],[2.69978,43.64872],[2.70083,43.6484],[2.70195,43.64822],[2.70319,43.64803],[2.70442,43.64767],[2.70529,43.64726],[2.70994,43.64671],[2.70994,43.64621],[2.70999,43.64594],[2.7103,43.64545],[2.71066,43.64499],[2.71104,43.6445],[2.71135,43.64409],[2.71177,43.64409],[2.71209,43.64423],[2.71271,43.64476],[2.71296,43.64499],[2.71382,43.64516],[2.71475,43.64499],[2.71599,43.64471],[2.71697,43.64473],[2.71775,43.6449],[2.71882,43.64528],[2.7202,43.64537],[2.72125,43.64495],[2.7222,43.64438],[2.72281,43.64389],[2.72293,43.6436],[2.72311,43.64333],[2.72318,43.64315],[2.72371,43.64198],[2.72384,43.64148],[2.72397,43.64126],[2.72403,43.64094],[2.72403,43.64],[2.7239,43.63973],[2.72378,43.63901],[2.72395,43.63856],[2.72451,43.63802],[2.72537,43.63729],[2.72666,43.63679],[2.72784,43.63652],[2.72914,43.63625],[2.73099,43.63579],[2.73175,43.63542],[2.73223,43.63502],[2.7334,43.63379],[2.73408,43.63285],[2.7345,43.63209],[2.73469,43.63159],[2.73487,43.63092],[2.73493,43.63065],[2.73512,43.63069],[2.73592,43.63096],[2.73815,43.63157],[2.73827,43.63157],[2.73846,43.63126],[2.73858,43.63095],[2.73896,43.63023],[2.73945,43.62901],[2.74049,43.62774],[2.74123,43.62688],[2.74221,43.62571],[2.74263,43.62517],[2.743,43.62436],[2.74324,43.62351],[2.74336,43.62306],[2.74354,43.62207],[2.74385,43.62044],[2.74402,43.61977],[2.74692,43.61786],[2.74848,43.61683],[2.74991,43.61619],[2.75267,43.61523],[2.75317,43.61505],[2.75452,43.61414],[2.75855,43.61476],[2.76377,43.61587],[2.76538,43.6164],[2.76724,43.61724],[2.76786,43.61765],[2.76823,43.61809],[2.76861,43.61891],[2.76967,43.62043],[2.7705,43.62116],[2.77156,43.622],[2.77174,43.62218],[2.7723,43.62213],[2.77446,43.62181],[2.77495,43.62185],[2.77551,43.62194],[2.77613,43.62226],[2.77768,43.62328],[2.77956,43.62463],[2.78161,43.62583],[2.78328,43.62637],[2.78424,43.62606],[2.78549,43.62548],[2.78891,43.62401],[2.7891,43.62392],[2.78972,43.62396],[2.79436,43.62434],[2.79486,43.62443],[2.79866,43.62726],[2.79973,43.62802],[2.80059,43.62873],[2.80159,43.62953],[2.80259,43.6303],[2.80511,43.63275],[2.80597,43.63398],[2.80639,43.63423],[2.80764,43.63596],[2.808,43.636],[2.80814,43.63583],[2.8084,43.63519],[2.80928,43.63497],[2.80972,43.63493],[2.81038,43.63502],[2.8111,43.63516],[2.81168,43.63584],[2.81248,43.63592],[2.81292,43.63579],[2.81329,43.63579],[2.81341,43.63601],[2.81342,43.63669],[2.81311,43.63732],[2.81306,43.63764],[2.81357,43.63867],[2.81363,43.6402],[2.8133,43.6406],[2.81331,43.64089],[2.81322,43.64112],[2.81355,43.64106],[2.81383,43.64105],[2.81485,43.64035],[2.81593,43.64007],[2.81673,43.64],[2.81797,43.63995],[2.81878,43.63982],[2.81952,43.6395],[2.82039,43.63932],[2.82181,43.63945],[2.82217,43.63935],[2.82298,43.63881],[2.82329,43.63849],[2.82303,43.63813],[2.82303,43.63786],[2.82365,43.63763],[2.82403,43.63759],[2.82446,43.63786],[2.82526,43.63821],[2.82583,43.6383],[2.82639,43.63812],[2.82664,43.63775],[2.82818,43.63748],[2.82842,43.63743],[2.82873,43.63775],[2.82924,43.63806],[2.82973,43.63819],[2.83048,43.63828],[2.83196,43.63832],[2.8324,43.63858],[2.83302,43.63876],[2.8337,43.63885],[2.83407,43.63898],[2.83458,43.63943],[2.8349,43.63988],[2.83633,43.64136],[2.84022,43.64253],[2.84399,43.64428],[2.84505,43.64493],[2.84562,43.6455],[2.84618,43.64573],[2.84672,43.64585],[2.84771,43.64536],[2.84839,43.64523],[2.84882,43.64522],[2.85254,43.64566],[2.85427,43.64475],[2.85581,43.64402],[2.85673,43.64356],[2.85716,43.64339],[2.85747,43.64339],[2.85908,43.64374],[2.86232,43.64381],[2.86387,43.64407],[2.86574,43.64451],[2.86628,43.64438],[2.86659,43.64437],[2.86964,43.64512],[2.87114,43.64543],[2.87145,43.64538],[2.87311,43.64511],[2.87373,43.64511],[2.874,43.64636],[2.87412,43.64676],[2.87424,43.64727],[2.87462,43.64817],[2.87519,43.64919],[2.87588,43.65026],[2.87648,43.65114],[2.87659,43.65116],[2.8767,43.65117],[2.87708,43.6521],[2.87714,43.65228],[2.87777,43.65346],[2.8784,43.6548],[2.87872,43.65579],[2.87884,43.6562],[2.87898,43.65669],[2.87904,43.65692],[2.87909,43.65716],[2.8791,43.65724],[2.8791,43.65727],[2.87926,43.6573],[2.87935,43.65731],[2.87978,43.65727],[2.88146,43.65722],[2.88252,43.65743],[2.88314,43.65739],[2.88469,43.65716],[2.88556,43.65719],[2.88791,43.65732],[2.88908,43.65728],[2.88964,43.65709],[2.89051,43.65663],[2.89211,43.65541],[2.89217,43.65528],[2.89248,43.65505],[2.8936,43.65464],[2.89464,43.65436],[2.89507,43.65432],[2.89563,43.65436],[2.8973,43.65479],[2.89773,43.65484],[2.89848,43.6548],[2.9006,43.65464],[2.90331,43.65383],[2.90735,43.65423],[2.90749,43.65441],[2.90792,43.65498],[2.90854,43.65579],[2.90929,43.65632],[2.91022,43.65662],[2.91041,43.65676],[2.91098,43.65743],[2.91209,43.65833],[2.91254,43.65864],[2.91297,43.6589],[2.91396,43.6594],[2.91534,43.6598],[2.91664,43.66025],[2.91782,43.66055],[2.9182,43.66086],[2.91871,43.66144],[2.91957,43.66211],[2.91971,43.66225],[2.91965,43.6627],[2.91952,43.6631],[2.91947,43.66337],[2.91941,43.6636],[2.91928,43.66486],[2.91911,43.66563],[2.91905,43.66567],[2.91899,43.66581],[2.91862,43.6664],[2.91807,43.66721],[2.91789,43.66775],[2.91771,43.66802],[2.91747,43.66865],[2.91747,43.66942],[2.91779,43.67023],[2.91799,43.67055],[2.9183,43.67104],[2.91869,43.67284],[2.91888,43.67333],[2.91944,43.67413],[2.91957,43.67449],[2.91976,43.67539],[2.91995,43.67592],[2.92015,43.67619],[2.92052,43.6766],[2.92078,43.67728],[2.9214,43.67736],[2.92146,43.6775],[2.92152,43.67826],[2.92153,43.67862],[2.92141,43.6788],[2.92085,43.6793],[2.92074,43.67962],[2.92074,43.67971],[2.92068,43.67976],[2.92068,43.67989],[2.91988,43.68048],[2.91976,43.6807],[2.91963,43.68111],[2.91921,43.68174],[2.91927,43.6821],[2.91952,43.68241],[2.91953,43.68277],[2.91903,43.68327],[2.91886,43.6835],[2.9188,43.68413],[2.91855,43.68449],[2.91856,43.68485],[2.91875,43.68525],[2.91857,43.68615],[2.91865,43.68669],[2.91883,43.68719],[2.91908,43.68755],[2.92002,43.68826],[2.92039,43.68875],[2.92102,43.68911],[2.92177,43.68966],[2.92288,43.68965],[2.92394,43.68977],[2.92437,43.68995],[2.92506,43.69049],[2.92587,43.6908],[2.92624,43.69115],[2.92693,43.69201],[2.92726,43.693],[2.92769,43.69317],[2.928,43.69339],[2.92812,43.69344],[2.92993,43.69343],[2.93037,43.69351],[2.9308,43.69374],[2.93123,43.6942],[2.93174,43.6945],[2.9328,43.69513],[2.93329,43.69526],[2.93397,43.69517],[2.93466,43.69498],[2.93497,43.6948],[2.93497,43.69471],[2.93546,43.69467],[2.93519,43.69432],[2.93518,43.69392],[2.93544,43.69357],[2.93571,43.69325],[2.9363,43.69282],[2.93661,43.69213],[2.93667,43.69195],[2.93698,43.69155],[2.93697,43.69137],[2.93717,43.69101],[2.93748,43.69056],[2.93759,43.69047],[2.93884,43.69077],[2.93996,43.69113],[2.94082,43.69166],[2.94164,43.69198],[2.944,43.69223],[2.94555,43.69263],[2.94655,43.69294],[2.95284,43.69524],[2.95414,43.69573],[2.95501,43.69623],[2.95551,43.6965],[2.95608,43.69731],[2.95674,43.69811],[2.95746,43.69902],[2.95787,43.69965],[2.95982,43.6994],[2.96132,43.69918],[2.96276,43.69993],[2.96381,43.7005],[2.96543,43.70171],[2.96661,43.70215],[2.96768,43.70277],[2.96812,43.70327],[2.96843,43.70375],[2.96862,43.70393],[2.96936,43.70402],[2.96992,43.70397],[2.97085,43.70397],[2.97277,43.70418],[2.97359,43.70449],[2.97396,43.70462],[2.97496,43.70481],[2.97614,43.70511],[2.977,43.70573],[2.97821,43.70654],[2.98008,43.70743],[2.98132,43.70796],[2.98194,43.70809],[2.98418,43.70875],[2.9848,43.70889],[2.98505,43.70879],[2.98535,43.70852],[2.98658,43.70739],[2.9869,43.70702],[2.9872,43.70635],[2.98844,43.70611],[2.98894,43.70611],[2.98931,43.70629],[2.98993,43.70647],[2.9908,43.70647],[2.99111,43.70669],[2.99155,43.70731],[2.99217,43.70791],[2.99281,43.70844],[2.9933,43.70862],[2.99349,43.70853],[2.99416,43.70753],[2.99483,43.70666],[2.99686,43.70517],[2.99717,43.70503],[2.99773,43.70498],[2.99928,43.70529],[3.00033,43.70537],[3.00213,43.70491],[3.00342,43.70427],[3.00356,43.70405],[3.00373,43.70364],[3.00398,43.70346],[3.00479,43.70333],[3.00572,43.70309],[3.00639,43.70269],[3.00768,43.702],[3.00848,43.70177],[3.00904,43.70172],[3.00948,43.7019],[3.0116,43.70323],[3.01211,43.70365],[3.01218,43.70374],[3.0123,43.70377],[3.01266,43.70327],[3.01296,43.70242],[3.01333,43.70192],[3.01375,43.70102],[3.01399,43.7003],[3.01398,43.69927],[3.01416,43.699],[3.01441,43.69882],[3.01539,43.69818],[3.01612,43.69755],[3.01643,43.6974],[3.01755,43.69709],[3.01804,43.69672],[3.01842,43.69627],[3.01866,43.696],[3.01946,43.6955],[3.0202,43.69499],[3.02045,43.6949],[3.02124,43.69458],[3.02329,43.69425],[3.0247,43.69375],[3.02551,43.69334],[3.02669,43.69286],[3.02733,43.69273],[3.02818,43.69319],[3.02861,43.69332],[3.02917,43.69332],[3.02973,43.69309],[3.03078,43.69259],[3.03163,43.69232],[3.03261,43.69213],[3.03346,43.69205],[3.03416,43.69232],[3.03503,43.69284],[3.03761,43.6934],[3.03848,43.69367],[3.0396,43.69434],[3.04073,43.69473],[3.04197,43.69504],[3.04259,43.69526],[3.04315,43.69561],[3.04353,43.69602],[3.04378,43.69669],[3.0441,43.69697],[3.04454,43.69719],[3.04523,43.69737],[3.04653,43.6974],[3.04721,43.69726],[3.04819,43.6969],[3.04974,43.69666],[3.05283,43.69597],[3.05353,43.69574],[3.05432,43.69538],[3.05734,43.69423],[3.05832,43.69367],[3.06017,43.69294],[3.06068,43.69281]]]]},"properties":{"ID":"341","id":"341","NOM_MASSIF":"SOMAIL-ESPINOUSE-ET-MONTS-D-ORB","dept":"34"}},{"type":"Feature","id":7,"geometry":{"type":"MultiPolygon","coordinates":[[[[3.28841,43.49511],[3.28909,43.49579],[3.28935,43.49614],[3.28986,43.49717],[3.2903,43.49802],[3.29049,43.49825],[3.29062,43.49834],[3.29265,43.49751],[3.29418,43.49677],[3.29541,43.4964],[3.29652,43.49622],[3.2985,43.4962],[3.29974,43.49664],[3.30073,43.49681],[3.30364,43.49639],[3.30407,43.49633],[3.30414,43.49669],[3.30445,43.49736],[3.30477,43.49781],[3.30502,43.4983],[3.30572,43.49933],[3.30604,43.49996],[3.30623,43.50001],[3.30654,43.49982],[3.30679,43.49973],[3.30702,43.49969],[3.3074,43.49982],[3.30777,43.4999],[3.30894,43.49963],[3.30986,43.49917],[3.3105,43.49846],[3.31072,43.49737],[3.31097,43.49709],[3.31104,43.49663],[3.31118,43.49638],[3.31153,43.49641],[3.31178,43.4953],[3.31181,43.49431],[3.31196,43.49358],[3.31211,43.49313],[3.31222,43.49221],[3.31238,43.49081],[3.31256,43.49032],[3.31255,43.48996],[3.31272,43.48942],[3.31278,43.48937],[3.31291,43.4891],[3.31357,43.4882],[3.31443,43.48733],[3.31522,43.48656],[3.31643,43.48529],[3.31747,43.48446],[3.3179,43.48419],[3.31881,43.4836],[3.31931,43.48301],[3.32022,43.48229],[3.32047,43.48197],[3.3207,43.48174],[3.32084,43.48182],[3.32102,43.48232],[3.32115,43.48272],[3.32127,43.48272],[3.32245,43.48249],[3.32399,43.48247],[3.32504,43.4826],[3.32578,43.48255],[3.32702,43.48232],[3.32776,43.48232],[3.3293,43.48248],[3.33017,43.48243],[3.33116,43.48241],[3.33289,43.48258],[3.3332,43.48267],[3.33332,43.48271],[3.3329,43.48339],[3.33278,43.48348],[3.33261,43.48393],[3.33292,43.48402],[3.33311,43.48424],[3.33305,43.48451],[3.33299,43.48483],[3.33325,43.48514],[3.33469,43.48639],[3.33494,43.48675],[3.33508,43.48747],[3.33541,43.48841],[3.3359,43.48926],[3.33617,43.48966],[3.33625,43.49087],[3.33637,43.4912],[3.33631,43.49133],[3.33589,43.49169],[3.3359,43.49192],[3.33608,43.49223],[3.33627,43.49264],[3.33684,43.49344],[3.33717,43.49407],[3.33729,43.49424],[3.33736,43.49451],[3.33756,43.49549],[3.33787,43.49599],[3.33845,43.49712],[3.33852,43.49734],[3.33853,43.49783],[3.33828,43.49793],[3.33754,43.4978],[3.33587,43.4975],[3.33531,43.49751],[3.33475,43.4976],[3.33451,43.49769],[3.3342,43.49796],[3.33402,43.49838],[3.33402,43.49859],[3.33391,43.49905],[3.3341,43.4994],[3.33466,43.4998],[3.33484,43.49998],[3.33473,43.50034],[3.33443,43.50052],[3.33368,43.50062],[3.33364,43.50125],[3.33364,43.50165],[3.33335,43.50243],[3.33316,43.50265],[3.33275,43.50306],[3.33275,43.50342],[3.33281,43.50351],[3.33283,43.50437],[3.33296,43.50513],[3.3331,43.50567],[3.33324,43.5067],[3.3333,43.50693],[3.33344,43.50782],[3.33333,43.5085],[3.33284,43.50931],[3.33273,43.5104],[3.33256,43.51085],[3.33213,43.51144],[3.33171,43.51185],[3.33167,43.51292],[3.33137,43.51374],[3.33113,43.51419],[3.33107,43.51446],[3.33104,43.51573],[3.33061,43.51641],[3.33049,43.51659],[3.3305,43.51672],[3.33001,43.5174],[3.32995,43.51762],[3.33015,43.51789],[3.33065,43.51843],[3.33159,43.51918],[3.33203,43.51958],[3.33203,43.51962],[3.33247,43.52007],[3.33285,43.5207],[3.33291,43.52097],[3.33336,43.52164],[3.33406,43.52245],[3.33544,43.52401],[3.33581,43.5245],[3.33626,43.52472],[3.33793,43.52538],[3.33831,43.52556],[3.33851,43.52614],[3.33863,43.52619],[3.33894,43.5261],[3.33925,43.52596],[3.33949,43.52596],[3.34172,43.52666],[3.34508,43.52726],[3.34551,43.52747],[3.34701,43.52795],[3.34869,43.52867],[3.35118,43.52959],[3.35224,43.52984],[3.35397,43.53001],[3.35435,43.53028],[3.35447,43.53032],[3.35466,43.53028],[3.3554,43.53018],[3.35781,43.53025],[3.35849,43.52974],[3.35872,43.5297],[3.35923,43.52997],[3.35954,43.53022],[3.36055,43.5313],[3.36046,43.53148],[3.36069,43.53168],[3.3609,43.53212],[3.36104,43.53218],[3.36159,43.53195],[3.36173,43.53202],[3.362,43.53229],[3.36227,43.53234],[3.36356,43.53228],[3.36382,43.53219],[3.36403,43.53208],[3.36467,43.53163],[3.36516,43.53146],[3.36778,43.53115],[3.36847,43.53082],[3.36982,43.53005],[3.37111,43.52991],[3.37172,43.52976],[3.37203,43.52954],[3.37283,43.52885],[3.373,43.52858],[3.37349,43.52822],[3.3746,43.52762],[3.3754,43.52703],[3.37716,43.52534],[3.3774,43.52507],[3.37819,43.52448],[3.37899,43.52407],[3.38021,43.5236],[3.38181,43.52265],[3.38359,43.52187],[3.38408,43.52141],[3.38492,43.52035],[3.38573,43.5207],[3.38562,43.52087],[3.38805,43.52173],[3.391,43.52286],[3.39172,43.52319],[3.39235,43.52382],[3.39345,43.52362],[3.39644,43.5232],[3.39743,43.52264],[3.39802,43.52281],[3.39895,43.52302],[3.4005,43.52368],[3.40138,43.52408],[3.40219,43.52431],[3.40374,43.52483],[3.4056,43.52503],[3.40591,43.52449],[3.40709,43.52467],[3.40721,43.52466],[3.40783,43.52448],[3.40832,43.52488],[3.40894,43.52455],[3.41095,43.5231],[3.41193,43.52245],[3.41218,43.5225],[3.41281,43.52281],[3.41368,43.52343],[3.41424,43.52361],[3.41498,43.52377],[3.415,43.52467],[3.4152,43.52539],[3.4149,43.52562],[3.4149,43.52584],[3.41496,43.52602],[3.41528,43.52626],[3.41572,43.52638],[3.41596,43.52638],[3.41627,43.52647],[3.41659,43.52692],[3.41679,43.52759],[3.41698,43.52767],[3.41753,43.52807],[3.41772,43.5283],[3.41774,43.52852],[3.41749,43.5287],[3.41712,43.52884],[3.41576,43.52885],[3.41507,43.52891],[3.41401,43.52869],[3.41327,43.52857],[3.41234,43.52857],[3.41156,43.52903],[3.41107,43.52962],[3.41101,43.5298],[3.41143,43.53013],[3.41322,43.53128],[3.41209,43.53217],[3.41329,43.53309],[3.41317,43.53324],[3.41408,43.53417],[3.41436,43.53418],[3.41467,43.53409],[3.41655,43.53524],[3.41661,43.53537],[3.41637,43.53565],[3.41583,43.53641],[3.41621,43.53709],[3.41615,43.53731],[3.41718,43.5391],[3.41678,43.53937],[3.41933,43.54187],[3.41933,43.54191],[3.41873,43.54251],[3.41788,43.54347],[3.41758,43.54396],[3.41752,43.54419],[3.41716,43.54473],[3.4171,43.54491],[3.41729,43.54495],[3.41803,43.54536],[3.41879,43.54597],[3.42078,43.54677],[3.42141,43.54721],[3.42254,43.5481],[3.42378,43.54894],[3.42467,43.54952],[3.42548,43.55019],[3.42549,43.55064],[3.4258,43.55086],[3.42525,43.5514],[3.42496,43.55172],[3.42446,43.5515],[3.42327,43.55106],[3.42227,43.55035],[3.42165,43.55018],[3.4206,43.55019],[3.4206,43.55046],[3.42073,43.55077],[3.42062,43.55122],[3.42062,43.55203],[3.42039,43.55275],[3.42016,43.55343],[3.41973,43.55416],[3.41968,43.5543],[3.41944,43.55493],[3.41935,43.55628],[3.41917,43.55678],[3.419,43.55736],[3.419,43.5579],[3.41939,43.55911],[3.41937,43.55996],[3.41925,43.56123],[3.42166,43.56161],[3.42168,43.56246],[3.42211,43.56242],[3.42391,43.56227],[3.42558,43.56266],[3.42626,43.56296],[3.4262,43.56305],[3.42529,43.56338],[3.4251,43.56347],[3.42498,43.56383],[3.42529,43.56401],[3.42605,43.56432],[3.42599,43.5645],[3.42599,43.56468],[3.4273,43.56525],[3.42748,43.56543],[3.42743,43.56556],[3.42707,43.56615],[3.4269,43.56651],[3.4269,43.56678],[3.42715,43.56705],[3.42717,43.56781],[3.42729,43.5684],[3.42731,43.56885],[3.42725,43.56894],[3.42713,43.56939],[3.42701,43.56966],[3.42649,43.57129],[3.42637,43.57165],[3.42638,43.57201],[3.42657,43.57237],[3.42676,43.57264],[3.42676,43.57268],[3.42584,43.573],[3.42553,43.573],[3.42554,43.57336],[3.42542,43.57377],[3.42517,43.57441],[3.42519,43.57494],[3.42569,43.5757],[3.42589,43.57597],[3.42589,43.57606],[3.42577,43.57615],[3.42596,43.57674],[3.4261,43.57706],[3.42623,43.57786],[3.42666,43.57795],[3.42699,43.57871],[3.42798,43.57919],[3.4296,43.57931],[3.42986,43.57954],[3.42999,43.57972],[3.43012,43.58007],[3.43008,43.58174],[3.43008,43.58201],[3.43059,43.58201],[3.43084,43.58268],[3.43097,43.58336],[3.43161,43.58433],[3.4325,43.58581],[3.43387,43.58539],[3.43823,43.58413],[3.43891,43.58418],[3.43978,43.58444],[3.4399,43.58457],[3.44017,43.58493],[3.441,43.58658],[3.44125,43.58681],[3.44177,43.58703],[3.44245,43.58711],[3.44424,43.58723],[3.44473,43.58704],[3.44491,43.58704],[3.44871,43.58786],[3.44914,43.58809],[3.44945,43.58812],[3.44994,43.58776],[3.45045,43.58767],[3.45068,43.58767],[3.45101,43.58779],[3.45113,43.58788],[3.45114,43.58865],[3.45121,43.58896],[3.45146,43.58932],[3.45178,43.58954],[3.45215,43.58958],[3.45258,43.58926],[3.45318,43.58827],[3.45342,43.58804],[3.45409,43.58772],[3.45452,43.58762],[3.45483,43.58776],[3.45502,43.58794],[3.4551,43.58833],[3.45491,43.58884],[3.4551,43.58901],[3.45529,43.58905],[3.45567,43.58933],[3.45635,43.58929],[3.4564,43.5889],[3.45664,43.5883],[3.45692,43.58785],[3.45833,43.58763],[3.45862,43.58744],[3.45872,43.58699],[3.45872,43.58644],[3.45893,43.58621],[3.45931,43.58603],[3.45964,43.58583],[3.4619,43.58516],[3.46252,43.58471],[3.46357,43.58456],[3.46393,43.58739],[3.46401,43.5882],[3.46407,43.58852],[3.46418,43.59054],[3.46438,43.59104],[3.46488,43.59175],[3.4649,43.59278],[3.46479,43.59364],[3.46467,43.59401],[3.46465,43.59536],[3.46436,43.5963],[3.46398,43.59689],[3.46591,43.59741],[3.46616,43.59705],[3.46653,43.59664],[3.46738,43.59618],[3.46851,43.59711],[3.47071,43.59886],[3.47268,43.5982],[3.47293,43.59815],[3.47306,43.5986],[3.47352,43.60026],[3.47372,43.60098],[3.47392,43.60142],[3.47442,43.60228],[3.47456,43.60286],[3.47465,43.60372],[3.47448,43.60466],[3.47442,43.6052],[3.47415,43.60691],[3.47329,43.60733],[3.46985,43.60925],[3.46348,43.61274],[3.46042,43.61421],[3.46029,43.61431],[3.46042,43.61453],[3.4625,43.61648],[3.46282,43.61684],[3.46245,43.61702],[3.46122,43.61762],[3.46018,43.61831],[3.45853,43.61959],[3.45791,43.62004],[3.45596,43.62113],[3.45547,43.62173],[3.45535,43.62182],[3.45467,43.62165],[3.45389,43.62323],[3.45389,43.62332],[3.45482,43.62399],[3.45563,43.62425],[3.45633,43.62487],[3.45785,43.62598],[3.45835,43.62647],[3.45975,43.62804],[3.46107,43.62928],[3.46307,43.63038],[3.46444,43.63114],[3.46463,43.63123],[3.46488,43.63118],[3.46512,43.63105],[3.46537,43.63105],[3.46574,43.63122],[3.46619,43.63166],[3.46663,43.63238],[3.4669,43.63309],[3.4669,43.63327],[3.4663,43.63378],[3.46562,43.63432],[3.4652,43.63482],[3.46459,43.63559],[3.46417,43.63618],[3.46387,43.63699],[3.46387,43.63745],[3.46406,43.63758],[3.46395,43.63786],[3.46365,43.6384],[3.46352,43.63853],[3.46261,43.63922],[3.46237,43.63958],[3.46226,43.64003],[3.46208,43.6403],[3.46147,43.64089],[3.46135,43.64107],[3.46123,43.64152],[3.46118,43.64197],[3.461,43.64211],[3.45976,43.64243],[3.45717,43.64291],[3.45642,43.64305],[3.45525,43.64303],[3.4548,43.64252],[3.45436,43.64204],[3.45352,43.64142],[3.4531,43.64143],[3.45238,43.64151],[3.45163,43.64179],[3.45112,43.64204],[3.4505,43.6425],[3.45025,43.64273],[3.44998,43.64357],[3.4498,43.64389],[3.44963,43.64461],[3.44922,43.64529],[3.44922,43.64542],[3.44885,43.64583],[3.44855,43.64619],[3.4485,43.6465],[3.44802,43.64764],[3.44779,43.64809],[3.44674,43.6489],[3.44563,43.64937],[3.44484,43.64997],[3.4441,43.65083],[3.44387,43.65142],[3.44383,43.65223],[3.4439,43.65259],[3.44398,43.6534],[3.44367,43.65389],[3.44307,43.65448],[3.44288,43.6548],[3.44241,43.65548],[3.44167,43.65616],[3.44136,43.65634],[3.44111,43.65652],[3.44105,43.65666],[3.44032,43.65721],[3.43971,43.65748],[3.43903,43.65786],[3.43836,43.65845],[3.43677,43.6591],[3.4359,43.65942],[3.43566,43.6596],[3.43541,43.65992],[3.43473,43.66028],[3.43295,43.66084],[3.43227,43.66089],[3.43178,43.66081],[3.43147,43.66103],[3.43147,43.66144],[3.43161,43.66162],[3.43192,43.66202],[3.4325,43.66283],[3.433,43.66313],[3.43393,43.66348],[3.43525,43.66406],[3.43581,43.66441],[3.43643,43.66499],[3.43669,43.66548],[3.4367,43.66602],[3.43658,43.6662],[3.43622,43.66639],[3.43572,43.66649],[3.43467,43.66677],[3.43449,43.66704],[3.4337,43.66763],[3.43364,43.66785],[3.43383,43.66799],[3.43438,43.66808],[3.43475,43.66793],[3.43506,43.66781],[3.43592,43.66763],[3.43629,43.66776],[3.43689,43.66797],[3.43729,43.66817],[3.4373,43.66869],[3.43718,43.66938],[3.43714,43.66992],[3.43737,43.67073],[3.43748,43.6707],[3.4376,43.67041],[3.43796,43.6701],[3.43879,43.66987],[3.43933,43.66989],[3.44084,43.66924],[3.44235,43.66874],[3.44332,43.66965],[3.44372,43.66947],[3.44464,43.66911],[3.44634,43.66781],[3.44904,43.6659],[3.45039,43.6653],[3.45076,43.66526],[3.45446,43.66707],[3.45502,43.66756],[3.4559,43.66827],[3.45822,43.6695],[3.4589,43.66954],[3.46009,43.66948],[3.46187,43.66925],[3.46262,43.66919],[3.46349,43.66937],[3.4658,43.67006],[3.46623,43.67015],[3.467,43.66888],[3.46713,43.6687],[3.46712,43.66838],[3.46782,43.66856],[3.46823,43.66779],[3.4683,43.66774],[3.46842,43.66774],[3.46868,43.6681],[3.46875,43.66832],[3.46875,43.66895],[3.46957,43.6693],[3.46964,43.6693],[3.47092,43.66839],[3.47123,43.66852],[3.47135,43.66856],[3.47154,43.66852],[3.47196,43.66815],[3.47226,43.66784],[3.47233,43.66784],[3.4727,43.66823],[3.47315,43.66881],[3.47365,43.66926],[3.47402,43.66907],[3.47476,43.66866],[3.47489,43.66866],[3.47526,43.66943],[3.47539,43.66946],[3.47576,43.66919],[3.47638,43.66946],[3.47657,43.66946],[3.47676,43.66932],[3.47726,43.66886],[3.4775,43.6689],[3.4797,43.67014],[3.48026,43.67041],[3.48038,43.67041],[3.48069,43.67009],[3.48109,43.66901],[3.48121,43.66892],[3.48146,43.66891],[3.48247,43.66936],[3.48253,43.66931],[3.4827,43.66903],[3.48293,43.66799],[3.48305,43.66776],[3.48323,43.66776],[3.48379,43.66799],[3.48398,43.66795],[3.48442,43.6673],[3.48459,43.66721],[3.48546,43.6672],[3.48647,43.66756],[3.48671,43.66742],[3.48885,43.66924],[3.48898,43.66951],[3.4893,43.67014],[3.48976,43.67103],[3.49007,43.67165],[3.48984,43.67211],[3.48954,43.67279],[3.48845,43.67465],[3.48773,43.67582],[3.48773,43.67591],[3.48762,43.67609],[3.48762,43.67623],[3.48979,43.67621],[3.48973,43.67639],[3.489,43.6772],[3.48779,43.67884],[3.48719,43.67957],[3.48682,43.67997],[3.48695,43.68006],[3.48789,43.68051],[3.48808,43.68037],[3.48946,43.67869],[3.48994,43.67818],[3.49123,43.67678],[3.49136,43.67678],[3.49161,43.67731],[3.49237,43.67817],[3.49262,43.67844],[3.49295,43.67888],[3.49307,43.67919],[3.49341,43.68049],[3.49343,43.68139],[3.49405,43.68156],[3.49448,43.68156],[3.4957,43.68083],[3.49711,43.67982],[3.49791,43.6795],[3.49969,43.67912],[3.50051,43.67875],[3.50185,43.67793],[3.50278,43.67761],[3.50425,43.67732],[3.50567,43.67659],[3.50696,43.67581],[3.50715,43.67572],[3.50953,43.67394],[3.51026,43.67334],[3.51075,43.67316],[3.51125,43.67316],[3.51243,43.67364],[3.51268,43.67381],[3.51245,43.67422],[3.51245,43.6744],[3.5132,43.67489],[3.51534,43.67667],[3.51592,43.67779],[3.51669,43.67899],[3.51738,43.67939],[3.51883,43.67996],[3.51952,43.68035],[3.51971,43.68081],[3.52003,43.68122],[3.52068,43.68219],[3.5208,43.68228],[3.52143,43.68308],[3.52207,43.68362],[3.52207,43.68393],[3.52238,43.68411],[3.52445,43.68549],[3.52508,43.68562],[3.52546,43.68583],[3.52633,43.68619],[3.52776,43.68658],[3.52864,43.68697],[3.52957,43.68718],[3.53044,43.68722],[3.53057,43.68731],[3.53069,43.68749],[3.53181,43.68757],[3.53255,43.68742],[3.53286,43.68719],[3.53286,43.68656],[3.53292,43.68634],[3.53358,43.68579],[3.53381,43.68521],[3.53412,43.68503],[3.53492,43.68483],[3.53523,43.68461],[3.53552,43.68424],[3.53558,43.68402],[3.53583,43.6837],[3.53655,43.68306],[3.5368,43.6827],[3.53703,43.68225],[3.53741,43.68153],[3.53783,43.68116],[3.53919,43.68083],[3.53968,43.6806],[3.53991,43.68037],[3.5404,43.67956],[3.5407,43.67924],[3.54119,43.67901],[3.54181,43.67868],[3.54198,43.67841],[3.5421,43.67827],[3.5421,43.67818],[3.54235,43.67782],[3.54295,43.67741],[3.54308,43.67727],[3.54313,43.67641],[3.54325,43.6761],[3.54343,43.67592],[3.54362,43.67583],[3.54386,43.67596],[3.5448,43.67635],[3.54542,43.67639],[3.5456,43.67626],[3.5456,43.67594],[3.54498,43.67568],[3.54478,43.6755],[3.54478,43.67523],[3.54496,43.67509],[3.5462,43.6749],[3.54651,43.6749],[3.54726,43.67534],[3.54782,43.67546],[3.54806,43.67533],[3.54837,43.67501],[3.54835,43.6742],[3.54859,43.67371],[3.54889,43.67348],[3.55032,43.67301],[3.55062,43.67274],[3.55074,43.67238],[3.55067,43.67202],[3.55028,43.67162],[3.55009,43.67135],[3.54997,43.67086],[3.54989,43.67032],[3.55007,43.67],[3.55098,43.66928],[3.5511,43.66918],[3.5511,43.66895],[3.55097,43.66868],[3.55021,43.66837],[3.55003,43.6682],[3.54984,43.66789],[3.54959,43.66766],[3.54847,43.66732],[3.54765,43.66696],[3.54733,43.66657],[3.547,43.66589],[3.54644,43.66504],[3.54884,43.66502],[3.55021,43.66505],[3.55158,43.66445],[3.55187,43.66418],[3.55236,43.66354],[3.55271,43.6629],[3.55315,43.66263],[3.55381,43.66236],[3.55449,43.66235],[3.55519,43.6627],[3.55756,43.66371],[3.55807,43.66407],[3.55875,43.6645],[3.55944,43.6649],[3.56045,43.66566],[3.56089,43.66615],[3.56109,43.66651],[3.56122,43.66705],[3.56142,43.66749],[3.56155,43.66799],[3.56162,43.66808],[3.5617,43.66906],[3.56159,43.66952],[3.5616,43.67068],[3.5624,43.67061],[3.56249,43.6704],[3.56251,43.67001],[3.56333,43.66985],[3.56339,43.66972],[3.56325,43.66954],[3.56325,43.66909],[3.56351,43.66891],[3.56388,43.6689],[3.56425,43.66913],[3.56444,43.66922],[3.56456,43.66917],[3.56469,43.66903],[3.56473,43.66791],[3.56454,43.66773],[3.56367,43.66764],[3.56328,43.66748],[3.56316,43.66725],[3.56315,43.66689],[3.56327,43.66658],[3.56324,43.66527],[3.56342,43.665],[3.56385,43.66464],[3.56433,43.66399],[3.56507,43.6634],[3.56573,43.66316],[3.56635,43.6628],[3.56751,43.66251],[3.56789,43.66233],[3.56795,43.66197],[3.56807,43.66157],[3.56824,43.66143],[3.57035,43.66109],[3.57059,43.66099],[3.57078,43.66086],[3.57132,43.66068],[3.57157,43.66049],[3.57157,43.66027],[3.57138,43.66],[3.5713,43.65951],[3.57142,43.65933],[3.57179,43.65914],[3.57222,43.65886],[3.57245,43.6585],[3.57276,43.65823],[3.57288,43.65791],[3.57344,43.65755],[3.57343,43.65724],[3.57312,43.65688],[3.5731,43.65647],[3.57329,43.65629],[3.57421,43.65601],[3.57582,43.65581],[3.57618,43.65549],[3.57649,43.65536],[3.57686,43.65536],[3.57754,43.65543],[3.57822,43.65525],[3.57991,43.65523],[3.58053,43.65535],[3.58164,43.65547],[3.58208,43.65574],[3.58301,43.65609],[3.58364,43.65644],[3.58365,43.65667],[3.58364,43.65701],[3.58379,43.65736],[3.58408,43.65751],[3.58459,43.65752],[3.58555,43.65768],[3.58613,43.65782],[3.58681,43.65783],[3.58747,43.65806],[3.58754,43.65776],[3.58811,43.65755],[3.58714,43.65706],[3.58851,43.65663],[3.58904,43.65603],[3.58927,43.65558],[3.58971,43.65484],[3.58977,43.65437],[3.59097,43.65389],[3.59176,43.65375],[3.59312,43.65328],[3.59465,43.65291],[3.5959,43.65267],[3.59628,43.65262],[3.59658,43.65261],[3.59702,43.65284],[3.59845,43.6534],[3.59902,43.65354],[3.60014,43.65366],[3.60217,43.65341],[3.60279,43.65344],[3.60378,43.65374],[3.60461,43.65419],[3.60524,43.6544],[3.60549,43.65431],[3.60567,43.65413],[3.60628,43.65372],[3.60774,43.65294],[3.61088,43.65173],[3.61162,43.65154],[3.61304,43.65121],[3.61446,43.65115],[3.61496,43.65105],[3.61533,43.65083],[3.61605,43.64996],[3.61648,43.64978],[3.61696,43.64946],[3.61721,43.64914],[3.618,43.64814],[3.61849,43.64773],[3.61862,43.64773],[3.61872,43.64746],[3.61891,43.64701],[3.61895,43.6462],[3.61901,43.64606],[3.61904,43.64498],[3.61933,43.64404],[3.61962,43.64332],[3.61968,43.64286],[3.61969,43.64088],[3.61981,43.64056],[3.61998,43.64024],[3.62023,43.63979],[3.6204,43.63898],[3.62059,43.63849],[3.62069,43.63777],[3.62087,43.63727],[3.62077,43.63582],[3.62056,43.63497],[3.6201,43.63376],[3.61991,43.6335],[3.61972,43.63305],[3.61957,43.63197],[3.61943,43.63107],[3.61944,43.62922],[3.61966,43.62764],[3.6197,43.62616],[3.61957,43.62558],[3.6193,43.62513],[3.61828,43.62392],[3.61791,43.62334],[3.61758,43.62307],[3.61727,43.62308],[3.61224,43.62228],[3.61106,43.62198],[3.60954,43.62087],[3.60847,43.62003],[3.60652,43.61865],[3.60142,43.6152],[3.59829,43.61317],[3.59773,43.61308],[3.59662,43.61302],[3.59574,43.61265],[3.59536,43.61257],[3.59493,43.61262],[3.59358,43.61299],[3.59266,43.613],[3.59134,43.61288],[3.59016,43.61262],[3.58918,43.61309],[3.58899,43.61309],[3.58843,43.61233],[3.58746,43.61107],[3.58663,43.60996],[3.5865,43.60974],[3.58694,43.60947],[3.587,43.60933],[3.58699,43.60906],[3.58685,43.6087],[3.58679,43.60843],[3.58697,43.60798],[3.58695,43.60722],[3.58711,43.60641],[3.58716,43.60568],[3.58723,43.60514],[3.58728,43.60473],[3.58684,43.60455],[3.58515,43.60414],[3.58345,43.60362],[3.58145,43.60296],[3.57949,43.60439],[3.57703,43.60342],[3.57353,43.60246],[3.57254,43.60224],[3.57104,43.60168],[3.5703,43.60155],[3.56949,43.60129],[3.56943,43.60115],[3.57028,43.60047],[3.57143,43.59956],[3.57185,43.59914],[3.57203,43.59864],[3.57223,43.59652],[3.57266,43.59634],[3.57272,43.5958],[3.5729,43.59544],[3.57302,43.59526],[3.57321,43.59512],[3.57474,43.59466],[3.57627,43.59401],[3.5775,43.59332],[3.57773,43.59314],[3.57773,43.59291],[3.57748,43.59247],[3.57758,43.59202],[3.57784,43.59156],[3.57802,43.59143],[3.5787,43.59146],[3.5797,43.59154],[3.58031,43.59153],[3.58092,43.59135],[3.58154,43.59108],[3.58246,43.59093],[3.58426,43.59091],[3.58582,43.59112],[3.58613,43.59111],[3.58604,43.59017],[3.58597,43.58963],[3.58696,43.58962],[3.58726,43.58921],[3.58793,43.58849],[3.58925,43.58749],[3.58987,43.58612],[3.58944,43.58579],[3.58935,43.58541],[3.58927,43.58477],[3.58964,43.5845],[3.58992,43.58346],[3.58998,43.58297],[3.59015,43.58238],[3.59209,43.58294],[3.59221,43.58294],[3.59281,43.58226],[3.5936,43.58171],[3.5947,43.58116],[3.5955,43.58052],[3.59585,43.57989],[3.59616,43.57943],[3.59626,43.57849],[3.59626,43.57835],[3.5965,43.578],[3.59748,43.57774],[3.59797,43.57793],[3.59877,43.57723],[3.59937,43.57651],[3.59929,43.57561],[3.59903,43.57498],[3.59828,43.57473],[3.59656,43.57407],[3.59598,43.57377],[3.59191,43.57201],[3.5916,43.57183],[3.59108,43.57089],[3.59114,43.57066],[3.59139,43.57026],[3.59241,43.56908],[3.59277,43.56853],[3.59283,43.56826],[3.59274,43.56758],[3.59262,43.56736],[3.59249,43.56736],[3.59015,43.56761],[3.5899,43.56752],[3.58971,43.56717],[3.58965,43.56708],[3.58872,43.56691],[3.58245,43.56387],[3.58133,43.56335],[3.58009,43.56296],[3.57934,43.56283],[3.57823,43.56293],[3.57743,43.56289],[3.56614,43.56048],[3.56531,43.56034],[3.56459,43.56029],[3.56399,43.56041],[3.56334,43.56066],[3.56304,43.56085],[3.56265,43.56117],[3.56217,43.56144],[3.56124,43.56159],[3.56032,43.56168],[3.55982,43.56146],[3.55945,43.56146],[3.55709,43.56172],[3.5564,43.56163],[3.55603,43.56168],[3.55512,43.56183],[3.55419,43.5618],[3.55407,43.56175],[3.55356,43.56144],[3.55263,43.56118],[3.55182,43.56105],[3.54955,43.56051],[3.54944,43.56008],[3.54951,43.55973],[3.54969,43.55937],[3.55011,43.55887],[3.55035,43.55855],[3.55107,43.55804],[3.55126,43.55777],[3.55131,43.55714],[3.55148,43.55665],[3.55154,43.5562],[3.55161,43.55566],[3.55047,43.55516],[3.54989,43.55423],[3.54858,43.55368],[3.54566,43.553],[3.54317,43.55213],[3.54178,43.5513],[3.54034,43.55058],[3.54043,43.54993],[3.54226,43.55009],[3.54307,43.54999],[3.54361,43.54953],[3.54379,43.54949],[3.54472,43.54947],[3.54546,43.54965],[3.54621,43.54973],[3.54751,43.54994],[3.54862,43.55002],[3.55121,43.54945],[3.55214,43.54894],[3.55447,43.54802],[3.55502,43.54792],[3.5555,43.54756],[3.55562,43.54733],[3.55588,43.54683],[3.55633,43.54624],[3.55718,43.54679],[3.55786,43.54672],[3.55821,43.54635],[3.55846,43.54644],[3.56075,43.54674],[3.56186,43.54654],[3.56346,43.54635],[3.56452,43.54633],[3.56594,43.54645],[3.56656,43.54622],[3.56706,43.54634],[3.56793,43.54675],[3.56869,43.54728],[3.57001,43.54875],[3.57144,43.54918],[3.57145,43.54923],[3.57158,43.54932],[3.57195,43.54972],[3.57214,43.54976],[3.57325,43.54975],[3.574,43.55023],[3.57418,43.55027],[3.57437,43.55014],[3.57444,43.54996],[3.57456,43.54987],[3.57454,43.54937],[3.57491,43.54892],[3.57503,43.54856],[3.57576,43.54796],[3.57594,43.5476],[3.57611,43.54715],[3.57621,43.54639],[3.57658,43.54593],[3.57707,43.54557],[3.57767,43.54529],[3.57804,43.54502],[3.57839,43.5443],[3.57865,43.54384],[3.57972,43.54247],[3.58052,43.54188],[3.58124,43.54142],[3.58179,43.54088],[3.58233,43.54038],[3.58252,43.54037],[3.58264,43.54041],[3.58346,43.54072],[3.58407,43.54071],[3.58618,43.54034],[3.58661,43.54034],[3.58674,43.54038],[3.58905,43.54188],[3.58907,43.54247],[3.5892,43.54269],[3.58951,43.54299],[3.58988,43.54304],[3.59044,43.54326],[3.59083,43.54365],[3.59139,43.54379],[3.59194,43.54374],[3.59262,43.54368],[3.59279,43.54345],[3.59266,43.543],[3.59272,43.54269],[3.59271,43.54233],[3.59227,43.54198],[3.5922,43.54153],[3.59231,43.54135],[3.59294,43.54129],[3.59338,43.54138],[3.59375,43.5412],[3.5943,43.54083],[3.59509,43.54046],[3.59539,43.54028],[3.59551,43.53997],[3.59594,43.53968],[3.59654,43.53874],[3.59724,43.53725],[3.5973,43.53707],[3.59766,43.53656],[3.59847,43.53602],[3.59987,43.53523],[3.60038,43.53427],[3.60205,43.5335],[3.60296,43.5333],[3.60597,43.53021],[3.60111,43.52978],[3.59737,43.53015],[3.59426,43.53026],[3.59209,43.53019],[3.59079,43.53007],[3.58556,43.529],[3.58345,43.52878],[3.57998,43.52855],[3.57773,43.52786],[3.57232,43.52581],[3.56852,43.52388],[3.56802,43.52348],[3.56726,43.52321],[3.56682,43.5229],[3.56645,43.52254],[3.56575,43.52201],[3.56462,43.5209],[3.56406,43.5205],[3.5638,43.52011],[3.56379,43.51957],[3.56391,43.51925],[3.56395,43.51876],[3.56376,43.5183],[3.56345,43.51781],[3.563,43.51736],[3.56256,43.51701],[3.56207,43.51692],[3.56039,43.51698],[3.55977,43.517],[3.55946,43.51691],[3.55859,43.51643],[3.55801,43.51593],[3.55745,43.51531],[3.55719,43.51481],[3.55687,43.51432],[3.55611,43.51379],[3.55593,43.51357],[3.55498,43.51241],[3.55446,43.51147],[3.55396,43.51058],[3.55344,43.50981],[3.55311,43.50905],[3.5526,43.50803],[3.55183,43.50682],[3.55164,43.50619],[3.55148,43.5047],[3.55121,43.50363],[3.55108,43.503],[3.55075,43.50232],[3.55075,43.50215],[3.55173,43.50106],[3.55227,43.50056],[3.55282,43.49992],[3.55323,43.49929],[3.55354,43.49901],[3.55444,43.49832],[3.5561,43.49745],[3.55598,43.49731],[3.55398,43.49676],[3.55348,43.49667],[3.55267,43.49659],[3.55199,43.49623],[3.55063,43.49576],[3.54945,43.49555],[3.54906,43.49519],[3.54894,43.49502],[3.54887,43.49433],[3.54887,43.49424],[3.54972,43.49392],[3.55095,43.49354],[3.55297,43.49298],[3.55329,43.49276],[3.55341,43.49248],[3.5529,43.49186],[3.55214,43.4912],[3.55195,43.49093],[3.55195,43.49084],[3.55353,43.48974],[3.55372,43.4896],[3.55372,43.48951],[3.55259,43.48881],[3.55147,43.48828],[3.55103,43.48814],[3.55103,43.48805],[3.55157,43.4876],[3.55291,43.48641],[3.55297,43.48628],[3.55295,43.48601],[3.55466,43.48473],[3.55496,43.4841],[3.55654,43.48273],[3.5572,43.48214],[3.55788,43.48159],[3.55835,43.48092],[3.55835,43.48087],[3.56141,43.47907],[3.56434,43.47724],[3.56721,43.47559],[3.56764,43.47523],[3.56825,43.47504],[3.5698,43.47479],[3.57009,43.47457],[3.57069,43.47375],[3.57191,43.47279],[3.57273,43.4731],[3.57316,43.47309],[3.57402,43.47295],[3.57457,43.47276],[3.57531,43.47235],[3.57724,43.47076],[3.58011,43.46875],[3.58102,43.46819],[3.58188,43.4676],[3.58403,43.4665],[3.58488,43.46613],[3.5858,43.46558],[3.58739,43.4648],[3.58836,43.46424],[3.5894,43.46386],[3.58946,43.46368],[3.59001,43.46296],[3.59048,43.46224],[3.59108,43.46169],[3.59352,43.45986],[3.59418,43.45922],[3.59438,43.45904],[3.59461,43.45873],[3.595,43.45812],[3.59553,43.45781],[3.5955,43.45979],[3.59551,43.46253],[3.59595,43.46438],[3.59647,43.46722],[3.59683,43.46767],[3.59792,43.46793],[3.59808,43.46846],[3.59829,43.46936],[3.59831,43.4702],[3.59819,43.47065],[3.59815,43.47146],[3.59755,43.47215],[3.59743,43.47238],[3.5975,43.47322],[3.59837,43.47349],[3.59837,43.47463],[3.59973,43.47613],[3.59992,43.47613],[3.60126,43.47535],[3.60421,43.47428],[3.60414,43.47388],[3.60408,43.47374],[3.6042,43.4737],[3.60536,43.47355],[3.60586,43.47354],[3.60674,43.47376],[3.60948,43.47508],[3.61035,43.47575],[3.61112,43.47659],[3.61186,43.47707],[3.613,43.47836],[3.61487,43.47912],[3.61856,43.48046],[3.62073,43.48121],[3.62124,43.48156],[3.62137,43.48188],[3.62149,43.48233],[3.62157,43.48278],[3.62203,43.48363],[3.62248,43.48474],[3.62338,43.48599],[3.62394,43.48658],[3.62425,43.4868],[3.6248,43.48665],[3.62511,43.48665],[3.62586,43.48678],[3.62598,43.48683],[3.62628,43.48646],[3.62799,43.48491],[3.63199,43.48162],[3.63278,43.48089],[3.63333,43.48025],[3.63369,43.47971],[3.6341,43.4789],[3.63422,43.47876],[3.63457,43.478],[3.63518,43.47722],[3.63584,43.47658],[3.63625,43.4759],[3.63657,43.47536],[3.63757,43.47381],[3.63817,43.47313],[3.63835,43.47282],[3.64004,43.47109],[3.64288,43.4675],[3.6444,43.46592],[3.64493,43.4654],[3.64651,43.46491],[3.64928,43.46437],[3.65089,43.46389],[3.65197,43.4651],[3.65215,43.46514],[3.65357,43.46458],[3.65657,43.4636],[3.65859,43.46304],[3.65971,43.46258],[3.66062,43.46211],[3.66147,43.46157],[3.66158,43.46143],[3.66269,43.46055],[3.66488,43.45945],[3.6655,43.45894],[3.66579,43.45858],[3.66597,43.45813],[3.66619,43.45736],[3.66625,43.45727],[3.66631,43.45705],[3.66656,43.45673],[3.66676,43.45516],[3.66668,43.45426],[3.66624,43.4535],[3.6661,43.45323],[3.66616,43.453],[3.66628,43.45282],[3.66726,43.45275],[3.6674,43.45266],[3.66748,43.45252],[3.66752,43.45221],[3.6672,43.45079],[3.66681,43.44961],[3.66652,43.44905],[3.66594,43.44832],[3.66555,43.44792],[3.66524,43.44747],[3.66499,43.44689],[3.66466,43.44662],[3.66441,43.4465],[3.66466,43.44608],[3.66519,43.4454],[3.66699,43.44305],[3.66934,43.43986],[3.67059,43.43814],[3.67071,43.43805],[3.67118,43.43737],[3.67251,43.43555],[3.67238,43.43002],[3.69549,43.42511],[3.70059,43.424],[3.70762,43.42334],[3.71767,43.42254],[3.72094,43.42218],[3.72223,43.42239],[3.72381,43.41827],[3.72419,43.41764],[3.72388,43.41749],[3.72454,43.41626],[3.72492,43.41579],[3.72495,43.41488],[3.72501,43.41422],[3.72504,43.41251],[3.72519,43.41116],[3.72523,43.41017],[3.72537,43.40836],[3.72539,43.40665],[3.72561,43.40263],[3.72563,43.40119],[3.72304,43.40109],[3.71581,43.40082],[3.71562,43.40073],[3.71556,43.40068],[3.71446,43.39868],[3.71354,43.39869],[3.71322,43.39856],[3.71304,43.39851],[3.71273,43.3988],[3.71082,43.3985],[3.71032,43.39845],[3.7088,43.39874],[3.70843,43.3988],[3.70681,43.39841],[3.7068,43.39787],[3.70655,43.39774],[3.70276,43.39698],[3.70244,43.39635],[3.70236,43.3958],[3.70205,43.39545],[3.7018,43.39528],[3.70075,43.39533],[3.70026,43.39539],[3.69561,43.39463],[3.69493,43.3945],[3.69436,43.39407],[3.69379,43.39357],[3.69291,43.39295],[3.69278,43.39277],[3.69198,43.39229],[3.6919,43.39189],[3.69165,43.39157],[3.6879,43.39167],[3.68561,43.39192],[3.68481,43.39193],[3.68437,43.39184],[3.68394,43.39185],[3.68357,43.39216],[3.68285,43.39276],[3.68236,43.39295],[3.68193,43.39295],[3.67926,43.39225],[3.67833,43.39191],[3.67813,43.39169],[3.67812,43.39133],[3.67806,43.39119],[3.67769,43.39098],[3.67631,43.39059],[3.67446,43.3903],[3.6736,43.39027],[3.6733,43.3904],[3.67318,43.39049],[3.67294,43.39085],[3.6729,43.39175],[3.67284,43.39207],[3.6726,43.39239],[3.67229,43.3927],[3.67168,43.39299],[3.67125,43.39303],[3.67113,43.39326],[3.67089,43.39335],[3.67015,43.39345],[3.66985,43.39373],[3.66763,43.39366],[3.66676,43.39345],[3.6649,43.3932],[3.66434,43.39302],[3.66352,43.3924],[3.6629,43.39236],[3.66216,43.39228],[3.66166,43.39207],[3.66092,43.39158],[3.65973,43.39128],[3.65892,43.39071],[3.65874,43.39062],[3.6568,43.38995],[3.65631,43.38964],[3.65549,43.38943],[3.65462,43.38891],[3.65425,43.38873],[3.65219,43.38794],[3.65075,43.38707],[3.65019,43.38679],[3.64894,43.38613],[3.64789,43.3857],[3.64607,43.38477],[3.64483,43.38398],[3.64313,43.38314],[3.64157,43.38216],[3.63901,43.38062],[3.63795,43.37996],[3.63526,43.37832],[3.63125,43.37567],[3.62863,43.37404],[3.62105,43.36881],[3.61968,43.36784],[3.61809,43.3665],[3.61697,43.36561],[3.61396,43.36359],[3.60958,43.36048],[3.60776,43.35924],[3.60488,43.35707],[3.60262,43.35543],[3.60144,43.35449],[3.60018,43.35333],[3.59849,43.35218],[3.59673,43.35072],[3.59663,43.35062],[3.59573,43.34983],[3.5946,43.34894],[3.59403,43.34846],[3.59045,43.34571],[3.58926,43.34469],[3.58832,43.34402],[3.58738,43.34308],[3.58606,43.34192],[3.58418,43.34056],[3.58394,43.34033],[3.58299,43.33963],[3.58262,43.33931],[3.58161,43.33842],[3.58054,43.33762],[3.57973,43.33682],[3.57861,43.33607],[3.57621,43.33407],[3.57476,43.33278],[3.57357,43.3319],[3.57264,43.33091],[3.57063,43.32936],[3.56963,43.32838],[3.56869,43.32771],[3.56793,43.32709],[3.56669,43.32616],[3.56612,43.32572],[3.56449,43.32425],[3.56254,43.32243],[3.56166,43.32185],[3.56034,43.32074],[3.56009,43.32043],[3.55983,43.31989],[3.55976,43.31948],[3.55988,43.31921],[3.56031,43.31863],[3.56012,43.31845],[3.55993,43.3184],[3.55968,43.31863],[3.55968,43.31867],[3.5592,43.31922],[3.55902,43.31922],[3.55846,43.319],[3.55802,43.31874],[3.55793,43.3173],[3.55694,43.31682],[3.55587,43.31616],[3.5548,43.31513],[3.55392,43.31414],[3.5521,43.31242],[3.55154,43.312],[3.55048,43.31116],[3.54972,43.31055],[3.54834,43.30917],[3.54715,43.30833],[3.54653,43.3076],[3.54413,43.30566],[3.543,43.30459],[3.54199,43.3037],[3.54012,43.30214],[3.53981,43.30201],[3.53981,43.30188],[3.53886,43.30108],[3.538,43.30036],[3.5358,43.29819],[3.53504,43.29765],[3.53372,43.29626],[3.53284,43.29547],[3.53158,43.294],[3.53115,43.29355],[3.5305,43.29311],[3.529,43.29136],[3.52787,43.29039],[3.52673,43.28923],[3.5263,43.28874],[3.52548,43.28807],[3.52529,43.28771],[3.5249,43.28686],[3.52476,43.28615],[3.52433,43.28561],[3.52412,43.28494],[3.52393,43.28467],[3.52319,43.28409],[3.52219,43.28352],[3.52112,43.28277],[3.52075,43.28232],[3.52069,43.28214],[3.52074,43.28178],[3.5211,43.28151],[3.52171,43.28118],[3.52171,43.28114],[3.52128,43.28092],[3.51972,43.2804],[3.51923,43.27999],[3.51898,43.27963],[3.51859,43.27923],[3.51852,43.27833],[3.51832,43.27811],[3.51795,43.27798],[3.51764,43.27767],[3.51745,43.2774],[3.51714,43.27723],[3.5169,43.27723],[3.51665,43.27741],[3.51628,43.27723],[3.51596,43.27693],[3.5154,43.27625],[3.51538,43.27557],[3.5155,43.27539],[3.51618,43.27534],[3.51612,43.27516],[3.51561,43.2748],[3.51542,43.27476],[3.51493,43.27477],[3.51378,43.275],[3.51302,43.27497],[3.51197,43.27458],[3.51122,43.27409],[3.51115,43.27368],[3.51095,43.27333],[3.50976,43.27194],[3.50951,43.27172],[3.5089,43.27204],[3.50818,43.27228],[3.50737,43.27228],[3.50688,43.27225],[3.50627,43.27243],[3.50547,43.27279],[3.50437,43.27344],[3.50199,43.27445],[3.49967,43.27519],[3.4991,43.2753],[3.49499,43.2752],[3.49338,43.275],[3.49227,43.27473],[3.49085,43.27493],[3.48925,43.2749],[3.48765,43.27478],[3.48593,43.27472],[3.48443,43.27445],[3.48331,43.27406],[3.483,43.27393],[3.48251,43.27393],[3.48208,43.27402],[3.48178,43.27421],[3.48154,43.27448],[3.48025,43.27481],[3.47982,43.27473],[3.47933,43.27468],[3.47908,43.27482],[3.47897,43.275],[3.47897,43.2754],[3.47892,43.27563],[3.47818,43.27609],[3.47726,43.27659],[3.47672,43.27678],[3.47592,43.27679],[3.47475,43.27698],[3.47254,43.27683],[3.47229,43.27683],[3.47024,43.27662],[3.46834,43.2766],[3.46723,43.27679],[3.46534,43.2774],[3.46405,43.27785],[3.46147,43.27847],[3.45927,43.2793],[3.45866,43.27971],[3.45792,43.2803],[3.45726,43.28099],[3.4566,43.28139],[3.4555,43.28177],[3.45236,43.28238],[3.45156,43.28239],[3.45039,43.28227],[3.44891,43.28228],[3.44502,43.28196],[3.44445,43.28189],[3.44396,43.27964],[3.44385,43.27965],[3.44432,43.28192],[3.44332,43.28331],[3.44325,43.28241],[3.44278,43.28034],[3.44266,43.28038],[3.44308,43.28239],[3.44314,43.28331],[3.442,43.28456],[3.4398,43.28615],[3.43913,43.28651],[3.43719,43.28798],[3.43573,43.28877],[3.43419,43.28937],[3.43033,43.29021],[3.42896,43.29021],[3.42693,43.29019],[3.42435,43.29008],[3.42071,43.29012],[3.41979,43.29004],[3.41628,43.28958],[3.41355,43.28938],[3.41127,43.28908],[3.40855,43.2887],[3.40818,43.28853],[3.40818,43.28826],[3.40823,43.28781],[3.40811,43.28768],[3.4076,43.28754],[3.40742,43.28759],[3.40731,43.28791],[3.40707,43.28804],[3.40619,43.28814],[3.40502,43.28816],[3.40348,43.2879],[3.40015,43.28725],[3.39396,43.28588],[3.3903,43.28491],[3.38691,43.28414],[3.38455,43.28339],[3.38301,43.283],[3.3804,43.28226],[3.37891,43.28173],[3.37718,43.28126],[3.37192,43.27968],[3.37081,43.27933],[3.37001,43.27925],[3.36908,43.27925],[3.36859,43.27945],[3.36835,43.27972],[3.36816,43.27972],[3.36785,43.27958],[3.36771,43.27859],[3.36685,43.27811],[3.36497,43.27742],[3.36479,43.27737],[3.36102,43.27609],[3.36045,43.27583],[3.35959,43.27561],[3.35897,43.27539],[3.3578,43.27487],[3.3571,43.27464],[3.35513,43.27444],[3.35315,43.27373],[3.35161,43.27338],[3.35081,43.27317],[3.35024,43.27263],[3.34969,43.27237],[3.34689,43.27159],[3.34633,43.27155],[3.34598,43.27168],[3.34573,43.27173],[3.34553,43.2711],[3.34541,43.27088],[3.3451,43.27065],[3.34442,43.27061],[3.34386,43.2704],[3.34356,43.27031],[3.34268,43.26991],[3.34249,43.26973],[3.34243,43.2692],[3.34235,43.26902],[3.34192,43.26879],[3.34167,43.2684],[3.34136,43.26813],[3.34075,43.26791],[3.33956,43.26732],[3.33813,43.26666],[3.33602,43.26592],[3.3354,43.26561],[3.33434,43.26504],[3.33342,43.26464],[3.33224,43.26406],[3.33056,43.263],[3.32943,43.26252],[3.32571,43.2607],[3.32442,43.26021],[3.32262,43.25938],[3.32099,43.25858],[3.31994,43.25819],[3.31697,43.25699],[3.31524,43.25606],[3.31276,43.25492],[3.31162,43.25448],[3.31082,43.25403],[3.30939,43.25306],[3.3074,43.25181],[3.30623,43.25115],[3.3048,43.25062],[3.30338,43.24973],[3.30243,43.24929],[3.3015,43.24875],[3.30038,43.24805],[3.29876,43.24685],[3.29771,43.2464],[3.29623,43.24605],[3.29493,43.24557],[3.29368,43.24486],[3.29268,43.24442],[3.29231,43.24416],[3.29206,43.24389],[3.292,43.24363],[3.29217,43.24322],[3.29205,43.24303],[3.29186,43.24303],[3.29083,43.24326],[3.29021,43.24327],[3.28823,43.24248],[3.28712,43.24199],[3.28606,43.24133],[3.28512,43.24085],[3.28418,43.24022],[3.28209,43.23947],[3.28115,43.23881],[3.2801,43.23831],[3.27892,43.23761],[3.27612,43.23618],[3.27394,43.23495],[3.27283,43.23419],[3.27165,43.23353],[3.27134,43.2334],[3.27059,43.23286],[3.27003,43.23255],[3.26905,43.23206],[3.26786,43.2314],[3.26693,43.231],[3.26631,43.23065],[3.266,43.23038],[3.26519,43.22981],[3.26445,43.22936],[3.26345,43.22887],[3.26047,43.22669],[3.25966,43.22625],[3.25836,43.22572],[3.25729,43.22496],[3.25617,43.22398],[3.25543,43.22353],[3.25406,43.22251],[3.2525,43.22166],[3.25146,43.22086],[3.25009,43.2202],[3.24978,43.21988],[3.2481,43.21842],[3.2459,43.21681],[3.24416,43.21544],[3.24275,43.21459],[3.24193,43.21414],[3.24081,43.21293],[3.24056,43.21281],[3.23964,43.21304],[3.23829,43.2135],[3.23714,43.21418],[3.23662,43.21472],[3.23562,43.21582],[3.2338,43.21696],[3.23268,43.2175],[3.23024,43.21852],[3.22645,43.21989],[3.22587,43.2201],[3.22689,43.22128],[3.22759,43.22181],[3.22414,43.22478],[3.22361,43.22495],[3.21546,43.23136],[3.2127,43.23356],[3.21031,43.23564],[3.20989,43.23618],[3.20941,43.23704],[3.209,43.23799],[3.20821,43.2393],[3.20759,43.23989],[3.20699,43.24025],[3.20594,43.24071],[3.20479,43.24126],[3.20388,43.24189],[3.20357,43.24226],[3.20322,43.24295],[3.20273,43.24425],[3.20256,43.24515],[3.20238,43.24551],[3.20221,43.24614],[3.20186,43.24695],[3.20173,43.24745],[3.20144,43.24794],[3.2012,43.24872],[3.20103,43.24917],[3.20078,43.24945],[3.20011,43.24985],[3.19907,43.25031],[3.19877,43.25036],[3.19323,43.2504],[3.19237,43.25041],[3.19106,43.25027],[3.1902,43.25028],[3.18989,43.25033],[3.1886,43.25084],[3.18769,43.25106],[3.18726,43.25107],[3.18597,43.25081],[3.18317,43.25003],[3.18133,43.24941],[3.18008,43.24875],[3.17903,43.24804],[3.17883,43.24776],[3.1784,43.24726],[3.17728,43.2462],[3.17616,43.24477],[3.1754,43.2437],[3.1736,43.24343],[3.17133,43.24323],[3.16905,43.24315],[3.16432,43.24399],[3.16339,43.24427],[3.16273,43.24437],[3.1623,43.24437],[3.16167,43.24406],[3.16104,43.24362],[3.16024,43.24317],[3.159,43.24273],[3.15795,43.24252],[3.15758,43.24247],[3.15641,43.24271],[3.15434,43.2434],[3.1536,43.24395],[3.15208,43.2454],[3.15194,43.24551],[3.15123,43.24612],[3.1505,43.24653],[3.14921,43.24685],[3.14791,43.247],[3.14649,43.24701],[3.14398,43.24725],[3.1438,43.24734],[3.14394,43.24797],[3.14406,43.24829],[3.14443,43.24873],[3.14544,43.24964],[3.14691,43.25125],[3.1472,43.2519],[3.14751,43.25286],[3.14726,43.25345],[3.1467,43.25405],[3.1465,43.25443],[3.14555,43.2564],[3.14493,43.2572],[3.14383,43.25833],[3.14265,43.25912],[3.14163,43.25951],[3.13972,43.25934],[3.13917,43.25935],[3.13792,43.25949],[3.137,43.25981],[3.1356,43.26063],[3.1348,43.26091],[3.13315,43.26097],[3.13234,43.26092],[3.13159,43.26062],[3.1306,43.26004],[3.12949,43.25973],[3.12882,43.25969],[3.12789,43.25992],[3.12655,43.26038],[3.12531,43.26066],[3.12348,43.26126],[3.122,43.26158],[3.12139,43.26164],[3.12009,43.26156],[3.1188,43.26112],[3.11823,43.2608],[3.1176,43.26035],[3.11693,43.25977],[3.11656,43.25937],[3.11611,43.25875],[3.11585,43.25812],[3.11579,43.25753],[3.11584,43.25672],[3.11608,43.25605],[3.11607,43.25536],[3.11562,43.25474],[3.1147,43.25407],[3.11371,43.25372],[3.11266,43.2536],[3.11094,43.25347],[3.11021,43.25365],[3.10136,43.25614],[3.0991,43.2572],[3.09764,43.25787],[3.09745,43.25793],[3.09225,43.26058],[3.09151,43.26085],[3.08819,43.26181],[3.08759,43.26236],[3.08692,43.26317],[3.0868,43.26349],[3.08656,43.26376],[3.08601,43.26404],[3.0854,43.26408],[3.08453,43.26409],[3.08217,43.26347],[3.08051,43.26295],[3.07953,43.26227],[3.07927,43.26205],[3.07908,43.26138],[3.07834,43.26183],[3.07352,43.26569],[3.07101,43.26778],[3.0681,43.27],[3.06664,43.271],[3.06303,43.27363],[3.06077,43.27532],[3.05679,43.27818],[3.05485,43.27972],[3.05435,43.28004],[3.05374,43.28018],[3.0474,43.28116],[3.04218,43.28187],[3.03653,43.28303],[3.0361,43.28295],[3.03535,43.28205],[3.03478,43.2812],[3.03379,43.28017],[3.03334,43.27994],[3.0331,43.27994],[3.03248,43.28013],[3.03157,43.28045],[3.03052,43.28073],[3.03009,43.28095],[3.02937,43.28172],[3.0287,43.28223],[3.02735,43.28205],[3.02666,43.28205],[3.02481,43.28229],[3.02401,43.2822],[3.02229,43.28194],[3.02233,43.28109],[3.02257,43.27983],[3.02262,43.27906],[3.02268,43.27888],[3.02274,43.27839],[3.02296,43.27685],[3.02167,43.27695],[3.01761,43.27725],[3.01705,43.2772],[3.01587,43.27636],[3.01413,43.2748],[3.0137,43.27462],[3.01104,43.274],[3.0108,43.274],[3.0095,43.27495],[3.00933,43.27505],[3.00933,43.27532],[3.00953,43.27613],[3.00978,43.27654],[3.01027,43.27702],[3.01053,43.27734],[3.01077,43.27756],[3.0112,43.27791],[3.01171,43.27859],[3.01241,43.27989],[3.01242,43.28027],[3.01228,43.28041],[3.012,43.28071],[3.01305,43.28136],[3.01415,43.28176],[3.01306,43.28189],[3.00686,43.28452],[3.00586,43.28492],[3.00477,43.28529],[3.00474,43.28854],[3.00478,43.29191],[3.00484,43.2925],[3.0049,43.2925],[3.00546,43.29241],[3.00632,43.29213],[3.00687,43.29208],[3.00675,43.29231],[3.00602,43.29298],[3.0048,43.29425],[3.00468,43.29443],[3.00464,43.29664],[3.00459,43.29705],[3.00484,43.29753],[3.00535,43.29848],[3.00604,43.29964],[3.00628,43.30013],[3.00605,43.30076],[3.00563,43.3019],[3.00563,43.30212],[3.00539,43.30271],[3.00521,43.3037],[3.00522,43.30487],[3.00554,43.30612],[3.00574,43.30662],[3.00611,43.3072],[3.00636,43.30752],[3.00649,43.30783],[3.0065,43.30891],[3.00552,43.30919],[3.00325,43.30974],[3.00331,43.31015],[3.00345,43.31073],[3.00371,43.31198],[3.00383,43.31239],[3.00391,43.31289],[3.00267,43.31366],[3.00256,43.31375],[3.00264,43.31564],[3.00276,43.31578],[3.00362,43.3159],[3.00455,43.31589],[3.00468,43.31634],[3.00474,43.31675],[3.00488,43.31761],[3.00489,43.31865],[3.00466,43.3195],[3.00435,43.32013],[3.00261,43.31992],[2.99911,43.31985],[2.9959,43.3196],[2.99276,43.31934],[2.99072,43.31921],[2.99054,43.31981],[2.99037,43.32031],[2.99098,43.32102],[2.9913,43.32156],[2.9913,43.3221],[2.99174,43.32281],[2.9922,43.32405],[2.993,43.32444],[2.99347,43.32436],[2.99311,43.32529],[2.99452,43.32552],[2.99454,43.3259],[2.99703,43.32742],[2.99752,43.32782],[2.99809,43.32835],[2.99858,43.32871],[3.00027,43.32952],[3.00076,43.33005],[3.00132,43.33064],[3.00219,43.33126],[3.00336,43.33125],[3.00338,43.33197],[3.00375,43.33242],[3.00412,43.33264],[3.00504,43.33286],[3.00621,43.33281],[3.0072,43.33281],[3.00826,43.33308],[3.00937,43.33325],[3.01043,43.33373],[3.01147,43.33444],[3.01261,43.3355],[3.01359,43.33599],[3.015,43.33655],[3.01635,43.3372],[3.01676,43.33758],[3.01705,43.33791],[3.01786,43.33829],[3.01862,43.33859],[3.01875,43.3385],[3.01995,43.33911],[3.0209,43.33939],[3.02151,43.33989],[3.02198,43.34025],[3.02233,43.34013],[3.02346,43.34094],[3.024,43.34125],[3.02447,43.34142],[3.02486,43.34144],[3.02544,43.34119],[3.0255,43.34149],[3.0255,43.34239],[3.02539,43.34404],[3.02558,43.34449],[3.02584,43.34524],[3.02597,43.34597],[3.02598,43.34728],[3.02611,43.34773],[3.02607,43.34939],[3.02596,43.35029],[3.02596,43.35083],[3.02749,43.35161],[3.02835,43.35265],[3.03002,43.35258],[3.03081,43.35341],[3.03156,43.35412],[3.03174,43.35417],[3.03236,43.35385],[3.03389,43.35303],[3.03505,43.35253],[3.03708,43.35202],[3.03714,43.35166],[3.0372,43.35162],[3.03757,43.35153],[3.03862,43.35139],[3.03856,43.3517],[3.03857,43.35323],[3.03861,43.35393],[3.03947,43.35377],[3.04065,43.35362],[3.04232,43.35343],[3.04325,43.35344],[3.04402,43.35327],[3.04474,43.35289],[3.04499,43.35408],[3.04518,43.35483],[3.04654,43.35695],[3.04753,43.35676],[3.04935,43.35658],[3.05078,43.35626],[3.05094,43.35653],[3.05243,43.35634],[3.0563,43.3555],[3.05851,43.35486],[3.06085,43.35403],[3.06116,43.35412],[3.06247,43.35487],[3.06359,43.35568],[3.06408,43.35636],[3.06415,43.35645],[3.06453,43.3568],[3.06582,43.35737],[3.06663,43.35796],[3.06707,43.35836],[3.06775,43.35912],[3.06796,43.35916],[3.06825,43.35894],[3.0696,43.35807],[3.07052,43.3577],[3.07132,43.35757],[3.07219,43.35756],[3.07285,43.35733],[3.0739,43.35714],[3.07514,43.35713],[3.07662,43.35721],[3.07927,43.35729],[3.08045,43.35751],[3.08237,43.35759],[3.08262,43.35822],[3.08282,43.35911],[3.08314,43.35974],[3.08332,43.35996],[3.08345,43.36032],[3.08371,43.36063],[3.08434,43.36198],[3.0844,43.36212],[3.08465,43.36257],[3.08515,43.36302],[3.08683,43.36439],[3.08708,43.36444],[3.08861,43.36398],[3.09137,43.36328],[3.09164,43.36346],[3.09188,43.36351],[3.09292,43.36314],[3.09298,43.36287],[3.09254,43.36184],[3.09158,43.36023],[3.09134,43.35959],[3.09126,43.35896],[3.09138,43.35869],[3.09188,43.35833],[3.09365,43.35768],[3.09439,43.35755],[3.09568,43.35758],[3.09567,43.35736],[3.09555,43.35673],[3.0951,43.35548],[3.09484,43.35471],[3.09446,43.35376],[3.09483,43.35354],[3.09546,43.35331],[3.09576,43.3533],[3.09669,43.35371],[3.09749,43.35397],[3.09817,43.35429],[3.09997,43.35494],[3.10096,43.35512],[3.10164,43.35534],[3.10164,43.35552],[3.10122,43.35619],[3.10116,43.35637],[3.10253,43.35713],[3.10364,43.35768],[3.10427,43.35776],[3.10451,43.35798],[3.10483,43.35874],[3.1049,43.35888],[3.10625,43.35909],[3.10693,43.35931],[3.10699,43.35935],[3.10725,43.36012],[3.10732,43.36043],[3.10676,43.36048],[3.10715,43.3616],[3.10747,43.36218],[3.10765,43.36223],[3.10808,43.36213],[3.10839,43.36246],[3.10845,43.36268],[3.10797,43.36291],[3.10816,43.36367],[3.10824,43.36453],[3.10818,43.36489],[3.10844,43.36591],[3.10882,43.36681],[3.10907,43.36677],[3.11067,43.36639],[3.11196,43.36596],[3.11382,43.36602],[3.11582,43.36671],[3.11639,43.36605],[3.11816,43.36595],[3.11983,43.36575],[3.12157,43.36538],[3.12149,43.36506],[3.12131,43.3647],[3.12131,43.36452],[3.12157,43.36447],[3.12249,43.36438],[3.12396,43.36405],[3.1255,43.36345],[3.12622,43.36336],[3.12721,43.36326],[3.12741,43.36404],[3.12779,43.36475],[3.12847,43.36574],[3.12861,43.36586],[3.12961,43.36613],[3.13004,43.36635],[3.13029,43.36675],[3.13192,43.36823],[3.13241,43.36873],[3.13272,43.36867],[3.13358,43.36858],[3.13371,43.3689],[3.13396,43.3692],[3.13434,43.36956],[3.13489,43.36992],[3.13551,43.37014],[3.13668,43.37035],[3.13699,43.37071],[3.13713,43.37093],[3.13719,43.37147],[3.13758,43.37261],[3.1379,43.37363],[3.13784,43.37372],[3.13759,43.37381],[3.13828,43.37462],[3.13873,43.37524],[3.13873,43.37533],[3.13799,43.37548],[3.13727,43.37701],[3.13759,43.37728],[3.13821,43.37764],[3.13895,43.37786],[3.13999,43.37798],[3.14024,43.37812],[3.14055,43.37825],[3.14092,43.37821],[3.14241,43.37793],[3.14241,43.37806],[3.1421,43.37829],[3.14141,43.37856],[3.14118,43.37874],[3.141,43.3791],[3.14094,43.37955],[3.14076,43.37994],[3.14064,43.38032],[3.14046,43.38055],[3.14029,43.38091],[3.13973,43.38149],[3.13894,43.38226],[3.1384,43.38267],[3.13785,43.38303],[3.13669,43.38436],[3.1365,43.38449],[3.13614,43.38485],[3.13614,43.38499],[3.13689,43.38574],[3.13796,43.3866],[3.14039,43.38834],[3.14138,43.38914],[3.14226,43.38976],[3.14363,43.39087],[3.14462,43.39158],[3.14462,43.39167],[3.14457,43.39176],[3.14371,43.39231],[3.14364,43.39245],[3.14427,43.3929],[3.14514,43.3933],[3.14631,43.39387],[3.147,43.39432],[3.14744,43.3944],[3.14894,43.39529],[3.15087,43.39668],[3.15192,43.39748],[3.15243,43.39783],[3.15255,43.39792],[3.15336,43.39859],[3.15209,43.40069],[3.15177,43.40136],[3.15144,43.40194],[3.15118,43.40242],[3.15064,43.40268],[3.14915,43.40222],[3.14876,43.40092],[3.1487,43.40083],[3.14716,43.40071],[3.14555,43.40045],[3.14486,43.40018],[3.14461,43.4],[3.14461,43.39992],[3.14517,43.39946],[3.14546,43.3991],[3.14546,43.39897],[3.14378,43.39789],[3.14028,43.39549],[3.13917,43.39469],[3.13837,43.39438],[3.13762,43.39416],[3.13681,43.39398],[3.1357,43.39353],[3.13527,43.39354],[3.13362,43.39405],[3.13262,43.39428],[3.13182,43.39469],[3.13146,43.39505],[3.13103,43.3956],[3.13092,43.39605],[3.13024,43.39656],[3.12989,43.39705],[3.12983,43.39719],[3.12933,43.39773],[3.1291,43.39822],[3.1291,43.3984],[3.12898,43.39867],[3.12899,43.39921],[3.12887,43.39944],[3.12868,43.39962],[3.12865,43.40088],[3.12859,43.40119],[3.12827,43.40166],[3.12779,43.4022],[3.12767,43.40242],[3.12774,43.40296],[3.1278,43.4031],[3.1278,43.40368],[3.12702,43.40422],[3.12677,43.40454],[3.12659,43.40485],[3.12642,43.40571],[3.12643,43.40616],[3.12624,43.40643],[3.12612,43.40652],[3.12583,43.40797],[3.12559,43.4087],[3.12536,43.40933],[3.12536,43.41009],[3.12575,43.41094],[3.12587,43.41125],[3.12687,43.41214],[3.12706,43.4121],[3.1278,43.41169],[3.12792,43.41174],[3.1287,43.41245],[3.12887,43.41297],[3.12869,43.41321],[3.12899,43.41395],[3.13005,43.41362],[3.13076,43.41396],[3.1328,43.41334],[3.13292,43.41373],[3.13687,43.41339],[3.13732,43.41324],[3.13798,43.41361],[3.1385,43.414],[3.13876,43.41477],[3.13932,43.41498],[3.13951,43.41511],[3.13963,43.41525],[3.14,43.41511],[3.14018,43.41516],[3.14082,43.41592],[3.14125,43.41641],[3.14113,43.41655],[3.14076,43.41678],[3.14077,43.41691],[3.14114,43.41754],[3.1412,43.41772],[3.14145,43.41767],[3.14188,43.41757],[3.14239,43.41825],[3.14251,43.41834],[3.14296,43.41825],[3.14333,43.41824],[3.14334,43.41981],[3.14333,43.4199],[3.14445,43.41989],[3.14464,43.41999],[3.14496,43.42067],[3.1454,43.42142],[3.14584,43.422],[3.14658,43.42271],[3.14616,43.42304],[3.14616,43.42313],[3.14816,43.42464],[3.14941,43.42581],[3.15146,43.42728],[3.15147,43.42755],[3.15135,43.42773],[3.15141,43.42786],[3.15235,43.42858],[3.15295,43.42936],[3.15349,43.42943],[3.15403,43.42989],[3.15368,43.43033],[3.15426,43.43103],[3.15522,43.43103],[3.15516,43.43151],[3.15579,43.43212],[3.15644,43.43252],[3.15735,43.4327],[3.15828,43.43305],[3.15908,43.43362],[3.15962,43.43369],[3.15985,43.43429],[3.16021,43.43462],[3.16084,43.43445],[3.16127,43.43456],[3.16187,43.43427],[3.16212,43.43438],[3.16213,43.43467],[3.16248,43.43474],[3.1631,43.43464],[3.16353,43.435],[3.16422,43.43492],[3.16506,43.43483],[3.16526,43.43497],[3.16568,43.43498],[3.16602,43.43478],[3.16621,43.43455],[3.16645,43.43446],[3.16639,43.43478],[3.16622,43.43532],[3.16622,43.43568],[3.16729,43.43652],[3.16753,43.43687],[3.16784,43.4371],[3.1684,43.43728],[3.16829,43.43751],[3.16804,43.43845],[3.16787,43.43899],[3.16787,43.43922],[3.16949,43.43988],[3.17017,43.44028],[3.17042,43.44055],[3.17048,43.44077],[3.17044,43.44118],[3.17031,43.4414],[3.17038,43.44176],[3.17057,43.44203],[3.17113,43.44243],[3.17181,43.44266],[3.17218,43.44293],[3.17237,43.44314],[3.17268,43.44319],[3.17459,43.44282],[3.17508,43.44273],[3.17551,43.44276],[3.17582,43.44285],[3.17639,43.44307],[3.17695,43.44356],[3.17721,43.44383],[3.17727,43.44401],[3.17684,43.4445],[3.17667,43.44473],[3.17623,43.44514],[3.17616,43.44528],[3.17465,43.44682],[3.17331,43.44791],[3.17275,43.44828],[3.17166,43.4486],[3.17091,43.44874],[3.17091,43.44888],[3.17153,43.44909],[3.17192,43.44954],[3.17229,43.44977],[3.17266,43.44994],[3.17278,43.45016],[3.17322,43.45043],[3.17359,43.45061],[3.17371,43.45074],[3.17397,43.45105],[3.17397,43.45123],[3.17423,43.45186],[3.17491,43.45195],[3.17547,43.45258],[3.1759,43.45258],[3.1772,43.45252],[3.17739,43.45288],[3.17745,43.45306],[3.17726,43.4531],[3.17604,43.45311],[3.17499,43.45308],[3.17485,43.45281],[3.17467,43.45277],[3.17376,43.45304],[3.17326,43.45372],[3.17309,43.45408],[3.17296,43.45426],[3.17271,43.45471],[3.17266,43.45494],[3.17309,43.45498],[3.1731,43.45521],[3.17348,43.4552],[3.17495,43.45496],[3.17501,43.45406],[3.17505,43.45393],[3.17543,43.45393],[3.17667,43.45432],[3.17759,43.45418],[3.1781,43.45467],[3.17896,43.45539],[3.17927,43.45547],[3.17964,43.45533],[3.18032,43.45515],[3.18186,43.4546],[3.18322,43.45414],[3.18518,43.45332],[3.18745,43.45239],[3.18856,43.45184],[3.18874,43.45198],[3.18888,43.45229],[3.18913,43.4531],[3.18927,43.4536],[3.18933,43.45418],[3.18984,43.45454],[3.19058,43.45499],[3.19089,43.45529],[3.19146,43.4561],[3.19197,43.45677],[3.19247,43.45758],[3.19267,43.45816],[3.19293,43.45897],[3.19355,43.45982],[3.19424,43.4608],[3.19463,43.46161],[3.19469,43.46211],[3.19483,43.46247],[3.19497,43.46359],[3.19506,43.46543],[3.19537,43.46588],[3.19581,43.46638],[3.19587,43.46656],[3.19588,43.46701],[3.19571,43.46768],[3.19559,43.46849],[3.19573,43.4688],[3.19575,43.47016],[3.19569,43.47112],[3.19533,43.47218],[3.19495,43.47337],[3.19448,43.47323],[3.1941,43.47324],[3.19376,43.47335],[3.19308,43.47407],[3.19257,43.47404],[3.19197,43.47372],[3.19191,43.47419],[3.19178,43.47455],[3.19161,43.47496],[3.19149,43.47527],[3.19126,43.47581],[3.19083,43.47631],[3.19045,43.47627],[3.19013,43.47604],[3.18995,43.4761],[3.18928,43.47673],[3.18879,43.47727],[3.18885,43.47737],[3.18916,43.47759],[3.18911,43.47777],[3.18887,43.47813],[3.18814,43.47868],[3.18746,43.47904],[3.18581,43.47955],[3.18575,43.47955],[3.18581,43.47968],[3.18624,43.47995],[3.18618,43.48036],[3.18607,43.48067],[3.18589,43.48081],[3.18496,43.48099],[3.18502,43.48112],[3.18521,43.48139],[3.18565,43.48189],[3.18641,43.48296],[3.18647,43.48309],[3.18444,43.4846],[3.18476,43.48523],[3.18476,43.48536],[3.18483,43.48545],[3.18527,43.48635],[3.18566,43.48738],[3.18603,43.48796],[3.18736,43.4898],[3.18793,43.49051],[3.18824,43.49087],[3.1883,43.49092],[3.18869,43.49168],[3.18894,43.49203],[3.19013,43.49346],[3.19053,43.49391],[3.19065,43.4945],[3.19078,43.49486],[3.19078,43.49495],[3.19152,43.49485],[3.19183,43.49476],[3.19312,43.4948],[3.19306,43.49498],[3.19277,43.49556],[3.19229,43.49643],[3.19229,43.49656],[3.1934,43.497],[3.1934,43.49722],[3.19299,43.49785],[3.19281,43.49835],[3.19282,43.49911],[3.19295,43.49939],[3.19288,43.50011],[3.19313,43.5002],[3.19512,43.50045],[3.19478,43.50162],[3.19472,43.50185],[3.19453,43.50239],[3.1946,43.50261],[3.19498,43.5027],[3.19521,43.50265],[3.1954,43.50261],[3.19577,43.50229],[3.19594,43.50157],[3.19631,43.50093],[3.19667,43.50048],[3.1971,43.49981],[3.19721,43.49936],[3.19733,43.49936],[3.19839,43.50011],[3.19946,43.50096],[3.19946,43.50105],[3.19854,43.5016],[3.19847,43.50169],[3.19946,43.50177],[3.20058,43.50207],[3.20082,43.50211],[3.20127,43.50265],[3.2014,43.50297],[3.20135,43.50356],[3.20099,43.50451],[3.20099,43.50469],[3.20348,43.50498],[3.20434,43.50501],[3.20811,43.50508],[3.20867,43.50507],[3.20879,43.50498],[3.20884,43.50471],[3.20989,43.50475],[3.21145,43.50474],[3.21238,43.50468],[3.21306,43.50476],[3.21392,43.50472],[3.21576,43.50443],[3.21725,43.50411],[3.21836,43.50392],[3.21868,43.50387],[3.2199,43.50377],[3.22163,43.50358],[3.22299,43.50352],[3.22279,43.50266],[3.2224,43.50168],[3.22202,43.50065],[3.22183,43.4999],[3.22182,43.49873],[3.22448,43.49874],[3.22492,43.49831],[3.22629,43.49763],[3.22708,43.49745],[3.2274,43.49754],[3.22787,43.49763],[3.22852,43.4974],[3.22949,43.49698],[3.23036,43.49694],[3.23144,43.49693],[3.23189,43.49629],[3.23234,43.49562],[3.23259,43.49562],[3.23352,43.49598],[3.23401,43.49628],[3.23413,43.49623],[3.23432,43.49601],[3.23475,43.49556],[3.23548,43.49505],[3.23664,43.4946],[3.23701,43.49427],[3.2375,43.49391],[3.23855,43.49336],[3.23935,43.49317],[3.24213,43.49325],[3.24286,43.49297],[3.24329,43.49283],[3.24397,43.49288],[3.24597,43.49353],[3.24734,43.4941],[3.24982,43.49507],[3.24995,43.49502],[3.25013,43.49498],[3.25088,43.49515],[3.25168,43.49514],[3.2537,43.49459],[3.2552,43.49431],[3.25575,43.49426],[3.25594,43.49457],[3.25644,43.49497],[3.25675,43.49506],[3.25811,43.49528],[3.25848,43.49501],[3.25872,43.49478],[3.25985,43.49563],[3.26035,43.49584],[3.2607,43.49548],[3.26089,43.49548],[3.26132,43.49562],[3.26194,43.49506],[3.262,43.49457],[3.26212,43.49452],[3.26286,43.49457],[3.26422,43.49478],[3.26571,43.49499],[3.26719,43.49498],[3.26776,43.49524],[3.26801,43.49528],[3.26824,43.49524],[3.26898,43.49473],[3.26916,43.49464],[3.26979,43.49446],[3.26997,43.49424],[3.27046,43.49378],[3.27077,43.49364],[3.27182,43.4944],[3.27225,43.49439],[3.27276,43.49493],[3.27307,43.49502],[3.27375,43.49483],[3.27431,43.49483],[3.27505,43.49495],[3.27641,43.49494],[3.27721,43.49512],[3.27751,43.49503],[3.27769,43.49502],[3.27752,43.4957],[3.27741,43.49629],[3.27848,43.49637],[3.27854,43.49646],[3.27785,43.49705],[3.27785,43.49714],[3.27824,43.49732],[3.27911,43.49735],[3.27961,43.49749],[3.28017,43.49793],[3.28109,43.49765],[3.28355,43.497],[3.28491,43.49681],[3.28645,43.49634],[3.28694,43.49594],[3.28718,43.49585],[3.28804,43.4953],[3.28841,43.49511]]],[[[3.50066,43.2629],[3.50029,43.2629],[3.50012,43.26304],[3.5,43.26322],[3.5,43.26326],[3.4995,43.26382],[3.49945,43.26404],[3.49957,43.26412],[3.49982,43.26407],[3.50005,43.26394],[3.50019,43.26376],[3.50086,43.26344],[3.50111,43.26344],[3.50129,43.26347],[3.5016,43.26374],[3.50173,43.26406],[3.50192,43.26419],[3.50223,43.26419],[3.50234,43.2641],[3.50277,43.26359],[3.50344,43.26346],[3.50357,43.26332],[3.50355,43.2631],[3.50324,43.26296],[3.50281,43.26287],[3.50183,43.26293],[3.5014,43.26298],[3.50066,43.2629]]]]},"properties":{"ID":"347","id":"347","NOM_MASSIF":"PLAINE-VITICOLE-COEUR-HERAULT-PLAINES","dept":"34"}},{"type":"Feature","id":8,"geometry":{"type":"MultiPolygon","coordinates":[[[[2.69915,43.30833],[2.69873,43.30856],[2.69873,43.30865],[2.69909,43.3091],[2.69965,43.30955],[2.70021,43.30986],[2.70119,43.31053],[2.70119,43.31071],[2.70108,43.31085],[2.70089,43.31131],[2.70041,43.31184],[2.69868,43.31324],[2.69855,43.31342],[2.69844,43.31387],[2.69845,43.31495],[2.69826,43.31582],[2.69815,43.31608],[2.69728,43.31662],[2.69698,43.31716],[2.69672,43.31828],[2.69625,43.3182],[2.69578,43.31853],[2.69455,43.3198],[2.69359,43.32049],[2.69225,43.32054],[2.69177,43.32065],[2.69146,43.32096],[2.69102,43.32141],[2.68986,43.32196],[2.68913,43.3225],[2.68858,43.32269],[2.68808,43.32291],[2.68777,43.323],[2.68777,43.32287],[2.68765,43.32246],[2.68762,43.31715],[2.68744,43.31702],[2.68464,43.31616],[2.68227,43.31536],[2.68278,43.31432],[2.6807,43.31451],[2.67885,43.31474],[2.67576,43.31426],[2.67557,43.31417],[2.67539,43.31395],[2.67527,43.31363],[2.67526,43.3126],[2.6755,43.31196],[2.67556,43.31174],[2.67635,43.31047],[2.67641,43.3102],[2.67677,43.30935],[2.67683,43.30921],[2.6771,43.30863],[2.67752,43.30769],[2.67776,43.30696],[2.67775,43.30597],[2.67707,43.30592],[2.67663,43.30606],[2.67645,43.30606],[2.67645,43.30597],[2.67632,43.30566],[2.67614,43.30561],[2.6754,43.30589],[2.67515,43.30589],[2.67522,43.30571],[2.67546,43.3053],[2.67552,43.30495],[2.67514,43.30395],[2.67496,43.30328],[2.67458,43.30234],[2.67428,43.30179],[2.67409,43.30179],[2.67384,43.30202],[2.6731,43.30271],[2.67188,43.30333],[2.67176,43.30333],[2.6717,43.30294],[2.67156,43.30225],[2.67151,43.30153],[2.67137,43.30131],[2.67088,43.30117],[2.67057,43.30104],[2.67014,43.30091],[2.66947,43.30055],[2.66898,43.30042],[2.66859,43.30042],[2.66823,43.30033],[2.66766,43.30002],[2.66742,43.29966],[2.66717,43.29966],[2.66558,43.29998],[2.66546,43.29984],[2.66525,43.29872],[2.66501,43.29773],[2.66482,43.29696],[2.66242,43.29657],[2.65872,43.29617],[2.65864,43.29594],[2.65852,43.29447],[2.65858,43.29433],[2.65877,43.2941],[2.65877,43.29401],[2.65925,43.29297],[2.65907,43.29297],[2.65674,43.29371],[2.6547,43.29411],[2.65384,43.29416],[2.65266,43.29412],[2.65167,43.29394],[2.65038,43.29395],[2.64941,43.29404],[2.64859,43.2939],[2.64787,43.29418],[2.64391,43.29451],[2.64368,43.2946],[2.64343,43.29487],[2.64337,43.29514],[2.64324,43.29532],[2.64325,43.29559],[2.64306,43.29595],[2.64294,43.29608],[2.64282,43.29613],[2.63898,43.29493],[2.6388,43.29488],[2.63825,43.29515],[2.63708,43.29565],[2.63549,43.29606],[2.63475,43.2966],[2.63402,43.29696],[2.63346,43.29745],[2.63247,43.29822],[2.63216,43.29836],[2.63179,43.29836],[2.63173,43.29822],[2.63167,43.29773],[2.63185,43.29692],[2.63173,43.29661],[2.63086,43.29593],[2.63056,43.29549],[2.62993,43.29503],[2.62975,43.29476],[2.62937,43.294],[2.62937,43.29391],[2.62919,43.29355],[2.62869,43.29243],[2.62825,43.29194],[2.62782,43.2914],[2.62763,43.29063],[2.62751,43.28999],[2.62744,43.289],[2.62738,43.28879],[2.61708,43.28427],[2.61731,43.28482],[2.61748,43.2851],[2.61748,43.28537],[2.61748,43.28561],[2.61754,43.2861],[2.6172,43.2863],[2.6172,43.28643],[2.61771,43.28669],[2.61807,43.28705],[2.61807,43.28741],[2.61777,43.28795],[2.61752,43.28813],[2.61721,43.28863],[2.61684,43.28908],[2.61641,43.28944],[2.61591,43.28944],[2.61573,43.28953],[2.61273,43.29179],[2.61077,43.29323],[2.61027,43.29369],[2.61015,43.29405],[2.60977,43.29436],[2.60972,43.2945],[2.60954,43.29463],[2.60923,43.29513],[2.60898,43.2954],[2.6085,43.29554],[2.60794,43.29572],[2.60776,43.29594],[2.60763,43.2963],[2.60752,43.2967],[2.60739,43.29684],[2.6069,43.29704],[2.60517,43.29713],[2.60136,43.29812],[2.60118,43.29826],[2.60148,43.29848],[2.6016,43.29871],[2.60149,43.29934],[2.60143,43.29943],[2.60112,43.30032],[2.60112,43.30068],[2.60088,43.30149],[2.60083,43.30217],[2.60101,43.30239],[2.6007,43.30248],[2.60033,43.30262],[2.60039,43.30285],[2.6004,43.30334],[2.60052,43.30361],[2.60052,43.3042],[2.60059,43.30451],[2.60194,43.30465],[2.60194,43.30492],[2.60146,43.30563],[2.60139,43.30631],[2.60134,43.30649],[2.60115,43.3068],[2.60084,43.30721],[2.59974,43.30794],[2.59931,43.30834],[2.59919,43.30893],[2.59913,43.30906],[2.59846,43.30997],[2.59795,43.31033],[2.5979,43.31041],[2.59808,43.31051],[2.59871,43.31077],[2.59889,43.31099],[2.59901,43.31144],[2.59945,43.31226],[2.59952,43.31312],[2.59971,43.31383],[2.59828,43.3137],[2.59736,43.31375],[2.59736,43.31393],[2.59729,43.31429],[2.59631,43.31439],[2.59614,43.31447],[2.59626,43.31479],[2.59625,43.31519],[2.59614,43.3156],[2.59577,43.31623],[2.59552,43.3165],[2.59479,43.31708],[2.59423,43.31722],[2.59264,43.3174],[2.59221,43.31785],[2.59201,43.31799],[2.59201,43.31812],[2.59183,43.31843],[2.59177,43.31916],[2.5917,43.31925],[2.59135,43.32047],[2.59104,43.32123],[2.59068,43.32249],[2.59026,43.32362],[2.59,43.32435],[2.5897,43.32502],[2.58964,43.3252],[2.58952,43.32542],[2.58921,43.32614],[2.58923,43.32781],[2.5891,43.32848],[2.58904,43.32871],[2.58899,43.32884],[2.58874,43.32924],[2.58818,43.3296],[2.58757,43.33007],[2.58665,43.33092],[2.58614,43.33155],[2.58603,43.33186],[2.58584,43.33205],[2.58554,43.33308],[2.58542,43.33344],[2.5848,43.33357],[2.58081,43.33467],[2.57864,43.3348],[2.57556,43.3349],[2.57531,43.33485],[2.57445,43.33423],[2.57408,43.33418],[2.57285,43.33445],[2.56725,43.33523],[2.56446,43.33591],[2.56035,43.33687],[2.55634,43.3376],[2.55597,43.3376],[2.55554,43.33747],[2.55511,43.33738],[2.55386,43.33697],[2.553,43.33656],[2.55245,43.33621],[2.55226,43.3358],[2.55214,43.33513],[2.55182,43.33468],[2.55133,43.33437],[2.55108,43.33464],[2.55046,43.33508],[2.54972,43.33549],[2.54911,43.33594],[2.54942,43.3363],[2.54948,43.33662],[2.54937,43.33675],[2.54918,43.33693],[2.54838,43.33743],[2.54789,43.33798],[2.5474,43.33874],[2.54685,43.34036],[2.54667,43.34081],[2.54661,43.34099],[2.54636,43.34166],[2.54631,43.34189],[2.54625,43.34193],[2.54612,43.34229],[2.54606,43.34233],[2.54599,43.34247],[2.54563,43.34312],[2.54538,43.34361],[2.5449,43.34433],[2.54458,43.34464],[2.54421,43.34473],[2.53992,43.34563],[2.53972,43.34584],[2.53996,43.34622],[2.5407,43.34596],[2.54095,43.34599],[2.54101,43.34608],[2.54107,43.3464],[2.54163,43.34676],[2.54176,43.34699],[2.542,43.34717],[2.54268,43.34738],[2.54304,43.3477],[2.54312,43.34793],[2.5428,43.34834],[2.5428,43.3487],[2.54299,43.34883],[2.54348,43.34874],[2.5441,43.34861],[2.5441,43.34874],[2.54403,43.34879],[2.54404,43.34919],[2.54453,43.34981],[2.54472,43.34995],[2.54505,43.35026],[2.54504,43.35071],[2.5449,43.35094],[2.54498,43.35125],[2.54523,43.35143],[2.54622,43.35183],[2.54634,43.35197],[2.54634,43.35233],[2.54597,43.35278],[2.54585,43.35318],[2.54567,43.35342],[2.54536,43.35355],[2.54517,43.35374],[2.54522,43.35422],[2.54542,43.35467],[2.54555,43.35499],[2.54573,43.35526],[2.54598,43.35549],[2.54623,43.3558],[2.54648,43.35602],[2.54703,43.35634],[2.54795,43.35669],[2.54907,43.35741],[2.54925,43.35772],[2.54901,43.35817],[2.54883,43.35848],[2.54884,43.35908],[2.54902,43.35944],[2.54902,43.35971],[2.5487,43.36007],[2.54871,43.36056],[2.54877,43.36061],[2.54971,43.36133],[2.54995,43.36155],[2.55038,43.36173],[2.55056,43.36191],[2.55081,43.362],[2.55161,43.36182],[2.55211,43.36168],[2.55266,43.36168],[2.55285,43.36181],[2.55284,43.36222],[2.55266,43.36244],[2.55236,43.36267],[2.55223,43.36294],[2.55223,43.36326],[2.55212,43.36371],[2.5523,43.36389],[2.55285,43.36412],[2.5534,43.36457],[2.55398,43.36492],[2.5541,43.36519],[2.55416,43.36578],[2.55429,43.36614],[2.55448,43.36618],[2.5549,43.36577],[2.55552,43.36559],[2.55626,43.3656],[2.5565,43.36568],[2.55681,43.36599],[2.557,43.3664],[2.557,43.36689],[2.55675,43.36712],[2.55627,43.36739],[2.55596,43.36756],[2.55583,43.36784],[2.55584,43.36837],[2.55602,43.36878],[2.55633,43.36933],[2.55658,43.36996],[2.55658,43.37037],[2.55628,43.37059],[2.55325,43.37271],[2.55307,43.37293],[2.55308,43.37465],[2.55284,43.37559],[2.55259,43.37618],[2.55228,43.37649],[2.55185,43.37685],[2.5516,43.37725],[2.55136,43.37815],[2.55136,43.37842],[2.55168,43.37869],[2.55217,43.37901],[2.5526,43.37936],[2.55304,43.38],[2.55322,43.38158],[2.55311,43.38207],[2.55298,43.38234],[2.55298,43.38252],[2.55384,43.3827],[2.55397,43.38274],[2.55421,43.3831],[2.55545,43.38404],[2.55633,43.38453],[2.55633,43.38494],[2.55608,43.38544],[2.55553,43.38688],[2.55522,43.38791],[2.55522,43.38832],[2.55634,43.38891],[2.55665,43.38921],[2.5569,43.38966],[2.55697,43.38989],[2.55709,43.39011],[2.5577,43.39093],[2.55845,43.39187],[2.55925,43.39272],[2.55962,43.39326],[2.56019,43.39339],[2.56068,43.39362],[2.56178,43.39447],[2.5629,43.39536],[2.56432,43.39641],[2.56545,43.39721],[2.56631,43.39757],[2.56643,43.39762],[2.56699,43.39793],[2.56717,43.3982],[2.5673,43.39847],[2.56755,43.39892],[2.56829,43.39977],[2.56885,43.40022],[2.56922,43.4003],[2.57181,43.39994],[2.57317,43.39963],[2.57348,43.39949],[2.57316,43.39886],[2.57292,43.39854],[2.57286,43.39836],[2.57267,43.39818],[2.57198,43.39707],[2.57172,43.39657],[2.57179,43.39625],[2.57236,43.39572],[2.5726,43.39531],[2.57272,43.39468],[2.5729,43.39414],[2.57334,43.39359],[2.57351,43.39314],[2.57357,43.39233],[2.57369,43.39197],[2.57442,43.39035],[2.57449,43.39013],[2.57387,43.38964],[2.57239,43.38865],[2.57058,43.3873],[2.5704,43.38703],[2.57021,43.38653],[2.57009,43.38627],[2.57002,43.38618],[2.56996,43.38605],[2.56977,43.3856],[2.56965,43.3855],[2.56953,43.38519],[2.56947,43.38505],[2.56872,43.38361],[2.56841,43.38312],[2.56835,43.38289],[2.56914,43.38204],[2.57188,43.38001],[2.57191,43.37999],[2.57205,43.37983],[2.57278,43.3792],[2.57481,43.37779],[2.57634,43.37725],[2.57789,43.37657],[2.57826,43.37639],[2.57882,43.37621],[2.57992,43.37576],[2.58079,43.37513],[2.58485,43.37395],[2.59176,43.37191],[2.59927,43.36982],[2.60537,43.36796],[2.60599,43.36796],[2.6071,43.36823],[2.60833,43.36841],[2.60981,43.36899],[2.61118,43.36948],[2.61173,43.36956],[2.61241,43.36952],[2.61271,43.36907],[2.61327,43.36861],[2.61364,43.36821],[2.61419,43.36745],[2.61462,43.36677],[2.6148,43.36619],[2.61511,43.36587],[2.61554,43.3656],[2.61665,43.36595],[2.61831,43.36658],[2.61843,43.36667],[2.61887,43.36735],[2.61912,43.36774],[2.6203,43.36936],[2.62112,43.37058],[2.62142,43.37125],[2.62156,43.37157],[2.6218,43.37193],[2.62223,43.37211],[2.62359,43.37192],[2.62415,43.37196],[2.62433,43.3721],[2.62445,43.37232],[2.62452,43.37295],[2.6247,43.37363],[2.6249,43.37399],[2.62514,43.37429],[2.62557,43.37452],[2.62588,43.37466],[2.626,43.37488],[2.62601,43.3753],[2.62557,43.37597],[2.62546,43.37619],[2.62546,43.37682],[2.6257,43.37691],[2.62638,43.37695],[2.62687,43.37722],[2.62743,43.37732],[2.6278,43.37726],[2.62859,43.37725],[2.62921,43.37755],[2.62968,43.37685],[2.63069,43.37709],[2.63242,43.37964],[2.63369,43.38018],[2.63473,43.38112],[2.63499,43.38135],[2.63536,43.38166],[2.63609,43.38237],[2.63696,43.38322],[2.63937,43.38385],[2.64271,43.38456],[2.64388,43.38465],[2.6445,43.38483],[2.64581,43.38568],[2.64588,43.38582],[2.64612,43.38591],[2.64623,43.38555],[2.6468,43.3846],[2.64709,43.38433],[2.64796,43.3842],[2.64881,43.38355],[2.6501,43.38274],[2.65059,43.38256],[2.65121,43.38256],[2.65246,43.38273],[2.654,43.38287],[2.65406,43.38309],[2.65444,43.38331],[2.65493,43.38353],[2.65518,43.38386],[2.65511,43.38413],[2.65512,43.38435],[2.65518,43.38444],[2.65543,43.38453],[2.65599,43.38448],[2.65659,43.3843],[2.65721,43.38371],[2.65758,43.38349],[2.65783,43.38353],[2.65807,43.38376],[2.65814,43.38385],[2.65931,43.38398],[2.65974,43.38416],[2.65998,43.38456],[2.66031,43.3851],[2.66074,43.38532],[2.66154,43.38554],[2.66414,43.38688],[2.66475,43.3872],[2.66526,43.38764],[2.66556,43.388],[2.66612,43.38824],[2.66667,43.38837],[2.66735,43.38864],[2.66809,43.38845],[2.6686,43.38818],[2.6689,43.38823],[2.66921,43.38845],[2.66946,43.38867],[2.66995,43.38885],[2.67119,43.38907],[2.67187,43.3893],[2.67218,43.38953],[2.67267,43.39024],[2.67299,43.39042],[2.67366,43.39059],[2.67416,43.39068],[2.67452,43.39109],[2.67496,43.39122],[2.67514,43.39122],[2.67501,43.38997],[2.675,43.38763],[2.67493,43.38694],[2.67493,43.38343],[2.67505,43.38307],[2.67572,43.38209],[2.67633,43.38136],[2.67664,43.3814],[2.67707,43.38149],[2.67762,43.38172],[2.67775,43.38186],[2.67813,43.38244],[2.67843,43.38266],[2.67892,43.38307],[2.67924,43.38369],[2.67973,43.38423],[2.67999,43.38468],[2.68085,43.3853],[2.6803,43.38625],[2.68017,43.38665],[2.68012,43.38738],[2.68043,43.38774],[2.68105,43.38828],[2.68198,43.38895],[2.68229,43.38927],[2.6836,43.38935],[2.68416,43.38952],[2.68452,43.38984],[2.68452,43.38993],[2.68477,43.38989],[2.6869,43.38908],[2.68756,43.3894],[2.69037,43.38798],[2.69173,43.38775],[2.69216,43.38779],[2.69247,43.38779],[2.69278,43.3873],[2.6929,43.38694],[2.69424,43.38423],[2.6951,43.38288],[2.69571,43.38314],[2.69726,43.38404],[2.70091,43.38605],[2.70246,43.38686],[2.70339,43.38731],[2.70357,43.38726],[2.70413,43.38704],[2.70492,43.38645],[2.70554,43.38573],[2.70585,43.38523],[2.70603,43.38487],[2.70603,43.38401],[2.70596,43.38383],[2.70602,43.3832],[2.70626,43.38275],[2.70626,43.3823],[2.70614,43.38189],[2.70619,43.38154],[2.7065,43.38095],[2.70692,43.38041],[2.70714,43.38004],[2.70719,43.37999],[2.70747,43.37969],[2.70748,43.37874],[2.70771,43.37829],[2.70771,43.37784],[2.70795,43.37748],[2.7082,43.37725],[2.70882,43.37689],[2.70986,43.37644],[2.71086,43.37621],[2.71147,43.37612],[2.71314,43.37611],[2.71382,43.3762],[2.71443,43.37629],[2.71455,43.37651],[2.71498,43.37701],[2.71671,43.37646],[2.71732,43.37614],[2.71775,43.37583],[2.71788,43.37556],[2.71801,43.37542],[2.71806,43.37497],[2.71836,43.37412],[2.71868,43.3734],[2.71916,43.37303],[2.71959,43.37294],[2.71996,43.3729],[2.72015,43.37294],[2.7207,43.37334],[2.72169,43.37411],[2.72237,43.37428],[2.72293,43.37419],[2.7244,43.3736],[2.72477,43.37338],[2.72514,43.37283],[2.72545,43.37265],[2.72576,43.37261],[2.72619,43.37292],[2.72638,43.37315],[2.72669,43.37359],[2.727,43.37377],[2.72749,43.37386],[2.72761,43.37377],[2.72799,43.37341],[2.72822,43.37296],[2.72853,43.37278],[2.72878,43.37269],[2.72921,43.37269],[2.72946,43.37282],[2.72995,43.37327],[2.73027,43.37385],[2.73057,43.37399],[2.73107,43.37407],[2.73175,43.37394],[2.73256,43.37393],[2.73429,43.37415],[2.73466,43.37402],[2.73588,43.37334],[2.73637,43.3732],[2.73674,43.37315],[2.73681,43.37324],[2.73674,43.37369],[2.73675,43.37427],[2.73681,43.37441],[2.73743,43.37454],[2.73817,43.37476],[2.73872,43.37503],[2.73952,43.37512],[2.74052,43.37525],[2.74115,43.37548],[2.74189,43.37607],[2.74213,43.37633],[2.74245,43.37691],[2.74264,43.37777],[2.74289,43.37822],[2.74313,43.37848],[2.74332,43.37853],[2.74381,43.37844],[2.74406,43.3788],[2.74425,43.3792],[2.74425,43.37965],[2.74472,43.38],[2.74475,43.38002],[2.74537,43.38046],[2.74537,43.38055],[2.74561,43.38069],[2.74617,43.38104],[2.74661,43.38136],[2.74741,43.38212],[2.74778,43.38239],[2.74815,43.38216],[2.74858,43.38202],[2.74958,43.38202],[2.75001,43.38197],[2.75081,43.38197],[2.75118,43.38206],[2.75235,43.38233],[2.75285,43.38223],[2.75364,43.38187],[2.75579,43.38038],[2.75627,43.38003],[2.75659,43.37992],[2.75906,43.37946],[2.7595,43.37942],[2.75878,43.38],[2.75872,43.38005],[2.75858,43.3805],[2.75845,43.38118],[2.75857,43.38136],[2.75908,43.38171],[2.75926,43.38194],[2.75927,43.38284],[2.75952,43.38347],[2.75934,43.38378],[2.75934,43.38401],[2.75971,43.38437],[2.75989,43.38468],[2.76021,43.38536],[2.76125,43.38646],[2.76236,43.38875],[2.76325,43.39068],[2.76398,43.39156],[2.76557,43.39356],[2.76639,43.39402],[2.76689,43.39414],[2.76743,43.39387],[2.76817,43.39361],[2.76866,43.3936],[2.76903,43.39364],[2.76959,43.39391],[2.76991,43.39455],[2.77027,43.39486],[2.77046,43.39522],[2.77072,43.39545],[2.77146,43.39566],[2.7717,43.39589],[2.77269,43.39611],[2.7733,43.39656],[2.77367,43.39664],[2.77436,43.39678],[2.77493,43.39714],[2.77629,43.39718],[2.77709,43.39744],[2.77764,43.39744],[2.77783,43.39739],[2.77795,43.39739],[2.77795,43.39788],[2.77765,43.39842],[2.77734,43.3988],[2.77735,43.39983],[2.7771,43.40019],[2.77649,43.40069],[2.77526,43.40123],[2.77458,43.40146],[2.77267,43.40173],[2.77181,43.40205],[2.77101,43.4026],[2.77077,43.40305],[2.77065,43.40354],[2.77029,43.40404],[2.77004,43.40417],[2.76874,43.40431],[2.76781,43.40449],[2.76677,43.40499],[2.76517,43.406],[2.76432,43.40672],[2.76359,43.40753],[2.76315,43.40821],[2.76279,43.40874],[2.76218,43.40983],[2.76205,43.40997],[2.76205,43.41001],[2.76173,43.41046],[2.76156,43.41086],[2.76137,43.41122],[2.76083,43.41222],[2.76022,43.41295],[2.75949,43.41353],[2.7593,43.41362],[2.75912,43.41362],[2.75881,43.41354],[2.75875,43.41372],[2.75868,43.41421],[2.75881,43.41452],[2.75943,43.4156],[2.7595,43.41574],[2.75963,43.41596],[2.75993,43.41654],[2.76019,43.41694],[2.76062,43.41731],[2.76316,43.41869],[2.76397,43.41932],[2.76429,43.41968],[2.76472,43.42035],[2.76522,43.42147],[2.7654,43.42152],[2.76707,43.42156],[2.76818,43.42169],[2.76979,43.4229],[2.77042,43.42352],[2.77085,43.42411],[2.77111,43.42474],[2.77111,43.42604],[2.77125,43.4264],[2.77143,43.42671],[2.77286,43.42806],[2.7731,43.42847],[2.77354,43.42946],[2.77374,43.43017],[2.77375,43.43165],[2.77369,43.43252],[2.77375,43.43288],[2.77407,43.43337],[2.77419,43.43382],[2.77413,43.43409],[2.77408,43.43445],[2.7742,43.43467],[2.7742,43.43503],[2.7739,43.43615],[2.77355,43.43696],[2.77373,43.43741],[2.77386,43.4375],[2.77667,43.43882],[2.77685,43.43828],[2.77745,43.43782],[2.77781,43.43737],[2.77817,43.4365],[2.77842,43.43627],[2.77904,43.43605],[2.77996,43.43599],[2.78077,43.436],[2.78175,43.43603],[2.78199,43.43594],[2.7823,43.43572],[2.78248,43.43541],[2.78272,43.43482],[2.78304,43.43445],[2.7836,43.43405],[2.78458,43.43342],[2.78513,43.43323],[2.78704,43.43251],[2.78747,43.43238],[2.7895,43.43191],[2.79,43.43164],[2.79064,43.42905],[2.79108,43.42799],[2.79151,43.42736],[2.79187,43.42686],[2.79236,43.42583],[2.79248,43.42569],[2.79273,43.42524],[2.79284,43.42461],[2.79289,43.42289],[2.79326,43.42236],[2.79529,43.42037],[2.79572,43.42019],[2.79688,43.41991],[2.79911,43.41968],[2.80386,43.41921],[2.80607,43.4188],[2.80663,43.41821],[2.80723,43.41744],[2.80724,43.41735],[2.80686,43.41735],[2.80679,43.41676],[2.80716,43.41662],[2.80766,43.4164],[2.80802,43.41523],[2.80807,43.41483],[2.80813,43.41469],[2.80826,43.41429],[2.80838,43.41384],[2.80857,43.41334],[2.80894,43.41315],[2.81017,43.41302],[2.81399,43.41282],[2.81411,43.41282],[2.81678,43.41276],[2.81721,43.41294],[2.81776,43.41289],[2.81979,43.41261],[2.81997,43.41252],[2.8201,43.41221],[2.82016,43.41185],[2.82027,43.41176],[2.82052,43.41176],[2.82108,43.4118],[2.82163,43.41162],[2.822,43.41166],[2.82219,43.4117],[2.82262,43.41197],[2.823,43.41215],[2.82332,43.41233],[2.82357,43.41237],[2.824,43.41237],[2.82431,43.41228],[2.8246,43.41206],[2.82485,43.41183],[2.82485,43.41174],[2.82547,43.41142],[2.82719,43.41114],[2.82817,43.41078],[2.82836,43.41082],[2.82873,43.41123],[2.82923,43.41204],[2.82955,43.41279],[2.82967,43.41306],[2.8298,43.41302],[2.83134,43.41229],[2.83312,43.4113],[2.8341,43.41084],[2.8368,43.40939],[2.83963,43.40803],[2.83976,43.40808],[2.83995,43.40857],[2.84014,43.40898],[2.84045,43.40901],[2.84082,43.40901],[2.8418,43.40878],[2.84321,43.40833],[2.84438,43.40783],[2.84592,43.4067],[2.84672,43.40638],[2.84851,43.40596],[2.84893,43.40597],[2.84839,43.40641],[2.8482,43.40673],[2.849,43.40697],[2.84916,43.40755],[2.8492,43.40804],[2.849,43.40837],[2.84942,43.40847],[2.84968,43.40876],[2.85011,43.4086],[2.85002,43.40875],[2.85008,43.40886],[2.85026,43.40861],[2.85037,43.40841],[2.85031,43.40821],[2.85012,43.40804],[2.85023,43.40786],[2.85049,43.40776],[2.8513,43.40753],[2.85159,43.40717],[2.85178,43.40685],[2.8521,43.40663],[2.85253,43.40657],[2.85272,43.40662],[2.85303,43.4068],[2.85327,43.4068],[2.85346,43.40648],[2.85357,43.40608],[2.85394,43.40581],[2.85437,43.40585],[2.8548,43.40594],[2.85524,43.40589],[2.85548,43.40579],[2.85603,43.40526],[2.85621,43.40526],[2.85683,43.40548],[2.85758,43.40597],[2.85764,43.40619],[2.85776,43.40646],[2.8582,43.40646],[2.859,43.40614],[2.8595,43.40619],[2.86105,43.40658],[2.86414,43.40791],[2.86562,43.40853],[2.86619,43.4088],[2.86656,43.40908],[2.86668,43.40934],[2.86663,43.40979],[2.86663,43.41024],[2.86687,43.41065],[2.86712,43.41087],[2.86707,43.41101],[2.86676,43.41114],[2.86553,43.4112],[2.86461,43.411],[2.86348,43.41138],[2.86349,43.41169],[2.8636,43.41217],[2.86631,43.41588],[2.86582,43.41632],[2.86508,43.41687],[2.86306,43.41796],[2.86158,43.41891],[2.85992,43.41968],[2.8595,43.42],[2.85925,43.4204],[2.85593,43.42254],[2.85453,43.42358],[2.85422,43.42385],[2.85409,43.42407],[2.85595,43.42551],[2.85901,43.42788],[2.8605,43.42917],[2.86143,43.42998],[2.86262,43.43115],[2.86374,43.43214],[2.86554,43.43379],[2.8661,43.43428],[2.86647,43.43469],[2.86711,43.43549],[2.86717,43.4358],[2.86699,43.43652],[2.8668,43.43689],[2.86626,43.43896],[2.86603,43.43981],[2.86597,43.44026],[2.86579,43.44067],[2.86579,43.44166],[2.86592,43.44206],[2.86598,43.44261],[2.86624,43.4436],[2.86644,43.44454],[2.86663,43.44521],[2.86663,43.44548],[2.86695,43.44629],[2.86727,43.44754],[2.86727,43.44805],[2.86746,43.44863],[2.86771,43.44908],[2.86809,43.44962],[2.86821,43.44997],[2.86872,43.4507],[2.86915,43.45106],[2.86952,43.45154],[2.86959,43.4519],[2.86978,43.45222],[2.87009,43.45267],[2.87016,43.45299],[2.8701,43.45313],[2.86985,43.45349],[2.86986,43.45389],[2.87042,43.45438],[2.87128,43.45496],[2.87171,43.45504],[2.87291,43.4559],[2.87291,43.45613],[2.87273,43.45639],[2.87273,43.45666],[2.87322,43.45724],[2.87385,43.45787],[2.87516,43.459],[2.87565,43.45962],[2.87603,43.45998],[2.87616,43.4602],[2.87628,43.46047],[2.87653,43.46072],[2.87716,43.46128],[2.87765,43.4615],[2.87808,43.46185],[2.87859,43.46239],[2.87876,43.46283],[2.87899,43.46304],[2.87926,43.4632],[2.87924,43.46373],[2.87953,43.46412],[2.88005,43.46424],[2.8805,43.46422],[2.88044,43.46408],[2.88056,43.46388],[2.88079,43.46379],[2.88118,43.46375],[2.88248,43.463],[2.88287,43.46286],[2.88328,43.46293],[2.88428,43.46328],[2.88502,43.46335],[2.88545,43.46326],[2.88637,43.46264],[2.88692,43.46236],[2.88779,43.46213],[2.88839,43.4619],[2.88944,43.46154],[2.8897,43.46135],[2.88989,43.46103],[2.89037,43.46067],[2.89031,43.46035],[2.89025,43.46022],[2.88931,43.45955],[2.88919,43.45933],[2.88919,43.45906],[2.89004,43.45847],[2.89011,43.45784],[2.89028,43.45757],[2.89065,43.45734],[2.89133,43.45698],[2.89237,43.45675],[2.8933,43.45626],[2.89385,43.45616],[2.89416,43.4562],[2.89435,43.45643],[2.89447,43.45679],[2.89465,43.45701],[2.89502,43.45714],[2.89546,43.45714],[2.89558,43.45709],[2.89589,43.45687],[2.8959,43.45655],[2.89526,43.45588],[2.89514,43.45556],[2.89519,43.45507],[2.89532,43.45448],[2.89551,43.45425],[2.89582,43.45425],[2.896,43.4543],[2.89644,43.45457],[2.89681,43.45451],[2.89693,43.45447],[2.89747,43.45406],[2.89791,43.45406],[2.89821,43.45429],[2.89847,43.45465],[2.89878,43.45478],[2.89928,43.45479],[2.89971,43.45446],[2.90001,43.45433],[2.90019,43.45419],[2.90062,43.45355],[2.90098,43.45319],[2.90117,43.45279],[2.90129,43.45266],[2.90128,43.45176],[2.90141,43.45176],[2.90171,43.45188],[2.90309,43.45295],[2.90396,43.45364],[2.90639,43.45529],[2.90856,43.45675],[2.91123,43.45768],[2.9134,43.45868],[2.91508,43.45933],[2.91582,43.45978],[2.91613,43.45992],[2.91719,43.46072],[2.91756,43.46104],[2.91811,43.46143],[2.91854,43.46139],[2.92021,43.46124],[2.92103,43.46124],[2.92183,43.46133],[2.92226,43.46145],[2.92381,43.46158],[2.92418,43.46177],[2.92804,43.46494],[2.92872,43.46556],[2.92979,43.46651],[2.92947,43.46665],[2.92948,43.46687],[2.92937,43.46809],[2.92931,43.46845],[2.92935,43.47232],[2.92997,43.4729],[2.93115,43.47433],[2.93141,43.47459],[2.9316,43.47477],[2.9316,43.47482],[2.93209,43.47536],[2.93229,43.47563],[2.93267,43.47598],[2.93304,43.47648],[2.93329,43.47666],[2.93373,43.4772],[2.93435,43.47792],[2.9351,43.47876],[2.93529,43.47876],[2.93824,43.47798],[2.93905,43.47888],[2.94055,43.48057],[2.94118,43.48111],[2.9433,43.48214],[2.94634,43.48361],[2.94646,43.48356],[2.94677,43.48356],[2.9477,43.48405],[2.94999,43.48481],[2.95086,43.48502],[2.95124,43.48646],[2.95124,43.48669],[2.95182,43.48822],[2.95207,43.48867],[2.95214,43.48934],[2.95277,43.49014],[2.95309,43.49059],[2.95346,43.49091],[2.95346,43.491],[2.95289,43.49137],[2.95216,43.49159],[2.95192,43.49164],[2.95019,43.49152],[2.94963,43.49137],[2.94938,43.49137],[2.94877,43.49147],[2.94846,43.49156],[2.94741,43.49148],[2.94704,43.4918],[2.94686,43.49212],[2.94637,43.49243],[2.946,43.49252],[2.94518,43.49253],[2.94425,43.49268],[2.94345,43.49259],[2.94222,43.49232],[2.94154,43.49209],[2.94005,43.49187],[2.93937,43.49206],[2.93908,43.49233],[2.93883,43.49256],[2.93752,43.4931],[2.93673,43.49338],[2.93506,43.4933],[2.93389,43.49299],[2.93339,43.49304],[2.9332,43.4934],[2.93297,43.49412],[2.93272,43.4948],[2.93249,43.49516],[2.93236,43.49525],[2.9323,43.49543],[2.93145,43.49612],[2.93138,43.49621],[2.93069,43.49665],[2.93015,43.49684],[2.92984,43.49698],[2.92922,43.49711],[2.9286,43.49748],[2.92829,43.49748],[2.92786,43.49744],[2.92638,43.49695],[2.9257,43.49691],[2.92514,43.49705],[2.92422,43.49723],[2.92361,43.49746],[2.92323,43.49768],[2.92286,43.49783],[2.92237,43.49823],[2.9207,43.49864],[2.91948,43.49901],[2.91775,43.49979],[2.91659,43.50006],[2.91626,43.5002],[2.91571,43.5006],[2.91541,43.50074],[2.91442,43.50151],[2.91369,43.50178],[2.90956,43.50284],[2.90862,43.50298],[2.90851,43.5033],[2.90795,43.50384],[2.9074,43.5042],[2.9063,43.5048],[2.9055,43.50543],[2.90532,43.50584],[2.90527,43.50641],[2.90502,43.50678],[2.90497,43.50764],[2.90478,43.50791],[2.9046,43.50809],[2.90387,43.50867],[2.90374,43.5089],[2.90382,43.50939],[2.90394,43.50971],[2.90394,43.51007],[2.90357,43.51057],[2.90438,43.51075],[2.90648,43.51082],[2.90741,43.511],[2.90883,43.51144],[2.90945,43.51162],[2.90982,43.51162],[2.91019,43.51153],[2.91148,43.51098],[2.9126,43.51075],[2.91421,43.51074],[2.91483,43.5106],[2.91525,43.51028],[2.91581,43.50983],[2.91673,43.50951],[2.91882,43.50928],[2.91945,43.50927],[2.9197,43.50931],[2.91982,43.50963],[2.91996,43.50999],[2.92003,43.51129],[2.92009,43.51161],[2.92015,43.5117],[2.92066,43.5121],[2.92097,43.51228],[2.92276,43.51294],[2.92358,43.51335],[2.92463,43.51415],[2.92512,43.51433],[2.92605,43.51437],[2.92716,43.51428],[2.9279,43.51427],[2.92852,43.51467],[2.92971,43.51476],[2.93009,43.51489],[2.93058,43.5152],[2.93095,43.51529],[2.93114,43.51515],[2.93157,43.51502],[2.93175,43.51483],[2.93199,43.51442],[2.93224,43.5142],[2.93241,43.51361],[2.93266,43.51335],[2.93285,43.51303],[2.93284,43.51281],[2.93321,43.51249],[2.93346,43.51209],[2.93388,43.51176],[2.93474,43.5114],[2.93553,43.51085],[2.93635,43.51062],[2.93702,43.51016],[2.93813,43.50994],[2.93838,43.50976],[2.9385,43.50952],[2.93905,43.50912],[2.93954,43.50881],[2.93985,43.50854],[2.93978,43.50827],[2.93916,43.5075],[2.93853,43.50692],[2.93841,43.50674],[2.93841,43.50607],[2.93815,43.50584],[2.93809,43.50575],[2.93821,43.50562],[2.93914,43.50531],[2.93968,43.50498],[2.94055,43.50494],[2.94192,43.50475],[2.94297,43.50461],[2.94377,43.50451],[2.94433,43.50455],[2.94563,43.50468],[2.94717,43.50472],[2.94804,43.50493],[2.94878,43.50529],[2.9497,43.50533],[2.95064,43.50528],[2.95132,43.50519],[2.95193,43.50501],[2.95261,43.50504],[2.9536,43.50527],[2.95429,43.50553],[2.95509,43.50571],[2.95546,43.50566],[2.95644,43.50548],[2.957,43.50529],[2.95749,43.5052],[2.95862,43.5051],[2.96003,43.50464],[2.96089,43.50464],[2.96275,43.50489],[2.96305,43.50485],[2.9638,43.5048],[2.96509,43.50498],[2.96566,43.50497],[2.96597,43.50483],[2.96707,43.50416],[2.9675,43.50437],[2.96893,43.50391],[2.96917,43.50373],[2.96924,43.50364],[2.97016,43.50365],[2.97231,43.50349],[2.97369,43.50326],[2.97399,43.50312],[2.97454,43.50267],[2.97479,43.50227],[2.97479,43.502],[2.97496,43.50186],[2.97552,43.50177],[2.97718,43.50207],[2.97755,43.50212],[2.97854,43.50211],[2.97916,43.50193],[2.97959,43.50161],[2.98009,43.50089],[2.98021,43.50075],[2.98119,43.5002],[2.98181,43.49975],[2.98255,43.49962],[2.9828,43.49952],[2.98309,43.49934],[2.98414,43.49902],[2.98482,43.49879],[2.98524,43.49852],[2.98629,43.4982],[2.98697,43.4977],[2.98716,43.49739],[2.98728,43.49703],[2.98733,43.49667],[2.98868,43.49561],[2.98936,43.49498],[2.98978,43.49444],[2.98997,43.49399],[2.99008,43.49363],[2.99056,43.49241],[2.99104,43.49115],[2.99116,43.4907],[2.99152,43.48961],[2.99163,43.4893],[2.9917,43.48916],[2.99201,43.4883],[2.99218,43.48767],[2.99262,43.48768],[2.99345,43.4876],[2.99445,43.48735],[2.99523,43.48716],[2.99597,43.48696],[2.99687,43.48674],[2.99758,43.48644],[2.99799,43.48589],[3.00015,43.48473],[3.00043,43.48446],[3.00067,43.48401],[3.00117,43.48334],[3.00166,43.48269],[3.00219,43.48195],[3.00252,43.48133],[3.00285,43.48096],[3.00378,43.48063],[3.00431,43.48037],[3.00448,43.48025],[3.00528,43.48034],[3.00556,43.48034],[3.00592,43.48028],[3.00662,43.4802],[3.00733,43.47999],[3.00798,43.47995],[3.00895,43.48022],[3.00992,43.48072],[3.01032,43.4807],[3.01076,43.48066],[3.01196,43.48043],[3.01383,43.48045],[3.01549,43.48006],[3.0185,43.47915],[3.01941,43.47879],[3.02057,43.47821],[3.02132,43.47805],[3.02199,43.47811],[3.02289,43.47833],[3.02401,43.47882],[3.02596,43.47933],[3.02682,43.47946],[3.02991,43.47939],[3.03018,43.47918],[3.03053,43.47871],[3.03106,43.47854],[3.03142,43.47856],[3.03222,43.47866],[3.03264,43.47851],[3.03288,43.4783],[3.0329,43.47739],[3.03321,43.47712],[3.03341,43.47674],[3.0339,43.47637],[3.03514,43.47583],[3.03728,43.47484],[3.03784,43.47475],[3.03877,43.47492],[3.03957,43.47488],[3.04011,43.47473],[3.04045,43.47432],[3.04074,43.47383],[3.04064,43.47308],[3.0403,43.47273],[3.04022,43.47248],[3.04031,43.47188],[3.04047,43.47148],[3.04162,43.4715],[3.04317,43.47138],[3.04332,43.47118],[3.04466,43.47137],[3.04579,43.47179],[3.04683,43.47194],[3.04713,43.47213],[3.04766,43.4725],[3.04813,43.47307],[3.04819,43.4732],[3.04848,43.47368],[3.049,43.47377],[3.04903,43.47366],[3.04925,43.47371],[3.04977,43.47372],[3.05008,43.47375],[3.0505,43.47399],[3.05116,43.47405],[3.0514,43.47433],[3.05233,43.47529],[3.05726,43.47608],[3.05925,43.47654],[3.06029,43.47653],[3.06087,43.47652],[3.06282,43.47599],[3.06307,43.47594],[3.06369,43.47613],[3.06449,43.47616],[3.06566,43.47594],[3.06752,43.47551],[3.07005,43.47555],[3.07104,43.47572],[3.0711,43.47563],[3.0722,43.47512],[3.0732,43.47503],[3.07375,43.47489],[3.07406,43.47498],[3.07462,43.47507],[3.07493,43.47497],[3.07566,43.47474],[3.07627,43.47482],[3.0764,43.47406],[3.07644,43.47293],[3.07618,43.47262],[3.07612,43.4723],[3.07606,43.47185],[3.07598,43.47113],[3.07585,43.47033],[3.07566,43.46975],[3.07478,43.46845],[3.07452,43.46786],[3.07446,43.4675],[3.07432,43.46732],[3.07375,43.4662],[3.074,43.4657],[3.07412,43.4653],[3.0738,43.46494],[3.07281,43.4645],[3.07269,43.46432],[3.07218,43.46356],[3.07212,43.46343],[3.07359,43.46242],[3.07438,43.46196],[3.07524,43.4616],[3.07524,43.46151],[3.075,43.46115],[3.07498,43.46065],[3.07486,43.46029],[3.07455,43.45998],[3.07367,43.45967],[3.07324,43.45936],[3.07287,43.45887],[3.07261,43.45847],[3.07236,43.4582],[3.07162,43.45803],[3.07137,43.45789],[3.07229,43.45707],[3.07283,43.45653],[3.07308,43.4563],[3.07308,43.45626],[3.07326,43.45612],[3.07358,43.45576],[3.0748,43.45485],[3.07559,43.45462],[3.07565,43.45453],[3.07553,43.45439],[3.07547,43.45417],[3.07706,43.45282],[3.07717,43.45263],[3.07742,43.45182],[3.07734,43.4515],[3.07716,43.45129],[3.07709,43.45115],[3.07758,43.45055],[3.07758,43.45046],[3.07733,43.45024],[3.07714,43.44993],[3.07683,43.44957],[3.07659,43.44952],[3.07622,43.44988],[3.07591,43.44985],[3.07566,43.44962],[3.07559,43.44913],[3.0754,43.44881],[3.07491,43.4486],[3.07472,43.44842],[3.07434,43.44752],[3.07401,43.44666],[3.07358,43.44609],[3.07344,43.44586],[3.07363,43.44577],[3.07449,43.4454],[3.0751,43.44495],[3.07522,43.44477],[3.07608,43.44413],[3.0767,43.44341],[3.07737,43.44282],[3.07774,43.4425],[3.07792,43.44218],[3.07846,43.44151],[3.07907,43.44092],[3.07975,43.44042],[3.0806,43.43997],[3.0822,43.43933],[3.08319,43.439],[3.08509,43.43836],[3.08694,43.43781],[3.08785,43.43725],[3.08829,43.43707],[3.08866,43.43702],[3.08903,43.43711],[3.08966,43.43712],[3.08984,43.43712],[3.09015,43.4372],[3.0904,43.43742],[3.09077,43.43778],[3.09114,43.43792],[3.09158,43.43818],[3.09239,43.43831],[3.09337,43.43821],[3.09578,43.4386],[3.09714,43.43868],[3.09857,43.43867],[3.1001,43.4383],[3.10103,43.43793],[3.10192,43.43764],[3.10229,43.43666],[3.10296,43.43581],[3.10456,43.43431],[3.10523,43.43336],[3.10602,43.43245],[3.10662,43.43169],[3.10736,43.43128],[3.1084,43.43078],[3.10938,43.43063],[3.11063,43.4303],[3.11204,43.4302],[3.11259,43.43007],[3.11443,43.42929],[3.11542,43.42874],[3.11566,43.42852],[3.11584,43.42784],[3.11609,43.42753],[3.11664,43.42716],[3.11738,43.42675],[3.1186,43.42638],[3.11897,43.42625],[3.11995,43.42579],[3.12056,43.42552],[3.12273,43.42515],[3.12383,43.42473],[3.12451,43.42459],[3.12636,43.42426],[3.12667,43.42421],[3.12673,43.4243],[3.12685,43.42444],[3.12858,43.42443],[3.12858,43.42533],[3.13515,43.42626],[3.13521,43.42617],[3.13673,43.42504],[3.13791,43.42417],[3.13828,43.42417],[3.13851,43.42372],[3.13894,43.42323],[3.13942,43.42259],[3.13972,43.42205],[3.13997,43.42178],[3.13997,43.42169],[3.14015,43.42137],[3.14014,43.42106],[3.13989,43.42015],[3.14009,43.41849],[3.1395,43.41763],[3.13837,43.41653],[3.13705,43.41565],[3.13823,43.41546],[3.13883,43.41512],[3.13932,43.41498],[3.13876,43.41477],[3.1385,43.414],[3.13798,43.41361],[3.13732,43.41324],[3.13687,43.41339],[3.13292,43.41373],[3.1328,43.41334],[3.13076,43.41396],[3.13005,43.41362],[3.12899,43.41395],[3.12869,43.41321],[3.12887,43.41297],[3.1287,43.41245],[3.12792,43.41174],[3.1278,43.41169],[3.12706,43.4121],[3.12687,43.41214],[3.12587,43.41125],[3.12575,43.41094],[3.12536,43.41009],[3.12536,43.40933],[3.12559,43.4087],[3.12583,43.40797],[3.12612,43.40652],[3.12624,43.40643],[3.12643,43.40616],[3.12642,43.40571],[3.12659,43.40485],[3.12677,43.40454],[3.12702,43.40422],[3.1278,43.40368],[3.1278,43.4031],[3.12774,43.40296],[3.12767,43.40242],[3.12779,43.4022],[3.12827,43.40166],[3.12859,43.40119],[3.12865,43.40088],[3.12868,43.39962],[3.12887,43.39944],[3.12899,43.39921],[3.12898,43.39867],[3.1291,43.3984],[3.1291,43.39822],[3.12933,43.39773],[3.12983,43.39719],[3.12989,43.39705],[3.13024,43.39656],[3.13092,43.39605],[3.13103,43.3956],[3.13146,43.39505],[3.13182,43.39469],[3.13262,43.39428],[3.13362,43.39405],[3.13527,43.39354],[3.1357,43.39353],[3.13681,43.39398],[3.13762,43.39416],[3.13837,43.39438],[3.13917,43.39469],[3.14028,43.39549],[3.14378,43.39789],[3.14546,43.39897],[3.14546,43.3991],[3.14517,43.39946],[3.14461,43.39992],[3.14461,43.4],[3.14486,43.40018],[3.14555,43.40045],[3.14716,43.40071],[3.1487,43.40083],[3.14876,43.40092],[3.14915,43.40222],[3.15064,43.40268],[3.15118,43.40242],[3.15144,43.40194],[3.15177,43.40136],[3.15209,43.40069],[3.15336,43.39859],[3.15255,43.39792],[3.15243,43.39783],[3.15192,43.39748],[3.15087,43.39668],[3.14894,43.39529],[3.14744,43.3944],[3.147,43.39432],[3.14631,43.39387],[3.14514,43.3933],[3.14427,43.3929],[3.14364,43.39245],[3.14371,43.39231],[3.14457,43.39176],[3.14462,43.39167],[3.14462,43.39158],[3.14363,43.39087],[3.14226,43.38976],[3.14138,43.38914],[3.14039,43.38834],[3.13796,43.3866],[3.13689,43.38574],[3.13614,43.38499],[3.13614,43.38485],[3.1365,43.38449],[3.13669,43.38436],[3.13785,43.38303],[3.1384,43.38267],[3.13894,43.38226],[3.13973,43.38149],[3.14029,43.38091],[3.14046,43.38055],[3.14064,43.38032],[3.14076,43.37994],[3.14094,43.37955],[3.141,43.3791],[3.14118,43.37874],[3.14141,43.37856],[3.1421,43.37829],[3.14241,43.37806],[3.14241,43.37793],[3.14092,43.37821],[3.14055,43.37825],[3.14024,43.37812],[3.13999,43.37798],[3.13895,43.37786],[3.13821,43.37764],[3.13759,43.37728],[3.13727,43.37701],[3.13799,43.37548],[3.13873,43.37533],[3.13873,43.37524],[3.13828,43.37462],[3.13759,43.37381],[3.13784,43.37372],[3.1379,43.37363],[3.13758,43.37261],[3.13719,43.37147],[3.13713,43.37093],[3.13699,43.37071],[3.13668,43.37035],[3.13551,43.37014],[3.13489,43.36992],[3.13434,43.36956],[3.13396,43.3692],[3.13371,43.3689],[3.13358,43.36858],[3.13272,43.36867],[3.13241,43.36873],[3.13192,43.36823],[3.13029,43.36675],[3.13004,43.36635],[3.12961,43.36613],[3.12861,43.36586],[3.12847,43.36574],[3.12779,43.36475],[3.12741,43.36404],[3.12721,43.36326],[3.12622,43.36336],[3.1255,43.36345],[3.12396,43.36405],[3.12249,43.36438],[3.12157,43.36447],[3.12131,43.36452],[3.12131,43.3647],[3.12149,43.36506],[3.12157,43.36538],[3.11983,43.36575],[3.11816,43.36595],[3.11639,43.36605],[3.11582,43.36671],[3.11382,43.36602],[3.11196,43.36596],[3.11067,43.36639],[3.10907,43.36677],[3.10882,43.36681],[3.10844,43.36591],[3.10818,43.36489],[3.10824,43.36453],[3.10816,43.36367],[3.10797,43.36291],[3.10845,43.36268],[3.10839,43.36246],[3.10808,43.36213],[3.10765,43.36223],[3.10747,43.36218],[3.10715,43.3616],[3.10676,43.36048],[3.10732,43.36043],[3.10725,43.36012],[3.10699,43.35935],[3.10693,43.35931],[3.10625,43.35909],[3.1049,43.35888],[3.10483,43.35874],[3.10451,43.35798],[3.10427,43.35776],[3.10364,43.35768],[3.10253,43.35713],[3.10116,43.35637],[3.10122,43.35619],[3.10164,43.35552],[3.10164,43.35534],[3.10096,43.35512],[3.09997,43.35494],[3.09817,43.35429],[3.09749,43.35397],[3.09669,43.35371],[3.09576,43.3533],[3.09546,43.35331],[3.09483,43.35354],[3.09446,43.35376],[3.09484,43.35471],[3.0951,43.35548],[3.09555,43.35673],[3.09567,43.35736],[3.09568,43.35758],[3.09439,43.35755],[3.09365,43.35768],[3.09188,43.35833],[3.09138,43.35869],[3.09126,43.35896],[3.09134,43.35959],[3.09158,43.36023],[3.09254,43.36184],[3.09298,43.36287],[3.09292,43.36314],[3.09188,43.36351],[3.09164,43.36346],[3.09137,43.36328],[3.08861,43.36398],[3.08708,43.36444],[3.08683,43.36439],[3.08515,43.36302],[3.08465,43.36257],[3.0844,43.36212],[3.08434,43.36198],[3.08371,43.36063],[3.08345,43.36032],[3.08332,43.35996],[3.08314,43.35974],[3.08282,43.35911],[3.08262,43.35822],[3.08237,43.35759],[3.08045,43.35751],[3.07927,43.35729],[3.07662,43.35721],[3.07514,43.35713],[3.0739,43.35714],[3.07285,43.35733],[3.07219,43.35756],[3.07132,43.35757],[3.07052,43.3577],[3.0696,43.35807],[3.06825,43.35894],[3.06796,43.35916],[3.06775,43.35912],[3.06707,43.35836],[3.06663,43.35796],[3.06582,43.35737],[3.06453,43.3568],[3.06415,43.35645],[3.06408,43.35636],[3.06359,43.35568],[3.06247,43.35487],[3.06116,43.35412],[3.06085,43.35403],[3.05851,43.35486],[3.0563,43.3555],[3.05243,43.35634],[3.05094,43.35653],[3.05078,43.35626],[3.04935,43.35658],[3.04753,43.35676],[3.04654,43.35695],[3.04518,43.35483],[3.04499,43.35408],[3.04474,43.35289],[3.04402,43.35327],[3.04325,43.35344],[3.04232,43.35343],[3.04065,43.35362],[3.03947,43.35377],[3.03861,43.35393],[3.03857,43.35323],[3.03856,43.3517],[3.03862,43.35139],[3.03757,43.35153],[3.0372,43.35162],[3.03714,43.35166],[3.03708,43.35202],[3.03505,43.35253],[3.03389,43.35303],[3.03236,43.35385],[3.03174,43.35417],[3.03156,43.35412],[3.03081,43.35341],[3.03002,43.35258],[3.02835,43.35265],[3.02749,43.35161],[3.02596,43.35083],[3.02596,43.35029],[3.02607,43.34939],[3.02611,43.34773],[3.02598,43.34728],[3.02597,43.34597],[3.02584,43.34524],[3.02558,43.34449],[3.02539,43.34404],[3.0255,43.34239],[3.0255,43.34149],[3.02544,43.34119],[3.02486,43.34144],[3.02447,43.34142],[3.024,43.34125],[3.02346,43.34094],[3.02233,43.34013],[3.02198,43.34025],[3.02151,43.33989],[3.0209,43.33939],[3.01995,43.33911],[3.01875,43.3385],[3.01862,43.33859],[3.01786,43.33829],[3.01705,43.33791],[3.01676,43.33758],[3.01635,43.3372],[3.015,43.33655],[3.01359,43.33599],[3.01261,43.3355],[3.01147,43.33444],[3.01043,43.33373],[3.00937,43.33325],[3.00826,43.33308],[3.0072,43.33281],[3.00621,43.33281],[3.00504,43.33286],[3.00412,43.33264],[3.00375,43.33242],[3.00338,43.33197],[3.00336,43.33125],[3.00219,43.33126],[3.00132,43.33064],[3.00076,43.33005],[3.00027,43.32952],[2.99858,43.32871],[2.99809,43.32835],[2.99752,43.32782],[2.99703,43.32742],[2.99454,43.3259],[2.99452,43.32552],[2.99311,43.32529],[2.99347,43.32436],[2.993,43.32444],[2.9922,43.32405],[2.99174,43.32281],[2.9913,43.3221],[2.9913,43.32156],[2.99098,43.32102],[2.99037,43.32031],[2.99054,43.31981],[2.99072,43.31921],[2.99029,43.31909],[2.98959,43.31865],[2.98154,43.31762],[2.98015,43.31753],[2.97132,43.31546],[2.9678,43.31418],[2.95921,43.31256],[2.95816,43.31248],[2.95754,43.31248],[2.9563,43.31244],[2.94694,43.31208],[2.94639,43.312],[2.94608,43.31196],[2.94503,43.31251],[2.94263,43.31341],[2.94013,43.31451],[2.93626,43.31637],[2.93607,43.31664],[2.93596,43.31745],[2.93584,43.31767],[2.93523,43.31828],[2.93492,43.31868],[2.93493,43.31945],[2.93524,43.32007],[2.93525,43.32043],[2.9347,43.32062],[2.93371,43.32097],[2.93311,43.32134],[2.93186,43.32184],[2.93132,43.32225],[2.93064,43.32265],[2.92973,43.32307],[2.92844,43.32339],[2.92486,43.32413],[2.92352,43.32458],[2.92278,43.32499],[2.92162,43.32586],[2.92125,43.32608],[2.92007,43.32509],[2.91896,43.32407],[2.91777,43.32295],[2.91751,43.32268],[2.91683,43.32211],[2.91571,43.32156],[2.9141,43.31973],[2.91391,43.31973],[2.91237,43.31996],[2.91194,43.31987],[2.91041,43.3201],[2.91023,43.32028],[2.90998,43.32047],[2.9088,43.32079],[2.90783,43.32124],[2.90727,43.32165],[2.90691,43.32214],[2.90642,43.32261],[2.90642,43.32265],[2.90612,43.32288],[2.90372,43.32303],[2.9034,43.32343],[2.90279,43.32388],[2.90065,43.3247],[2.89966,43.32493],[2.8972,43.32513],[2.89684,43.32549],[2.89553,43.32604],[2.89493,43.32626],[2.8918,43.32749],[2.89045,43.32808],[2.89033,43.32826],[2.89009,43.32916],[2.88993,43.32952],[2.88978,43.32977],[2.8867,43.3299],[2.88615,43.33044],[2.88573,43.3309],[2.8856,43.33122],[2.88555,43.33158],[2.88574,43.33203],[2.88611,43.33265],[2.88612,43.33296],[2.88562,43.33356],[2.88496,43.33427],[2.88464,43.3345],[2.88464,43.33454],[2.88415,43.33504],[2.88422,43.33522],[2.88535,43.33611],[2.88608,43.33693],[2.8861,43.33796],[2.88623,43.33828],[2.88635,43.33855],[2.88704,43.33994],[2.88791,43.34038],[2.88902,43.34077],[2.89075,43.34114],[2.89136,43.34132],[2.89173,43.34167],[2.89199,43.34216],[2.89231,43.34311],[2.89237,43.3436],[2.89127,43.34459],[2.89097,43.345],[2.89097,43.34562],[2.89111,43.34599],[2.89111,43.34685],[2.89081,43.34739],[2.89081,43.34766],[2.89107,43.34811],[2.89119,43.34851],[2.89071,43.34932],[2.89016,43.3504],[2.88962,43.35144],[2.8895,43.35177],[2.8893,43.35199],[2.88791,43.35425],[2.88791,43.35447],[2.88828,43.35509],[2.88878,43.35577],[2.88941,43.35666],[2.88984,43.35721],[2.8899,43.35735],[2.88979,43.3578],[2.88943,43.35865],[2.88925,43.35914],[2.88889,43.36],[2.88889,43.36036],[2.88914,43.36135],[2.88928,43.36202],[2.88984,43.36391],[2.88998,43.3645],[2.8901,43.36499],[2.89017,43.36535],[2.88772,43.36662],[2.88354,43.36872],[2.87887,43.37103],[2.87727,43.37167],[2.87663,43.37178],[2.87659,43.37179],[2.87635,43.37181],[2.87321,43.37281],[2.87204,43.37318],[2.8697,43.37333],[2.86951,43.37351],[2.86946,43.37387],[2.86941,43.37499],[2.86978,43.37557],[2.87028,43.37616],[2.8717,43.37696],[2.8727,43.37768],[2.87282,43.37799],[2.87283,43.37871],[2.87258,43.37912],[2.8721,43.37965],[2.87193,43.37999],[2.87156,43.38038],[2.87057,43.38101],[2.87044,43.38106],[2.8686,43.38211],[2.86837,43.38229],[2.86865,43.38253],[2.86936,43.38258],[2.86953,43.3827],[2.86955,43.38283],[2.86954,43.383],[2.86937,43.3832],[2.86781,43.3822],[2.86762,43.38237],[2.86698,43.38213],[2.86582,43.38199],[2.86592,43.3817],[2.86523,43.38119],[2.86445,43.38078],[2.8637,43.38069],[2.86248,43.37998],[2.85982,43.37855],[2.85838,43.37766],[2.85745,43.3773],[2.85715,43.37703],[2.85677,43.37626],[2.85677,43.37608],[2.85625,43.37465],[2.85619,43.37407],[2.85607,43.37375],[2.85563,43.37348],[2.85544,43.37325],[2.85538,43.37299],[2.8555,43.37267],[2.85574,43.37221],[2.85605,43.3719],[2.85623,43.37163],[2.85622,43.37118],[2.85604,43.37073],[2.85592,43.3705],[2.85578,43.37015],[2.85603,43.36992],[2.85652,43.36978],[2.85714,43.36974],[2.85734,43.36983],[2.85789,43.37018],[2.85826,43.37036],[2.85857,43.37041],[2.85882,43.37017],[2.85913,43.36963],[2.85912,43.36855],[2.85923,43.36833],[2.8596,43.36797],[2.86101,43.36679],[2.86143,43.36657],[2.86266,43.36592],[2.86327,43.36529],[2.86327,43.36493],[2.86321,43.36363],[2.86314,43.36336],[2.86307,43.36318],[2.86295,43.36278],[2.86276,43.36242],[2.86263,43.36157],[2.86275,43.36134],[2.86312,43.36112],[2.86373,43.36107],[2.86404,43.36111],[2.86497,43.36115],[2.86515,43.36101],[2.86607,43.36011],[2.86692,43.35947],[2.86766,43.3592],[2.8684,43.35919],[2.86914,43.35942],[2.8692,43.35924],[2.8692,43.35825],[2.86926,43.35789],[2.8695,43.35753],[2.86968,43.35704],[2.86955,43.35663],[2.86955,43.35596],[2.8696,43.35564],[2.86966,43.35524],[2.86942,43.35492],[2.86935,43.35456],[2.86965,43.35424],[2.86966,43.35356],[2.86989,43.35262],[2.87049,43.3517],[2.87071,43.35125],[2.87112,43.35096],[2.87178,43.35077],[2.87183,43.35016],[2.87202,43.34999],[2.87239,43.35005],[2.87222,43.34927],[2.87196,43.34854],[2.87186,43.34698],[2.87199,43.34658],[2.87229,43.34527],[2.87246,43.34482],[2.87246,43.34451],[2.8724,43.34437],[2.87202,43.34393],[2.87177,43.34353],[2.87171,43.34311],[2.87133,43.34262],[2.87133,43.34235],[2.87183,43.34208],[2.87576,43.34031],[2.87575,43.34022],[2.87563,43.33999],[2.87544,43.33968],[2.87514,43.33945],[2.87489,43.33941],[2.87458,43.33923],[2.8739,43.33937],[2.87341,43.33942],[2.87292,43.33933],[2.87192,43.33798],[2.87179,43.33744],[2.87159,43.33609],[2.87171,43.33529],[2.87171,43.33475],[2.87152,43.33452],[2.87083,43.33435],[2.87071,43.33426],[2.87059,43.33385],[2.87053,43.33381],[2.87021,43.33272],[2.87009,43.33245],[2.86977,43.33174],[2.86926,43.33061],[2.86875,43.32986],[2.86832,43.32959],[2.86512,43.32857],[2.86178,43.32773],[2.85826,43.32702],[2.85647,43.3268],[2.84796,43.3259],[2.84629,43.32573],[2.84597,43.32562],[2.84528,43.32536],[2.84424,43.32483],[2.83972,43.32251],[2.83898,43.32221],[2.83855,43.32212],[2.83786,43.32212],[2.83706,43.32235],[2.83609,43.32271],[2.83553,43.32262],[2.83523,43.32262],[2.83436,43.32286],[2.83375,43.32272],[2.83276,43.32241],[2.83208,43.32229],[2.8309,43.32228],[2.83022,43.32233],[2.82949,43.32219],[2.82899,43.3222],[2.82868,43.32229],[2.82838,43.32261],[2.82777,43.3232],[2.82734,43.32334],[2.82654,43.32347],[2.82561,43.32348],[2.8245,43.32331],[2.82332,43.32294],[2.82289,43.32295],[2.82135,43.32327],[2.8208,43.32327],[2.81975,43.32273],[2.81938,43.3226],[2.81926,43.32269],[2.81919,43.32309],[2.81896,43.32341],[2.81871,43.32355],[2.8184,43.32378],[2.81816,43.32396],[2.81717,43.32392],[2.81543,43.32374],[2.81271,43.32349],[2.8093,43.32186],[2.80821,43.32126],[2.80783,43.32099],[2.80635,43.31999],[2.80561,43.31978],[2.80554,43.31964],[2.80579,43.31928],[2.80585,43.31892],[2.80567,43.3187],[2.80516,43.31816],[2.80517,43.31772],[2.80528,43.31748],[2.80534,43.31726],[2.80565,43.31681],[2.80571,43.31658],[2.80619,43.31595],[2.80632,43.31577],[2.80686,43.31546],[2.80686,43.31537],[2.80705,43.31533],[2.80754,43.31482],[2.80811,43.31469],[2.80834,43.31455],[2.80865,43.31419],[2.80908,43.31386],[2.81031,43.3131],[2.81062,43.31282],[2.81085,43.31251],[2.81122,43.31219],[2.81208,43.31201],[2.81238,43.31178],[2.81238,43.31174],[2.81263,43.31156],[2.81306,43.31147],[2.81546,43.31087],[2.81719,43.31046],[2.81793,43.31024],[2.81829,43.31],[2.81835,43.30973],[2.81823,43.30943],[2.8181,43.30934],[2.81705,43.30821],[2.81581,43.30709],[2.81294,43.30539],[2.80933,43.30428],[2.80875,43.30392],[2.80244,43.30066],[2.80183,43.30031],[2.80138,43.30009],[2.79922,43.29852],[2.79562,43.29584],[2.79179,43.29302],[2.79073,43.29199],[2.79073,43.2919],[2.79017,43.29136],[2.78968,43.29077],[2.7893,43.29041],[2.78844,43.28951],[2.78844,43.28942],[2.78781,43.28875],[2.78751,43.28826],[2.7873,43.28776],[2.78724,43.28772],[2.78706,43.28705],[2.78661,43.2856],[2.78654,43.28452],[2.78654,43.28313],[2.78666,43.28223],[2.78664,43.28047],[2.78669,43.27944],[2.78669,43.27854],[2.78681,43.27778],[2.78679,43.27575],[2.78691,43.2748],[2.78697,43.27466],[2.78697,43.27443],[2.78692,43.27351],[2.78728,43.2734],[2.78752,43.27244],[2.78725,43.27206],[2.78682,43.27157],[2.78552,43.27054],[2.7849,43.27013],[2.78413,43.26853],[2.7833,43.26738],[2.78277,43.26701],[2.77979,43.26508],[2.77895,43.26489],[2.7753,43.26435],[2.77496,43.26305],[2.77387,43.2615],[2.77331,43.26099],[2.77208,43.26091],[2.7719,43.25996],[2.7717,43.25974],[2.77109,43.25929],[2.77096,43.25907],[2.77109,43.25889],[2.77169,43.25849],[2.77225,43.25779],[2.7701,43.25737],[2.76745,43.25683],[2.76691,43.25652],[2.76523,43.25601],[2.76306,43.25525],[2.76063,43.25511],[2.75252,43.25459],[2.75221,43.25504],[2.75196,43.25532],[2.7516,43.256],[2.75105,43.25671],[2.74922,43.25802],[2.74769,43.25907],[2.74701,43.25947],[2.74602,43.2598],[2.74565,43.25998],[2.74504,43.26025],[2.74474,43.26052],[2.74456,43.26079],[2.74449,43.26097],[2.74443,43.26102],[2.74424,43.26147],[2.74413,43.26187],[2.74407,43.26191],[2.74395,43.26227],[2.74388,43.2625],[2.74352,43.26308],[2.7431,43.26368],[2.74273,43.26399],[2.74133,43.26453],[2.74077,43.26458],[2.74033,43.26499],[2.73935,43.26594],[2.7391,43.26635],[2.73874,43.26671],[2.73789,43.26734],[2.73507,43.26865],[2.73248,43.26965],[2.73033,43.27069],[2.72861,43.27147],[2.72573,43.27274],[2.72107,43.27442],[2.71835,43.27546],[2.71774,43.27582],[2.71712,43.27592],[2.71503,43.27686],[2.71485,43.27668],[2.7143,43.27575],[2.71367,43.27462],[2.71347,43.2744],[2.71323,43.27404],[2.7131,43.274],[2.71016,43.27486],[2.70997,43.27491],[2.70941,43.27378],[2.70892,43.27365],[2.70738,43.27352],[2.70669,43.27379],[2.70491,43.27456],[2.70418,43.27551],[2.70393,43.27578],[2.70388,43.27592],[2.70351,43.27628],[2.7032,43.27668],[2.70297,43.27681],[2.70278,43.27731],[2.70266,43.27744],[2.70242,43.2779],[2.70224,43.27813],[2.7015,43.27848],[2.70125,43.27866],[2.70083,43.27894],[2.70026,43.27894],[2.70014,43.27898],[2.69964,43.2794],[2.69916,43.27985],[2.69891,43.28026],[2.69885,43.28062],[2.69923,43.28101],[2.69923,43.28133],[2.69898,43.28155],[2.69898,43.28164],[2.69924,43.28187],[2.70022,43.28232],[2.70114,43.28276],[2.70134,43.28299],[2.70153,43.28344],[2.70185,43.28438],[2.70184,43.28519],[2.70179,43.28546],[2.70178,43.28609],[2.70179,43.28641],[2.70198,43.28677],[2.70193,43.28698],[2.7037,43.28864],[2.70454,43.28992],[2.70527,43.2912],[2.70596,43.29233],[2.70682,43.29373],[2.70707,43.29404],[2.70714,43.29427],[2.70258,43.29545],[2.70227,43.29564],[2.70227,43.29581],[2.70239,43.2959],[2.7032,43.2968],[2.70352,43.29715],[2.70451,43.29824],[2.70569,43.29882],[2.70452,43.29932],[2.70267,43.30063],[2.7023,43.30104],[2.70139,43.30153],[2.70023,43.30221],[2.69961,43.30248],[2.6985,43.30266],[2.69831,43.3028],[2.69833,43.30311],[2.69857,43.30347],[2.69906,43.30406],[2.69919,43.30424],[2.69981,43.30486],[2.69968,43.30509],[2.6995,43.30519],[2.69945,43.30573],[2.69957,43.30582],[2.69969,43.30618],[2.69927,43.3064],[2.69915,43.30653],[2.69915,43.30833]]]]},"properties":{"ID":"346","id":"346","NOM_MASSIF":"MINERVOIS-ET-ST-CHINIANAIS","dept":"34"}}]}