{"type":"FeatureCollection","features":[{"type":"Feature","id":0,"geometry":{"type":"MultiPolygon","coordinates":[[[[4.44142,43.74611],[4.44231,43.74317],[4.44266,43.74222],[4.44293,43.74113],[4.44344,43.73995],[4.44587,43.73333],[4.44602,43.7286],[4.44618,43.72617],[4.44641,43.72359],[4.44685,43.72224],[4.44733,43.72178],[4.44849,43.72135],[4.44917,43.72116],[4.4494,43.72084],[4.44946,43.72057],[4.44981,43.72002],[4.45002,43.71885],[4.45032,43.71835],[4.45067,43.71794],[4.45095,43.71712],[4.45105,43.71653],[4.45147,43.71599],[4.45214,43.71561],[4.45249,43.71511],[4.45359,43.71446],[4.45516,43.71335],[4.45541,43.71321],[4.45624,43.71243],[4.45649,43.71229],[4.45739,43.71165],[4.4577,43.71159],[4.46357,43.7091],[4.46451,43.70894],[4.46482,43.70889],[4.46829,43.7073],[4.47007,43.70645],[4.47018,43.70622],[4.47048,43.70595],[4.47225,43.7051],[4.47317,43.70482],[4.4742,43.70439],[4.47519,43.70433],[4.47531,43.7041],[4.47554,43.70378],[4.47776,43.70297],[4.47836,43.70256],[4.47853,43.7021],[4.47877,43.70178],[4.47945,43.7019],[4.48007,43.70194],[4.48142,43.70137],[4.48171,43.70074],[4.48202,43.70055],[4.48319,43.70054],[4.48316,43.69963],[4.48347,43.69967],[4.48429,43.69997],[4.48478,43.70001],[4.48641,43.69885],[4.48591,43.69855],[4.48444,43.6974],[4.48129,43.69444],[4.48014,43.69316],[4.47864,43.6913],[4.47771,43.6896],[4.47609,43.68586],[4.47566,43.68446],[4.4758,43.6832],[4.47637,43.68148],[4.47689,43.68053],[4.4781,43.67803],[4.47844,43.67685],[4.4785,43.67527],[4.4784,43.67424],[4.47793,43.67322],[4.47747,43.6725],[4.47676,43.67188],[4.4755,43.6711],[4.47349,43.67046],[4.47049,43.6697],[4.46843,43.66938],[4.46463,43.66914],[4.46115,43.66866],[4.45796,43.66801],[4.45595,43.66742],[4.45425,43.66663],[4.45278,43.66558],[4.4513,43.66413],[4.4502,43.6627],[4.44967,43.6619],[4.44813,43.65991],[4.44703,43.65871],[4.44664,43.65817],[4.44559,43.65649],[4.44472,43.65475],[4.44288,43.65195],[4.44079,43.64905],[4.43933,43.64634],[4.43822,43.64438],[4.43754,43.64272],[4.43636,43.63932],[4.43573,43.63736],[4.4343,43.63355],[4.43364,43.6324],[4.43234,43.63066],[4.43182,43.63013],[4.42846,43.62772],[4.42782,43.62714],[4.42704,43.62621],[4.42617,43.62448],[4.42607,43.62335],[4.42609,43.62231],[4.42649,43.6214],[4.42703,43.62067],[4.42841,43.6193],[4.429,43.61861],[4.43165,43.61622],[4.4349,43.61373],[4.43515,43.61359],[4.43684,43.61235],[4.43757,43.61193],[4.43829,43.61147],[4.43975,43.61067],[4.44135,43.61028],[4.44388,43.60996],[4.44537,43.60998],[4.44836,43.61029],[4.45097,43.61069],[4.45222,43.61084],[4.45453,43.61139],[4.45647,43.61212],[4.45905,43.61328],[4.46076,43.61434],[4.46222,43.61489],[4.4639,43.61522],[4.4644,43.6153],[4.46681,43.61521],[4.46785,43.61492],[4.46961,43.61413],[4.47108,43.6132],[4.47252,43.61205],[4.47293,43.61159],[4.47323,43.61131],[4.47425,43.61002],[4.47454,43.60952],[4.47472,43.6093],[4.47524,43.6083],[4.47533,43.6074],[4.47529,43.6065],[4.47474,43.60489],[4.47414,43.60386],[4.47318,43.60302],[4.47242,43.60254],[4.47135,43.60203],[4.46927,43.60093],[4.46768,43.59989],[4.46679,43.59914],[4.46547,43.597],[4.46289,43.59205],[4.46178,43.59041],[4.46068,43.58926],[4.45814,43.5875],[4.45548,43.58589],[4.45486,43.58563],[4.45378,43.58502],[4.45278,43.58454],[4.45227,43.58424],[4.45025,43.58356],[4.44832,43.58318],[4.44702,43.58303],[4.44454,43.58303],[4.44331,43.58315],[4.43839,43.58427],[4.4368,43.58466],[4.43384,43.5853],[4.43101,43.58567],[4.42848,43.58567],[4.42691,43.58552],[4.42554,43.58523],[4.42322,43.58424],[4.42,43.58258],[4.41754,43.58119],[4.41621,43.58036],[4.41546,43.58002],[4.41444,43.57935],[4.40877,43.57649],[4.40442,43.57437],[4.4034,43.57357],[4.40295,43.57299],[4.40293,43.57259],[4.40323,43.57231],[4.40422,43.57202],[4.40539,43.57196],[4.40632,43.57203],[4.40739,43.57238],[4.40894,43.57271],[4.41205,43.57296],[4.41404,43.57297],[4.41447,43.57291],[4.41532,43.57254],[4.41604,43.5719],[4.4165,43.57108],[4.41678,43.57008],[4.41676,43.56918],[4.41646,43.56793],[4.4158,43.56668],[4.41496,43.56566],[4.41457,43.56531],[4.41387,43.5646],[4.41068,43.562],[4.40935,43.56113],[4.40728,43.56027],[4.40672,43.56009],[4.40665,43.55998],[4.4064,43.55983],[4.40557,43.55953],[4.40383,43.55925],[4.40204,43.55928],[4.40063,43.55953],[4.39943,43.56001],[4.39762,43.56053],[4.39572,43.56083],[4.39376,43.56132],[4.3926,43.5617],[4.38983,43.56252],[4.38872,43.56258],[4.3881,43.56246],[4.38741,43.5622],[4.38721,43.56194],[4.38718,43.56095],[4.387,43.56001],[4.387,43.55946],[4.38593,43.55701],[4.38496,43.55563],[4.38413,43.55478],[4.38215,43.55347],[4.38127,43.55304],[4.38058,43.55265],[4.37939,43.55217],[4.37714,43.55154],[4.37451,43.55055],[4.37293,43.54976],[4.37062,43.54886],[4.37011,43.54865],[4.36704,43.5478],[4.36505,43.54738],[4.36194,43.54695],[4.35941,43.547],[4.35688,43.54726],[4.35391,43.5474],[4.35255,43.54734],[4.351,43.54705],[4.35037,43.54675],[4.34998,43.54622],[4.34997,43.54604],[4.3495,43.54496],[4.34907,43.54321],[4.34897,43.54223],[4.34662,43.54214],[4.34372,43.54038],[4.33916,43.53772],[4.33779,43.5372],[4.33654,43.53691],[4.33572,43.53639],[4.33553,43.5362],[4.33527,43.53607],[4.33471,43.53572],[4.33433,43.53568],[4.33329,43.53575],[4.332,43.53609],[4.33071,43.53665],[4.32513,43.5399],[4.32172,43.54136],[4.31891,43.54285],[4.31794,43.5434],[4.31746,43.54364],[4.31686,43.5441],[4.31664,43.5442],[4.31643,43.54433],[4.31608,43.54488],[4.31579,43.54592],[4.31582,43.54659],[4.31635,43.54762],[4.31664,43.548],[4.31718,43.5486],[4.31945,43.54968],[4.32108,43.55059],[4.32141,43.55104],[4.32185,43.55126],[4.32261,43.55192],[4.32313,43.55263],[4.32341,43.55335],[4.32336,43.55384],[4.32301,43.55434],[4.32235,43.55485],[4.31895,43.55702],[4.3184,43.55717],[4.31808,43.55699],[4.3172,43.55661],[4.31664,43.55632],[4.31413,43.5554],[4.31394,43.55514],[4.31417,43.55464],[4.31568,43.5538],[4.31664,43.55347],[4.31704,43.55328],[4.31715,43.55301],[4.31713,43.55237],[4.31664,43.55153],[4.31541,43.55092],[4.31461,43.55089],[4.31405,43.55099],[4.31312,43.55123],[4.31201,43.5513],[4.31164,43.55117],[4.31107,43.55087],[4.30973,43.54967],[4.30844,43.54803],[4.30798,43.54718],[4.30782,43.54619],[4.3081,43.54515],[4.30845,43.54447],[4.30952,43.54328],[4.31012,43.54255],[4.31113,43.5415],[4.31251,43.53999],[4.31298,43.53926],[4.31375,43.5383],[4.31398,43.53789],[4.31494,43.53648],[4.31517,43.53607],[4.31664,43.53389],[4.31827,43.5325],[4.32082,43.5312],[4.32233,43.53022],[4.32292,43.52954],[4.32393,43.52781],[4.3238,43.52768],[4.32158,43.52605],[4.31964,43.52532],[4.31858,43.52507],[4.31664,43.52461],[4.3157,43.52436],[4.31441,43.52437],[4.31183,43.52482],[4.31047,43.52489],[4.30959,43.52469],[4.30889,43.52425],[4.30773,43.52279],[4.30671,43.52167],[4.30589,43.52101],[4.30448,43.52005],[4.30391,43.51952],[4.30321,43.51903],[4.30245,43.51828],[4.30061,43.51688],[4.29783,43.51507],[4.29657,43.51447],[4.29476,43.51392],[4.29024,43.5134],[4.28842,43.51308],[4.2838,43.51153],[4.2833,43.51132],[4.27741,43.5093],[4.27654,43.50905],[4.27585,43.50875],[4.27317,43.50808],[4.27143,43.50779],[4.26358,43.50792],[4.26061,43.50766],[4.25904,43.50728],[4.25734,43.50645],[4.25451,43.50474],[4.24781,43.50215],[4.24581,43.50147],[4.24468,43.50126],[4.244,43.50119],[4.24368,43.50097],[4.24211,43.50005],[4.23991,43.49896],[4.23833,43.49791],[4.23794,43.49733],[4.23774,43.49688],[4.2378,43.49666],[4.23814,43.49588],[4.23947,43.4946],[4.23982,43.49405],[4.2398,43.49329],[4.23706,43.48879],[4.23615,43.48745],[4.2351,43.48567],[4.23367,43.48349],[4.23249,43.48157],[4.23133,43.47983],[4.23113,43.47925],[4.23129,43.47826],[4.23114,43.47755],[4.23111,43.4766],[4.23162,43.47519],[4.23159,43.47443],[4.23115,43.47228],[4.23021,43.4659],[4.23001,43.46351],[4.23028,43.46018],[4.22991,43.46024],[4.22943,43.46047],[4.22812,43.46062],[4.22763,43.46076],[4.22653,43.46083],[4.22622,43.46097],[4.22499,43.46103],[4.22426,43.46122],[4.22211,43.46153],[4.22174,43.46163],[4.22086,43.46164],[4.22038,43.46183],[4.21927,43.4619],[4.21902,43.46199],[4.21792,43.4621],[4.21761,43.46224],[4.21687,43.4623],[4.21644,43.4623],[4.21608,43.46245],[4.21503,43.46251],[4.21454,43.46265],[4.21354,43.46275],[4.21312,43.46289],[4.2117,43.46305],[4.21152,43.4631],[4.2106,43.46316],[4.20998,43.46331],[4.20937,43.46332],[4.20888,43.46355],[4.20777,43.46366],[4.20733,43.4638],[4.20635,43.46377],[4.20555,43.46401],[4.20463,43.46407],[4.2042,43.46417],[4.20334,43.46428],[4.20303,43.46437],[4.20162,43.46444],[4.20119,43.46458],[4.20013,43.46469],[4.19977,43.46483],[4.1989,43.46485],[4.19835,43.46504],[4.1973,43.46505],[4.19675,43.46523],[4.19595,43.46525],[4.19541,43.46548],[4.19454,43.46554],[4.19392,43.46582],[4.19306,43.46593],[4.19245,43.46616],[4.19178,43.46626],[4.19147,43.46645],[4.19098,43.4665],[4.19061,43.46642],[4.19012,43.46652],[4.18969,43.46666],[4.18877,43.46668],[4.18816,43.46691],[4.18748,43.46692],[4.18661,43.46725],[4.18569,43.46731],[4.18508,43.4675],[4.18372,43.46757],[4.18201,43.468],[4.18115,43.46815],[4.17906,43.46868],[4.17464,43.4696],[4.1728,43.47022],[4.17139,43.47047],[4.16986,43.4709],[4.16962,43.47104],[4.16642,43.47177],[4.16562,43.47192],[4.16287,43.47268],[4.16208,43.47301],[4.16016,43.47345],[4.15845,43.47397],[4.1576,43.4743],[4.15404,43.47529],[4.15257,43.47577],[4.15208,43.47587],[4.15147,43.47615],[4.15001,43.47666],[4.14958,43.47685],[4.14822,43.47723],[4.14652,43.47798],[4.14488,43.47882],[4.14347,43.47938],[4.14237,43.47989],[4.1409,43.48037],[4.1395,43.48102],[4.1389,43.48139],[4.13767,43.48195],[4.13562,43.48356],[4.13429,43.48425],[4.13368,43.48471],[4.133,43.48504],[4.1321,43.48568],[4.13192,43.48596],[4.13084,43.48683],[4.13035,43.48706],[4.12853,43.48844],[4.12823,43.48862],[4.1272,43.48945],[4.12661,43.49023],[4.12595,43.49096],[4.12524,43.49183],[4.12482,43.49229],[4.12421,43.49301],[4.12314,43.4942],[4.12279,43.49484],[4.12261,43.49506],[4.12209,43.49615],[4.12191,43.49633],[4.12168,43.49674],[4.12048,43.49843],[4.12012,43.49875],[4.11989,43.49921],[4.11991,43.50002],[4.11915,43.50142],[4.11851,43.50247],[4.11809,43.50351],[4.11768,43.50419],[4.11711,43.50559],[4.11684,43.50682],[4.11672,43.50704],[4.11687,43.50772],[4.11652,43.50831],[4.11659,43.50871],[4.11691,43.50897],[4.11802,43.50914],[4.11846,43.5094],[4.11922,43.50993],[4.12009,43.51014],[4.12096,43.51022],[4.1214,43.51048],[4.12191,43.51092],[4.12237,43.51186],[4.12278,43.51302],[4.12275,43.5141],[4.12276,43.51455],[4.12296,43.51482],[4.12286,43.51618],[4.12241,43.51753],[4.1226,43.51775],[4.12264,43.51888],[4.12247,43.51933],[4.1221,43.5196],[4.12205,43.51987],[4.12264,43.52076],[4.12315,43.52135],[4.12677,43.52255],[4.12801,43.52284],[4.12845,43.52306],[4.12896,43.52359],[4.12921,43.52359],[4.12944,43.52304],[4.12988,43.52277],[4.13055,43.52262],[4.13141,43.52261],[4.13247,43.52282],[4.13358,43.52285],[4.13452,43.52319],[4.13534,43.52381],[4.13653,43.52424],[4.13729,43.52467],[4.1378,43.52526],[4.13826,43.52611],[4.13841,43.52696],[4.13842,43.52736],[4.13855,43.52749],[4.13871,43.52884],[4.13875,43.52996],[4.13858,43.53041],[4.13846,43.5306],[4.13896,43.53078],[4.1391,43.53118],[4.13912,43.5319],[4.13888,43.53213],[4.13807,43.53241],[4.13758,43.53255],[4.13722,43.53269],[4.13647,43.53266],[4.13604,43.53249],[4.13585,43.53254],[4.13555,43.53281],[4.13606,43.53307],[4.13632,43.5337],[4.13634,43.53415],[4.1361,43.53451],[4.13574,43.53483],[4.13501,43.53507],[4.13439,43.53512],[4.13396,43.53527],[4.13371,43.53522],[4.13271,43.53479],[4.13245,43.53484],[4.13204,43.53534],[4.13236,43.5357],[4.1331,43.53591],[4.13355,43.53617],[4.13356,43.53671],[4.13292,43.53793],[4.13227,43.5388],[4.13179,43.53926],[4.13155,43.53962],[4.13077,43.5404],[4.12962,43.54128],[4.12872,43.54233],[4.12715,43.54357],[4.12685,43.54389],[4.12661,43.54403],[4.12557,43.54476],[4.12472,43.54523],[4.12387,43.54578],[4.12253,43.54643],[4.12163,43.54708],[4.11936,43.5481],[4.11826,43.54857],[4.11735,43.54908],[4.11576,43.54955],[4.11496,43.54957],[4.11428,43.55003],[4.11324,43.55045],[4.11232,43.55069],[4.1097,43.55168],[4.10847,43.55206],[4.10766,43.5522],[4.10515,43.55305],[4.10448,43.55337],[4.10326,43.55366],[4.10189,43.55391],[4.1011,43.55428],[4.10449,43.56001],[4.1067,43.5636],[4.10677,43.56382],[4.1069,43.56391],[4.10827,43.56624],[4.10899,43.56748],[4.10912,43.56775],[4.10882,43.56816],[4.10871,43.56843],[4.10786,43.56948],[4.10751,43.57007],[4.10691,43.5708],[4.10584,43.5719],[4.10414,43.57337],[4.10095,43.57643],[4.09968,43.57753],[4.09571,43.58133],[4.09363,43.58226],[4.08049,43.59016],[4.07523,43.5884],[4.07504,43.58836],[4.07468,43.58859],[4.07512,43.58899],[4.07555,43.58898],[4.08444,43.59199],[4.08525,43.59216],[4.08574,43.59215],[4.08672,43.59182],[4.08684,43.59173],[4.09678,43.58613],[4.098,43.58553],[4.09891,43.58524],[4.10419,43.58539],[4.11446,43.5873],[4.11458,43.58698],[4.11507,43.58693],[4.12143,43.58814],[4.12379,43.5885],[4.12534,43.58857],[4.12607,43.58846],[4.12693,43.58818],[4.12993,43.58665],[4.13066,43.58641],[4.14386,43.58467],[4.14498,43.58465],[4.14499,43.58497],[4.14641,43.58503],[4.14927,43.58544],[4.14978,43.58548],[4.15021,43.58556],[4.15034,43.58583],[4.15047,43.58632],[4.15051,43.58767],[4.15046,43.5879],[4.15041,43.58839],[4.15011,43.59051],[4.15001,43.59142],[4.14981,43.59286],[4.14966,43.59426],[4.14945,43.59538],[4.14941,43.5961],[4.1493,43.59664],[4.14933,43.59764],[4.14947,43.59791],[4.14978,43.59817],[4.15066,43.59843],[4.15352,43.59905],[4.15521,43.59948],[4.1561,43.59987],[4.16046,43.60295],[4.16059,43.60308],[4.16357,43.6052],[4.16439,43.6059],[4.16755,43.60801],[4.16838,43.60868],[4.16876,43.60903],[4.17698,43.62033],[4.17891,43.62304],[4.18034,43.6251],[4.18175,43.62651],[4.18304,43.62815],[4.18381,43.62909],[4.18596,43.63238],[4.18765,43.6347],[4.18817,43.63559],[4.18934,43.63723],[4.18992,43.63791],[4.19101,43.63923],[4.19153,43.6399],[4.19344,43.64163],[4.19376,43.64207],[4.19378,43.64243],[4.19348,43.64289],[4.19214,43.64403],[4.19197,43.64426],[4.192,43.6453],[4.19188,43.64552],[4.19122,43.64612],[4.19081,43.64666],[4.1907,43.6473],[4.19079,43.6481],[4.19107,43.64891],[4.19145,43.64936],[4.19227,43.64993],[4.19253,43.65006],[4.19322,43.65059],[4.19342,43.65085],[4.19349,43.65112],[4.19382,43.65175],[4.19448,43.65344],[4.19456,43.65404],[4.19445,43.65431],[4.19415,43.65458],[4.19384,43.65468],[4.19249,43.65493],[4.19187,43.65516],[4.19127,43.65562],[4.19014,43.6569],[4.18971,43.65758],[4.18912,43.65835],[4.18733,43.66036],[4.18692,43.66122],[4.18663,43.66235],[4.18653,43.66303],[4.18649,43.66375],[4.18632,43.6642],[4.18591,43.66498],[4.18526,43.66576],[4.18472,43.66644],[4.18399,43.66672],[4.18288,43.66697],[4.18207,43.6672],[4.18135,43.66767],[4.18093,43.66812],[4.18076,43.66858],[4.18082,43.6706],[4.18059,43.6711],[4.18016,43.67137],[4.17898,43.67162],[4.17794,43.67195],[4.17752,43.67223],[4.17746,43.67241],[4.17741,43.67272],[4.1776,43.67303],[4.17799,43.67334],[4.17875,43.67405],[4.17927,43.67476],[4.17935,43.67517],[4.17923,43.67544],[4.17881,43.67586],[4.1782,43.67623],[4.17741,43.67646],[4.17499,43.67672],[4.17431,43.67696],[4.17395,43.67728],[4.17266,43.67947],[4.17177,43.6807],[4.1706,43.68143],[4.16957,43.68204],[4.16867,43.68282],[4.16752,43.68387],[4.16716,43.68423],[4.16655,43.68474],[4.16551,43.68534],[4.16418,43.68622],[4.16357,43.68654],[4.16309,43.687],[4.16285,43.68732],[4.16274,43.68777],[4.16282,43.68844],[4.1631,43.68925],[4.16362,43.69014],[4.16433,43.69148],[4.16449,43.69256],[4.16432,43.69283],[4.17766,43.69896],[4.18849,43.70401],[4.18975,43.70466],[4.19159,43.7058],[4.19218,43.70498],[4.19305,43.70506],[4.19616,43.70542],[4.19878,43.70546],[4.20102,43.70574],[4.20176,43.70573],[4.20656,43.70651],[4.2078,43.70667],[4.21025,43.7073],[4.21245,43.70799],[4.21294,43.70807],[4.21379,43.70922],[4.21484,43.7092],[4.21552,43.70919],[4.21608,43.70932],[4.21659,43.70971],[4.21716,43.71011],[4.21817,43.71063],[4.21974,43.7112],[4.22086,43.71136],[4.22347,43.71122],[4.22532,43.71079],[4.2279,43.71034],[4.22907,43.71009],[4.23348,43.70984],[4.23521,43.70981],[4.23689,43.71001],[4.23721,43.71009],[4.23964,43.7105],[4.24471,43.71163],[4.24677,43.71227],[4.24847,43.71297],[4.25269,43.71492],[4.25476,43.71574],[4.25758,43.71632],[4.25839,43.71653],[4.26041,43.71744],[4.26076,43.7169],[4.26069,43.71672],[4.26187,43.71665],[4.26372,43.71631],[4.26441,43.71617],[4.26682,43.71594],[4.27022,43.71588],[4.27127,43.71573],[4.27308,43.71556],[4.2735,43.71537],[4.27399,43.71523],[4.27443,43.71527],[4.27823,43.71579],[4.28309,43.71611],[4.28414,43.71609],[4.28556,43.71602],[4.28631,43.71602],[4.28657,43.7166],[4.28673,43.71767],[4.28687,43.71803],[4.2872,43.71847],[4.28747,43.71919],[4.28763,43.72035],[4.28788,43.72075],[4.28793,43.72207],[4.28802,43.72301],[4.28819,43.72422],[4.28842,43.72552],[4.28851,43.72827],[4.28864,43.73069],[4.28881,43.73182],[4.28888,43.73204],[4.28896,43.73262],[4.28879,43.73325],[4.28876,43.73421],[4.28805,43.73521],[4.28788,43.73562],[4.2879,43.73647],[4.29129,43.73542],[4.293,43.73485],[4.29335,43.73601],[4.29397,43.73609],[4.29503,43.73612],[4.29714,43.73586],[4.29814,43.73594],[4.30081,43.73625],[4.30244,43.73662],[4.30269,43.73666],[4.30413,43.73698],[4.30592,43.73736],[4.30757,43.73772],[4.30903,43.738],[4.30973,43.73813],[4.3159,43.73999],[4.31667,43.74031],[4.31879,43.74001],[4.31943,43.73997],[4.32037,43.73984],[4.32099,43.73972],[4.32301,43.7392],[4.32595,43.73797],[4.32619,43.73783],[4.32676,43.73769],[4.32748,43.73718],[4.32791,43.73699],[4.3279,43.73659],[4.32757,43.73605],[4.32748,43.73537],[4.3276,43.73524],[4.32896,43.73517],[4.3288,43.73581],[4.329,43.73634],[4.32939,43.73679],[4.33046,43.73726],[4.33047,43.7374],[4.32992,43.73786],[4.33077,43.73901],[4.33108,43.73905],[4.33133,43.73891],[4.33151,43.73891],[4.33177,43.73931],[4.33221,43.7393],[4.33259,43.73956],[4.33316,43.7399],[4.33334,43.74],[4.33417,43.74048],[4.33687,43.74133],[4.33983,43.74264],[4.34077,43.74298],[4.34097,43.74325],[4.34081,43.74401],[4.34143,43.74418],[4.34212,43.7443],[4.34206,43.74448],[4.34165,43.74517],[4.34149,43.74575],[4.34164,43.74665],[4.34226,43.74845],[4.34239,43.74853],[4.34247,43.74898],[4.34265,43.75271],[4.34313,43.75406],[4.34331,43.75572],[4.34329,43.75684],[4.34484,43.75686],[4.34684,43.75709],[4.34884,43.75751],[4.35083,43.75748],[4.3581,43.75613],[4.36027,43.75556],[4.36119,43.75545],[4.36191,43.75291],[4.36228,43.7529],[4.36686,43.75399],[4.36717,43.75403],[4.36729,43.75394],[4.36802,43.75159],[4.37001,43.752],[4.37146,43.75242],[4.3717,43.75242],[4.37256,43.74993],[4.37255,43.7498],[4.37423,43.74999],[4.37467,43.74998],[4.37441,43.74958],[4.37258,43.74709],[4.37476,43.74692],[4.37488,43.74674],[4.37499,43.74638],[4.37511,43.74629],[4.37548,43.74632],[4.37586,43.7465],[4.37635,43.7464],[4.37714,43.74593],[4.37736,43.74521],[4.37768,43.74367],[4.37805,43.74366],[4.37843,43.7438],[4.37935,43.74364],[4.38115,43.74325],[4.38189,43.74315],[4.38406,43.74315],[4.38518,43.74322],[4.38515,43.74228],[4.38589,43.74217],[4.38928,43.74143],[4.39034,43.74141],[4.39664,43.74216],[4.39892,43.74361],[4.40128,43.74536],[4.40276,43.74677],[4.40587,43.75081],[4.40701,43.75323],[4.40954,43.75777],[4.40956,43.75836],[4.40877,43.76094],[4.40829,43.76306],[4.40763,43.76542],[4.40724,43.767],[4.407,43.76723],[4.40683,43.76768],[4.40671,43.76786],[4.40496,43.77127],[4.40573,43.77143],[4.40604,43.77156],[4.41275,43.7736],[4.41501,43.77424],[4.41563,43.77432],[4.417,43.77429],[4.41743,43.77419],[4.41817,43.77382],[4.41871,43.77327],[4.42043,43.77103],[4.42107,43.7699],[4.42214,43.76825],[4.42452,43.76546],[4.42512,43.76469],[4.42596,43.76386],[4.42668,43.76322],[4.42747,43.76284],[4.42801,43.76225],[4.42853,43.76111],[4.42882,43.76034],[4.42894,43.76016],[4.42911,43.7598],[4.43041,43.75811],[4.43197,43.75651],[4.43222,43.75659],[4.43266,43.75681],[4.43303,43.75676],[4.43407,43.75588],[4.43454,43.75524],[4.43531,43.75433],[4.43624,43.75247],[4.43691,43.75029],[4.43731,43.74942],[4.4385,43.74792],[4.43934,43.74714],[4.44142,43.74611]]]]},"properties":{"ID":"307","id":"307","NOM_MASSIF":"COSTIERES PETITE CAMARGUE","dept":"30"}},{"type":"Feature","id":1,"geometry":{"type":"MultiPolygon","coordinates":[[[[4.5064,44.07462],[4.50802,44.0762],[4.50873,44.07682],[4.50951,44.07762],[4.50971,44.07793],[4.51022,44.07842],[4.51054,44.0785],[4.51394,44.07776],[4.51685,44.07716],[4.5188,44.07717],[4.5186,44.07686],[4.51845,44.07627],[4.51836,44.07565],[4.51848,44.07542],[4.51885,44.07523],[4.5194,44.07513],[4.51997,44.07512],[4.5206,44.07529],[4.52136,44.07573],[4.52174,44.0759],[4.52218,44.07598],[4.5231,44.07556],[4.5236,44.07555],[4.52423,44.07576],[4.52449,44.07603],[4.52496,44.07683],[4.52516,44.07709],[4.52537,44.07763],[4.52556,44.07781],[4.52588,44.07798],[4.52612,44.07784],[4.52678,44.07715],[4.52795,44.07632],[4.52868,44.07594],[4.52929,44.07548],[4.52946,44.07507],[4.52962,44.07435],[4.52971,44.07349],[4.52988,44.073],[4.53018,44.07272],[4.53055,44.07258],[4.53111,44.07257],[4.53294,44.0732],[4.53434,44.07377],[4.53535,44.07406],[4.53623,44.07414],[4.53704,44.07403],[4.53859,44.07386],[4.53903,44.07386],[4.5394,44.0738],[4.53983,44.07352],[4.54013,44.07316],[4.54022,44.07226],[4.54016,44.07095],[4.53995,44.07024],[4.53968,44.06948],[4.5396,44.06894],[4.53965,44.06867],[4.53989,44.0684],[4.54026,44.06821],[4.54255,44.06785],[4.54317,44.06779],[4.54362,44.06801],[4.54375,44.06827],[4.54377,44.06877],[4.54367,44.06931],[4.54364,44.07007],[4.54377,44.07021],[4.54408,44.07025],[4.54456,44.06974],[4.54509,44.06897],[4.54564,44.06855],[4.54594,44.06845],[4.54619,44.06845],[4.54645,44.06853],[4.54721,44.06906],[4.54799,44.06973],[4.54825,44.07013],[4.54858,44.07039],[4.54908,44.07051],[4.54957,44.07032],[4.55043,44.0699],[4.55104,44.06966],[4.55143,44.06975],[4.55194,44.07001],[4.55207,44.0705],[4.55227,44.07085],[4.55291,44.07125],[4.55342,44.07146],[4.55392,44.07149],[4.5541,44.0714],[4.55435,44.07086],[4.55457,44.07022],[4.55429,44.06933],[4.55413,44.06852],[4.55377,44.06732],[4.55339,44.06705],[4.5531,44.0662],[4.5529,44.06567],[4.55257,44.06545],[4.5522,44.06531],[4.55206,44.065],[4.55236,44.06482],[4.55279,44.06467],[4.55315,44.0639],[4.55368,44.06308],[4.55421,44.0624],[4.55517,44.06143],[4.5558,44.0616],[4.55612,44.06168],[4.55704,44.06127],[4.55925,44.0601],[4.56073,44.05975],[4.56291,44.05971],[4.56553,44.05952],[4.56582,44.05911],[4.56599,44.0587],[4.56636,44.0586],[4.56711,44.05863],[4.56807,44.05875],[4.5687,44.05892],[4.56913,44.05891],[4.56969,44.05872],[4.57005,44.05854],[4.57059,44.05803],[4.57145,44.05752],[4.5726,44.05669],[4.57285,44.05673],[4.57349,44.05712],[4.57419,44.0576],[4.57459,44.05813],[4.57485,44.05853],[4.57506,44.05902],[4.57553,44.05982],[4.5758,44.06044],[4.57602,44.06111],[4.57622,44.06157],[4.57636,44.06201],[4.5767,44.06259],[4.57789,44.06266],[4.58012,44.06248],[4.58139,44.0629],[4.58183,44.06294],[4.58181,44.06244],[4.58173,44.06195],[4.58489,44.0613],[4.58526,44.06116],[4.58519,44.05931],[4.58542,44.05891],[4.58531,44.05769],[4.58496,44.05676],[4.58488,44.05622],[4.58474,44.05586],[4.5846,44.05559],[4.5846,44.05523],[4.58484,44.05487],[4.58525,44.05432],[4.58585,44.05363],[4.58652,44.05317],[4.58731,44.05279],[4.59002,44.05202],[4.59127,44.05172],[4.59349,44.051],[4.60071,44.04888],[4.60533,44.04744],[4.60836,44.04648],[4.60797,44.04612],[4.6079,44.04595],[4.60794,44.04532],[4.60817,44.04477],[4.60815,44.04423],[4.60781,44.04361],[4.60755,44.04339],[4.60734,44.0429],[4.60738,44.04236],[4.60774,44.04154],[4.60789,44.04077],[4.60847,44.03954],[4.60857,44.03909],[4.60944,44.03736],[4.61091,44.0363],[4.61124,44.03521],[4.61164,44.03439],[4.612,44.03402],[4.61415,44.03335],[4.61459,44.03334],[4.61553,44.03319],[4.6159,44.033],[4.61594,44.0325],[4.61624,44.03214],[4.61654,44.03186],[4.61739,44.03135],[4.61825,44.03097],[4.61855,44.03069],[4.61847,44.03029],[4.61991,44.02903],[4.62101,44.02808],[4.62213,44.02788],[4.62442,44.02752],[4.62604,44.02573],[4.62639,44.02523],[4.62728,44.02413],[4.62876,44.02216],[4.62888,44.02207],[4.62894,44.02189],[4.6289,44.02049],[4.62918,44.01986],[4.62971,44.01917],[4.63012,44.01831],[4.63002,44.0175],[4.62952,44.01747],[4.62555,44.01633],[4.62511,44.01625],[4.62374,44.01637],[4.62294,44.01661],[4.6227,44.01675],[4.6205,44.01661],[4.6201,44.01568],[4.61974,44.01455],[4.61962,44.01141],[4.61948,44.01105],[4.61946,44.01051],[4.61931,44.01006],[4.61916,44.00944],[4.61898,44.00773],[4.61904,44.0076],[4.61945,44.00705],[4.62064,44.00562],[4.62141,44.00461],[4.62201,44.00393],[4.62305,44.0031],[4.62303,44.00265],[4.62237,44.00172],[4.62183,44.00074],[4.62175,44.00033],[4.6218,44.00011],[4.62238,43.99902],[4.62266,43.99816],[4.62262,43.99694],[4.62241,43.99626],[4.62258,43.99586],[4.62262,43.99532],[4.62286,43.99513],[4.62311,43.99517],[4.62374,43.99535],[4.62412,43.99534],[4.62448,43.9952],[4.62496,43.99469],[4.62595,43.99449],[4.62724,43.99397],[4.62761,43.99396],[4.628,43.99409],[4.62838,43.99426],[4.62907,43.99438],[4.63126,43.99456],[4.63214,43.99472],[4.63312,43.99429],[4.63417,43.994],[4.63478,43.99368],[4.63504,43.99557],[4.63523,43.99565],[4.63603,43.99546],[4.63776,43.99497],[4.63777,43.99389],[4.63768,43.99133],[4.63746,43.99043],[4.6359,43.99041],[4.63422,43.99049],[4.63366,43.99046],[4.63286,43.98904],[4.63278,43.98877],[4.6324,43.98842],[4.63191,43.98721],[4.63171,43.98698],[4.63158,43.98663],[4.6315,43.98631],[4.63117,43.98578],[4.63103,43.98543],[4.63107,43.98484],[4.63112,43.98461],[4.63096,43.98376],[4.63068,43.98287],[4.6306,43.98242],[4.63047,43.98206],[4.63051,43.9816],[4.6308,43.98092],[4.63085,43.98061],[4.63069,43.97985],[4.63072,43.97904],[4.6307,43.97854],[4.63057,43.97832],[4.63038,43.97689],[4.63022,43.97581],[4.62996,43.97523],[4.62988,43.97478],[4.62912,43.97456],[4.62899,43.97434],[4.62873,43.97426],[4.62867,43.97412],[4.62796,43.97364],[4.62789,43.97351],[4.62345,43.97171],[4.62314,43.97167],[4.61605,43.97204],[4.61512,43.97206],[4.61483,43.97102],[4.61455,43.97027],[4.61433,43.96942],[4.61369,43.9675],[4.61355,43.96718],[4.61262,43.96553],[4.61142,43.96331],[4.61038,43.96234],[4.60897,43.96111],[4.60754,43.95983],[4.60744,43.95726],[4.60705,43.95344],[4.60681,43.95196],[4.6066,43.95143],[4.60626,43.95076],[4.60587,43.95027],[4.60514,43.94916],[4.60512,43.9488],[4.6056,43.94816],[4.60559,43.94789],[4.60552,43.94771],[4.60526,43.94749],[4.60412,43.94715],[4.60318,43.94699],[4.60274,43.94687],[4.6021,43.94643],[4.60166,43.94626],[4.60129,43.94622],[4.60098,43.94632],[4.59669,43.9464],[4.59521,43.9467],[4.59388,43.94664],[4.59182,43.94628],[4.58968,43.94582],[4.58949,43.94577],[4.58806,43.94562],[4.58788,43.94423],[4.58768,43.93888],[4.58783,43.93816],[4.58798,43.93721],[4.58792,43.93707],[4.58745,43.93641],[4.58707,43.9361],[4.5865,43.93584],[4.58517,43.93542],[4.58271,43.93456],[4.5822,43.93426],[4.58053,43.93137],[4.57968,43.92981],[4.57867,43.92789],[4.57813,43.92696],[4.57811,43.92642],[4.57863,43.92542],[4.57886,43.92479],[4.57895,43.92406],[4.579,43.92379],[4.57898,43.92289],[4.57856,43.92164],[4.57835,43.92119],[4.57809,43.92093],[4.57808,43.92052],[4.57812,43.91995],[4.57869,43.91862],[4.5795,43.91726],[4.58313,43.90273],[4.5834,43.90146],[4.58356,43.90083],[4.58396,43.9001],[4.58406,43.89938],[4.58398,43.89871],[4.58297,43.89665],[4.58211,43.89532],[4.58149,43.89376],[4.58162,43.89231],[4.58306,43.8841],[4.58328,43.87882],[4.5831,43.8754],[4.58272,43.87514],[4.57955,43.87372],[4.57855,43.87347],[4.57718,43.87344],[4.57668,43.87332],[4.57529,43.87326],[4.57303,43.87249],[4.57337,43.87132],[4.5733,43.87114],[4.57298,43.87106],[4.57281,43.86988],[4.5713,43.86946],[4.57183,43.86855],[4.57182,43.86842],[4.57045,43.86818],[4.56995,43.86823],[4.56971,43.86837],[4.56927,43.86838],[4.56624,43.86744],[4.56479,43.8668],[4.56507,43.86589],[4.5651,43.86504],[4.56495,43.86432],[4.56303,43.85968],[4.5635,43.85719],[4.56343,43.85706],[4.5613,43.85696],[4.56019,43.85703],[4.55163,43.85945],[4.55132,43.85946],[4.55118,43.85897],[4.54968,43.85206],[4.54664,43.85221],[4.54362,43.85317],[4.54246,43.85359],[4.54165,43.8537],[4.54104,43.85403],[4.53611,43.85534],[4.53574,43.85539],[4.53431,43.85371],[4.53347,43.85287],[4.53558,43.84265],[4.53476,43.84227],[4.5292,43.83985],[4.52894,43.83954],[4.52849,43.83761],[4.52814,43.83658],[4.5275,43.8343],[4.52757,43.83255],[4.52709,43.8316],[4.52645,43.83094],[4.5253,43.83016],[4.52511,43.82993],[4.52147,43.82735],[4.5214,43.82721],[4.52562,43.82362],[4.52678,43.81986],[4.53027,43.81502],[4.53193,43.81278],[4.53341,43.81068],[4.53519,43.80822],[4.53559,43.80736],[4.53848,43.80162],[4.53947,43.79945],[4.53957,43.79904],[4.53957,43.7989],[4.53867,43.79811],[4.53635,43.79581],[4.52716,43.78771],[4.52715,43.78757],[4.5269,43.78758],[4.5242,43.78664],[4.52156,43.78592],[4.51586,43.78482],[4.50455,43.78301],[4.50225,43.78306],[4.5004,43.78327],[4.49873,43.78334],[4.49729,43.78301],[4.49535,43.78291],[4.48444,43.782],[4.48176,43.78168],[4.47713,43.78065],[4.47543,43.77996],[4.47485,43.77961],[4.47428,43.7793],[4.47186,43.7776],[4.47154,43.77729],[4.47103,43.77698],[4.46968,43.77574],[4.46852,43.77446],[4.46813,43.77415],[4.46807,43.77402],[4.46526,43.77029],[4.46415,43.76878],[4.46362,43.76794],[4.46311,43.76754],[4.45591,43.76412],[4.45571,43.76381],[4.45595,43.76196],[4.45604,43.76088],[4.45518,43.7558],[4.45477,43.75496],[4.45378,43.7516],[4.45305,43.74986],[4.45273,43.74959],[4.45014,43.74873],[4.4482,43.74819],[4.44343,43.74661],[4.44142,43.74611],[4.43934,43.74714],[4.4385,43.74792],[4.43731,43.74942],[4.43691,43.75029],[4.43624,43.75247],[4.43531,43.75433],[4.43454,43.75524],[4.43407,43.75588],[4.43303,43.75676],[4.43266,43.75681],[4.43222,43.75659],[4.43197,43.75651],[4.43041,43.75811],[4.42911,43.7598],[4.42894,43.76016],[4.42882,43.76034],[4.42853,43.76111],[4.42801,43.76225],[4.42747,43.76284],[4.42668,43.76322],[4.42596,43.76386],[4.42512,43.76469],[4.42452,43.76546],[4.42214,43.76825],[4.42107,43.7699],[4.42043,43.77103],[4.41871,43.77327],[4.41817,43.77382],[4.41743,43.77419],[4.417,43.77429],[4.41563,43.77432],[4.41501,43.77424],[4.41275,43.7736],[4.40604,43.77156],[4.40573,43.77143],[4.40496,43.77127],[4.40671,43.76786],[4.40683,43.76768],[4.407,43.76723],[4.40724,43.767],[4.40763,43.76542],[4.40829,43.76306],[4.40877,43.76094],[4.40956,43.75836],[4.40954,43.75777],[4.40701,43.75323],[4.40587,43.75081],[4.40276,43.74677],[4.40128,43.74536],[4.39892,43.74361],[4.39664,43.74216],[4.39034,43.74141],[4.38928,43.74143],[4.38589,43.74217],[4.38515,43.74228],[4.38518,43.74322],[4.38406,43.74315],[4.38189,43.74315],[4.38115,43.74325],[4.37935,43.74364],[4.37843,43.7438],[4.37805,43.74366],[4.37768,43.74367],[4.37736,43.74521],[4.37714,43.74593],[4.37635,43.7464],[4.37586,43.7465],[4.37548,43.74632],[4.37511,43.74629],[4.37499,43.74638],[4.37488,43.74674],[4.37476,43.74692],[4.37258,43.74709],[4.37441,43.74958],[4.37467,43.74998],[4.37423,43.74999],[4.37255,43.7498],[4.37256,43.74993],[4.3717,43.75242],[4.37146,43.75242],[4.37001,43.752],[4.36802,43.75159],[4.36729,43.75394],[4.36717,43.75403],[4.36686,43.75399],[4.36228,43.7529],[4.36191,43.75291],[4.36119,43.75545],[4.36027,43.75556],[4.3581,43.75613],[4.35083,43.75748],[4.34884,43.75751],[4.34684,43.75709],[4.34484,43.75686],[4.34329,43.75684],[4.34331,43.75572],[4.34313,43.75406],[4.34265,43.75271],[4.34247,43.74898],[4.34239,43.74853],[4.34226,43.74845],[4.34164,43.74665],[4.34149,43.74575],[4.34165,43.74517],[4.34206,43.74448],[4.34212,43.7443],[4.34143,43.74418],[4.34081,43.74401],[4.34097,43.74325],[4.34077,43.74298],[4.33983,43.74264],[4.33687,43.74133],[4.33417,43.74048],[4.33334,43.74],[4.33316,43.7399],[4.33259,43.73956],[4.33221,43.7393],[4.33177,43.73931],[4.33151,43.73891],[4.33133,43.73891],[4.33108,43.73905],[4.33077,43.73901],[4.32992,43.73786],[4.33047,43.7374],[4.33046,43.73726],[4.32939,43.73679],[4.329,43.73634],[4.3288,43.73581],[4.32896,43.73517],[4.3276,43.73524],[4.32748,43.73537],[4.32757,43.73605],[4.3279,43.73659],[4.32791,43.73699],[4.32748,43.73718],[4.32676,43.73769],[4.32619,43.73783],[4.32595,43.73797],[4.32301,43.7392],[4.32099,43.73972],[4.32037,43.73984],[4.31943,43.73997],[4.31879,43.74001],[4.31667,43.74031],[4.3159,43.73999],[4.30973,43.73813],[4.30903,43.738],[4.30757,43.73772],[4.30592,43.73736],[4.30413,43.73698],[4.30269,43.73666],[4.30244,43.73662],[4.30081,43.73625],[4.29814,43.73594],[4.29714,43.73586],[4.29503,43.73612],[4.29397,43.73609],[4.29335,43.73601],[4.293,43.73485],[4.29129,43.73542],[4.2879,43.73647],[4.28788,43.73562],[4.28805,43.73521],[4.28876,43.73421],[4.28879,43.73325],[4.28896,43.73262],[4.28888,43.73204],[4.28881,43.73182],[4.28864,43.73069],[4.28851,43.72827],[4.28842,43.72552],[4.28819,43.72422],[4.28802,43.72301],[4.28793,43.72207],[4.28788,43.72075],[4.28763,43.72035],[4.28747,43.71919],[4.2872,43.71847],[4.28687,43.71803],[4.28673,43.71767],[4.28657,43.7166],[4.28631,43.71602],[4.28556,43.71602],[4.28414,43.71609],[4.28309,43.71611],[4.27823,43.71579],[4.27443,43.71527],[4.27399,43.71523],[4.2735,43.71537],[4.27308,43.71556],[4.27127,43.71573],[4.27022,43.71588],[4.26682,43.71594],[4.26441,43.71617],[4.26372,43.71631],[4.26187,43.71665],[4.26069,43.71672],[4.26076,43.7169],[4.26041,43.71744],[4.25839,43.71653],[4.25758,43.71632],[4.25476,43.71574],[4.25269,43.71492],[4.24847,43.71297],[4.24677,43.71227],[4.24471,43.71163],[4.23964,43.7105],[4.23721,43.71009],[4.23689,43.71001],[4.23521,43.70981],[4.23348,43.70984],[4.22907,43.71009],[4.2279,43.71034],[4.22532,43.71079],[4.22347,43.71122],[4.22086,43.71136],[4.21974,43.7112],[4.21817,43.71063],[4.21716,43.71011],[4.21659,43.70971],[4.21608,43.70932],[4.21552,43.70919],[4.21484,43.7092],[4.21379,43.70922],[4.21294,43.70807],[4.21245,43.70799],[4.21025,43.7073],[4.2078,43.70667],[4.20656,43.70651],[4.20176,43.70573],[4.20102,43.70574],[4.19878,43.70546],[4.19616,43.70542],[4.19305,43.70506],[4.19218,43.70498],[4.19159,43.7058],[4.18975,43.70466],[4.18849,43.70401],[4.17766,43.69896],[4.16432,43.69283],[4.16414,43.69306],[4.16361,43.69392],[4.16362,43.69446],[4.16395,43.69509],[4.1648,43.69625],[4.16537,43.69665],[4.16562,43.69691],[4.16614,43.69744],[4.16646,43.69798],[4.16666,43.69842],[4.16669,43.69932],[4.16652,43.69973],[4.16617,43.70032],[4.16368,43.70229],[4.16351,43.70275],[4.16348,43.70374],[4.16367,43.70603],[4.16363,43.70657],[4.16338,43.70698],[4.16211,43.70781],[4.16126,43.7085],[4.16096,43.70878],[4.15977,43.71023],[4.15891,43.71106],[4.15722,43.71239],[4.15552,43.71354],[4.15425,43.71455],[4.15388,43.71501],[4.1531,43.71575],[4.15179,43.71735],[4.1515,43.71789],[4.15127,43.71875],[4.15125,43.72217],[4.15108,43.72266],[4.15084,43.72307],[4.15048,43.72344],[4.14975,43.72394],[4.14799,43.72492],[4.14706,43.72552],[4.14647,43.72621],[4.14611,43.72676],[4.14572,43.72798],[4.14562,43.72879],[4.14535,43.73009],[4.14502,43.73194],[4.14504,43.73244],[4.15297,43.73384],[4.1554,43.73426],[4.15649,43.73306],[4.15776,43.7321],[4.15807,43.73191],[4.15838,43.73191],[4.15944,43.73208],[4.16105,43.73228],[4.16161,43.73209],[4.16185,43.73204],[4.16336,43.73255],[4.16416,43.73236],[4.16454,43.73244],[4.16617,43.73291],[4.16743,43.73356],[4.16713,43.73388],[4.16605,43.73535],[4.16564,43.73612],[4.16565,43.73634],[4.16628,43.73669],[4.16623,43.73696],[4.16606,43.73742],[4.16601,43.73805],[4.16596,43.73836],[4.16592,43.73904],[4.1658,43.74],[4.16614,43.74246],[4.16642,43.74335],[4.16651,43.74425],[4.1667,43.74447],[4.16708,43.74469],[4.16747,43.74522],[4.16779,43.74544],[4.16843,43.74624],[4.16882,43.74665],[4.16927,43.747],[4.17081,43.74886],[4.17117,43.75034],[4.17121,43.75142],[4.17189,43.75155],[4.172,43.75299],[4.17219,43.75307],[4.1722,43.75348],[4.17191,43.75411],[4.17162,43.75452],[4.17132,43.75507],[4.17133,43.75552],[4.17159,43.75592],[4.17185,43.75645],[4.17188,43.7574],[4.17265,43.75807],[4.17323,43.75882],[4.17355,43.75909],[4.17412,43.75939],[4.17469,43.75974],[4.1752,43.76027],[4.17585,43.76107],[4.1761,43.76133],[4.17649,43.76191],[4.1765,43.7621],[4.1767,43.76241],[4.1785,43.76441],[4.1792,43.76493],[4.18014,43.76541],[4.1802,43.76708],[4.18049,43.76856],[4.18051,43.76919],[4.18034,43.76951],[4.17888,43.77097],[4.17841,43.77156],[4.17829,43.77179],[4.17835,43.77359],[4.1786,43.77562],[4.17716,43.77537],[4.17725,43.77618],[4.17773,43.77806],[4.17637,43.77808],[4.17425,43.77789],[4.17435,43.77879],[4.17418,43.77947],[4.17414,43.78014],[4.17353,43.78051],[4.17255,43.7812],[4.17183,43.78193],[4.16983,43.78345],[4.16987,43.78471],[4.16979,43.78602],[4.16961,43.78633],[4.1679,43.78754],[4.16704,43.78772],[4.16593,43.7881],[4.16262,43.78982],[4.16195,43.79001],[4.16015,43.79004],[4.15898,43.7902],[4.15731,43.79063],[4.15532,43.7908],[4.15458,43.79095],[4.15366,43.79132],[4.15213,43.79207],[4.1504,43.79219],[4.14934,43.79211],[4.14872,43.79202],[4.14853,43.79203],[4.14708,43.79345],[4.14722,43.79408],[4.14717,43.79449],[4.14664,43.79535],[4.14588,43.79676],[4.14486,43.7983],[4.14427,43.79939],[4.14423,43.79993],[4.1443,43.80011],[4.14433,43.80105],[4.14403,43.8016],[4.14405,43.80215],[4.14412,43.80232],[4.14469,43.8029],[4.14471,43.80344],[4.14492,43.80411],[4.14558,43.8054],[4.14615,43.8058],[4.14678,43.80606],[4.14747,43.80609],[4.14796,43.80595],[4.15078,43.80487],[4.15208,43.80431],[4.15263,43.80426],[4.15208,43.80472],[4.15136,43.80567],[4.15125,43.80604],[4.15112,43.80981],[4.15108,43.81266],[4.15103,43.81315],[4.15117,43.81351],[4.15263,43.81474],[4.15371,43.81544],[4.15434,43.8157],[4.15541,43.81601],[4.15735,43.81625],[4.15743,43.81692],[4.15755,43.81908],[4.15764,43.82002],[4.16497,43.81968],[4.17155,43.81925],[4.17273,43.81924],[4.17485,43.81934],[4.17721,43.8193],[4.17782,43.81925],[4.17833,43.81937],[4.17921,43.81945],[4.17995,43.81926],[4.18075,43.81897],[4.18148,43.81851],[4.18239,43.81787],[4.18313,43.81785],[4.18426,43.8181],[4.18475,43.8181],[4.18506,43.818],[4.18687,43.81798],[4.18755,43.81783],[4.18779,43.8176],[4.18785,43.81738],[4.18815,43.81715],[4.18826,43.81679],[4.18851,43.81665],[4.18993,43.8164],[4.19104,43.81611],[4.19214,43.81578],[4.19351,43.8158],[4.19389,43.81575],[4.19475,43.81542],[4.19574,43.81531],[4.19654,43.81507],[4.19696,43.81475],[4.1972,43.81443],[4.1975,43.8142],[4.19837,43.8141],[4.19868,43.814],[4.19922,43.81359],[4.1997,43.81313],[4.19989,43.81272],[4.2002,43.81258],[4.20156,43.81265],[4.20175,43.8126],[4.20444,43.81138],[4.20616,43.81068],[4.20658,43.81036],[4.20659,43.81022],[4.20771,43.80854],[4.20843,43.80758],[4.20949,43.80774],[4.20962,43.80797],[4.20987,43.80801],[4.21024,43.80787],[4.2105,43.80827],[4.21075,43.80844],[4.21287,43.80859],[4.21318,43.80881],[4.21338,43.80913],[4.21345,43.80944],[4.21322,43.8098],[4.21317,43.81016],[4.21343,43.8107],[4.21423,43.81221],[4.21488,43.81306],[4.21521,43.81368],[4.21528,43.81387],[4.2148,43.81446],[4.21462,43.81482],[4.21463,43.81505],[4.21452,43.81532],[4.2141,43.81596],[4.21361,43.81641],[4.21222,43.81765],[4.2109,43.81898],[4.20999,43.81967],[4.20864,43.82059],[4.20835,43.82105],[4.20726,43.82192],[4.20696,43.82224],[4.20699,43.82327],[4.20688,43.82363],[4.2072,43.82394],[4.20853,43.82473],[4.20936,43.8254],[4.20975,43.82584],[4.21001,43.82642],[4.21009,43.82682],[4.20992,43.82728],[4.20957,43.82805],[4.20945,43.82818],[4.20921,43.82855],[4.20922,43.82868],[4.20885,43.82923],[4.20886,43.82941],[4.21004,43.82943],[4.21105,43.82964],[4.21106,43.82977],[4.21063,43.83032],[4.20984,43.83096],[4.20894,43.8318],[4.20799,43.83312],[4.20758,43.83389],[4.20706,43.83543],[4.20671,43.83629],[4.20629,43.83679],[4.20544,43.83734],[4.20391,43.838],[4.20343,43.83837],[4.20307,43.83878],[4.20235,43.83996],[4.20146,43.84128],[4.20099,43.84205],[4.20059,43.84318],[4.20062,43.84409],[4.20095,43.84485],[4.20174,43.84605],[4.20175,43.84636],[4.2015,43.84677],[4.20139,43.84718],[4.20069,43.84867],[4.2001,43.84958],[4.19897,43.851],[4.19824,43.85159],[4.19708,43.85247],[4.19636,43.8532],[4.19522,43.85458],[4.19452,43.8558],[4.1944,43.85616],[4.19444,43.85756],[4.19485,43.85867],[4.1913,43.85851],[4.18843,43.85833],[4.18613,43.85823],[4.18655,43.86012],[4.18678,43.86137],[4.18698,43.86182],[4.18706,43.86231],[4.18857,43.86463],[4.19228,43.86983],[4.19229,43.8701],[4.19194,43.87087],[4.1917,43.87169],[4.19178,43.87223],[4.19198,43.87254],[4.19158,43.87354],[4.19221,43.87402],[4.19234,43.8742],[4.19242,43.87447],[4.19357,43.87553],[4.19376,43.8758],[4.19385,43.87642],[4.19481,43.87732],[4.19494,43.87754],[4.19477,43.87808],[4.19479,43.87866],[4.19511,43.87884],[4.19661,43.87904],[4.1978,43.87947],[4.19799,43.8796],[4.19763,43.87996],[4.19911,43.88139],[4.2017,43.88076],[4.203,43.88024],[4.20324,43.8801],[4.20422,43.88139],[4.20459,43.88188],[4.20517,43.88245],[4.20575,43.88316],[4.20694,43.88535],[4.2076,43.88629],[4.20837,43.88713],[4.20857,43.88739],[4.20962,43.88724],[4.21508,43.88675],[4.22184,43.88582],[4.23028,43.88483],[4.23108,43.88464],[4.23157,43.88445],[4.23212,43.88404],[4.23278,43.88335],[4.23331,43.88253],[4.23385,43.88203],[4.2349,43.88147],[4.23508,43.88115],[4.23518,43.88052],[4.2352,43.87913],[4.2353,43.87853],[4.23559,43.87799],[4.23632,43.87734],[4.23643,43.87707],[4.23638,43.8755],[4.2365,43.87532],[4.2373,43.87476],[4.23759,43.87413],[4.23769,43.87345],[4.2387,43.87384],[4.24048,43.87498],[4.24263,43.87621],[4.24276,43.87643],[4.24295,43.88016],[4.24308,43.88061],[4.24427,43.88275],[4.24479,43.88337],[4.2471,43.88563],[4.24755,43.88617],[4.24847,43.88754],[4.24901,43.88875],[4.24915,43.88915],[4.24919,43.89045],[4.24908,43.891],[4.24873,43.8915],[4.2485,43.892],[4.24839,43.89246],[4.2482,43.89273],[4.24822,43.89331],[4.24855,43.89394],[4.24874,43.89402],[4.25183,43.89487],[4.25515,43.89567],[4.25622,43.89601],[4.25729,43.89658],[4.25812,43.89719],[4.25877,43.89799],[4.25904,43.89853],[4.25963,43.89947],[4.26003,43.90023],[4.26177,43.90029],[4.26332,43.90017],[4.26469,43.9001],[4.26519,43.90014],[4.26594,43.90035],[4.26701,43.90082],[4.2674,43.90118],[4.26766,43.90154],[4.2678,43.90199],[4.26788,43.90266],[4.26835,43.90355],[4.26869,43.9044],[4.26877,43.90507],[4.26881,43.90611],[4.26927,43.90682],[4.26947,43.90717],[4.26974,43.90776],[4.26987,43.90798],[4.27024,43.90784],[4.27128,43.90733],[4.27238,43.90691],[4.27281,43.90681],[4.27387,43.90683],[4.27522,43.90631],[4.27616,43.90607],[4.27765,43.90609],[4.2797,43.90592],[4.28038,43.90582],[4.28222,43.9052],[4.28477,43.9048],[4.28486,43.90584],[4.28457,43.90652],[4.28448,43.90751],[4.28456,43.90818],[4.28516,43.9075],[4.28528,43.90741],[4.28687,43.90625],[4.28931,43.90486],[4.29116,43.90415],[4.29306,43.90353],[4.2951,43.90282],[4.29787,43.90201],[4.2999,43.90121],[4.30277,43.89954],[4.30406,43.89898],[4.30492,43.89879],[4.3076,43.89856],[4.30841,43.89841],[4.30988,43.89775],[4.31296,43.89707],[4.3145,43.89663],[4.31664,43.89613],[4.31896,43.89584],[4.32329,43.89491],[4.32423,43.89485],[4.32952,43.89524],[4.32972,43.89561],[4.33004,43.89578],[4.33141,43.89585],[4.33154,43.89611],[4.33174,43.89643],[4.33231,43.89664],[4.33368,43.89666],[4.33381,43.89684],[4.33413,43.89715],[4.3347,43.89736],[4.33595,43.89734],[4.33749,43.89699],[4.33947,43.89661],[4.33975,43.89737],[4.34032,43.89785],[4.34034,43.89826],[4.34048,43.8987],[4.34106,43.89923],[4.3426,43.90073],[4.34274,43.90119],[4.34265,43.90204],[4.34252,43.90227],[4.34224,43.90318],[4.34177,43.90408],[4.34105,43.90459],[4.34114,43.90553],[4.34142,43.90625],[4.34206,43.90682],[4.3425,43.90704],[4.34339,43.90756],[4.34491,43.90831],[4.34522,43.90834],[4.34534,43.90821],[4.34601,43.90779],[4.34694,43.90759],[4.34755,43.90731],[4.34847,43.90703],[4.3501,43.90695],[4.35091,43.90703],[4.35395,43.90688],[4.35451,43.90673],[4.35517,43.90632],[4.35547,43.906],[4.35572,43.90586],[4.35585,43.90612],[4.35671,43.90747],[4.35696,43.90751],[4.35788,43.90722],[4.35912,43.90715],[4.36136,43.9068],[4.36259,43.90641],[4.36438,43.90598],[4.36854,43.90555],[4.37033,43.90511],[4.37151,43.90504],[4.37269,43.90502],[4.3768,43.90481],[4.37779,43.90461],[4.37846,43.90415],[4.37925,43.90373],[4.38006,43.90367],[4.38062,43.90385],[4.38131,43.90383],[4.38528,43.90322],[4.38626,43.90297],[4.38693,43.90251],[4.38804,43.90236],[4.38867,43.90239],[4.38961,43.90273],[4.39055,43.90276],[4.39098,43.90284],[4.39179,43.90287],[4.39384,43.90266],[4.39546,43.90236],[4.39572,43.90281],[4.39566,43.90294],[4.39523,43.90304],[4.39505,43.90318],[4.39463,43.90382],[4.39432,43.90409],[4.39298,43.9047],[4.3928,43.90493],[4.39164,43.90711],[4.38903,43.91107],[4.38836,43.91158],[4.38419,43.91345],[4.38027,43.91555],[4.37874,43.91616],[4.37627,43.91671],[4.37628,43.91707],[4.37651,43.9181],[4.37694,43.91804],[4.37818,43.91784],[4.38035,43.9178],[4.38171,43.91755],[4.38364,43.91757],[4.38465,43.91768],[4.38577,43.91771],[4.38657,43.91738],[4.38682,43.91737],[4.38749,43.91871],[4.38801,43.91942],[4.38839,43.91968],[4.38869,43.91995],[4.38929,43.92035],[4.38987,43.92096],[4.39033,43.92154],[4.39073,43.92225],[4.39085,43.92265],[4.39105,43.92288],[4.39162,43.92291],[4.39206,43.9229],[4.39385,43.92264],[4.39395,43.92179],[4.39423,43.92115],[4.39428,43.92084],[4.39446,43.92052],[4.3972,43.9206],[4.39764,43.92064],[4.39815,43.92109],[4.39873,43.92175],[4.39919,43.92233],[4.39921,43.92282],[4.39915,43.923],[4.39869,43.92409],[4.39871,43.92454],[4.39884,43.92476],[4.39936,43.92534],[4.40061,43.92554],[4.40105,43.92566],[4.4017,43.9262],[4.40235,43.927],[4.40236,43.9274],[4.40225,43.92767],[4.40239,43.92825],[4.40259,43.92852],[4.4029,43.9286],[4.40333,43.92851],[4.40345,43.92837],[4.40382,43.92809],[4.40443,43.92795],[4.40506,43.92793],[4.4055,43.92806],[4.406,43.92814],[4.40662,43.92804],[4.40712,43.92834],[4.40739,43.92874],[4.40761,43.92969],[4.40849,43.9299],[4.40887,43.93012],[4.40889,43.9307],[4.40865,43.93098],[4.40873,43.93156],[4.40894,43.93247],[4.40903,43.93286],[4.40623,43.93332],[4.40439,43.93389],[4.40346,43.93404],[4.40222,43.9342],[4.40079,43.93414],[4.39935,43.93389],[4.39828,43.93364],[4.39482,43.93249],[4.39349,43.9322],[4.39249,43.93208],[4.39106,43.93215],[4.39007,43.9323],[4.3894,43.93258],[4.38903,43.93277],[4.38842,43.93323],[4.38729,43.93487],[4.38634,43.93606],[4.3861,43.93642],[4.38513,43.93725],[4.38386,43.93826],[4.38357,43.93863],[4.38339,43.93895],[4.38341,43.93972],[4.38355,43.94017],[4.38393,43.94056],[4.38432,43.94087],[4.38439,43.94105],[4.38432,43.94249],[4.3843,43.94393],[4.38406,43.94398],[4.38419,43.94429],[4.38445,43.94442],[4.38594,43.94448],[4.38619,43.94457],[4.38698,43.94573],[4.38707,43.94627],[4.39028,43.94733],[4.38967,43.94779],[4.38885,43.9492],[4.38867,43.94939],[4.38812,43.94962],[4.38969,43.95001],[4.39395,43.95065],[4.39514,43.95098],[4.3952,43.95273],[4.39563,43.95408],[4.39566,43.95548],[4.39583,43.95651],[4.39586,43.95741],[4.39652,43.95847],[4.39654,43.9591],[4.39644,43.95969],[4.39654,43.96064],[4.39682,43.96154],[4.39689,43.96194],[4.3976,43.96247],[4.39836,43.96286],[4.39983,43.96391],[4.40027,43.96408],[4.40096,43.96416],[4.40146,43.96415],[4.40182,43.96397],[4.40213,43.96369],[4.40288,43.96381],[4.40319,43.96381],[4.40405,43.96357],[4.40442,43.96356],[4.40511,43.96364],[4.40525,43.96408],[4.40542,43.96529],[4.40537,43.96723],[4.40504,43.97066],[4.40489,43.97147],[4.4048,43.97242],[4.40453,43.97377],[4.4045,43.97445],[4.40439,43.97499],[4.40441,43.97548],[4.40425,43.97648],[4.40422,43.97752],[4.40278,43.98065],[4.40233,43.98192],[4.40347,43.98239],[4.40562,43.98343],[4.40568,43.9832],[4.40592,43.98315],[4.40823,43.98325],[4.40899,43.98346],[4.40949,43.98368],[4.41049,43.98384],[4.41137,43.98396],[4.41206,43.98417],[4.41254,43.98362],[4.4129,43.98316],[4.41397,43.98359],[4.41417,43.9839],[4.41432,43.98467],[4.41469,43.98461],[4.4155,43.98461],[4.41613,43.98478],[4.41796,43.98546],[4.42084,43.9872],[4.42103,43.9872],[4.42212,43.98641],[4.42308,43.98545],[4.42313,43.98509],[4.42331,43.98477],[4.42329,43.98423],[4.42339,43.98374],[4.42383,43.98364],[4.424,43.98341],[4.42431,43.98336],[4.42664,43.98355],[4.42751,43.98353],[4.42819,43.98343],[4.42905,43.98305],[4.43093,43.98162],[4.43117,43.98148],[4.43166,43.98138],[4.43229,43.98137],[4.43385,43.98157],[4.43468,43.98169],[4.43671,43.98102],[4.43882,43.98089],[4.43932,43.98101],[4.43958,43.9812],[4.44025,43.98258],[4.44057,43.98262],[4.44168,43.98241],[4.44182,43.98286],[4.4417,43.983],[4.44202,43.98313],[4.44227,43.98335],[4.44242,43.98379],[4.44243,43.98411],[4.44126,43.98454],[4.43991,43.98519],[4.43911,43.98575],[4.43828,43.98675],[4.43707,43.98781],[4.43592,43.9886],[4.43618,43.98886],[4.43689,43.9897],[4.43696,43.98997],[4.43774,43.99064],[4.43812,43.99104],[4.43846,43.99161],[4.43859,43.99206],[4.43898,43.99273],[4.43957,43.99344],[4.44047,43.99414],[4.44085,43.99436],[4.44124,43.9948],[4.44132,43.99525],[4.44165,43.99574],[4.44192,43.99628],[4.44194,43.99691],[4.44183,43.99718],[4.44179,43.99794],[4.44193,43.9983],[4.44272,44.00103],[4.44299,44.00161],[4.44319,44.00242],[4.44347,44.00318],[4.44388,44.00403],[4.44407,44.00425],[4.44488,44.0059],[4.44508,44.00616],[4.44589,44.00787],[4.44602,44.00809],[4.44669,44.0092],[4.44676,44.00951],[4.44665,44.00996],[4.44661,44.01064],[4.44666,44.01212],[4.44654,44.01239],[4.44644,44.01298],[4.44597,44.01371],[4.446,44.01443],[4.44607,44.0147],[4.44613,44.01628],[4.44603,44.01709],[4.44581,44.01786],[4.44571,44.01872],[4.44567,44.02096],[4.44556,44.02155],[4.44538,44.02322],[4.44521,44.02385],[4.44511,44.02449],[4.44481,44.02517],[4.44457,44.0254],[4.44434,44.02581],[4.44348,44.02794],[4.44242,44.02787],[4.44281,44.02845],[4.44327,44.02898],[4.44387,44.02991],[4.44407,44.03031],[4.44456,44.03224],[4.44583,44.03231],[4.45,44.03214],[4.45553,44.03158],[4.45597,44.03157],[4.45661,44.03211],[4.457,44.03255],[4.45739,44.03309],[4.45879,44.03405],[4.45918,44.03444],[4.45975,44.03475],[4.46059,44.03536],[4.46116,44.03563],[4.46199,44.03611],[4.46218,44.03637],[4.46252,44.03691],[4.46278,44.03726],[4.46336,44.03779],[4.4647,44.03857],[4.46491,44.03915],[4.46521,44.04051],[4.46568,44.04158],[4.46647,44.04268],[4.46828,44.04431],[4.46998,44.04474],[4.46998,44.04487],[4.46974,44.04506],[4.4697,44.04555],[4.4699,44.04595],[4.47096,44.04598],[4.47178,44.0461],[4.47216,44.04631],[4.47216,44.04649],[4.47185,44.04646],[4.47154,44.04646],[4.47148,44.04664],[4.47162,44.04682],[4.47283,44.04752],[4.47596,44.04962],[4.47761,44.05035],[4.47951,44.05104],[4.48076,44.05128],[4.48151,44.05127],[4.48232,44.05112],[4.48268,44.05089],[4.48292,44.05066],[4.48304,44.05044],[4.48409,44.0501],[4.48434,44.04992],[4.48509,44.04986],[4.48596,44.04997],[4.48628,44.0501],[4.48667,44.05045],[4.48687,44.05086],[4.48779,44.05205],[4.48829,44.05254],[4.489,44.05302],[4.48938,44.05315],[4.49001,44.05314],[4.49058,44.05326],[4.49432,44.05333],[4.49509,44.05547],[4.49523,44.05596],[4.49537,44.05624],[4.49586,44.05794],[4.49647,44.05918],[4.49661,44.05958],[4.49681,44.06003],[4.49748,44.06132],[4.49877,44.06252],[4.4993,44.06318],[4.49932,44.06368],[4.49947,44.0643],[4.49994,44.06537],[4.50008,44.06555],[4.50068,44.06657],[4.50147,44.06801],[4.50154,44.06836],[4.50214,44.06921],[4.50254,44.07001],[4.50294,44.07067],[4.50315,44.07126],[4.50322,44.07157],[4.50329,44.07175],[4.50426,44.07258],[4.5064,44.07462]]]]},"properties":{"ID":"306","id":"306","NOM_MASSIF":"GARRIGUES","dept":"30"}},{"type":"Feature","id":2,"geometry":{"type":"MultiPolygon","coordinates":[[[[4.60533,44.04744],[4.60566,44.04784],[4.60567,44.04802],[4.6052,44.04897],[4.60479,44.04952],[4.60439,44.05038],[4.60458,44.05047],[4.60503,44.05082],[4.6053,44.05135],[4.60578,44.05252],[4.60632,44.05359],[4.60639,44.05377],[4.60673,44.05425],[4.60694,44.05483],[4.607,44.05524],[4.60714,44.05564],[4.60744,44.05671],[4.60764,44.0572],[4.6079,44.05733],[4.60798,44.05774],[4.60811,44.05806],[4.60799,44.05819],[4.60795,44.0586],[4.60815,44.05909],[4.6082,44.06017],[4.60802,44.06044],[4.6078,44.06112],[4.60782,44.06171],[4.60796,44.06197],[4.60866,44.06245],[4.60886,44.06267],[4.60893,44.06326],[4.60882,44.06353],[4.60903,44.06415],[4.60923,44.06455],[4.60919,44.06501],[4.60927,44.06546],[4.60954,44.06591],[4.60956,44.0664],[4.60938,44.06672],[4.60927,44.06708],[4.60867,44.0675],[4.60873,44.06763],[4.60858,44.06849],[4.60855,44.06948],[4.60838,44.07011],[4.60825,44.07147],[4.60814,44.07192],[4.60802,44.07201],[4.60792,44.07246],[4.60782,44.07314],[4.60789,44.07494],[4.60806,44.07625],[4.60827,44.07683],[4.60834,44.07862],[4.60829,44.07885],[4.60773,44.07913],[4.60774,44.07931],[4.60808,44.08002],[4.6081,44.08047],[4.60823,44.08069],[4.60781,44.08088],[4.60773,44.08223],[4.60761,44.0826],[4.60698,44.08252],[4.60693,44.08419],[4.60807,44.0848],[4.60972,44.08544],[4.61005,44.08737],[4.61036,44.0907],[4.61049,44.09101],[4.61052,44.09159],[4.61091,44.09361],[4.61263,44.09285],[4.61331,44.09284],[4.614,44.09278],[4.61569,44.09274],[4.61827,44.09319],[4.61922,44.09349],[4.62011,44.09387],[4.62055,44.09396],[4.62172,44.09366],[4.62235,44.09365],[4.62447,44.0937],[4.62436,44.09402],[4.62421,44.09497],[4.6234,44.09498],[4.62173,44.09542],[4.62117,44.09543],[4.62098,44.09539],[4.62081,44.09579],[4.62025,44.0959],[4.61993,44.09608],[4.61964,44.09658],[4.61942,44.09726],[4.61924,44.09749],[4.61919,44.09781],[4.61934,44.09826],[4.61936,44.09898],[4.61925,44.09921],[4.61901,44.09939],[4.61839,44.09963],[4.61722,44.09997],[4.61696,44.1],[4.6168,44.1],[4.61641,44.09989],[4.61628,44.0998],[4.61608,44.09945],[4.61588,44.09927],[4.61525,44.09915],[4.61463,44.09916],[4.61451,44.0993],[4.61383,44.09985],[4.61331,44.09993],[4.61227,44.09975],[4.61156,44.09932],[4.61119,44.09919],[4.61038,44.09938],[4.60883,44.1],[4.60806,44.10074],[4.60759,44.10142],[4.6073,44.10192],[4.60692,44.1022],[4.60662,44.10239],[4.60619,44.10249],[4.60562,44.10236],[4.60511,44.102],[4.60479,44.10192],[4.60448,44.10197],[4.60411,44.10207],[4.60369,44.10244],[4.60333,44.1029],[4.60285,44.10327],[4.60331,44.10393],[4.6039,44.1046],[4.60526,44.10592],[4.60623,44.10662],[4.60725,44.10719],[4.60864,44.1077],[4.60916,44.10805],[4.60955,44.10841],[4.61018,44.10875],[4.61069,44.10897],[4.61102,44.10941],[4.61116,44.10981],[4.61311,44.11166],[4.61357,44.11215],[4.6144,44.11295],[4.61479,44.11339],[4.61504,44.11347],[4.61513,44.11406],[4.61733,44.1141],[4.61821,44.11422],[4.61903,44.11447],[4.61979,44.11482],[4.62063,44.11539],[4.6214,44.11605],[4.62159,44.11609],[4.62224,44.11684],[4.62289,44.11727],[4.62289,44.11741],[4.62302,44.11754],[4.62513,44.11877],[4.62595,44.11929],[4.6264,44.11964],[4.62711,44.12025],[4.62757,44.12074],[4.62834,44.12131],[4.63014,44.12254],[4.63021,44.1242],[4.62967,44.12466],[4.62931,44.12516],[4.62895,44.12715],[4.62877,44.12729],[4.62822,44.12793],[4.62744,44.12853],[4.62689,44.12886],[4.62572,44.12924],[4.62492,44.12957],[4.6235,44.1301],[4.62244,44.13012],[4.62226,44.13021],[4.6217,44.13068],[4.62104,44.13114],[4.62011,44.13151],[4.61937,44.13166],[4.618,44.13173],[4.61615,44.13227],[4.61492,44.13279],[4.61497,44.13431],[4.61454,44.1345],[4.61455,44.13473],[4.61411,44.13627],[4.6138,44.13636],[4.61369,44.13659],[4.61359,44.13718],[4.61316,44.13746],[4.61267,44.1376],[4.61229,44.13765],[4.61181,44.13811],[4.61008,44.1404],[4.60847,44.1407],[4.60854,44.14092],[4.60823,44.14098],[4.60669,44.14146],[4.60549,44.14157],[4.60368,44.14157],[4.60333,44.14054],[4.60293,44.13969],[4.60241,44.1392],[4.60223,44.1392],[4.601,44.13999],[4.59932,44.14016],[4.59888,44.14013],[4.59887,44.13999],[4.59406,44.13982],[4.59394,44.13996],[4.59381,44.14181],[4.59383,44.14217],[4.5954,44.14213],[4.59541,44.14272],[4.59531,44.14339],[4.59527,44.14398],[4.59517,44.14461],[4.59515,44.14569],[4.59509,44.14714],[4.59498,44.14773],[4.59489,44.14858],[4.59471,44.14904],[4.59459,44.14917],[4.5935,44.15001],[4.5932,44.15033],[4.59286,44.15114],[4.59239,44.15178],[4.59192,44.15256],[4.59175,44.15315],[4.59129,44.15428],[4.59113,44.15505],[4.59089,44.15681],[4.59091,44.15753],[4.59112,44.15806],[4.59207,44.1584],[4.59341,44.15906],[4.59412,44.15954],[4.59445,44.15998],[4.59452,44.16016],[4.59447,44.16047],[4.59424,44.16097],[4.59428,44.16237],[4.59448,44.16277],[4.59468,44.16308],[4.59501,44.16339],[4.59547,44.16392],[4.59574,44.16442],[4.59577,44.16513],[4.59566,44.1655],[4.59548,44.16581],[4.59506,44.16618],[4.59445,44.16647],[4.59414,44.1667],[4.59403,44.16692],[4.59398,44.16733],[4.59203,44.16714],[4.58724,44.16673],[4.58557,44.1666],[4.58489,44.16679],[4.58366,44.16735],[4.58265,44.16705],[4.58127,44.1669],[4.58122,44.16735],[4.58148,44.16761],[4.58231,44.16801],[4.58232,44.16824],[4.5822,44.16833],[4.58183,44.16852],[4.58191,44.16892],[4.58212,44.16977],[4.58221,44.17062],[4.58209,44.17076],[4.58211,44.17116],[4.58237,44.17134],[4.58401,44.17171],[4.58568,44.17136],[4.58632,44.17135],[4.5867,44.17147],[4.58734,44.17187],[4.58838,44.17316],[4.58877,44.17373],[4.58872,44.17392],[4.58841,44.17406],[4.58715,44.17386],[4.5869,44.17386],[4.58701,44.17651],[4.58697,44.17714],[4.58674,44.17769],[4.58857,44.1781],[4.59014,44.17834],[4.59246,44.17839],[4.59281,44.17928],[4.59283,44.17996],[4.59278,44.18018],[4.59277,44.18153],[4.59258,44.18185],[4.59255,44.18253],[4.59261,44.18401],[4.59282,44.18459],[4.59315,44.18518],[4.59343,44.18584],[4.59361,44.18714],[4.59395,44.18786],[4.59416,44.18848],[4.59418,44.18929],[4.59395,44.1897],[4.59421,44.19001],[4.59468,44.19072],[4.59542,44.19224],[4.59629,44.19349],[4.59674,44.19388],[4.59701,44.19428],[4.59701,44.1945],[4.59736,44.19522],[4.59803,44.19651],[4.59843,44.19695],[4.59899,44.19707],[4.59963,44.19743],[4.59971,44.1977],[4.5999,44.19787],[4.60097,44.1996],[4.60148,44.20018],[4.60169,44.20062],[4.60172,44.20157],[4.60162,44.20206],[4.60188,44.20246],[4.60203,44.20287],[4.60191,44.203],[4.60195,44.20409],[4.60204,44.20476],[4.60211,44.20494],[4.60233,44.20579],[4.60295,44.20749],[4.60315,44.20784],[4.60041,44.20974],[4.6005,44.21028],[4.6006,44.21131],[4.60096,44.21257],[4.60218,44.2152],[4.60239,44.21578],[4.60243,44.21659],[4.60215,44.21907],[4.6021,44.21934],[4.60217,44.21948],[4.60293,44.21978],[4.60394,44.21993],[4.60431,44.21998],[4.60475,44.21988],[4.60531,44.21992],[4.60595,44.22017],[4.6056,44.22081],[4.60531,44.22149],[4.60526,44.22216],[4.60593,44.22314],[4.60595,44.22363],[4.60579,44.22445],[4.60525,44.22657],[4.60505,44.22784],[4.60511,44.2296],[4.60505,44.22973],[4.60512,44.2314],[4.6052,44.2318],[4.60581,44.233],[4.60582,44.23318],[4.60608,44.23349],[4.60698,44.23415],[4.60903,44.23524],[4.60949,44.23577],[4.60982,44.23635],[4.61054,44.23714],[4.61101,44.23772],[4.60994,44.23805],[4.60945,44.23829],[4.60866,44.23889],[4.6083,44.23926],[4.60834,44.24011],[4.60862,44.24096],[4.60885,44.2419],[4.6096,44.24347],[4.60967,44.24382],[4.6095,44.2441],[4.60902,44.24492],[4.60836,44.24565],[4.60764,44.24634],[4.60746,44.24657],[4.60721,44.24666],[4.60606,44.24763],[4.60582,44.24791],[4.60645,44.24807],[4.60709,44.24838],[4.60754,44.24864],[4.60819,44.24916],[4.60945,44.24954],[4.60952,44.24967],[4.61042,44.25033],[4.61218,44.2521],[4.61251,44.2525],[4.61253,44.25317],[4.61279,44.25497],[4.61345,44.25888],[4.61359,44.25928],[4.61403,44.26129],[4.61432,44.26214],[4.61433,44.26241],[4.61476,44.26371],[4.61489,44.26397],[4.61411,44.26471],[4.61387,44.26503],[4.61336,44.26634],[4.61338,44.26706],[4.61353,44.26778],[4.61388,44.26868],[4.6141,44.2694],[4.61414,44.27039],[4.61402,44.2707],[4.61405,44.27142],[4.61448,44.27263],[4.61502,44.27379],[4.61556,44.27485],[4.61556,44.27499],[4.6161,44.27589],[4.61592,44.27616],[4.6153,44.27622],[4.61448,44.27614],[4.61429,44.27614],[4.61425,44.27668],[4.61557,44.27684],[4.61584,44.27715],[4.61657,44.27793],[4.61815,44.27854],[4.61942,44.27919],[4.62014,44.27976],[4.62059,44.27999],[4.62256,44.28093],[4.62301,44.2811],[4.62882,44.284],[4.63009,44.28447],[4.63174,44.28493],[4.63294,44.28509],[4.63381,44.28502],[4.63493,44.28482],[4.63579,44.2845],[4.63666,44.28403],[4.63806,44.28296],[4.63866,44.28232],[4.63913,44.28159],[4.63965,44.2805],[4.63981,44.27999],[4.64057,44.27661],[4.64052,44.27535],[4.64081,44.2748],[4.64123,44.27439],[4.64196,44.27397],[4.64344,44.27295],[4.64495,44.27166],[4.64579,44.27069],[4.64923,44.27036],[4.64855,44.26762],[4.64854,44.26726],[4.64845,44.26668],[4.64832,44.26511],[4.64834,44.26403],[4.64839,44.26362],[4.64869,44.26299],[4.64987,44.26125],[4.6507,44.26024],[4.65147,44.25915],[4.65195,44.25833],[4.65252,44.25697],[4.65263,44.25661],[4.6534,44.25542],[4.65484,44.25399],[4.65695,44.25179],[4.65882,44.24995],[4.66046,44.24839],[4.6619,44.2471],[4.66635,44.24377],[4.66818,44.2426],[4.67032,44.24143],[4.67168,44.24073],[4.67314,44.23989],[4.67418,44.2391],[4.67484,44.23855],[4.67664,44.23619],[4.67786,44.23412],[4.67836,44.23262],[4.67856,44.23118],[4.67843,44.22943],[4.67799,44.22795],[4.67732,44.2267],[4.6767,44.22629],[4.67664,44.22618],[4.67599,44.22497],[4.67397,44.22114],[4.67307,44.21909],[4.67293,44.2186],[4.67272,44.21815],[4.67267,44.21681],[4.67296,44.21599],[4.6733,44.21521],[4.67365,44.21471],[4.67425,44.21402],[4.67498,44.21346],[4.67577,44.21305],[4.67665,44.21257],[4.67718,44.2123],[4.67825,44.21201],[4.68011,44.2117],[4.68174,44.21171],[4.68362,44.21198],[4.68496,44.21249],[4.68611,44.21306],[4.68922,44.2143],[4.6922,44.21519],[4.69542,44.21584],[4.69736,44.21607],[4.69919,44.21612],[4.70182,44.21607],[4.70368,44.21576],[4.70522,44.21532],[4.7067,44.21471],[4.70799,44.21391],[4.7086,44.2135],[4.70973,44.21221],[4.71049,44.21076],[4.71081,44.20931],[4.71069,44.20792],[4.71034,44.20689],[4.70966,44.20574],[4.70881,44.20485],[4.70668,44.20318],[4.70537,44.20182],[4.70444,44.20057],[4.70378,44.19928],[4.70373,44.19807],[4.70383,44.19766],[4.70412,44.19707],[4.7053,44.19542],[4.70724,44.19201],[4.70741,44.19178],[4.70834,44.19158],[4.7099,44.19145],[4.71321,44.19143],[4.71496,44.19104],[4.71662,44.19042],[4.71748,44.1899],[4.71846,44.18952],[4.71994,44.18904],[4.72068,44.18858],[4.72086,44.18835],[4.72207,44.18742],[4.72218,44.18692],[4.72195,44.18455],[4.72192,44.18378],[4.72105,44.18244],[4.72058,44.18133],[4.72012,44.17801],[4.7199,44.17716],[4.71909,44.17717],[4.71717,44.17752],[4.71679,44.17753],[4.71596,44.17701],[4.71685,44.17438],[4.71731,44.17176],[4.7174,44.16793],[4.71712,44.16249],[4.71708,44.16109],[4.71722,44.15857],[4.71761,44.15609],[4.71855,44.15278],[4.71872,44.15238],[4.71934,44.15074],[4.72006,44.14838],[4.7202,44.14712],[4.72013,44.14559],[4.71982,44.14407],[4.71919,44.14228],[4.71825,44.14072],[4.71799,44.14041],[4.7172,44.13944],[4.71505,44.13733],[4.71367,44.13555],[4.71299,44.1343],[4.71227,44.13185],[4.71205,44.12941],[4.71212,44.12671],[4.71233,44.12392],[4.71213,44.12213],[4.71155,44.12019],[4.71074,44.11846],[4.70934,44.11642],[4.70914,44.11619],[4.70597,44.11203],[4.70517,44.11065],[4.70495,44.10966],[4.70497,44.10867],[4.70508,44.10817],[4.70546,44.107],[4.70633,44.1054],[4.70746,44.10367],[4.70876,44.10198],[4.7096,44.10115],[4.71124,44.1],[4.71485,44.09667],[4.7163,44.0952],[4.71685,44.09474],[4.71762,44.09378],[4.71919,44.09082],[4.71963,44.08942],[4.71964,44.08666],[4.71973,44.08558],[4.71995,44.08346],[4.72063,44.08179],[4.72183,44.08032],[4.72255,44.07968],[4.72377,44.07902],[4.72488,44.07863],[4.72587,44.07843],[4.72761,44.0784],[4.72887,44.07859],[4.73014,44.07902],[4.7316,44.0798],[4.73436,44.08163],[4.73469,44.08194],[4.7359,44.08264],[4.73895,44.08388],[4.73984,44.08413],[4.74072,44.08447],[4.74466,44.08578],[4.74586,44.08612],[4.74884,44.08723],[4.75092,44.08768],[4.75488,44.08831],[4.75656,44.08824],[4.75829,44.08793],[4.75972,44.08745],[4.76063,44.08689],[4.76086,44.0863],[4.76069,44.08545],[4.76041,44.08464],[4.76001,44.08073],[4.75993,44.07907],[4.76003,44.07835],[4.76024,44.07753],[4.76211,44.0756],[4.76289,44.07495],[4.76307,44.07486],[4.76501,44.07351],[4.76722,44.07234],[4.76943,44.07152],[4.77171,44.07089],[4.77351,44.07053],[4.77859,44.06944],[4.78174,44.06843],[4.78223,44.06819],[4.78314,44.06781],[4.78436,44.06706],[4.7852,44.06637],[4.78645,44.06499],[4.78681,44.06435],[4.78686,44.06408],[4.78704,44.06376],[4.78734,44.06218],[4.78741,44.06088],[4.78716,44.05764],[4.7872,44.05575],[4.78763,44.05403],[4.78816,44.05307],[4.78912,44.05219],[4.7922,44.04997],[4.79295,44.04954],[4.79361,44.04908],[4.79404,44.04889],[4.79587,44.0479],[4.79702,44.04725],[4.79831,44.04641],[4.79892,44.04608],[4.80359,44.04284],[4.80402,44.0426],[4.80764,44.04],[4.80776,44.03977],[4.80801,44.03972],[4.80987,44.03788],[4.81101,44.03691],[4.81137,44.03645],[4.81311,44.0347],[4.814,44.03361],[4.81515,44.03147],[4.81572,44.02996],[4.81692,44.02597],[4.81745,44.02209],[4.81804,44.01974],[4.81839,44.01905],[4.81945,44.01772],[4.82035,44.01694],[4.82114,44.01647],[4.8222,44.01614],[4.82319,44.01603],[4.8255,44.01606],[4.8265,44.01613],[4.83123,44.01599],[4.83391,44.01566],[4.83768,44.01494],[4.83878,44.01451],[4.8409,44.01293],[4.84185,44.01183],[4.84226,44.01115],[4.84264,44.00988],[4.84288,44.00812],[4.84301,44.00537],[4.84298,44.00154],[4.84312,44.00041],[4.84353,43.99856],[4.84435,43.99692],[4.84464,43.99656],[4.84493,43.9961],[4.84529,43.99573],[4.84535,43.99559],[4.84528,43.99542],[4.84539,43.99379],[4.84487,43.99159],[4.84397,43.98955],[4.84317,43.98826],[4.84297,43.98804],[4.8423,43.98706],[4.84126,43.98609],[4.84011,43.9854],[4.83904,43.98506],[4.83779,43.98491],[4.83636,43.98503],[4.83536,43.98505],[4.832,43.98526],[4.82995,43.98558],[4.82817,43.98602],[4.82534,43.98698],[4.82522,43.98707],[4.82293,43.98762],[4.81698,43.98837],[4.81529,43.98846],[4.81328,43.9881],[4.81215,43.98776],[4.81182,43.98746],[4.81126,43.98562],[4.81073,43.98347],[4.81012,43.97957],[4.81015,43.97704],[4.81042,43.97605],[4.81116,43.97464],[4.81276,43.97249],[4.81351,43.97103],[4.81381,43.97071],[4.81462,43.96898],[4.81506,43.96762],[4.815,43.9664],[4.81457,43.96497],[4.81403,43.96399],[4.81278,43.96263],[4.81156,43.96179],[4.80971,43.9608],[4.808,43.96003],[4.80182,43.95823],[4.79922,43.95724],[4.79732,43.9563],[4.79558,43.95512],[4.79482,43.95464],[4.79302,43.95337],[4.79205,43.95249],[4.79197,43.95227],[4.79558,43.95178],[4.79531,43.95143],[4.79315,43.94892],[4.79159,43.94737],[4.78897,43.94734],[4.78878,43.94725],[4.78358,43.94214],[4.78197,43.94082],[4.78132,43.94021],[4.77629,43.93766],[4.77356,43.93641],[4.77028,43.93522],[4.76769,43.93438],[4.76681,43.93417],[4.76494,43.93447],[4.76345,43.93442],[4.76051,43.93412],[4.75681,43.93348],[4.74779,43.93101],[4.7464,43.93042],[4.74449,43.92932],[4.74255,43.92775],[4.73958,43.92479],[4.73879,43.92387],[4.73966,43.92074],[4.73945,43.92039],[4.73946,43.92001],[4.73966,43.91935],[4.73793,43.91816],[4.73775,43.91799],[4.73551,43.91651],[4.73518,43.9162],[4.7307,43.91305],[4.73037,43.91275],[4.72941,43.91195],[4.72798,43.91063],[4.72746,43.91001],[4.72609,43.9086],[4.72596,43.90843],[4.72485,43.90727],[4.72337,43.90596],[4.72222,43.90522],[4.72171,43.905],[4.72044,43.90435],[4.71702,43.90298],[4.71349,43.90179],[4.70845,43.90051],[4.70562,43.89984],[4.70537,43.89971],[4.7038,43.89934],[4.70065,43.89837],[4.69907,43.89768],[4.69823,43.89707],[4.6981,43.89685],[4.69791,43.89672],[4.69803,43.89662],[4.69914,43.8966],[4.70647,43.89739],[4.7079,43.89741],[4.70901,43.89725],[4.7088,43.89676],[4.70794,43.89543],[4.70656,43.89528],[4.70562,43.89498],[4.70467,43.89455],[4.70254,43.8927],[4.70112,43.89138],[4.70026,43.89023],[4.69977,43.88884],[4.69926,43.88854],[4.69838,43.88842],[4.69788,43.88821],[4.69723,43.88755],[4.69647,43.8872],[4.69562,43.88623],[4.69484,43.88543],[4.69333,43.88497],[4.69287,43.88444],[4.69229,43.884],[4.69055,43.8839],[4.68948,43.88365],[4.68878,43.88331],[4.68846,43.883],[4.68788,43.88261],[4.68738,43.88257],[4.6852,43.8823],[4.68306,43.8818],[4.67733,43.87989],[4.6767,43.87971],[4.67644,43.87964],[4.67619,43.87947],[4.6751,43.87904],[4.67359,43.87863],[4.67252,43.87814],[4.67069,43.8776],[4.66806,43.87707],[4.66693,43.87678],[4.66616,43.87626],[4.66538,43.87537],[4.66502,43.87434],[4.66485,43.87133],[4.66453,43.87107],[4.66358,43.87063],[4.66251,43.87038],[4.6614,43.87545],[4.66078,43.87546],[4.65908,43.87523],[4.65745,43.87476],[4.65693,43.87441],[4.65584,43.87309],[4.65539,43.87278],[4.65449,43.87249],[4.65232,43.87113],[4.65206,43.87064],[4.65143,43.8702],[4.65034,43.86969],[4.64958,43.8693],[4.64857,43.86887],[4.64594,43.86847],[4.64324,43.86781],[4.64229,43.86747],[4.64173,43.8673],[4.64199,43.86621],[4.64227,43.86526],[4.64281,43.86488],[4.64318,43.86452],[4.64317,43.8642],[4.64302,43.86367],[4.64294,43.86326],[4.64354,43.86262],[4.64438,43.86193],[4.6453,43.86159],[4.64721,43.86079],[4.64768,43.86033],[4.6482,43.85933],[4.64831,43.85883],[4.64797,43.8583],[4.64782,43.85758],[4.64748,43.85683],[4.64709,43.85647],[4.64614,43.85609],[4.6455,43.85551],[4.6441,43.85469],[4.64322,43.85452],[4.64297,43.85439],[4.64269,43.85373],[4.64148,43.85145],[4.64147,43.85113],[4.64178,43.85104],[4.64479,43.8499],[4.64522,43.84985],[4.6456,43.84998],[4.64604,43.85024],[4.64801,43.85123],[4.65047,43.85208],[4.65185,43.85237],[4.65309,43.85239],[4.6544,43.85223],[4.6566,43.8529],[4.65867,43.85322],[4.66016,43.85324],[4.66249,43.85256],[4.66403,43.8518],[4.66529,43.85088],[4.66588,43.85006],[4.66608,43.84879],[4.66676,43.84698],[4.66679,43.84612],[4.6663,43.84478],[4.66591,43.84434],[4.66501,43.84373],[4.66311,43.84282],[4.66079,43.8421],[4.6599,43.84176],[4.65745,43.84114],[4.65588,43.84089],[4.65318,43.84036],[4.65167,43.8399],[4.65015,43.83912],[4.65093,43.8383],[4.65104,43.83812],[4.64901,43.83707],[4.64602,43.83534],[4.64487,43.83445],[4.64358,43.83322],[4.64297,43.83211],[4.64282,43.83108],[4.64284,43.83018],[4.64352,43.82849],[4.6441,43.82735],[4.64467,43.82595],[4.64479,43.82577],[4.64646,43.82573],[4.64687,43.825],[4.64704,43.82455],[4.64761,43.82332],[4.64977,43.82121],[4.65089,43.81975],[4.65146,43.81856],[4.65163,43.81811],[4.65228,43.81684],[4.65293,43.81466],[4.65363,43.81154],[4.65424,43.80973],[4.65463,43.80886],[4.65508,43.80764],[4.65506,43.80692],[4.65459,43.80589],[4.65449,43.80499],[4.65463,43.80382],[4.65485,43.80323],[4.65465,43.80139],[4.65481,43.80035],[4.65454,43.79842],[4.65401,43.79757],[4.65386,43.79686],[4.65308,43.78801],[4.65211,43.78375],[4.65142,43.78214],[4.65058,43.78121],[4.6498,43.78041],[4.64954,43.78006],[4.6485,43.77896],[4.64625,43.77702],[4.6437,43.77518],[4.64349,43.77483],[4.64335,43.77438],[4.64284,43.77389],[4.64188,43.77328],[4.64018,43.77255],[4.63966,43.77216],[4.63932,43.7714],[4.63719,43.76919],[4.63564,43.76783],[4.63468,43.76704],[4.63436,43.76673],[4.63235,43.76438],[4.63196,43.76381],[4.63137,43.76323],[4.63016,43.76235],[4.62976,43.76169],[4.62882,43.75986],[4.62811,43.75771],[4.62769,43.75637],[4.62725,43.75449],[4.62567,43.74907],[4.62386,43.74533],[4.62272,43.74324],[4.62147,43.74146],[4.62036,43.74013],[4.62034,43.74001],[4.62034,43.73968],[4.61935,43.73822],[4.61916,43.738],[4.61732,43.73551],[4.61666,43.73449],[4.61647,43.73427],[4.61363,43.72982],[4.61281,43.7279],[4.61203,43.7254],[4.61194,43.72472],[4.61188,43.72293],[4.61202,43.71851],[4.61228,43.71693],[4.61304,43.7143],[4.6146,43.71103],[4.61527,43.70935],[4.61655,43.70698],[4.61801,43.70479],[4.61956,43.70286],[4.62057,43.70181],[4.62141,43.70107],[4.62326,43.69901],[4.62414,43.6976],[4.62523,43.69555],[4.62608,43.69333],[4.62678,43.69052],[4.62775,43.68524],[4.62658,43.68525],[4.62578,43.68536],[4.62517,43.68573],[4.62409,43.68657],[4.62262,43.68736],[4.62006,43.68849],[4.61847,43.68898],[4.61766,43.68908],[4.61617,43.68903],[4.61392,43.68862],[4.61304,43.68823],[4.61084,43.68751],[4.61021,43.68725],[4.60933,43.68696],[4.60808,43.68662],[4.60583,43.68608],[4.60407,43.68589],[4.60191,43.68593],[4.59735,43.68652],[4.59463,43.68702],[4.59303,43.68746],[4.59121,43.6884],[4.58914,43.6897],[4.5868,43.69155],[4.58513,43.69338],[4.5846,43.69411],[4.58298,43.69563],[4.58274,43.69581],[4.58189,43.69637],[4.58055,43.69698],[4.57889,43.69751],[4.57636,43.69797],[4.5724,43.69818],[4.56775,43.69832],[4.56336,43.69859],[4.56058,43.69899],[4.55811,43.69949],[4.5556,43.70022],[4.55278,43.70131],[4.55071,43.70234],[4.54999,43.70281],[4.54772,43.70389],[4.54524,43.70547],[4.54396,43.70603],[4.54157,43.70685],[4.53985,43.70728],[4.53837,43.70749],[4.53694,43.70751],[4.53507,43.70724],[4.53299,43.70665],[4.53167,43.70599],[4.53058,43.70525],[4.53013,43.70486],[4.52803,43.70324],[4.52701,43.70262],[4.52601,43.70232],[4.52439,43.70213],[4.51596,43.70229],[4.50367,43.70226],[4.50069,43.70209],[4.49938,43.70207],[4.49626,43.70168],[4.4912,43.70056],[4.48723,43.69924],[4.48641,43.69885],[4.48478,43.70001],[4.48429,43.69997],[4.48347,43.69967],[4.48316,43.69963],[4.48319,43.70054],[4.48202,43.70055],[4.48171,43.70074],[4.48142,43.70137],[4.48007,43.70194],[4.47945,43.7019],[4.47877,43.70178],[4.47853,43.7021],[4.47836,43.70256],[4.47776,43.70297],[4.47554,43.70378],[4.47531,43.7041],[4.47519,43.70433],[4.4742,43.70439],[4.47317,43.70482],[4.47225,43.7051],[4.47048,43.70595],[4.47018,43.70622],[4.47007,43.70645],[4.46829,43.7073],[4.46482,43.70889],[4.46451,43.70894],[4.46357,43.7091],[4.4577,43.71159],[4.45739,43.71165],[4.45649,43.71229],[4.45624,43.71243],[4.45541,43.71321],[4.45516,43.71335],[4.45359,43.71446],[4.45249,43.71511],[4.45214,43.71561],[4.45147,43.71599],[4.45105,43.71653],[4.45095,43.71712],[4.45067,43.71794],[4.45032,43.71835],[4.45002,43.71885],[4.44981,43.72002],[4.44946,43.72057],[4.4494,43.72084],[4.44917,43.72116],[4.44849,43.72135],[4.44733,43.72178],[4.44685,43.72224],[4.44641,43.72359],[4.44618,43.72617],[4.44602,43.7286],[4.44587,43.73333],[4.44344,43.73995],[4.44293,43.74113],[4.44266,43.74222],[4.44231,43.74317],[4.44142,43.74611],[4.44343,43.74661],[4.4482,43.74819],[4.45014,43.74873],[4.45273,43.74959],[4.45305,43.74986],[4.45378,43.7516],[4.45477,43.75496],[4.45518,43.7558],[4.45604,43.76088],[4.45595,43.76196],[4.45571,43.76381],[4.45591,43.76412],[4.46311,43.76754],[4.46362,43.76794],[4.46415,43.76878],[4.46526,43.77029],[4.46807,43.77402],[4.46813,43.77415],[4.46852,43.77446],[4.46968,43.77574],[4.47103,43.77698],[4.47154,43.77729],[4.47186,43.7776],[4.47428,43.7793],[4.47485,43.77961],[4.47543,43.77996],[4.47713,43.78065],[4.48176,43.78168],[4.48444,43.782],[4.49535,43.78291],[4.49729,43.78301],[4.49873,43.78334],[4.5004,43.78327],[4.50225,43.78306],[4.50455,43.78301],[4.51586,43.78482],[4.52156,43.78592],[4.5242,43.78664],[4.5269,43.78758],[4.52715,43.78757],[4.52716,43.78771],[4.53635,43.79581],[4.53867,43.79811],[4.53957,43.7989],[4.53957,43.79904],[4.53947,43.79945],[4.53848,43.80162],[4.53559,43.80736],[4.53519,43.80822],[4.53341,43.81068],[4.53193,43.81278],[4.53027,43.81502],[4.52678,43.81986],[4.52562,43.82362],[4.5214,43.82721],[4.52147,43.82735],[4.52511,43.82993],[4.5253,43.83016],[4.52645,43.83094],[4.52709,43.8316],[4.52757,43.83255],[4.5275,43.8343],[4.52814,43.83658],[4.52849,43.83761],[4.52894,43.83954],[4.5292,43.83985],[4.53476,43.84227],[4.53558,43.84265],[4.53347,43.85287],[4.53431,43.85371],[4.53574,43.85539],[4.53611,43.85534],[4.54104,43.85403],[4.54165,43.8537],[4.54246,43.85359],[4.54362,43.85317],[4.54664,43.85221],[4.54968,43.85206],[4.55118,43.85897],[4.55132,43.85946],[4.55163,43.85945],[4.56019,43.85703],[4.5613,43.85696],[4.56343,43.85706],[4.5635,43.85719],[4.56303,43.85968],[4.56495,43.86432],[4.5651,43.86504],[4.56507,43.86589],[4.56479,43.8668],[4.56624,43.86744],[4.56927,43.86838],[4.56971,43.86837],[4.56995,43.86823],[4.57045,43.86818],[4.57182,43.86842],[4.57183,43.86855],[4.5713,43.86946],[4.57281,43.86988],[4.57298,43.87106],[4.5733,43.87114],[4.57337,43.87132],[4.57303,43.87249],[4.57529,43.87326],[4.57668,43.87332],[4.57718,43.87344],[4.57855,43.87347],[4.57955,43.87372],[4.58272,43.87514],[4.5831,43.8754],[4.58328,43.87882],[4.58306,43.8841],[4.58162,43.89231],[4.58149,43.89376],[4.58211,43.89532],[4.58297,43.89665],[4.58398,43.89871],[4.58406,43.89938],[4.58396,43.9001],[4.58356,43.90083],[4.5834,43.90146],[4.58313,43.90273],[4.5795,43.91726],[4.57869,43.91862],[4.57812,43.91995],[4.57808,43.92052],[4.57809,43.92093],[4.57835,43.92119],[4.57856,43.92164],[4.57898,43.92289],[4.579,43.92379],[4.57895,43.92406],[4.57886,43.92479],[4.57863,43.92542],[4.57811,43.92642],[4.57813,43.92696],[4.57867,43.92789],[4.57968,43.92981],[4.58053,43.93137],[4.5822,43.93426],[4.58271,43.93456],[4.58517,43.93542],[4.5865,43.93584],[4.58707,43.9361],[4.58745,43.93641],[4.58792,43.93707],[4.58798,43.93721],[4.58783,43.93816],[4.58768,43.93888],[4.58788,43.94423],[4.58806,43.94562],[4.58949,43.94577],[4.58968,43.94582],[4.59182,43.94628],[4.59388,43.94664],[4.59521,43.9467],[4.59669,43.9464],[4.60098,43.94632],[4.60129,43.94622],[4.60166,43.94626],[4.6021,43.94643],[4.60274,43.94687],[4.60318,43.94699],[4.60412,43.94715],[4.60526,43.94749],[4.60552,43.94771],[4.60559,43.94789],[4.6056,43.94816],[4.60512,43.9488],[4.60514,43.94916],[4.60587,43.95027],[4.60626,43.95076],[4.6066,43.95143],[4.60681,43.95196],[4.60705,43.95344],[4.60744,43.95726],[4.60754,43.95983],[4.60897,43.96111],[4.61038,43.96234],[4.61142,43.96331],[4.61262,43.96553],[4.61355,43.96718],[4.61369,43.9675],[4.61433,43.96942],[4.61455,43.97027],[4.61483,43.97102],[4.61512,43.97206],[4.61605,43.97204],[4.62314,43.97167],[4.62345,43.97171],[4.62789,43.97351],[4.62796,43.97364],[4.62867,43.97412],[4.62873,43.97426],[4.62899,43.97434],[4.62912,43.97456],[4.62988,43.97478],[4.62996,43.97523],[4.63022,43.97581],[4.63038,43.97689],[4.63057,43.97832],[4.6307,43.97854],[4.63072,43.97904],[4.63069,43.97985],[4.63085,43.98061],[4.6308,43.98092],[4.63051,43.9816],[4.63047,43.98206],[4.6306,43.98242],[4.63068,43.98287],[4.63096,43.98376],[4.63112,43.98461],[4.63107,43.98484],[4.63103,43.98543],[4.63117,43.98578],[4.6315,43.98631],[4.63158,43.98663],[4.63171,43.98698],[4.63191,43.98721],[4.6324,43.98842],[4.63278,43.98877],[4.63286,43.98904],[4.63366,43.99046],[4.63422,43.99049],[4.6359,43.99041],[4.63746,43.99043],[4.63768,43.99133],[4.63777,43.99389],[4.63776,43.99497],[4.63603,43.99546],[4.63523,43.99565],[4.63504,43.99557],[4.63478,43.99368],[4.63417,43.994],[4.63312,43.99429],[4.63214,43.99472],[4.63126,43.99456],[4.62907,43.99438],[4.62838,43.99426],[4.628,43.99409],[4.62761,43.99396],[4.62724,43.99397],[4.62595,43.99449],[4.62496,43.99469],[4.62448,43.9952],[4.62412,43.99534],[4.62374,43.99535],[4.62311,43.99517],[4.62286,43.99513],[4.62262,43.99532],[4.62258,43.99586],[4.62241,43.99626],[4.62262,43.99694],[4.62266,43.99816],[4.62238,43.99902],[4.6218,44.00011],[4.62175,44.00033],[4.62183,44.00074],[4.62237,44.00172],[4.62303,44.00265],[4.62305,44.0031],[4.62201,44.00393],[4.62141,44.00461],[4.62064,44.00562],[4.61945,44.00705],[4.61904,44.0076],[4.61898,44.00773],[4.61916,44.00944],[4.61931,44.01006],[4.61946,44.01051],[4.61948,44.01105],[4.61962,44.01141],[4.61974,44.01455],[4.6201,44.01568],[4.6205,44.01661],[4.6227,44.01675],[4.62294,44.01661],[4.62374,44.01637],[4.62511,44.01625],[4.62555,44.01633],[4.62952,44.01747],[4.63002,44.0175],[4.63012,44.01831],[4.62971,44.01917],[4.62918,44.01986],[4.6289,44.02049],[4.62894,44.02189],[4.62888,44.02207],[4.62876,44.02216],[4.62728,44.02413],[4.62639,44.02523],[4.62604,44.02573],[4.62442,44.02752],[4.62213,44.02788],[4.62101,44.02808],[4.61991,44.02903],[4.61847,44.03029],[4.61855,44.03069],[4.61825,44.03097],[4.61739,44.03135],[4.61654,44.03186],[4.61624,44.03214],[4.61594,44.0325],[4.6159,44.033],[4.61553,44.03319],[4.61459,44.03334],[4.61415,44.03335],[4.612,44.03402],[4.61164,44.03439],[4.61124,44.03521],[4.61091,44.0363],[4.60944,44.03736],[4.60857,44.03909],[4.60847,44.03954],[4.60789,44.04077],[4.60774,44.04154],[4.60738,44.04236],[4.60734,44.0429],[4.60755,44.04339],[4.60781,44.04361],[4.60815,44.04423],[4.60817,44.04477],[4.60794,44.04532],[4.6079,44.04595],[4.60797,44.04612],[4.60836,44.04648],[4.60533,44.04744]]]]},"properties":{"ID":"308","id":"308","NOM_MASSIF":"GARD RHODANIEN","dept":"30"}},{"type":"Feature","id":3,"geometry":{"type":"MultiPolygon","coordinates":[[[[3.90056,44.39315],[3.9009,44.39392],[3.90142,44.39472],[3.90149,44.39499],[3.90156,44.39571],[3.90189,44.3962],[3.9028,44.39745],[3.90377,44.3986],[3.90551,44.40006],[3.90667,44.40118],[3.90674,44.40172],[3.90707,44.40216],[3.90758,44.4026],[3.90886,44.40322],[3.91018,44.4036],[3.91107,44.40377],[3.91396,44.40418],[3.91562,44.40461],[3.91606,44.40479],[3.91645,44.40505],[3.91864,44.40479],[3.91908,44.40483],[3.92003,44.40509],[3.92224,44.40578],[3.9228,44.40572],[3.92399,44.40571],[3.92638,44.40577],[3.92744,44.40557],[3.92831,44.40525],[3.92955,44.40464],[3.9308,44.40422],[3.93154,44.40407],[3.93199,44.40398],[3.93334,44.40302],[3.93471,44.40259],[3.93696,44.40215],[3.93746,44.40215],[3.93866,44.40262],[3.93904,44.40262],[3.93947,44.40243],[3.94003,44.40202],[3.94051,44.40147],[3.94113,44.40056],[3.94143,44.40033],[3.94256,44.40018],[3.94436,44.39957],[3.94517,44.39956],[3.94663,44.3999],[3.94752,44.40025],[3.94801,44.40016],[3.94871,44.40024],[3.95004,44.40089],[3.95106,44.40142],[3.95258,44.4018],[3.95283,44.40193],[3.95277,44.40211],[3.95253,44.40225],[3.95215,44.4023],[3.95121,44.40209],[3.95077,44.40214],[3.95027,44.40242],[3.9496,44.40301],[3.94882,44.40428],[3.94909,44.40491],[3.9488,44.40559],[3.94875,44.40667],[3.94883,44.40703],[3.94903,44.40761],[3.94893,44.40837],[3.94912,44.40868],[3.9492,44.4091],[3.94902,44.40941],[3.94896,44.40964],[3.9494,44.40972],[3.94941,44.41004],[3.9488,44.41059],[3.94838,44.41109],[3.94838,44.41136],[3.94865,44.4118],[3.94866,44.41225],[3.94873,44.41257],[3.94905,44.41279],[3.94962,44.41296],[3.95075,44.41299],[3.95157,44.41289],[3.95212,44.41265],[3.95292,44.41215],[3.95336,44.41196],[3.95523,44.41144],[3.95662,44.41125],[3.95711,44.41118],[3.95763,44.41158],[3.95807,44.41184],[3.95884,44.4122],[3.96025,44.41322],[3.96115,44.41397],[3.96251,44.41602],[3.9629,44.41637],[3.96565,44.41832],[3.96591,44.41867],[3.96691,44.42064],[3.96712,44.42135],[3.96739,44.42193],[3.96791,44.42256],[3.96874,44.42313],[3.96957,44.42357],[3.96983,44.42383],[3.97068,44.42522],[3.9712,44.42589],[3.97172,44.42633],[3.97305,44.42672],[3.97282,44.42744],[3.97235,44.42848],[3.97219,44.42943],[3.97194,44.43001],[3.97134,44.43097],[3.97135,44.43137],[3.9718,44.43182],[3.97188,44.43217],[3.97182,44.4324],[3.9719,44.43294],[3.97231,44.43416],[3.97234,44.43519],[3.97223,44.43564],[3.97225,44.43641],[3.97245,44.43676],[3.9731,44.43743],[3.97349,44.43792],[3.97437,44.43817],[3.97482,44.43844],[3.97502,44.43875],[3.97515,44.43911],[3.97547,44.43919],[3.97591,44.43923],[3.97617,44.43936],[3.97642,44.43963],[3.97676,44.44034],[3.97658,44.4407],[3.97622,44.44111],[3.97586,44.44166],[3.97543,44.44244],[3.97525,44.44294],[3.97539,44.4432],[3.97558,44.44329],[3.9764,44.44341],[3.97722,44.44381],[3.97793,44.4442],[3.97793,44.44433],[3.97775,44.44465],[3.97776,44.4451],[3.97789,44.44519],[3.9794,44.4453],[3.97985,44.44548],[3.98042,44.4456],[3.98123,44.44541],[3.98148,44.44541],[3.98224,44.44557],[3.98256,44.44552],[3.98293,44.44538],[3.9835,44.44538],[3.984,44.44546],[3.98508,44.4459],[3.98547,44.44621],[3.98548,44.44657],[3.98499,44.44748],[3.98513,44.44779],[3.98551,44.44814],[3.98596,44.44836],[3.98673,44.44884],[3.98673,44.44911],[3.98661,44.44925],[3.98662,44.44957],[3.98688,44.44988],[3.98714,44.45005],[3.98758,44.45005],[3.98813,44.44963],[3.98844,44.44963],[3.98857,44.44972],[3.98858,44.44994],[3.98834,44.45026],[3.98828,44.45053],[3.98854,44.4508],[3.98861,44.45102],[3.98831,44.45138],[3.98825,44.4517],[3.98845,44.45188],[3.98901,44.45191],[3.98982,44.45168],[3.99007,44.45163],[3.99026,44.45176],[3.9903,44.45298],[3.99043,44.45329],[3.99051,44.45365],[3.99039,44.45384],[3.9904,44.45415],[3.99078,44.45423],[3.99128,44.45423],[3.99177,44.45395],[3.99202,44.4539],[3.99247,44.45434],[3.99324,44.4546],[3.99343,44.45478],[3.9935,44.455],[3.9929,44.45587],[3.99291,44.45623],[3.9931,44.45654],[3.99431,44.45697],[3.99469,44.45719],[3.99483,44.45741],[3.9949,44.45777],[3.99478,44.458],[3.99473,44.45836],[3.99486,44.45849],[3.99518,44.45867],[3.99612,44.45879],[3.99726,44.45914],[3.99771,44.45936],[3.99816,44.4598],[3.99909,44.45947],[4.00009,44.45927],[4.0021,44.4592],[4.00235,44.45902],[4.00259,44.4587],[4.00312,44.45774],[4.00368,44.45697],[4.00436,44.45651],[4.0051,44.45628],[4.00623,44.45612],[4.00698,44.45607],[4.00736,44.45611],[4.00838,44.45654],[4.00907,44.45666],[4.00963,44.45634],[4.01005,44.45584],[4.01065,44.45493],[4.01102,44.45452],[4.01151,44.45433],[4.01189,44.45428],[4.01233,44.45441],[4.01372,44.45471],[4.01449,44.4547],[4.01498,44.45451],[4.01516,44.4542],[4.01508,44.45348],[4.01467,44.45231],[4.0144,44.45164],[4.01438,44.45096],[4.01468,44.45064],[4.01487,44.45055],[4.01543,44.45059],[4.01613,44.4508],[4.01644,44.45084],[4.01707,44.45083],[4.01763,44.4507],[4.01899,44.44987],[4.01942,44.44968],[4.0198,44.44972],[4.02025,44.44998],[4.0205,44.45016],[4.02088,44.45024],[4.02151,44.45014],[4.02183,44.44991],[4.02189,44.44978],[4.0218,44.44906],[4.02134,44.44839],[4.02114,44.44803],[4.02113,44.4474],[4.02185,44.44653],[4.02271,44.4458],[4.02321,44.44557],[4.0244,44.44555],[4.02579,44.44576],[4.0266,44.44575],[4.02691,44.44561],[4.02734,44.44519],[4.02758,44.44479],[4.02776,44.44465],[4.02795,44.44465],[4.02821,44.44482],[4.02862,44.44612],[4.02882,44.44639],[4.02907,44.44652],[4.02977,44.44669],[4.03071,44.44667],[4.0314,44.44657],[4.03222,44.44629],[4.03363,44.44519],[4.03381,44.44487],[4.03384,44.44397],[4.03396,44.44383],[4.03421,44.44383],[4.03479,44.44427],[4.03577,44.44557],[4.03622,44.44588],[4.0366,44.44596],[4.0371,44.44595],[4.0376,44.44572],[4.03784,44.44536],[4.03807,44.44463],[4.03843,44.44427],[4.03893,44.44395],[4.03948,44.44353],[4.03958,44.44281],[4.03964,44.44263],[4.04001,44.44231],[4.04161,44.44107],[4.04192,44.44071],[4.04188,44.43948],[4.042,44.43926],[4.04242,44.43862],[4.04253,44.43812],[4.04238,44.43745],[4.04243,44.43687],[4.04285,44.43636],[4.0434,44.43586],[4.04384,44.43567],[4.04472,44.43553],[4.0451,44.43539],[4.04527,44.43493],[4.04575,44.43412],[4.04616,44.43334],[4.04634,44.43289],[4.04646,44.43271],[4.04644,44.43208],[4.04616,44.43128],[4.04576,44.43052],[4.04518,44.4299],[4.04435,44.42946],[4.04384,44.42902],[4.04313,44.42853],[4.0423,44.42813],[4.04192,44.42791],[4.0419,44.42733],[4.04227,44.42701],[4.04257,44.42665],[4.04269,44.42637],[4.04249,44.42615],[4.04205,44.42598],[4.04117,44.42581],[4.04091,44.42573],[4.04072,44.42555],[4.04064,44.42488],[4.04045,44.42447],[4.03872,44.42333],[4.03814,44.42276],[4.03794,44.42262],[4.0371,44.42168],[4.03619,44.42057],[4.03548,44.42009],[4.03547,44.41982],[4.03578,44.4195],[4.03633,44.41918],[4.03808,44.41866],[4.03913,44.41819],[4.03969,44.41805],[4.04032,44.41808],[4.04151,44.41825],[4.0429,44.4185],[4.04497,44.41851],[4.0456,44.41855],[4.04655,44.41844],[4.0478,44.41806],[4.04841,44.41774],[4.04946,44.41705],[4.04996,44.41686],[4.05089,44.41662],[4.05157,44.4163],[4.05218,44.41584],[4.05249,44.41556],[4.05342,44.41523],[4.05397,44.41482],[4.05422,44.41473],[4.05517,44.41467],[4.0561,44.41434],[4.05722,44.41378],[4.05765,44.41346],[4.05801,44.41296],[4.05898,44.41209],[4.05977,44.41109],[4.06037,44.41013],[4.06086,44.40945],[4.06123,44.40908],[4.06141,44.40904],[4.06248,44.40893],[4.06347,44.4086],[4.06402,44.40828],[4.06445,44.40786],[4.06512,44.40731],[4.06555,44.40686],[4.06579,44.40649],[4.06751,44.4053],[4.06794,44.40516],[4.06844,44.40511],[4.06813,44.40457],[4.06726,44.40287],[4.06677,44.40131],[4.06568,44.40056],[4.06503,44.39985],[4.06484,44.39976],[4.06445,44.39936],[4.06394,44.39906],[4.06337,44.39884],[4.06268,44.39866],[4.06248,44.39853],[4.06247,44.39817],[4.06265,44.39776],[4.06356,44.39667],[4.06379,44.39617],[4.06421,44.39549],[4.06439,44.39513],[4.06437,44.39472],[4.06419,44.39468],[4.06393,44.39455],[4.06386,44.39419],[4.06336,44.39442],[4.06312,44.3947],[4.06269,44.39498],[4.0625,44.39493],[4.06205,44.39454],[4.0616,44.39432],[4.06097,44.39415],[4.05872,44.39427],[4.0579,44.39415],[4.05751,44.39393],[4.05725,44.39367],[4.05717,44.39303],[4.05698,44.39276],[4.05678,44.39259],[4.05634,44.39259],[4.05431,44.3937],[4.05343,44.39376],[4.05306,44.39404],[4.05301,44.3944],[4.05327,44.3948],[4.05329,44.3952],[4.05304,44.39543],[4.05147,44.39577],[4.05067,44.39614],[4.05036,44.39615],[4.04908,44.39558],[4.04871,44.39559],[4.04846,44.39568],[4.04815,44.39591],[4.04804,44.39619],[4.04806,44.39686],[4.04782,44.39749],[4.04751,44.3975],[4.04707,44.39741],[4.04687,44.39719],[4.04673,44.39666],[4.0466,44.39643],[4.04641,44.3963],[4.04534,44.39623],[4.04521,44.39614],[4.0452,44.39569],[4.04538,44.39546],[4.04543,44.3951],[4.04505,44.39484],[4.04428,44.3944],[4.04403,44.39431],[4.04378,44.39432],[4.04278,44.39468],[4.04247,44.39464],[4.04221,44.39442],[4.04137,44.39354],[4.04123,44.39313],[4.04056,44.39166],[4.04049,44.3913],[4.04085,44.39076],[4.04103,44.39057],[4.04127,44.39021],[4.04144,44.38967],[4.04155,44.3889],[4.04185,44.38831],[4.04208,44.38759],[4.04244,44.38691],[4.04298,44.38623],[4.04374,44.38455],[4.04387,44.38446],[4.04536,44.38394],[4.04616,44.38361],[4.04647,44.38334],[4.04659,44.38293],[4.04658,44.38248],[4.04737,44.3818],[4.04804,44.38098],[4.04865,44.38052],[4.0497,44.38005],[4.05194,44.37934],[4.05298,44.37869],[4.05228,44.37812],[4.05176,44.37759],[4.05164,44.37723],[4.05174,44.37651],[4.05191,44.37605],[4.05196,44.37564],[4.0517,44.3752],[4.05125,44.3748],[4.0508,44.37436],[4.05073,44.37409],[4.05097,44.37372],[4.05164,44.37317],[4.05194,44.37281],[4.05224,44.37231],[4.05229,44.37195],[4.05252,44.37118],[4.05282,44.37073],[4.05311,44.37014],[4.05316,44.3696],[4.05284,44.36884],[4.05294,44.36807],[4.05305,44.36762],[4.05322,44.36708],[4.05352,44.36667],[4.05408,44.36639],[4.0552,44.36628],[4.05545,44.36605],[4.05561,44.3652],[4.05579,44.36497],[4.05703,44.36459],[4.05734,44.36436],[4.05758,44.36391],[4.05756,44.36346],[4.05743,44.36323],[4.05717,44.36292],[4.05698,44.36257],[4.05721,44.36193],[4.0572,44.36135],[4.05694,44.36103],[4.05598,44.36069],[4.05579,44.36055],[4.05577,44.3597],[4.05563,44.35948],[4.05544,44.35934],[4.05507,44.35931],[4.05469,44.3594],[4.05438,44.35959],[4.05397,44.3604],[4.05347,44.36041],[4.05315,44.36032],[4.0527,44.36002],[4.05276,44.35975],[4.05325,44.35933],[4.05343,44.35915],[4.05367,44.35883],[4.05403,44.35815],[4.05401,44.3577],[4.05387,44.35726],[4.05373,44.35667],[4.05378,44.35613],[4.05395,44.35577],[4.05405,44.35491],[4.05435,44.35423],[4.05483,44.35355],[4.055,44.35297],[4.05491,44.35183],[4.05483,44.35125],[4.05462,44.35044],[4.05423,44.34991],[4.05371,44.34947],[4.05217,44.34832],[4.05133,44.34753],[4.05089,44.34717],[4.05087,44.34672],[4.05111,44.34623],[4.05115,44.34569],[4.0511,44.34397],[4.0514,44.34356],[4.05231,44.34256],[4.05274,44.34196],[4.05298,44.34156],[4.05315,44.34097],[4.0532,44.34029],[4.05341,44.33926],[4.05353,44.33894],[4.05352,44.33867],[4.054,44.33781],[4.05317,44.33746],[4.05298,44.33746],[4.05231,44.33797],[4.0518,44.33775],[4.05015,44.33683],[4.04995,44.33648],[4.0496,44.33535],[4.04914,44.33473],[4.04805,44.33393],[4.04723,44.33368],[4.04648,44.3336],[4.04534,44.33321],[4.04514,44.3329],[4.04495,44.33286],[4.04439,44.33305],[4.0437,44.33292],[4.04288,44.33294],[4.04225,44.33277],[4.04033,44.3313],[4.03989,44.33117],[4.03876,44.3311],[4.03844,44.33102],[4.03818,44.33075],[4.03786,44.33058],[4.03755,44.33054],[4.03687,44.33077],[4.03572,44.3302],[4.03571,44.32984],[4.03626,44.32934],[4.03673,44.32839],[4.03698,44.32816],[4.03772,44.32797],[4.03866,44.32782],[4.03934,44.32758],[4.03971,44.32726],[4.04036,44.32622],[4.04124,44.32594],[4.04205,44.32574],[4.0423,44.32552],[4.04248,44.32524],[4.04265,44.3247],[4.04289,44.32438],[4.04332,44.3241],[4.04388,44.32401],[4.04501,44.32399],[4.0467,44.32419],[4.0472,44.32391],[4.04744,44.32364],[4.04737,44.32332],[4.04711,44.32297],[4.04614,44.32213],[4.04601,44.32195],[4.046,44.32168],[4.04637,44.32145],[4.04718,44.32135],[4.04801,44.32142],[4.04858,44.32159],[4.04895,44.3215],[4.04926,44.32127],[4.04938,44.32113],[4.04937,44.32073],[4.04886,44.32038],[4.04734,44.32004],[4.0469,44.31987],[4.04682,44.31937],[4.04707,44.31919],[4.04806,44.31895],[4.04887,44.31889],[4.04943,44.31866],[4.05146,44.31732],[4.05254,44.31784],[4.05401,44.31872],[4.05476,44.31893],[4.05558,44.31901],[4.05621,44.31918],[4.05812,44.3201],[4.05862,44.32023],[4.05925,44.32022],[4.06014,44.32016],[4.06051,44.32056],[4.06073,44.32146],[4.06099,44.32181],[4.06144,44.32212],[4.06188,44.32229],[4.06339,44.32254],[4.0639,44.32285],[4.06449,44.3236],[4.06468,44.32364],[4.06519,44.32387],[4.06792,44.32459],[4.0695,44.32515],[4.07097,44.32603],[4.07129,44.32634],[4.07162,44.32678],[4.07164,44.32782],[4.07172,44.32844],[4.07185,44.32872],[4.07236,44.32907],[4.07294,44.32951],[4.0737,44.32986],[4.0744,44.32998],[4.07502,44.32997],[4.07578,44.32974],[4.07689,44.32909],[4.07788,44.32871],[4.07825,44.32866],[4.07863,44.32884],[4.07927,44.32905],[4.08001,44.32882],[4.08088,44.32867],[4.08145,44.32861],[4.08201,44.32874],[4.08327,44.32894],[4.08421,44.3288],[4.08514,44.32852],[4.0854,44.32883],[4.08554,44.32937],[4.08593,44.32985],[4.08595,44.33035],[4.08614,44.33057],[4.08652,44.33074],[4.08753,44.33091],[4.08835,44.3309],[4.08909,44.3307],[4.09002,44.33028],[4.09097,44.33009],[4.09153,44.33008],[4.09266,44.3302],[4.09317,44.33037],[4.0933,44.3305],[4.09371,44.33163],[4.09373,44.3323],[4.09324,44.33321],[4.0932,44.33379],[4.0934,44.33424],[4.09378,44.3345],[4.09454,44.33467],[4.09561,44.33475],[4.09642,44.33473],[4.09686,44.33459],[4.0973,44.33436],[4.09791,44.3339],[4.09859,44.33362],[4.10009,44.33341],[4.10153,44.33339],[4.10279,44.33351],[4.10355,44.33373],[4.10387,44.3339],[4.10509,44.33312],[4.10627,44.33256],[4.10757,44.33182],[4.10905,44.33112],[4.10942,44.33089],[4.11048,44.33047],[4.11251,44.32949],[4.11337,44.32903],[4.11405,44.32852],[4.11576,44.32687],[4.11595,44.32692],[4.11672,44.32758],[4.11699,44.32789],[4.11706,44.32825],[4.11701,44.32865],[4.1167,44.32915],[4.11671,44.32951],[4.11703,44.32982],[4.118,44.33067],[4.11833,44.33125],[4.11879,44.33178],[4.11912,44.3324],[4.11945,44.33285],[4.1206,44.33359],[4.12118,44.33404],[4.122,44.33438],[4.12252,44.33478],[4.12304,44.33535],[4.12311,44.33558],[4.1233,44.33584],[4.12413,44.33642],[4.12495,44.33655],[4.12521,44.33672],[4.12534,44.33699],[4.12573,44.3373],[4.12675,44.33773],[4.12693,44.33755],[4.12723,44.33714],[4.12772,44.33673],[4.12809,44.33672],[4.12891,44.33689],[4.12929,44.33683],[4.13005,44.33682],[4.13042,44.33668],[4.13085,44.3364],[4.13172,44.33603],[4.13184,44.33585],[4.13214,44.33355],[4.13254,44.33224],[4.13266,44.33206],[4.13308,44.33174],[4.13458,44.33135],[4.13508,44.33103],[4.13532,44.33057],[4.13524,44.33008],[4.13497,44.32964],[4.13451,44.32897],[4.1345,44.32865],[4.13588,44.32854],[4.1403,44.32788],[4.14148,44.3275],[4.14204,44.32723],[4.14205,44.32709],[4.14192,44.32696],[4.14128,44.32665],[4.14077,44.3263],[4.14069,44.32599],[4.14075,44.32585],[4.14105,44.32535],[4.14196,44.3243],[4.14241,44.3229],[4.1424,44.32259],[4.14207,44.32201],[4.14199,44.32147],[4.14211,44.3212],[4.14216,44.32088],[4.14202,44.32057],[4.14163,44.31989],[4.1416,44.31913],[4.14134,44.31864],[4.14114,44.31842],[4.14113,44.31774],[4.14143,44.31711],[4.1419,44.31629],[4.14207,44.31575],[4.14202,44.31422],[4.14226,44.31386],[4.14269,44.31344],[4.14287,44.31335],[4.14369,44.31334],[4.14481,44.31336],[4.14631,44.31303],[4.14768,44.31251],[4.14799,44.31246],[4.14819,44.31286],[4.14833,44.31331],[4.14921,44.31338],[4.15051,44.31296],[4.15133,44.31304],[4.15252,44.31302],[4.15489,44.31262],[4.15869,44.3122],[4.16077,44.31221],[4.16153,44.31233],[4.16296,44.31205],[4.16409,44.31203],[4.16497,44.31215],[4.16573,44.31245],[4.16701,44.31324],[4.16847,44.3138],[4.16898,44.31419],[4.16944,44.31473],[4.1695,44.31491],[4.16953,44.31571],[4.16972,44.31589],[4.16985,44.31598],[4.17048,44.31598],[4.17067,44.31611],[4.17062,44.31634],[4.1705,44.31652],[4.1705,44.31674],[4.17082,44.31692],[4.17176,44.3169],[4.17208,44.31694],[4.17278,44.31742],[4.17424,44.31807],[4.17475,44.31815],[4.17524,44.31806],[4.17599,44.31782],[4.1763,44.31777],[4.17705,44.31776],[4.17749,44.31788],[4.17774,44.31788],[4.17799,44.31774],[4.17817,44.31742],[4.17827,44.31675],[4.17845,44.31643],[4.17844,44.31602],[4.17823,44.31562],[4.17823,44.31544],[4.17873,44.31498],[4.17872,44.31472],[4.17846,44.3144],[4.17819,44.31373],[4.17792,44.31324],[4.17778,44.31284],[4.17784,44.31271],[4.17815,44.31257],[4.17902,44.31237],[4.1792,44.31223],[4.17938,44.31183],[4.17937,44.31151],[4.17954,44.31115],[4.17969,44.31002],[4.17999,44.30943],[4.18133,44.30788],[4.18289,44.30579],[4.18293,44.30529],[4.18273,44.3047],[4.18271,44.30412],[4.18306,44.3033],[4.18354,44.30266],[4.18555,44.30083],[4.18659,44.29982],[4.18671,44.29969],[4.1872,44.29932],[4.18936,44.29838],[4.19091,44.29796],[4.19509,44.29699],[4.19652,44.29669],[4.2008,44.29523],[4.20254,44.2947],[4.20415,44.29414],[4.2062,44.29365],[4.20935,44.29257],[4.21129,44.29209],[4.21284,44.29148],[4.2147,44.29091],[4.21525,44.29067],[4.21555,44.29035],[4.21579,44.28999],[4.21591,44.28972],[4.21614,44.28926],[4.21639,44.28903],[4.21644,44.28885],[4.2189,44.28706],[4.22147,44.2853],[4.22276,44.28461],[4.22357,44.28392],[4.22461,44.28332],[4.22528,44.28276],[4.2257,44.28231],[4.22518,44.28169],[4.22511,44.28155],[4.2256,44.28096],[4.22602,44.28059],[4.22738,44.28003],[4.22844,44.27988],[4.22875,44.27974],[4.22906,44.27946],[4.22924,44.27923],[4.22934,44.27829],[4.22958,44.27792],[4.23099,44.27704],[4.23166,44.27667],[4.23209,44.27635],[4.23308,44.27606],[4.23405,44.27506],[4.23455,44.27464],[4.2346,44.27442],[4.23503,44.27419],[4.23584,44.27413],[4.23634,44.27389],[4.2374,44.27378],[4.23771,44.27364],[4.238,44.27296],[4.23812,44.27283],[4.23873,44.27246],[4.23978,44.27208],[4.23995,44.27136],[4.23994,44.27118],[4.24049,44.2709],[4.24118,44.27039],[4.24147,44.2698],[4.24296,44.26933],[4.24351,44.269],[4.24432,44.26899],[4.24444,44.26885],[4.24455,44.26844],[4.24598,44.26797],[4.24639,44.26729],[4.2467,44.26706],[4.24707,44.26692],[4.24732,44.26696],[4.24739,44.26709],[4.24757,44.26709],[4.24889,44.26666],[4.24924,44.26607],[4.24961,44.26593],[4.24999,44.26592],[4.25043,44.26606],[4.25186,44.26576],[4.25373,44.26559],[4.25422,44.26518],[4.25458,44.26477],[4.25521,44.26498],[4.2554,44.26498],[4.25583,44.26479],[4.25615,44.26479],[4.25659,44.26491],[4.25709,44.2649],[4.2579,44.2648],[4.2589,44.26442],[4.2599,44.2645],[4.2599,44.26427],[4.25931,44.26356],[4.25917,44.26329],[4.25903,44.26267],[4.25588,44.26033],[4.25554,44.25944],[4.25603,44.25907],[4.25682,44.2586],[4.25675,44.2582],[4.25622,44.25727],[4.25595,44.25682],[4.25545,44.25683],[4.25493,44.25616],[4.25486,44.25599],[4.2556,44.25566],[4.25482,44.2545],[4.25463,44.25451],[4.25401,44.25483],[4.25382,44.25479],[4.25336,44.25376],[4.25315,44.25308],[4.2528,44.25223],[4.25266,44.2517],[4.25225,44.25058],[4.25209,44.24973],[4.2518,44.24843],[4.25132,44.24713],[4.25131,44.24686],[4.24679,44.24639],[4.24553,44.24619],[4.24527,44.24606],[4.24521,44.24593],[4.24502,44.24584],[4.24394,44.24559],[4.24363,44.24564],[4.24339,44.24578],[4.24276,44.24566],[4.24226,44.24571],[4.24183,44.24585],[4.24052,44.24637],[4.2399,44.24656],[4.23877,44.24657],[4.23639,44.24648],[4.23496,44.24682],[4.23409,44.24683],[4.23369,44.24625],[4.23363,44.24608],[4.23329,44.24545],[4.23327,44.24482],[4.23339,44.2446],[4.23375,44.24432],[4.23368,44.24401],[4.23348,44.24369],[4.23329,44.24338],[4.2332,44.24284],[4.2335,44.24225],[4.23355,44.24166],[4.23373,44.24125],[4.23372,44.24112],[4.23241,44.24105],[4.23227,44.24069],[4.23218,44.2398],[4.23214,44.23876],[4.232,44.23813],[4.23192,44.23764],[4.23209,44.2371],[4.23207,44.23674],[4.23237,44.23619],[4.23197,44.23548],[4.23104,44.23563],[4.23014,44.23492],[4.22925,44.23453],[4.22736,44.23411],[4.22679,44.23412],[4.22579,44.23392],[4.22397,44.23381],[4.22234,44.23384],[4.22178,44.23394],[4.22078,44.23432],[4.22014,44.23382],[4.21951,44.23361],[4.21869,44.2334],[4.21793,44.23301],[4.21616,44.23263],[4.21521,44.23229],[4.21489,44.23198],[4.21445,44.23181],[4.21281,44.23161],[4.21186,44.23126],[4.21117,44.23118],[4.21028,44.23075],[4.20965,44.23049],[4.2092,44.23018],[4.20881,44.22965],[4.20867,44.22925],[4.20858,44.2283],[4.20825,44.22795],[4.20735,44.22715],[4.20715,44.2268],[4.20725,44.22598],[4.2068,44.22545],[4.20666,44.22473],[4.20246,44.22494],[4.20244,44.22431],[4.20265,44.22313],[4.20282,44.22223],[4.20304,44.22137],[4.20362,44.22168],[4.20495,44.22233],[4.20533,44.22246],[4.20762,44.22165],[4.20792,44.22138],[4.20788,44.2203],[4.20964,44.22041],[4.21184,44.22028],[4.21358,44.2202],[4.21527,44.21996],[4.21688,44.21948],[4.21685,44.21867],[4.21678,44.21849],[4.21665,44.2184],[4.21638,44.21782],[4.21634,44.21669],[4.21651,44.21588],[4.21666,44.21444],[4.21683,44.2139],[4.217,44.21349],[4.21705,44.21295],[4.21747,44.2124],[4.21814,44.21189],[4.21813,44.21158],[4.21799,44.21136],[4.21811,44.21109],[4.21852,44.2104],[4.21888,44.20995],[4.21906,44.20963],[4.21905,44.20936],[4.21891,44.2086],[4.21887,44.20733],[4.21924,44.20701],[4.21933,44.20597],[4.21944,44.2057],[4.21986,44.2052],[4.21985,44.20466],[4.21964,44.20417],[4.21968,44.20354],[4.21984,44.20268],[4.21981,44.20183],[4.2196,44.20116],[4.21935,44.20076],[4.21895,44.19995],[4.21852,44.20005],[4.21745,44.20034],[4.21647,44.20081],[4.21535,44.20109],[4.21492,44.20127],[4.21504,44.201],[4.21501,44.20033],[4.21481,44.19997],[4.21353,44.199],[4.21301,44.19847],[4.21275,44.19816],[4.21229,44.19741],[4.21202,44.19692],[4.21196,44.19674],[4.21167,44.1953],[4.21158,44.19453],[4.21011,44.19348],[4.20985,44.19326],[4.20972,44.18917],[4.20801,44.18865],[4.20412,44.18804],[4.20142,44.18777],[4.1994,44.18709],[4.1984,44.18709],[4.19893,44.18623],[4.19906,44.18614],[4.19947,44.1855],[4.19984,44.18518],[4.20045,44.18486],[4.20057,44.18463],[4.20074,44.18413],[4.20067,44.18391],[4.20054,44.18369],[4.20052,44.18319],[4.20058,44.18306],[4.20051,44.18279],[4.20038,44.18261],[4.20029,44.18203],[4.20058,44.18112],[4.20063,44.18072],[4.20138,44.1803],[4.20149,44.18007],[4.20148,44.1798],[4.20123,44.17958],[4.20109,44.17936],[4.20102,44.17887],[4.20107,44.17868],[4.20118,44.1781],[4.20114,44.17697],[4.20094,44.17666],[4.20018,44.1764],[4.19981,44.17636],[4.199,44.17655],[4.19881,44.17656],[4.19792,44.17599],[4.19706,44.17654],[4.19651,44.17668],[4.19539,44.17679],[4.19488,44.17698],[4.19397,44.17781],[4.1933,44.17836],[4.19242,44.17833],[4.19199,44.17834],[4.19142,44.1783],[4.19105,44.1784],[4.19013,44.17873],[4.18865,44.17956],[4.18748,44.17999],[4.18686,44.18049],[4.18642,44.18036],[4.18604,44.18037],[4.18555,44.18074],[4.18436,44.18043],[4.1838,44.18049],[4.1828,44.18046],[4.18249,44.18051],[4.18132,44.18116],[4.17679,44.17827],[4.17497,44.17807],[4.17353,44.17795],[4.16845,44.17786],[4.16807,44.17778],[4.16775,44.17756],[4.1675,44.17729],[4.16674,44.17721],[4.16618,44.17722],[4.16587,44.17736],[4.16556,44.17746],[4.16513,44.17769],[4.16415,44.17806],[4.16352,44.17816],[4.16203,44.17818],[4.15977,44.178],[4.15601,44.17801],[4.15451,44.1779],[4.1515,44.17777],[4.151,44.17755],[4.15035,44.17702],[4.15004,44.17685],[4.14991,44.17671],[4.14952,44.1764],[4.14894,44.17583],[4.14785,44.17499],[4.14715,44.17464],[4.14639,44.1743],[4.14507,44.17395],[4.1445,44.17365],[4.14361,44.17335],[4.1431,44.17304],[4.14219,44.17175],[4.1418,44.17144],[4.14136,44.17113],[4.13819,44.16974],[4.13642,44.16905],[4.13528,44.16871],[4.13352,44.16824],[4.13257,44.16785],[4.12538,44.16418],[4.12459,44.16478],[4.12261,44.16562],[4.12194,44.16613],[4.12059,44.16683],[4.11954,44.16728],[4.11787,44.16817],[4.11762,44.16826],[4.11686,44.16787],[4.11535,44.16749],[4.11477,44.16709],[4.11507,44.16664],[4.11513,44.16646],[4.11525,44.16632],[4.11542,44.16587],[4.11523,44.16582],[4.11344,44.16621],[4.11237,44.16596],[4.11134,44.16526],[4.11133,44.16467],[4.11125,44.1644],[4.11093,44.16391],[4.11035,44.16347],[4.10914,44.16268],[4.10875,44.16232],[4.10797,44.1613],[4.10765,44.16099],[4.10708,44.16078],[4.10543,44.15985],[4.10385,44.15943],[4.10334,44.15912],[4.10309,44.1589],[4.10256,44.15801],[4.10104,44.15749],[4.10066,44.15709],[4.10046,44.15678],[4.10008,44.15652],[4.09919,44.15626],[4.09879,44.15518],[4.09865,44.15491],[4.0987,44.15446],[4.09948,44.15292],[4.09988,44.15179],[4.10006,44.15152],[4.10085,44.15083],[4.10133,44.15037],[4.10177,44.15019],[4.10293,44.14945],[4.10311,44.14927],[4.10371,44.14836],[4.10377,44.14813],[4.10407,44.14754],[4.10436,44.14677],[4.10433,44.14596],[4.10413,44.14538],[4.10379,44.14458],[4.10365,44.14399],[4.104,44.14344],[4.10437,44.14308],[4.10497,44.14257],[4.10523,44.14261],[4.10567,44.14288],[4.10708,44.14412],[4.10767,44.14501],[4.10805,44.145],[4.10854,44.14486],[4.10893,44.14512],[4.10932,44.14561],[4.11186,44.14472],[4.11223,44.14453],[4.11247,44.14412],[4.11339,44.14375],[4.11377,44.14374],[4.11421,44.14383],[4.1155,44.1434],[4.11479,44.14238],[4.11627,44.14199],[4.11757,44.14152],[4.11769,44.14143],[4.11743,44.14121],[4.11673,44.14068],[4.11615,44.14002],[4.1157,44.13939],[4.11551,44.13908],[4.11549,44.13863],[4.11597,44.13791],[4.11609,44.13777],[4.11614,44.13754],[4.11619,44.13705],[4.11438,44.13703],[4.11219,44.13724],[4.11205,44.13652],[4.11192,44.13625],[4.11196,44.13567],[4.11239,44.13521],[4.1125,44.13467],[4.11292,44.13417],[4.11333,44.13349],[4.11381,44.13294],[4.11387,44.13267],[4.11391,44.1319],[4.1152,44.13139],[4.11556,44.13102],[4.11575,44.13057],[4.117,44.13055],[4.11759,44.12964],[4.11826,44.12896],[4.11905,44.1284],[4.11961,44.12817],[4.12022,44.12762],[4.12082,44.12703],[4.12131,44.1263],[4.12221,44.12511],[4.12233,44.12484],[4.12256,44.12448],[4.12293,44.12416],[4.1231,44.12353],[4.12337,44.12231],[4.12382,44.12072],[4.12392,44.12013],[4.12405,44.11981],[4.12674,44.11987],[4.12705,44.11977],[4.12742,44.11959],[4.12678,44.11919],[4.12582,44.11853],[4.12524,44.11786],[4.12485,44.11728],[4.12477,44.11688],[4.12481,44.11607],[4.12492,44.11566],[4.12521,44.11512],[4.12533,44.11476],[4.12535,44.11359],[4.12541,44.11341],[4.12533,44.11287],[4.12506,44.11229],[4.12417,44.11126],[4.12282,44.11011],[4.12262,44.1098],[4.12237,44.10905],[4.12161,44.10928],[4.12105,44.10974],[4.12025,44.10997],[4.11995,44.11043],[4.11725,44.11187],[4.11564,44.11243],[4.11489,44.11244],[4.11427,44.11236],[4.11414,44.11228],[4.11456,44.11178],[4.11373,44.1112],[4.11244,44.10973],[4.11134,44.10872],[4.11125,44.10755],[4.11105,44.10724],[4.11098,44.10701],[4.11116,44.10688],[4.11197,44.10668],[4.11164,44.10628],[4.11076,44.10603],[4.1107,44.10621],[4.11046,44.10648],[4.10923,44.10695],[4.1085,44.10746],[4.10776,44.10814],[4.10668,44.10771],[4.10612,44.10758],[4.10537,44.10763],[4.103,44.10767],[4.10137,44.10734],[4.09584,44.10639],[4.09626,44.10566],[4.0965,44.1053],[4.09679,44.10475],[4.09757,44.10375],[4.09879,44.10279],[4.10003,44.10196],[4.09844,44.10108],[4.09818,44.10118],[4.09758,44.10186],[4.09752,44.102],[4.09727,44.102],[4.09626,44.10166],[4.09673,44.10066],[4.09578,44.10041],[4.09554,44.10046],[4.09517,44.10073],[4.09417,44.10084],[4.09397,44.10223],[4.09066,44.10211],[4.09057,44.10134],[4.08998,44.10027],[4.08942,44.10045],[4.08856,44.10018],[4.08795,44.1012],[4.08704,44.10261],[4.08484,44.10197],[4.08465,44.10202],[4.0841,44.10243],[4.08362,44.10284],[4.08244,44.10331],[4.08142,44.10256],[4.08071,44.10158],[4.08082,44.10127],[4.08119,44.10113],[4.08112,44.10095],[4.08127,44.09999],[4.08127,44.09963],[4.08094,44.09892],[4.08031,44.0987],[4.08011,44.09839],[4.0797,44.09736],[4.0795,44.09701],[4.07912,44.09674],[4.07887,44.09666],[4.07857,44.09693],[4.07782,44.09708],[4.07714,44.09718],[4.07628,44.09764],[4.07547,44.09779],[4.07486,44.09816],[4.07419,44.09871],[4.07375,44.09872],[4.07361,44.09809],[4.07348,44.09791],[4.07345,44.09687],[4.07386,44.09605],[4.07389,44.09488],[4.07357,44.09466],[4.07332,44.09471],[4.07227,44.095],[4.07214,44.09491],[4.07175,44.09447],[4.07156,44.09434],[4.07025,44.09436],[4.06919,44.09446],[4.06864,44.09474],[4.06791,44.09529],[4.06717,44.09598],[4.06832,44.09682],[4.06851,44.09704],[4.06858,44.09731],[4.06892,44.09807],[4.06944,44.09869],[4.0697,44.09931],[4.06978,44.09964],[4.0699,44.09999],[4.07095,44.10133],[4.07034,44.10169],[4.06811,44.10227],[4.06819,44.10272],[4.06815,44.10371],[4.06804,44.10416],[4.06806,44.10506],[4.06839,44.10564],[4.06877,44.10599],[4.06855,44.10689],[4.0682,44.10753],[4.06766,44.1083],[4.06663,44.10935],[4.06621,44.1099],[4.06574,44.11082],[4.06454,44.11096],[4.06438,44.11159],[4.0642,44.11187],[4.06395,44.11201],[4.06302,44.11206],[4.06264,44.11207],[4.06232,44.11185],[4.062,44.11132],[4.06186,44.11087],[4.06171,44.11029],[4.06086,44.10995],[4.0601,44.11045],[4.0596,44.11059],[4.05872,44.11047],[4.05759,44.11004],[4.05703,44.11009],[4.05635,44.11028],[4.05574,44.11074],[4.05538,44.11115],[4.05344,44.11109],[4.05312,44.11101],[4.05287,44.11078],[4.0528,44.11064],[4.05248,44.11033],[4.05139,44.10931],[4.05062,44.10883],[4.04955,44.10831],[4.04878,44.10778],[4.04827,44.1073],[4.04763,44.10677],[4.04642,44.1061],[4.04579,44.10566],[4.0454,44.10517],[4.04468,44.10415],[4.04416,44.10362],[4.04334,44.10305],[4.0427,44.10265],[4.04142,44.10176],[4.04047,44.10101],[4.03874,44.09999],[4.03837,44.09988],[4.03722,44.09918],[4.03671,44.09869],[4.03448,44.09692],[4.03256,44.09533],[4.03179,44.0948],[4.02994,44.09362],[4.02848,44.09277],[4.02708,44.0919],[4.02745,44.09153],[4.02688,44.09109],[4.02617,44.0907],[4.02504,44.0904],[4.0234,44.0898],[4.02308,44.08949],[4.02219,44.08918],[4.02082,44.08906],[4.01969,44.08908],[4.0185,44.0886],[4.0176,44.08794],[4.0149,44.08505],[4.01394,44.08421],[4.01312,44.08396],[4.01242,44.08343],[4.01115,44.08295],[4.01193,44.08177],[4.01362,44.07954],[4.01331,44.07946],[4.01205,44.07924],[4.01059,44.07872],[4.01021,44.07801],[4.00821,44.07363],[4.00735,44.07184],[4.00708,44.07117],[4.00655,44.07014],[4.00568,44.06822],[4.00555,44.06809],[4.00555,44.06791],[4.00481,44.06625],[4.00415,44.06487],[4.00395,44.06437],[4.0031,44.06268],[3.98284,44.064],[3.98072,44.06421],[3.97978,44.06418],[3.97942,44.06473],[3.97924,44.06496],[3.97889,44.06555],[3.97853,44.066],[3.97816,44.06623],[3.97785,44.06637],[3.97735,44.06647],[3.9768,44.0667],[3.97595,44.06734],[3.9754,44.06785],[3.97491,44.06871],[3.9748,44.06929],[3.97482,44.06983],[3.97508,44.07023],[3.97528,44.07074],[3.9753,44.07118],[3.97518,44.07155],[3.975,44.07177],[3.97414,44.07237],[3.97328,44.07274],[3.97273,44.07316],[3.97183,44.07434],[3.97116,44.07525],[3.97049,44.07593],[3.97044,44.07638],[3.97033,44.0767],[3.97034,44.07706],[3.97016,44.07742],[3.97017,44.07765],[3.97005,44.07783],[3.96994,44.07823],[3.96964,44.07882],[3.96922,44.07937],[3.96898,44.07955],[3.96848,44.07974],[3.96748,44.07976],[3.9666,44.07954],[3.96623,44.07959],[3.96603,44.07964],[3.96573,44.07983],[3.96555,44.08028],[3.96543,44.08051],[3.96544,44.08082],[3.96515,44.0815],[3.96491,44.08182],[3.96411,44.08214],[3.96381,44.08242],[3.96358,44.08314],[3.96352,44.0835],[3.96335,44.08391],[3.96293,44.08445],[3.96238,44.08491],[3.96077,44.08575],[3.95904,44.08645],[3.95868,44.08677],[3.95856,44.08708],[3.95871,44.08775],[3.95898,44.08843],[3.95899,44.08878],[3.95662,44.0885],[3.95436,44.08836],[3.95411,44.08845],[3.95392,44.08864],[3.95114,44.08958],[3.94966,44.0905],[3.94911,44.09073],[3.94855,44.09069],[3.94786,44.09057],[3.94742,44.09062],[3.9468,44.09085],[3.94563,44.09159],[3.94403,44.09247],[3.94323,44.0928],[3.94044,44.09338],[3.93975,44.09334],[3.93811,44.09286],[3.93724,44.09287],[3.93562,44.09344],[3.9325,44.09344],[3.93138,44.0935],[3.92945,44.09371],[3.92972,44.09447],[3.92994,44.09536],[3.93039,44.09608],[3.93168,44.09727],[3.93219,44.0978],[3.93245,44.0983],[3.93279,44.09924],[3.93299,44.09991],[3.93356,44.09995],[3.93859,44.0992],[3.93878,44.09925],[3.93898,44.09947],[3.93892,44.0996],[3.93817,44.09999],[3.93775,44.1002],[3.93683,44.10071],[3.93634,44.10103],[3.93548,44.10217],[3.93543,44.10258],[3.93581,44.10275],[3.93832,44.10295],[3.93858,44.10321],[3.93696,44.10373],[3.93684,44.10382],[3.93666,44.1041],[3.93538,44.10501],[3.93434,44.10602],[3.93423,44.10647],[3.93405,44.10665],[3.93319,44.10703],[3.93294,44.10721],[3.93252,44.10766],[3.93247,44.10811],[3.93299,44.10901],[3.93319,44.10941],[3.93307,44.10986],[3.93282,44.11009],[3.93215,44.1105],[3.93147,44.11096],[3.93117,44.11128],[3.9308,44.11156],[3.93043,44.11165],[3.93012,44.1117],[3.92912,44.11149],[3.92856,44.1115],[3.92837,44.11159],[3.9282,44.11218],[3.9281,44.11295],[3.92792,44.11313],[3.92661,44.11315],[3.92565,44.11303],[3.92528,44.11303],[3.92478,44.11313],[3.92423,44.11341],[3.92361,44.11359],[3.92286,44.11365],[3.92224,44.11357],[3.92142,44.11358],[3.92099,44.11372],[3.92056,44.11404],[3.91996,44.11473],[3.91959,44.11496],[3.91854,44.11533],[3.9178,44.11575],[3.91685,44.11521],[3.91628,44.11522],[3.91559,44.11528],[3.91521,44.11515],[3.91445,44.11462],[3.91382,44.1144],[3.9122,44.11443],[3.91064,44.11431],[3.9097,44.11433],[3.90839,44.11421],[3.90745,44.11409],[3.90626,44.1141],[3.90595,44.11419],[3.90585,44.1151],[3.90587,44.11632],[3.90601,44.11672],[3.90603,44.11744],[3.90573,44.12009],[3.90544,44.12086],[3.90533,44.12167],[3.90509,44.12199],[3.90511,44.12267],[3.90506,44.12285],[3.90475,44.12321],[3.90439,44.12349],[3.9039,44.1239],[3.90371,44.12417],[3.90367,44.12503],[3.90337,44.12553],[3.90338,44.12589],[3.90352,44.12643],[3.90365,44.12674],[3.90372,44.1271],[3.90438,44.12813],[3.90439,44.12844],[3.90366,44.12935],[3.90304,44.12927],[3.90292,44.12945],[3.90286,44.12972],[3.90281,44.13022],[3.90295,44.13071],[3.90296,44.13116],[3.90285,44.13152],[3.9028,44.13211],[3.90268,44.13233],[3.90256,44.13283],[3.90238,44.13328],[3.90184,44.13378],[3.90123,44.13424],[3.9003,44.13448],[3.89962,44.13476],[3.89949,44.13485],[3.89956,44.13503],[3.89969,44.13516],[3.89945,44.13553],[3.89941,44.1363],[3.89905,44.13689],[3.89874,44.13712],[3.89782,44.1374],[3.89763,44.13759],[3.89746,44.13795],[3.89733,44.13831],[3.89666,44.13895],[3.89667,44.13931],[3.89637,44.13958],[3.89625,44.13999],[3.89664,44.14057],[3.89697,44.14119],[3.89719,44.14222],[3.89721,44.1429],[3.89703,44.14326],[3.89609,44.14323],[3.89553,44.14328],[3.89549,44.14405],[3.89527,44.14504],[3.89485,44.14608],[3.89431,44.14717],[3.89489,44.1478],[3.89535,44.14837],[3.89585,44.14859],[3.89729,44.14853],[3.89848,44.14851],[3.89874,44.14855],[3.89937,44.14904],[3.90026,44.14943],[3.90083,44.14982],[3.90108,44.14982],[3.90158,44.14968],[3.90338,44.14956],[3.90401,44.14942],[3.90437,44.14914],[3.90468,44.14882],[3.90522,44.14819],[3.90553,44.14796],[3.90584,44.14786],[3.90746,44.14789],[3.90858,44.14756],[3.90951,44.14715],[3.90978,44.14773],[3.9101,44.14822],[3.91049,44.14844],[3.91092,44.14852],[3.91119,44.14896],[3.91107,44.14915],[3.91082,44.14987],[3.91096,44.15041],[3.91085,44.15077],[3.91086,44.15122],[3.911,44.15153],[3.91101,44.15202],[3.9104,44.15271],[3.91042,44.15316],[3.91068,44.15374],[3.91094,44.154],[3.91108,44.15441],[3.91159,44.15504],[3.91186,44.15548],[3.91199,44.15593],[3.912,44.15625],[3.91227,44.15692],[3.91249,44.15799],[3.91252,44.15898],[3.9124,44.1593],[3.9116,44.16012],[3.91197,44.16016],[3.91304,44.16001],[3.91397,44.15973],[3.91422,44.1595],[3.91471,44.15935],[3.91727,44.15933],[3.9182,44.15918],[3.91938,44.15867],[3.92025,44.15861],[3.92069,44.15869],[3.92341,44.15996],[3.92404,44.16013],[3.92549,44.16024],[3.92581,44.16046],[3.92645,44.16113],[3.92727,44.16129],[3.92729,44.16243],[3.92712,44.16292],[3.92702,44.16405],[3.92697,44.16441],[3.92669,44.16549],[3.92653,44.16644],[3.92629,44.16694],[3.92631,44.1677],[3.92644,44.16788],[3.92676,44.16792],[3.92738,44.16769],[3.92776,44.16813],[3.92848,44.16929],[3.92856,44.16993],[3.92845,44.17042],[3.92816,44.17101],[3.92774,44.17174],[3.92724,44.1722],[3.92663,44.17265],[3.92651,44.17284],[3.92656,44.17472],[3.92614,44.17522],[3.92553,44.17586],[3.92536,44.17627],[3.92513,44.17699],[3.92495,44.17731],[3.92433,44.17768],[3.92365,44.17796],[3.92277,44.17811],[3.92241,44.17861],[3.92218,44.17928],[3.92196,44.18032],[3.92204,44.18095],[3.9223,44.18144],[3.92333,44.18233],[3.92439,44.18227],[3.92532,44.18208],[3.92888,44.1818],[3.92945,44.18184],[3.93076,44.18182],[3.93157,44.18172],[3.93231,44.18148],[3.93268,44.18121],[3.9331,44.18062],[3.93351,44.17976],[3.93357,44.17949],[3.93393,44.17917],[3.9346,44.17835],[3.93509,44.17812],[3.93704,44.17822],[3.93748,44.17822],[3.93779,44.17812],[3.93853,44.17762],[3.93908,44.17734],[3.93983,44.17724],[3.94131,44.17667],[3.94286,44.17625],[3.94323,44.17602],[3.94447,44.17568],[3.94522,44.1754],[3.94622,44.17512],[3.94646,44.17503],[3.94658,44.17462],[3.94655,44.17368],[3.94796,44.1728],[3.94945,44.17224],[3.95092,44.1715],[3.95124,44.17118],[3.95173,44.17095],[3.9526,44.1708],[3.95372,44.17066],[3.95503,44.17037],[3.95578,44.17036],[3.95647,44.17061],[3.95662,44.17088],[3.95939,44.17012],[3.96055,44.16876],[3.96092,44.16848],[3.96136,44.16843],[3.96273,44.16854],[3.96316,44.16818],[3.96365,44.1679],[3.96619,44.16701],[3.96742,44.16645],[3.96834,44.16581],[3.97051,44.16469],[3.97143,44.1641],[3.97166,44.16364],[3.9721,44.16346],[3.97358,44.16294],[3.97414,44.16271],[3.97408,44.16307],[3.97379,44.16366],[3.9738,44.16397],[3.97412,44.16433],[3.97437,44.1645],[3.97451,44.16486],[3.97446,44.16518],[3.97428,44.16555],[3.9741,44.16586],[3.97343,44.16641],[3.97319,44.16678],[3.97307,44.16705],[3.97308,44.16727],[3.97353,44.16776],[3.97448,44.16829],[3.9755,44.16881],[3.97614,44.16925],[3.9764,44.16965],[3.9764,44.16979],[3.9766,44.1701],[3.97662,44.17086],[3.97657,44.17113],[3.976,44.17159],[3.9749,44.17219],[3.97472,44.17251],[3.97466,44.17274],[3.9733,44.17298],[3.97274,44.17321],[3.97231,44.17349],[3.97188,44.17386],[3.97152,44.17431],[3.97134,44.17458],[3.97059,44.1746],[3.97052,44.17433],[3.97083,44.17401],[3.97094,44.17378],[3.97086,44.1732],[3.97066,44.17244],[3.97034,44.17222],[3.96877,44.17201],[3.96763,44.17158],[3.96624,44.17084],[3.96586,44.1707],[3.96523,44.17071],[3.96492,44.17085],[3.96468,44.17103],[3.96469,44.17126],[3.96488,44.17148],[3.96526,44.17157],[3.96595,44.17161],[3.96601,44.17183],[3.96602,44.17206],[3.96502,44.17216],[3.96446,44.17235],[3.96421,44.17262],[3.96416,44.17285],[3.9648,44.17347],[3.96487,44.17374],[3.9645,44.17397],[3.96464,44.17437],[3.96509,44.17486],[3.96528,44.17481],[3.96577,44.17462],[3.96602,44.17475],[3.96611,44.1757],[3.96542,44.17557],[3.96473,44.17522],[3.96416,44.1751],[3.96359,44.17501],[3.96383,44.17461],[3.96382,44.17429],[3.96332,44.17403],[3.96313,44.17403],[3.96276,44.17422],[3.96135,44.17523],[3.96136,44.17541],[3.96194,44.17598],[3.96231,44.17611],[3.96325,44.17623],[3.96396,44.17699],[3.96461,44.17783],[3.96463,44.17842],[3.96445,44.17864],[3.96384,44.1791],[3.96222,44.17971],[3.96179,44.17994],[3.96054,44.18019],[3.96011,44.18042],[3.95993,44.18069],[3.9595,44.18092],[3.95856,44.18089],[3.95839,44.18116],[3.95839,44.18134],[3.95878,44.18197],[3.95892,44.18246],[3.95906,44.18282],[3.95951,44.18335],[3.95953,44.18393],[3.95935,44.18416],[3.95891,44.1843],[3.95716,44.18433],[3.9573,44.18482],[3.95776,44.18559],[3.95794,44.18581],[3.95814,44.18576],[3.95876,44.18548],[3.95926,44.18543],[3.95945,44.18547],[3.95977,44.18578],[3.9599,44.18601],[3.95992,44.18659],[3.9598,44.18682],[3.9596,44.18704],[3.95911,44.18737],[3.95868,44.18751],[3.95805,44.18747],[3.9573,44.18726],[3.95699,44.18726],[3.9568,44.18731],[3.95672,44.1875],[3.95669,44.18785],[3.95694,44.18798],[3.95769,44.18779],[3.95851,44.18818],[3.95889,44.18827],[3.95945,44.18822],[3.96133,44.18787],[3.96195,44.18791],[3.96227,44.18808],[3.96228,44.18844],[3.96166,44.1889],[3.95974,44.18961],[3.9595,44.18983],[3.95969,44.18992],[3.96,44.18983],[3.96031,44.18982],[3.96044,44.18995],[3.9605,44.19009],[3.96045,44.19031],[3.96027,44.19059],[3.96003,44.19086],[3.95998,44.1914],[3.95955,44.19172],[3.95739,44.19279],[3.95697,44.19315],[3.95685,44.19338],[3.95662,44.1935],[3.95553,44.19317],[3.95408,44.1932],[3.95395,44.19311],[3.95432,44.19283],[3.95457,44.19274],[3.95533,44.19268],[3.95551,44.1925],[3.95569,44.19223],[3.95562,44.192],[3.95524,44.19165],[3.95492,44.19157],[3.95436,44.19157],[3.9538,44.19172],[3.95336,44.19195],[3.95293,44.19231],[3.95281,44.19245],[3.9525,44.19268],[3.95132,44.19288],[3.95083,44.19324],[3.95096,44.19351],[3.95136,44.19414],[3.95117,44.19418],[3.95055,44.19442],[3.94923,44.19403],[3.94784,44.19342],[3.94765,44.19347],[3.94728,44.19379],[3.9471,44.19402],[3.94679,44.19402],[3.94629,44.19385],[3.94553,44.19377],[3.94466,44.19382],[3.94423,44.19392],[3.94378,44.19419],[3.94334,44.19407],[3.94226,44.19332],[3.94124,44.19279],[3.94049,44.19258],[3.93986,44.19259],[3.93955,44.19268],[3.93937,44.19286],[3.93944,44.19318],[3.93976,44.19353],[3.94015,44.19384],[3.94015,44.19402],[3.93991,44.19416],[3.93941,44.19417],[3.93834,44.19396],[3.9379,44.19397],[3.93681,44.19497],[3.93681,44.19515],[3.93707,44.1956],[3.93772,44.19644],[3.93972,44.19853],[3.94031,44.19947],[3.94102,44.20027],[3.94161,44.20116],[3.94232,44.20214],[3.94297,44.20325],[3.94368,44.20433],[3.94352,44.20514],[3.9436,44.20591],[3.94375,44.20649],[3.94388,44.20685],[3.94466,44.20791],[3.94493,44.20849],[3.94507,44.20908],[3.94515,44.20975],[3.94522,44.20993],[3.94578,44.21006],[3.94586,44.2105],[3.94607,44.21113],[3.94624,44.21276],[3.94659,44.21414],[3.94693,44.21522],[3.94725,44.21598],[3.94795,44.21624],[3.94935,44.21653],[3.95029,44.21679],[3.95092,44.21687],[3.95099,44.21705],[3.95145,44.21781],[3.95158,44.21826],[3.95164,44.22055],[3.95184,44.22123],[3.95204,44.22163],[3.95206,44.22217],[3.9515,44.22245],[3.95077,44.22295],[3.95016,44.22354],[3.94926,44.22486],[3.94804,44.22627],[3.94786,44.22673],[3.94782,44.22749],[3.94828,44.22838],[3.94829,44.22871],[3.94823,44.22889],[3.94787,44.2293],[3.94745,44.22993],[3.9474,44.23029],[3.94747,44.23043],[3.94748,44.23088],[3.9473,44.23111],[3.94693,44.23125],[3.94513,44.23204],[3.9447,44.23231],[3.94451,44.23259],[3.9451,44.23339],[3.94511,44.23366],[3.94505,44.23384],[3.94475,44.23434],[3.9447,44.23465],[3.94628,44.23521],[3.94653,44.23539],[3.9466,44.23557],[3.9472,44.23677],[3.94721,44.23736],[3.9471,44.23763],[3.94636,44.23809],[3.94625,44.23859],[3.94613,44.23881],[3.94617,44.24017],[3.94586,44.24044],[3.94587,44.24062],[3.94624,44.24071],[3.94664,44.24129],[3.94659,44.24174],[3.94622,44.24215],[3.94617,44.24237],[3.9474,44.24406],[3.94797,44.24455],[3.94848,44.24468],[3.94937,44.24498],[3.94994,44.24529],[3.95045,44.24546],[3.95083,44.24582],[3.95153,44.24626],[3.9511,44.24681],[3.95098,44.24703],[3.95106,44.24753],[3.95131,44.24779],[3.9524,44.24859],[3.95341,44.24907],[3.95474,44.24959],[3.95557,44.24957],[3.95626,44.24952],[3.95638,44.24934],[3.9563,44.24889],[3.95604,44.24862],[3.95523,44.24854],[3.95459,44.24819],[3.9542,44.24766],[3.95413,44.24744],[3.95418,44.24703],[3.95437,44.24689],[3.95512,44.24684],[3.95638,44.24718],[3.95662,44.24713],[3.95788,44.24725],[3.95882,44.24746],[3.95952,44.24785],[3.95972,44.24807],[3.95992,44.24862],[3.9604,44.2501],[3.96066,44.25045],[3.96104,44.25067],[3.96161,44.25075],[3.96217,44.25065],[3.96266,44.25042],[3.96333,44.24983],[3.96399,44.24869],[3.96411,44.2486],[3.96453,44.24797],[3.96484,44.24769],[3.96534,44.24746],[3.96585,44.24754],[3.96629,44.24785],[3.96662,44.24838],[3.96693,44.24878],[3.96785,44.25012],[3.96787,44.25079],[3.96756,44.25116],[3.96757,44.25138],[3.96783,44.2516],[3.96815,44.25178],[3.96896,44.25191],[3.96927,44.25182],[3.96976,44.25145],[3.97057,44.25076],[3.97112,44.25039],[3.97191,44.25164],[3.97198,44.25209],[3.97211,44.25249],[3.9723,44.25267],[3.97294,44.25302],[3.97345,44.25342],[3.97353,44.25423],[3.97361,44.25458],[3.9738,44.2549],[3.97382,44.25544],[3.97395,44.25566],[3.97466,44.25628],[3.97485,44.2566],[3.97495,44.25786],[3.97509,44.25821],[3.97511,44.25907],[3.97489,44.25993],[3.97465,44.26029],[3.97397,44.26079],[3.9736,44.26098],[3.97199,44.26127],[3.97123,44.26155],[3.9708,44.26188],[3.97056,44.26215],[3.97044,44.26229],[3.97026,44.2626],[3.97028,44.26314],[3.97034,44.26328],[3.97035,44.26368],[3.96968,44.26419],[3.96969,44.26441],[3.96951,44.26468],[3.96871,44.26519],[3.96865,44.26533],[3.96859,44.2656],[3.96885,44.26595],[3.96893,44.26636],[3.96881,44.26658],[3.96856,44.26668],[3.96775,44.26673],[3.96542,44.26659],[3.96368,44.26711],[3.963,44.26739],[3.96301,44.26761],[3.96314,44.26797],[3.96323,44.26864],[3.96298,44.26869],[3.96234,44.26843],[3.96215,44.26839],[3.961,44.26967],[3.96064,44.27017],[3.9601,44.2708],[3.9596,44.27108],[3.95679,44.2718],[3.95662,44.27184],[3.95617,44.27199],[3.95574,44.27208],[3.95549,44.272],[3.9549,44.27124],[3.95426,44.27075],[3.95375,44.27044],[3.95243,44.2701],[3.95122,44.26962],[3.95072,44.26949],[3.94953,44.26947],[3.94795,44.26886],[3.94726,44.26883],[3.94712,44.26829],[3.94697,44.2673],[3.94677,44.26689],[3.94607,44.26668],[3.9457,44.26668],[3.94545,44.26686],[3.94527,44.26718],[3.94295,44.26924],[3.94239,44.26988],[3.94221,44.27015],[3.94223,44.27055],[3.94139,44.27179],[3.94033,44.27221],[3.93941,44.2729],[3.93936,44.27321],[3.93557,44.27474],[3.93372,44.27572],[3.93373,44.27612],[3.934,44.27671],[3.93426,44.27707],[3.93484,44.27764],[3.93549,44.27858],[3.93639,44.27933],[3.93688,44.27999],[3.93744,44.28093],[3.93802,44.28169],[3.93937,44.2828],[3.93982,44.28333],[3.94003,44.28387],[3.94017,44.28445],[3.94007,44.28531],[3.93977,44.28621],[3.93941,44.28698],[3.93839,44.28839],[3.93815,44.2888],[3.93817,44.28943],[3.93795,44.29056],[3.93759,44.29124],[3.93717,44.29169],[3.93681,44.29237],[3.93684,44.29372],[3.93555,44.29455],[3.935,44.29505],[3.93463,44.29555],[3.93428,44.29615],[3.93373,44.29661],[3.93323,44.29693],[3.93243,44.29735],[3.93033,44.29818],[3.92907,44.29856],[3.92764,44.29903],[3.92691,44.29962],[3.92661,44.30003],[3.92637,44.3003],[3.92556,44.30045],[3.92518,44.30059],[3.92494,44.30082],[3.92479,44.30208],[3.92438,44.30308],[3.92286,44.30522],[3.92496,44.30636],[3.92872,44.30855],[3.92986,44.30927],[3.93044,44.30971],[3.93096,44.31033],[3.93134,44.31073],[3.93313,44.31196],[3.93396,44.31231],[3.93726,44.31411],[3.93879,44.3149],[3.94025,44.31542],[3.94272,44.31597],[3.94341,44.31627],[3.94399,44.31658],[3.94438,44.31702],[3.94401,44.31725],[3.94388,44.3177],[3.94395,44.32027],[3.94402,44.32041],[3.94428,44.32063],[3.9451,44.32098],[3.94526,44.32426],[3.94578,44.32488],[3.94669,44.32608],[3.94792,44.32756],[3.94987,44.32775],[3.94999,44.32766],[3.95005,44.32743],[3.94985,44.32721],[3.94904,44.32718],[3.94822,44.32701],[3.94809,44.32683],[3.94807,44.32611],[3.94811,44.32557],[3.94839,44.32435],[3.94863,44.32385],[3.94882,44.32385],[3.94908,44.32425],[3.94954,44.32519],[3.95233,44.32839],[3.95247,44.32875],[3.9525,44.32992],[3.95234,44.33104],[3.95223,44.33154],[3.952,44.33217],[3.95163,44.33276],[3.95078,44.33373],[3.94986,44.33446],[3.94912,44.33492],[3.94856,44.33506],[3.94719,44.3353],[3.94558,44.33595],[3.94452,44.33619],[3.94301,44.33631],[3.94131,44.3362],[3.93791,44.33566],[3.9359,44.33538],[3.93489,44.33538],[3.93446,44.33544],[3.93453,44.33579],[3.93538,44.33696],[3.93547,44.33781],[3.93523,44.33826],[3.93492,44.33849],[3.93292,44.33897],[3.93358,44.34101],[3.93196,44.34047],[3.93158,44.34048],[3.93109,44.34066],[3.93105,44.34138],[3.93068,44.34179],[3.92817,44.34385],[3.9273,44.34423],[3.92675,44.34513],[3.92651,44.34545],[3.9259,44.34591],[3.92472,44.34651],[3.92411,44.34715],[3.924,44.34751],[3.92413,44.34765],[3.9266,44.3486],[3.92698,44.34886],[3.92712,44.34913],[3.92713,44.34981],[3.92679,44.35093],[3.92655,44.35134],[3.926,44.35194],[3.92384,44.35354],[3.92305,44.35423],[3.9225,44.35468],[3.92158,44.35542],[3.92146,44.35555],[3.91684,44.35922],[3.91636,44.35985],[3.91594,44.36063],[3.91571,44.3614],[3.91512,44.36262],[3.91478,44.36375],[3.91454,44.36412],[3.91367,44.36489],[3.91343,44.36526],[3.91326,44.36593],[3.913,44.36787],[3.91277,44.3685],[3.9121,44.36941],[3.91131,44.37032],[3.91101,44.3706],[3.91071,44.37105],[3.91016,44.37174],[3.90942,44.37247],[3.90724,44.37537],[3.90675,44.37574],[3.90582,44.37611],[3.90363,44.37633],[3.90199,44.37585],[3.89944,44.37702],[3.89782,44.37758],[3.89696,44.37804],[3.89468,44.37956],[3.89257,44.3808],[3.8924,44.38152],[3.8918,44.38248],[3.89083,44.38375],[3.8904,44.38402],[3.89009,44.38434],[3.88943,44.38539],[3.88671,44.38718],[3.88581,44.38797],[3.88586,44.38827],[3.88644,44.38885],[3.88715,44.38965],[3.88754,44.39005],[3.88875,44.39079],[3.88869,44.39296],[3.89068,44.39257],[3.89094,44.39262],[3.89231,44.39228],[3.89243,44.39214],[3.89377,44.39082],[3.89477,44.39009],[3.89582,44.3894],[3.89733,44.38974],[3.89828,44.39008],[3.89981,44.39096],[3.89994,44.39114],[3.90022,44.39221],[3.90036,44.39257],[3.90056,44.39315]]]]},"properties":{"ID":"303","id":"303","NOM_MASSIF":"NORD CEVENNES","dept":"30"}},{"type":"Feature","id":4,"geometry":{"type":"MultiPolygon","coordinates":[[[[4.43459,44.28336],[4.44042,44.28343],[4.44036,44.2837],[4.4405,44.28405],[4.44116,44.2849],[4.44174,44.28543],[4.442,44.28556],[4.44301,44.28577],[4.44377,44.28602],[4.44441,44.28642],[4.4446,44.28659],[4.44544,44.28712],[4.44577,44.28756],[4.44578,44.28796],[4.44618,44.28854],[4.44619,44.28881],[4.44639,44.28921],[4.44634,44.28957],[4.44637,44.29034],[4.44664,44.29083],[4.4467,44.29236],[4.44716,44.29298],[4.44705,44.29335],[4.44724,44.29352],[4.44865,44.29435],[4.45057,44.29553],[4.4521,44.29654],[4.45282,44.2972],[4.45322,44.29787],[4.45069,44.29729],[4.44841,44.2966],[4.44927,44.30492],[4.44971,44.31184],[4.44977,44.31355],[4.44992,44.31598],[4.45005,44.31958],[4.45022,44.32093],[4.45036,44.32497],[4.45058,44.32745],[4.45063,44.3288],[4.45086,44.33149],[4.45089,44.33262],[4.45107,44.3341],[4.45115,44.33459],[4.45171,44.33612],[4.45186,44.33692],[4.45201,44.33751],[4.45234,44.33804],[4.45325,44.33892],[4.45422,44.33962],[4.45549,44.34005],[4.45594,44.34031],[4.45665,44.34107],[4.45717,44.34142],[4.45762,44.34164],[4.46194,44.34173],[4.46476,44.34168],[4.46529,44.34077],[4.46553,44.34049],[4.46578,44.3404],[4.46715,44.34028],[4.46792,44.34041],[4.46957,44.34096],[4.47079,44.34166],[4.47168,44.342],[4.47244,44.34208],[4.47281,44.34193],[4.47324,44.34188],[4.47388,44.34205],[4.4745,44.34208],[4.47494,44.34203],[4.47531,44.34184],[4.47567,44.34152],[4.47571,44.3408],[4.47589,44.34052],[4.47656,44.33997],[4.47838,44.33814],[4.47923,44.33745],[4.47978,44.33716],[4.48071,44.33693],[4.48153,44.33691],[4.48235,44.33708],[4.48342,44.33733],[4.48419,44.33758],[4.48502,44.33811],[4.48598,44.33854],[4.48712,44.33887],[4.48876,44.33908],[4.48982,44.33905],[4.49076,44.33899],[4.49426,44.33843],[4.49576,44.33831],[4.49901,44.33825],[4.50147,44.33847],[4.5021,44.3386],[4.50286,44.3389],[4.50331,44.33925],[4.50352,44.33965],[4.5036,44.34005],[4.50348,44.34032],[4.50295,44.34128],[4.50262,44.34236],[4.50226,44.343],[4.50221,44.34336],[4.50234,44.34354],[4.50298,44.34398],[4.50368,44.3442],[4.50431,44.34423],[4.50488,44.34422],[4.50563,44.34402],[4.50611,44.34361],[4.50677,44.34265],[4.50693,44.34211],[4.5069,44.34121],[4.50646,44.33963],[4.50642,44.33842],[4.50653,44.33788],[4.50689,44.33738],[4.5075,44.33687],[4.50787,44.33668],[4.50873,44.3364],[4.50998,44.33619],[4.51078,44.33595],[4.51202,44.3354],[4.51287,44.33484],[4.51305,44.33452],[4.51317,44.33407],[4.51289,44.33348],[4.51224,44.33268],[4.51178,44.3322],[4.51151,44.33175],[4.51148,44.3309],[4.51163,44.33004],[4.51197,44.32896],[4.51226,44.32841],[4.51275,44.32809],[4.51312,44.32799],[4.51368,44.32798],[4.51463,44.32814],[4.51552,44.32839],[4.51635,44.32887],[4.51687,44.32935],[4.51745,44.32976],[4.51828,44.3301],[4.52075,44.3305],[4.52175,44.33057],[4.5225,44.33051],[4.52288,44.33041],[4.52355,44.3299],[4.52441,44.32966],[4.52478,44.32947],[4.52533,44.32897],[4.52641,44.32769],[4.52688,44.32705],[4.52846,44.32549],[4.52913,44.32489],[4.53059,44.32383],[4.53224,44.32267],[4.53262,44.32253],[4.53287,44.32257],[4.53351,44.32279],[4.53396,44.323],[4.53717,44.32339],[4.53961,44.32338],[4.54049,44.32355],[4.54145,44.32393],[4.54209,44.32438],[4.543,44.32508],[4.54403,44.32582],[4.54492,44.32621],[4.54625,44.32645],[4.547,44.32644],[4.54787,44.32633],[4.54842,44.32609],[4.54879,44.32573],[4.54896,44.32532],[4.54911,44.32451],[4.54909,44.3237],[4.54883,44.32339],[4.54838,44.32308],[4.54775,44.32287],[4.54672,44.32266],[4.54558,44.32224],[4.54461,44.32158],[4.54449,44.32136],[4.54447,44.32077],[4.54471,44.32045],[4.54629,44.31917],[4.54731,44.31815],[4.55095,44.31326],[4.55149,44.31257],[4.55184,44.31198],[4.55201,44.31144],[4.5521,44.31031],[4.55221,44.30995],[4.55246,44.30972],[4.55335,44.30862],[4.55527,44.30643],[4.55695,44.30414],[4.55797,44.30309],[4.5587,44.30244],[4.55974,44.30193],[4.56124,44.3014],[4.56291,44.30101],[4.56472,44.30085],[4.56708,44.30039],[4.56758,44.30025],[4.56819,44.29983],[4.5688,44.2995],[4.56961,44.29931],[4.57,44.29934],[4.57096,44.29982],[4.57267,44.30037],[4.57419,44.30075],[4.57501,44.30087],[4.57588,44.30085],[4.57724,44.30037],[4.57798,44.3],[4.57864,44.29945],[4.57942,44.29853],[4.58015,44.29789],[4.5812,44.29719],[4.58279,44.29639],[4.58698,44.2946],[4.58805,44.2943],[4.58898,44.29425],[4.59137,44.29434],[4.59212,44.29427],[4.59311,44.29403],[4.59378,44.2937],[4.59586,44.29231],[4.59653,44.29198],[4.59742,44.29183],[4.59898,44.29175],[4.6003,44.29186],[4.60199,44.29197],[4.6028,44.29186],[4.60454,44.29137],[4.60546,44.29104],[4.60682,44.29047],[4.6083,44.28972],[4.60928,44.28916],[4.61001,44.28861],[4.61049,44.28801],[4.61078,44.28738],[4.61088,44.28688],[4.61205,44.28627],[4.61223,44.28613],[4.61241,44.28559],[4.61239,44.28527],[4.61256,44.28478],[4.6126,44.28428],[4.61325,44.28166],[4.61381,44.28003],[4.61418,44.27966],[4.61552,44.27855],[4.616,44.27818],[4.61657,44.27793],[4.61584,44.27715],[4.61557,44.27684],[4.61425,44.27668],[4.61429,44.27614],[4.61448,44.27614],[4.6153,44.27622],[4.61592,44.27616],[4.6161,44.27589],[4.61556,44.27499],[4.61556,44.27485],[4.61502,44.27379],[4.61448,44.27263],[4.61405,44.27142],[4.61402,44.2707],[4.61414,44.27039],[4.6141,44.2694],[4.61388,44.26868],[4.61353,44.26778],[4.61338,44.26706],[4.61336,44.26634],[4.61387,44.26503],[4.61411,44.26471],[4.61489,44.26397],[4.61476,44.26371],[4.61433,44.26241],[4.61432,44.26214],[4.61403,44.26129],[4.61359,44.25928],[4.61345,44.25888],[4.61279,44.25497],[4.61253,44.25317],[4.61251,44.2525],[4.61218,44.2521],[4.61042,44.25033],[4.60952,44.24967],[4.60945,44.24954],[4.60819,44.24916],[4.60754,44.24864],[4.60709,44.24838],[4.60645,44.24807],[4.60582,44.24791],[4.60606,44.24763],[4.60721,44.24666],[4.60746,44.24657],[4.60764,44.24634],[4.60836,44.24565],[4.60902,44.24492],[4.6095,44.2441],[4.60967,44.24382],[4.6096,44.24347],[4.60885,44.2419],[4.60862,44.24096],[4.60834,44.24011],[4.6083,44.23926],[4.60866,44.23889],[4.60945,44.23829],[4.60994,44.23805],[4.61101,44.23772],[4.61054,44.23714],[4.60982,44.23635],[4.60949,44.23577],[4.60903,44.23524],[4.60698,44.23415],[4.60608,44.23349],[4.60582,44.23318],[4.60581,44.233],[4.6052,44.2318],[4.60512,44.2314],[4.60505,44.22973],[4.60511,44.2296],[4.60505,44.22784],[4.60525,44.22657],[4.60579,44.22445],[4.60595,44.22363],[4.60593,44.22314],[4.60526,44.22216],[4.60531,44.22149],[4.6056,44.22081],[4.60595,44.22017],[4.60531,44.21992],[4.60475,44.21988],[4.60431,44.21998],[4.60394,44.21993],[4.60293,44.21978],[4.60217,44.21948],[4.6021,44.21934],[4.60215,44.21907],[4.60243,44.21659],[4.60239,44.21578],[4.60218,44.2152],[4.60096,44.21257],[4.6006,44.21131],[4.6005,44.21028],[4.60041,44.20974],[4.60315,44.20784],[4.60295,44.20749],[4.60233,44.20579],[4.60211,44.20494],[4.60204,44.20476],[4.60195,44.20409],[4.60191,44.203],[4.60203,44.20287],[4.60188,44.20246],[4.60162,44.20206],[4.60172,44.20157],[4.60169,44.20062],[4.60148,44.20018],[4.60097,44.1996],[4.5999,44.19787],[4.59971,44.1977],[4.59963,44.19743],[4.59899,44.19707],[4.59843,44.19695],[4.59803,44.19651],[4.59736,44.19522],[4.59701,44.1945],[4.59701,44.19428],[4.59674,44.19388],[4.59629,44.19349],[4.59542,44.19224],[4.59468,44.19072],[4.59421,44.19001],[4.59395,44.1897],[4.59418,44.18929],[4.59416,44.18848],[4.59395,44.18786],[4.59361,44.18714],[4.59343,44.18584],[4.59315,44.18518],[4.59282,44.18459],[4.59261,44.18401],[4.59255,44.18253],[4.59258,44.18185],[4.59277,44.18153],[4.59278,44.18018],[4.59283,44.17996],[4.59281,44.17928],[4.59246,44.17839],[4.59014,44.17834],[4.58857,44.1781],[4.58674,44.17769],[4.58697,44.17714],[4.58701,44.17651],[4.5869,44.17386],[4.58715,44.17386],[4.58841,44.17406],[4.58872,44.17392],[4.58877,44.17373],[4.58838,44.17316],[4.58734,44.17187],[4.5867,44.17147],[4.58632,44.17135],[4.58568,44.17136],[4.58401,44.17171],[4.58237,44.17134],[4.58211,44.17116],[4.58209,44.17076],[4.58221,44.17062],[4.58212,44.16977],[4.58191,44.16892],[4.58183,44.16852],[4.5822,44.16833],[4.58232,44.16824],[4.58231,44.16801],[4.58148,44.16761],[4.58122,44.16735],[4.58127,44.1669],[4.58265,44.16705],[4.58366,44.16735],[4.58489,44.16679],[4.58557,44.1666],[4.58724,44.16673],[4.59203,44.16714],[4.59398,44.16733],[4.59403,44.16692],[4.59414,44.1667],[4.59445,44.16647],[4.59506,44.16618],[4.59548,44.16581],[4.59566,44.1655],[4.59577,44.16513],[4.59574,44.16442],[4.59547,44.16392],[4.59501,44.16339],[4.59468,44.16308],[4.59448,44.16277],[4.59428,44.16237],[4.59424,44.16097],[4.59447,44.16047],[4.59452,44.16016],[4.59445,44.15998],[4.59412,44.15954],[4.59341,44.15906],[4.59207,44.1584],[4.59112,44.15806],[4.59091,44.15753],[4.59089,44.15681],[4.59113,44.15505],[4.59129,44.15428],[4.59175,44.15315],[4.59192,44.15256],[4.59239,44.15178],[4.59286,44.15114],[4.5932,44.15033],[4.5935,44.15001],[4.59459,44.14917],[4.59471,44.14904],[4.59489,44.14858],[4.59498,44.14773],[4.59509,44.14714],[4.59515,44.14569],[4.59517,44.14461],[4.59527,44.14398],[4.59531,44.14339],[4.59541,44.14272],[4.5954,44.14213],[4.59383,44.14217],[4.59381,44.14181],[4.59394,44.13996],[4.59406,44.13982],[4.59887,44.13999],[4.59888,44.14013],[4.59932,44.14016],[4.601,44.13999],[4.60223,44.1392],[4.60241,44.1392],[4.60293,44.13969],[4.60333,44.14054],[4.60368,44.14157],[4.60549,44.14157],[4.60669,44.14146],[4.60823,44.14098],[4.60854,44.14092],[4.60847,44.1407],[4.61008,44.1404],[4.61181,44.13811],[4.61229,44.13765],[4.61267,44.1376],[4.61316,44.13746],[4.61359,44.13718],[4.61369,44.13659],[4.6138,44.13636],[4.61411,44.13627],[4.61455,44.13473],[4.61454,44.1345],[4.61497,44.13431],[4.61492,44.13279],[4.61615,44.13227],[4.618,44.13173],[4.61937,44.13166],[4.62011,44.13151],[4.62104,44.13114],[4.6217,44.13068],[4.62226,44.13021],[4.62244,44.13012],[4.6235,44.1301],[4.62492,44.12957],[4.62572,44.12924],[4.62689,44.12886],[4.62744,44.12853],[4.62822,44.12793],[4.62877,44.12729],[4.62895,44.12715],[4.62931,44.12516],[4.62967,44.12466],[4.63021,44.1242],[4.63014,44.12254],[4.62834,44.12131],[4.62757,44.12074],[4.62711,44.12025],[4.6264,44.11964],[4.62595,44.11929],[4.62513,44.11877],[4.62302,44.11754],[4.62289,44.11741],[4.62289,44.11727],[4.62224,44.11684],[4.62159,44.11609],[4.6214,44.11605],[4.62063,44.11539],[4.61979,44.11482],[4.61903,44.11447],[4.61821,44.11422],[4.61733,44.1141],[4.61513,44.11406],[4.61504,44.11347],[4.61479,44.11339],[4.6144,44.11295],[4.61357,44.11215],[4.61311,44.11166],[4.61116,44.10981],[4.61102,44.10941],[4.61069,44.10897],[4.61018,44.10875],[4.60955,44.10841],[4.60916,44.10805],[4.60864,44.1077],[4.60725,44.10719],[4.60623,44.10662],[4.60526,44.10592],[4.6039,44.1046],[4.60331,44.10393],[4.60285,44.10327],[4.60333,44.1029],[4.60369,44.10244],[4.60411,44.10207],[4.60448,44.10197],[4.60479,44.10192],[4.60511,44.102],[4.60562,44.10236],[4.60619,44.10249],[4.60662,44.10239],[4.60692,44.1022],[4.6073,44.10192],[4.60759,44.10142],[4.60806,44.10074],[4.60883,44.1],[4.61038,44.09938],[4.61119,44.09919],[4.61156,44.09932],[4.61227,44.09975],[4.61331,44.09993],[4.61383,44.09985],[4.61451,44.0993],[4.61463,44.09916],[4.61525,44.09915],[4.61588,44.09927],[4.61608,44.09945],[4.61628,44.0998],[4.61641,44.09989],[4.6168,44.1],[4.61696,44.1],[4.61722,44.09997],[4.61839,44.09963],[4.61901,44.09939],[4.61925,44.09921],[4.61936,44.09898],[4.61934,44.09826],[4.61919,44.09781],[4.61924,44.09749],[4.61942,44.09726],[4.61964,44.09658],[4.61993,44.09608],[4.62025,44.0959],[4.62081,44.09579],[4.62098,44.09539],[4.62117,44.09543],[4.62173,44.09542],[4.6234,44.09498],[4.62421,44.09497],[4.62436,44.09402],[4.62447,44.0937],[4.62235,44.09365],[4.62172,44.09366],[4.62055,44.09396],[4.62011,44.09387],[4.61922,44.09349],[4.61827,44.09319],[4.61569,44.09274],[4.614,44.09278],[4.61331,44.09284],[4.61263,44.09285],[4.61091,44.09361],[4.61052,44.09159],[4.61049,44.09101],[4.61036,44.0907],[4.61005,44.08737],[4.60972,44.08544],[4.60807,44.0848],[4.60693,44.08419],[4.60698,44.08252],[4.60761,44.0826],[4.60773,44.08223],[4.60781,44.08088],[4.60823,44.08069],[4.6081,44.08047],[4.60808,44.08002],[4.60774,44.07931],[4.60773,44.07913],[4.60829,44.07885],[4.60834,44.07862],[4.60827,44.07683],[4.60806,44.07625],[4.60789,44.07494],[4.60782,44.07314],[4.60792,44.07246],[4.60802,44.07201],[4.60814,44.07192],[4.60825,44.07147],[4.60838,44.07011],[4.60855,44.06948],[4.60858,44.06849],[4.60873,44.06763],[4.60867,44.0675],[4.60927,44.06708],[4.60938,44.06672],[4.60956,44.0664],[4.60954,44.06591],[4.60927,44.06546],[4.60919,44.06501],[4.60923,44.06455],[4.60903,44.06415],[4.60882,44.06353],[4.60893,44.06326],[4.60886,44.06267],[4.60866,44.06245],[4.60796,44.06197],[4.60782,44.06171],[4.6078,44.06112],[4.60802,44.06044],[4.6082,44.06017],[4.60815,44.05909],[4.60795,44.0586],[4.60799,44.05819],[4.60811,44.05806],[4.60798,44.05774],[4.6079,44.05733],[4.60764,44.0572],[4.60744,44.05671],[4.60714,44.05564],[4.607,44.05524],[4.60694,44.05483],[4.60673,44.05425],[4.60639,44.05377],[4.60632,44.05359],[4.60578,44.05252],[4.6053,44.05135],[4.60503,44.05082],[4.60458,44.05047],[4.60439,44.05038],[4.60479,44.04952],[4.6052,44.04897],[4.60567,44.04802],[4.60566,44.04784],[4.60533,44.04744],[4.60071,44.04888],[4.59349,44.051],[4.59127,44.05172],[4.59002,44.05202],[4.58731,44.05279],[4.58652,44.05317],[4.58585,44.05363],[4.58525,44.05432],[4.58484,44.05487],[4.5846,44.05523],[4.5846,44.05559],[4.58474,44.05586],[4.58488,44.05622],[4.58496,44.05676],[4.58531,44.05769],[4.58542,44.05891],[4.58519,44.05931],[4.58526,44.06116],[4.58489,44.0613],[4.58173,44.06195],[4.58181,44.06244],[4.58183,44.06294],[4.58139,44.0629],[4.58012,44.06248],[4.57789,44.06266],[4.5767,44.06259],[4.57636,44.06201],[4.57622,44.06157],[4.57602,44.06111],[4.5758,44.06044],[4.57553,44.05982],[4.57506,44.05902],[4.57485,44.05853],[4.57459,44.05813],[4.57419,44.0576],[4.57349,44.05712],[4.57285,44.05673],[4.5726,44.05669],[4.57145,44.05752],[4.57059,44.05803],[4.57005,44.05854],[4.56969,44.05872],[4.56913,44.05891],[4.5687,44.05892],[4.56807,44.05875],[4.56711,44.05863],[4.56636,44.0586],[4.56599,44.0587],[4.56582,44.05911],[4.56553,44.05952],[4.56291,44.05971],[4.56073,44.05975],[4.55925,44.0601],[4.55704,44.06127],[4.55612,44.06168],[4.5558,44.0616],[4.55517,44.06143],[4.55421,44.0624],[4.55368,44.06308],[4.55315,44.0639],[4.55279,44.06467],[4.55236,44.06482],[4.55206,44.065],[4.5522,44.06531],[4.55257,44.06545],[4.5529,44.06567],[4.5531,44.0662],[4.55339,44.06705],[4.55377,44.06732],[4.55413,44.06852],[4.55429,44.06933],[4.55457,44.07022],[4.55435,44.07086],[4.5541,44.0714],[4.55392,44.07149],[4.55342,44.07146],[4.55291,44.07125],[4.55227,44.07085],[4.55207,44.0705],[4.55194,44.07001],[4.55143,44.06975],[4.55104,44.06966],[4.55043,44.0699],[4.54957,44.07032],[4.54908,44.07051],[4.54858,44.07039],[4.54825,44.07013],[4.54799,44.06973],[4.54721,44.06906],[4.54645,44.06853],[4.54619,44.06845],[4.54594,44.06845],[4.54564,44.06855],[4.54509,44.06897],[4.54456,44.06974],[4.54408,44.07025],[4.54377,44.07021],[4.54364,44.07007],[4.54367,44.06931],[4.54377,44.06877],[4.54375,44.06827],[4.54362,44.06801],[4.54317,44.06779],[4.54255,44.06785],[4.54026,44.06821],[4.53989,44.0684],[4.53965,44.06867],[4.5396,44.06894],[4.53968,44.06948],[4.53995,44.07024],[4.54016,44.07095],[4.54022,44.07226],[4.54013,44.07316],[4.53983,44.07352],[4.5394,44.0738],[4.53903,44.07386],[4.53859,44.07386],[4.53704,44.07403],[4.53623,44.07414],[4.53535,44.07406],[4.53434,44.07377],[4.53294,44.0732],[4.53111,44.07257],[4.53055,44.07258],[4.53018,44.07272],[4.52988,44.073],[4.52971,44.07349],[4.52962,44.07435],[4.52946,44.07507],[4.52929,44.07548],[4.52868,44.07594],[4.52795,44.07632],[4.52678,44.07715],[4.52612,44.07784],[4.52588,44.07798],[4.52556,44.07781],[4.52537,44.07763],[4.52516,44.07709],[4.52496,44.07683],[4.52449,44.07603],[4.52423,44.07576],[4.5236,44.07555],[4.5231,44.07556],[4.52218,44.07598],[4.52174,44.0759],[4.52136,44.07573],[4.5206,44.07529],[4.51997,44.07512],[4.5194,44.07513],[4.51885,44.07523],[4.51848,44.07542],[4.51836,44.07565],[4.51845,44.07627],[4.5186,44.07686],[4.5188,44.07717],[4.51685,44.07716],[4.51394,44.07776],[4.51054,44.0785],[4.51022,44.07842],[4.50971,44.07793],[4.50951,44.07762],[4.50873,44.07682],[4.50802,44.0762],[4.5064,44.07462],[4.50535,44.07491],[4.50387,44.07548],[4.50293,44.07563],[4.50225,44.07587],[4.50195,44.07606],[4.5014,44.07634],[4.49937,44.07713],[4.49839,44.07765],[4.49802,44.07779],[4.49662,44.07858],[4.49262,44.08028],[4.49212,44.08029],[4.49106,44.08026],[4.48868,44.08018],[4.48203,44.07944],[4.46986,44.07801],[4.46761,44.07791],[4.46387,44.07794],[4.45209,44.07852],[4.45015,44.07856],[4.44908,44.07858],[4.44901,44.0783],[4.44764,44.07833],[4.44477,44.07825],[4.4387,44.07781],[4.4385,44.07764],[4.43831,44.07737],[4.43817,44.07706],[4.43798,44.07697],[4.43774,44.07734],[4.43771,44.0781],[4.43759,44.07847],[4.43717,44.07892],[4.437,44.07938],[4.43676,44.07961],[4.43597,44.08025],[4.43518,44.08072],[4.43433,44.08141],[4.43342,44.08228],[4.43299,44.0826],[4.43206,44.08298],[4.43176,44.08325],[4.43141,44.08385],[4.43081,44.0844],[4.43027,44.08513],[4.42954,44.08568],[4.42808,44.08692],[4.42709,44.08712],[4.42659,44.08713],[4.42534,44.08698],[4.42471,44.08681],[4.42426,44.08659],[4.42375,44.08615],[4.42252,44.08496],[4.42181,44.08448],[4.42117,44.08399],[4.42052,44.08328],[4.42019,44.08279],[4.4198,44.08244],[4.41929,44.08209],[4.41828,44.08157],[4.41674,44.08065],[4.4153,44.08027],[4.4144,44.07979],[4.41184,44.07786],[4.41005,44.07676],[4.40938,44.07713],[4.40814,44.07747],[4.40771,44.07762],[4.40631,44.07863],[4.40577,44.07896],[4.40514,44.07897],[4.40465,44.07911],[4.40408,44.0793],[4.40314,44.07928],[4.40049,44.08005],[4.39289,44.08059],[4.39202,44.08065],[4.39164,44.08061],[4.39138,44.08039],[4.39079,44.07959],[4.38946,44.0774],[4.38789,44.07487],[4.38756,44.07443],[4.38323,44.07203],[4.3819,44.07142],[4.37616,44.07004],[4.37125,44.06882],[4.36804,44.06784],[4.36312,44.0664],[4.35831,44.06662],[4.3507,44.06652],[4.34701,44.06655],[4.34637,44.06791],[4.3462,44.06836],[4.34538,44.06991],[4.34437,44.07159],[4.3442,44.072],[4.34402,44.07223],[4.34361,44.07309],[4.34167,44.07457],[4.34045,44.07563],[4.33924,44.07691],[4.3381,44.07801],[4.33756,44.07865],[4.33738,44.07892],[4.33702,44.07929],[4.33617,44.0798],[4.33462,44.0805],[4.33223,44.0818],[4.3318,44.08208],[4.33106,44.08235],[4.3307,44.08254],[4.3294,44.08337],[4.32745,44.08449],[4.32531,44.08579],[4.32218,44.08773],[4.31882,44.08968],[4.31663,44.09108],[4.31485,44.09245],[4.31664,44.09388],[4.31768,44.09479],[4.31914,44.09553],[4.32059,44.09609],[4.32085,44.09631],[4.32112,44.09689],[4.3218,44.0986],[4.32215,44.09958],[4.32246,44.09999],[4.32299,44.10046],[4.32364,44.10126],[4.32449,44.10223],[4.32508,44.10308],[4.3254,44.10366],[4.32555,44.10434],[4.32575,44.10478],[4.32586,44.10609],[4.326,44.10644],[4.32607,44.10671],[4.3264,44.10733],[4.32668,44.10805],[4.32689,44.1089],[4.32691,44.10944],[4.32707,44.11043],[4.32692,44.11129],[4.32682,44.1126],[4.32667,44.11341],[4.32643,44.11391],[4.32646,44.11463],[4.32653,44.11476],[4.32667,44.11521],[4.32681,44.11579],[4.32695,44.11606],[4.32709,44.11664],[4.32668,44.11732],[4.32664,44.11813],[4.3264,44.11836],[4.32629,44.11872],[4.32631,44.11935],[4.32658,44.12008],[4.32673,44.12093],[4.32693,44.12133],[4.32728,44.12236],[4.32748,44.12262],[4.32814,44.12374],[4.32906,44.12498],[4.32934,44.12578],[4.33021,44.12757],[4.33083,44.12923],[4.33097,44.12972],[4.3311,44.12981],[4.33117,44.13003],[4.33182,44.13065],[4.33188,44.13087],[4.33188,44.13114],[4.3321,44.1319],[4.33237,44.13244],[4.33257,44.13294],[4.3326,44.1337],[4.33208,44.13492],[4.33205,44.13582],[4.33219,44.13618],[4.33233,44.13676],[4.33254,44.1373],[4.3328,44.13761],[4.33299,44.13765],[4.33348,44.13755],[4.33362,44.13782],[4.33369,44.13818],[4.3339,44.13871],[4.33514,44.13847],[4.33555,44.13955],[4.33556,44.13977],[4.33538,44.13991],[4.33539,44.14018],[4.33572,44.14107],[4.33716,44.14078],[4.33741,44.14082],[4.33852,44.14228],[4.34003,44.14451],[4.33972,44.14461],[4.33897,44.14471],[4.33772,44.14463],[4.33753,44.14464],[4.33634,44.14452],[4.33503,44.1445],[4.33304,44.14472],[4.33141,44.14475],[4.33123,44.14484],[4.33093,44.14512],[4.32993,44.14545],[4.3295,44.14582],[4.32849,44.14723],[4.32832,44.14764],[4.32816,44.1485],[4.32791,44.14855],[4.32476,44.14973],[4.32229,44.15058],[4.31663,44.15319],[4.31501,44.15363],[4.31262,44.15489],[4.31269,44.15511],[4.31348,44.15622],[4.31411,44.15649],[4.31475,44.15679],[4.31494,44.15697],[4.31522,44.15764],[4.31529,44.15808],[4.31543,44.15835],[4.31576,44.15879],[4.31582,44.15911],[4.31529,44.16015],[4.315,44.16065],[4.31457,44.16088],[4.3147,44.16286],[4.3149,44.1634],[4.31555,44.16402],[4.31544,44.16448],[4.31564,44.16483],[4.3159,44.16505],[4.31643,44.16585],[4.31663,44.16633],[4.31723,44.16732],[4.31742,44.16745],[4.31874,44.1677],[4.3203,44.16934],[4.31967,44.16953],[4.31917,44.16962],[4.31664,44.17048],[4.3008,44.17557],[4.29956,44.17604],[4.3042,44.17835],[4.30441,44.17884],[4.30449,44.17929],[4.30477,44.18014],[4.30538,44.18167],[4.30558,44.18207],[4.30624,44.18304],[4.30645,44.18354],[4.30647,44.18457],[4.30644,44.18551],[4.30665,44.18601],[4.30685,44.18636],[4.30704,44.18654],[4.30775,44.18729],[4.30802,44.18791],[4.30834,44.18972],[4.30841,44.18998],[4.30888,44.19272],[4.30891,44.19402],[4.30887,44.1947],[4.30858,44.1971],[4.30847,44.19741],[4.30809,44.19737],[4.3074,44.19733],[4.30635,44.19758],[4.30541,44.19764],[4.30497,44.19756],[4.30378,44.19744],[4.30334,44.19745],[4.30253,44.19778],[4.29862,44.19853],[4.29812,44.19853],[4.29761,44.19818],[4.29729,44.19806],[4.29691,44.19802],[4.29627,44.19757],[4.29589,44.19735],[4.2952,44.19718],[4.29494,44.19714],[4.2939,44.19757],[4.29346,44.19762],[4.29271,44.19768],[4.2919,44.1976],[4.2914,44.19761],[4.27814,44.20756],[4.27766,44.20829],[4.27736,44.20857],[4.27656,44.20907],[4.27577,44.20967],[4.27559,44.20995],[4.27537,44.21062],[4.27519,44.21094],[4.27385,44.21232],[4.27306,44.21318],[4.27247,44.21414],[4.27236,44.21437],[4.27212,44.21486],[4.27207,44.21505],[4.27154,44.21604],[4.271,44.21673],[4.27031,44.21715],[4.2675,44.21913],[4.26695,44.21936],[4.26416,44.22022],[4.26119,44.22153],[4.25965,44.22201],[4.25711,44.22286],[4.25469,44.2238],[4.25688,44.22548],[4.25676,44.22588],[4.25741,44.22655],[4.25742,44.22686],[4.25713,44.22736],[4.25695,44.22759],[4.25771,44.22798],[4.25828,44.22824],[4.25879,44.22855],[4.25899,44.22877],[4.25912,44.22908],[4.25915,44.22976],[4.25993,44.23065],[4.26038,44.23096],[4.26057,44.23104],[4.26132,44.23098],[4.26225,44.23097],[4.26295,44.23109],[4.26326,44.23122],[4.26296,44.23145],[4.26253,44.23186],[4.26139,44.23305],[4.26091,44.23369],[4.2608,44.23419],[4.25969,44.23502],[4.25927,44.23547],[4.25885,44.23611],[4.259,44.23674],[4.25934,44.23772],[4.25943,44.23857],[4.25938,44.2388],[4.25936,44.24007],[4.25894,44.24066],[4.25902,44.24115],[4.25884,44.24129],[4.25943,44.24263],[4.25951,44.24299],[4.25939,44.24308],[4.25953,44.24348],[4.25974,44.24424],[4.25943,44.24434],[4.25958,44.24492],[4.25966,44.24555],[4.25954,44.24578],[4.25912,44.24628],[4.25756,44.24626],[4.25625,44.24642],[4.25443,44.24645],[4.25312,44.24674],[4.25131,44.24686],[4.25132,44.24713],[4.2518,44.24843],[4.25209,44.24973],[4.25225,44.25058],[4.25266,44.2517],[4.2528,44.25223],[4.25315,44.25308],[4.25336,44.25376],[4.25382,44.25479],[4.25401,44.25483],[4.25463,44.25451],[4.25482,44.2545],[4.2556,44.25566],[4.25486,44.25599],[4.25493,44.25616],[4.25545,44.25683],[4.25595,44.25682],[4.25622,44.25727],[4.25675,44.2582],[4.25682,44.2586],[4.25603,44.25907],[4.25554,44.25944],[4.25588,44.26033],[4.25903,44.26267],[4.25917,44.26329],[4.25931,44.26356],[4.2599,44.26427],[4.2599,44.2645],[4.2589,44.26442],[4.25885,44.26478],[4.25856,44.26591],[4.25907,44.26604],[4.26078,44.26628],[4.26078,44.26678],[4.26148,44.26709],[4.26251,44.26783],[4.26309,44.26845],[4.2638,44.26898],[4.26443,44.26924],[4.26633,44.26979],[4.26697,44.27005],[4.26904,44.27006],[4.26967,44.27014],[4.27088,44.2708],[4.27158,44.27092],[4.27233,44.27095],[4.27289,44.27085],[4.27341,44.27143],[4.27413,44.27245],[4.27472,44.27316],[4.27524,44.27361],[4.27632,44.27413],[4.27664,44.27435],[4.27714,44.27443],[4.27747,44.27474],[4.27792,44.27522],[4.27812,44.27562],[4.2782,44.27616],[4.27859,44.27692],[4.27962,44.27938],[4.27985,44.27999],[4.28016,44.28077],[4.28019,44.2814],[4.28001,44.28176],[4.28004,44.28248],[4.28017,44.2827],[4.28109,44.2839],[4.28154,44.28443],[4.28198,44.28429],[4.28306,44.28485],[4.28357,44.28521],[4.28384,44.28557],[4.28405,44.2862],[4.28412,44.28664],[4.2844,44.28745],[4.28627,44.2893],[4.28679,44.28997],[4.28861,44.29188],[4.28893,44.29214],[4.2892,44.29254],[4.28941,44.29321],[4.28963,44.29586],[4.28989,44.29811],[4.28991,44.29869],[4.28999,44.2996],[4.29035,44.30445],[4.29052,44.30584],[4.29073,44.30868],[4.29061,44.30882],[4.29037,44.309],[4.28914,44.30982],[4.28916,44.31028],[4.28923,44.3106],[4.28943,44.31077],[4.28944,44.31122],[4.28915,44.31177],[4.28841,44.31218],[4.28835,44.31232],[4.28831,44.31273],[4.28788,44.31359],[4.28783,44.31395],[4.28797,44.31413],[4.28842,44.31452],[4.28842,44.31466],[4.28837,44.31502],[4.28863,44.31524],[4.28921,44.31577],[4.29044,44.31674],[4.29069,44.31673],[4.29087,44.31664],[4.29129,44.31609],[4.29154,44.31591],[4.29179,44.31595],[4.2921,44.31608],[4.29298,44.31561],[4.29322,44.31529],[4.29333,44.31493],[4.29345,44.31479],[4.29356,44.31439],[4.29409,44.31348],[4.29415,44.31334],[4.2951,44.31364],[4.29599,44.31386],[4.29831,44.31409],[4.30266,44.31468],[4.30348,44.31485],[4.30443,44.31523],[4.30756,44.3169],[4.30865,44.3176],[4.31157,44.31858],[4.31309,44.31905],[4.31663,44.32068],[4.32172,44.32399],[4.32192,44.32417],[4.32264,44.32546],[4.3233,44.32652],[4.32511,44.32987],[4.32565,44.33072],[4.32665,44.33083],[4.32697,44.33105],[4.32711,44.33128],[4.32762,44.33149],[4.32793,44.33153],[4.32893,44.33156],[4.32963,44.33186],[4.32996,44.33212],[4.32965,44.33244],[4.32967,44.3328],[4.33002,44.33389],[4.32936,44.33471],[4.329,44.33534],[4.32889,44.33562],[4.32864,44.33598],[4.32864,44.33611],[4.32774,44.33726],[4.32732,44.33758],[4.32578,44.33833],[4.32653,44.33849],[4.33031,44.33887],[4.33566,44.33968],[4.33648,44.33935],[4.34144,44.33962],[4.34287,44.33928],[4.3432,44.33968],[4.34451,44.33971],[4.3445,44.33935],[4.34488,44.33934],[4.35029,44.33992],[4.35103,44.33946],[4.35317,44.33955],[4.3619,44.34021],[4.36228,44.34016],[4.36339,44.33978],[4.36678,44.3395],[4.36771,44.33939],[4.36892,44.33982],[4.37075,44.34014],[4.37278,44.34087],[4.37348,44.34108],[4.37513,44.3416],[4.37583,44.34208],[4.37615,44.34217],[4.37703,44.34224],[4.37809,44.34222],[4.3793,44.34256],[4.37968,44.34269],[4.38064,44.34343],[4.38116,44.34378],[4.38198,44.34391],[4.38242,44.34404],[4.38336,44.34406],[4.38374,44.34419],[4.38445,44.34481],[4.38529,44.34542],[4.38555,44.34569],[4.38607,44.34604],[4.38653,44.34661],[4.38704,44.34705],[4.38818,44.34717],[4.3901,44.34678],[4.39048,44.34673],[4.3913,44.34694],[4.39266,44.34606],[4.3942,44.34526],[4.39512,44.34489],[4.39585,44.34406],[4.39601,44.34334],[4.39811,44.34056],[4.40171,44.33586],[4.40297,44.33417],[4.40321,44.3339],[4.40326,44.33358],[4.40317,44.33281],[4.40274,44.33129],[4.40267,44.33111],[4.40253,44.33089],[4.40144,44.32816],[4.39411,44.31042],[4.39078,44.30305],[4.38958,44.30109],[4.38956,44.30051],[4.38974,44.30028],[4.39006,44.29996],[4.39055,44.29982],[4.39105,44.29981],[4.39131,44.29989],[4.39163,44.30011],[4.39171,44.30061],[4.39227,44.30068],[4.3929,44.30058],[4.3937,44.30021],[4.39406,44.29989],[4.39411,44.29962],[4.39379,44.2994],[4.39341,44.29922],[4.39277,44.29888],[4.39244,44.29843],[4.39237,44.29807],[4.39255,44.29789],[4.39304,44.29766],[4.39365,44.2972],[4.39332,44.29459],[4.3933,44.29405],[4.39341,44.29365],[4.39365,44.29333],[4.39431,44.2926],[4.39484,44.29169],[4.39537,44.29087],[4.39586,44.29045],[4.39648,44.29022],[4.39816,44.28978],[4.39848,44.28977],[4.39897,44.28954],[4.39946,44.28917],[4.39963,44.2889],[4.3998,44.28826],[4.39979,44.28795],[4.40009,44.28767],[4.4004,44.28753],[4.40096,44.28757],[4.4014,44.28765],[4.40313,44.28861],[4.40376,44.28882],[4.40408,44.28881],[4.40576,44.28851],[4.40793,44.28794],[4.40994,44.28777],[4.41187,44.28764],[4.41306,44.28762],[4.41576,44.28788],[4.4162,44.28796],[4.41721,44.28794],[4.41814,44.28788],[4.41901,44.28751],[4.41968,44.28719],[4.42012,44.28709],[4.4205,44.28735],[4.42081,44.28725],[4.42189,44.28732],[4.42478,44.28767],[4.42673,44.28782],[4.42731,44.28834],[4.42751,44.2887],[4.42899,44.28958],[4.42944,44.28993],[4.43127,44.29035],[4.43171,44.29052],[4.43275,44.29131],[4.43319,44.29152],[4.43311,44.29112],[4.43284,44.2905],[4.43177,44.28854],[4.43144,44.2881],[4.43142,44.2876],[4.43166,44.28728],[4.43202,44.28705],[4.43234,44.287],[4.43321,44.28698],[4.43352,44.28689],[4.43364,44.28675],[4.43371,44.28661],[4.43368,44.28585],[4.43348,44.2854],[4.43351,44.28459],[4.43393,44.28404],[4.43459,44.28336]]]]},"properties":{"ID":"305","id":"305","NOM_MASSIF":"VAL DE CEZE","dept":"30"}},{"type":"Feature","id":5,"geometry":{"type":"MultiPolygon","coordinates":[[[[4.07887,44.09666],[4.07912,44.09674],[4.0795,44.09701],[4.0797,44.09736],[4.08011,44.09839],[4.08031,44.0987],[4.08094,44.09892],[4.08127,44.09963],[4.08127,44.09999],[4.08112,44.10095],[4.08119,44.10113],[4.08082,44.10127],[4.08071,44.10158],[4.08142,44.10256],[4.08244,44.10331],[4.08362,44.10284],[4.0841,44.10243],[4.08465,44.10202],[4.08484,44.10197],[4.08704,44.10261],[4.08795,44.1012],[4.08856,44.10018],[4.08942,44.10045],[4.08998,44.10027],[4.09057,44.10134],[4.09066,44.10211],[4.09397,44.10223],[4.09417,44.10084],[4.09517,44.10073],[4.09554,44.10046],[4.09578,44.10041],[4.09673,44.10066],[4.09626,44.10166],[4.09727,44.102],[4.09752,44.102],[4.09758,44.10186],[4.09818,44.10118],[4.09844,44.10108],[4.10003,44.10196],[4.09879,44.10279],[4.09757,44.10375],[4.09679,44.10475],[4.0965,44.1053],[4.09626,44.10566],[4.09584,44.10639],[4.10137,44.10734],[4.103,44.10767],[4.10537,44.10763],[4.10612,44.10758],[4.10668,44.10771],[4.10776,44.10814],[4.1085,44.10746],[4.10923,44.10695],[4.11046,44.10648],[4.1107,44.10621],[4.11076,44.10603],[4.11164,44.10628],[4.11197,44.10668],[4.11116,44.10688],[4.11098,44.10701],[4.11105,44.10724],[4.11125,44.10755],[4.11134,44.10872],[4.11244,44.10973],[4.11373,44.1112],[4.11456,44.11178],[4.11414,44.11228],[4.11427,44.11236],[4.11489,44.11244],[4.11564,44.11243],[4.11725,44.11187],[4.11995,44.11043],[4.12025,44.10997],[4.12105,44.10974],[4.12161,44.10928],[4.12237,44.10905],[4.12262,44.1098],[4.12282,44.11011],[4.12417,44.11126],[4.12506,44.11229],[4.12533,44.11287],[4.12541,44.11341],[4.12535,44.11359],[4.12533,44.11476],[4.12521,44.11512],[4.12492,44.11566],[4.12481,44.11607],[4.12477,44.11688],[4.12485,44.11728],[4.12524,44.11786],[4.12582,44.11853],[4.12678,44.11919],[4.12742,44.11959],[4.12705,44.11977],[4.12674,44.11987],[4.12405,44.11981],[4.12392,44.12013],[4.12382,44.12072],[4.12337,44.12231],[4.1231,44.12353],[4.12293,44.12416],[4.12256,44.12448],[4.12233,44.12484],[4.12221,44.12511],[4.12131,44.1263],[4.12082,44.12703],[4.12022,44.12762],[4.11961,44.12817],[4.11905,44.1284],[4.11826,44.12896],[4.11759,44.12964],[4.117,44.13055],[4.11575,44.13057],[4.11556,44.13102],[4.1152,44.13139],[4.11391,44.1319],[4.11387,44.13267],[4.11381,44.13294],[4.11333,44.13349],[4.11292,44.13417],[4.1125,44.13467],[4.11239,44.13521],[4.11196,44.13567],[4.11192,44.13625],[4.11205,44.13652],[4.11219,44.13724],[4.11438,44.13703],[4.11619,44.13705],[4.11614,44.13754],[4.11609,44.13777],[4.11597,44.13791],[4.11549,44.13863],[4.11551,44.13908],[4.1157,44.13939],[4.11615,44.14002],[4.11673,44.14068],[4.11743,44.14121],[4.11769,44.14143],[4.11757,44.14152],[4.11627,44.14199],[4.11479,44.14238],[4.1155,44.1434],[4.11421,44.14383],[4.11377,44.14374],[4.11339,44.14375],[4.11247,44.14412],[4.11223,44.14453],[4.11186,44.14472],[4.10932,44.14561],[4.10893,44.14512],[4.10854,44.14486],[4.10805,44.145],[4.10767,44.14501],[4.10708,44.14412],[4.10567,44.14288],[4.10523,44.14261],[4.10497,44.14257],[4.10437,44.14308],[4.104,44.14344],[4.10365,44.14399],[4.10379,44.14458],[4.10413,44.14538],[4.10433,44.14596],[4.10436,44.14677],[4.10407,44.14754],[4.10377,44.14813],[4.10371,44.14836],[4.10311,44.14927],[4.10293,44.14945],[4.10177,44.15019],[4.10133,44.15037],[4.10085,44.15083],[4.10006,44.15152],[4.09988,44.15179],[4.09948,44.15292],[4.0987,44.15446],[4.09865,44.15491],[4.09879,44.15518],[4.09919,44.15626],[4.10008,44.15652],[4.10046,44.15678],[4.10066,44.15709],[4.10104,44.15749],[4.10256,44.15801],[4.10309,44.1589],[4.10334,44.15912],[4.10385,44.15943],[4.10543,44.15985],[4.10708,44.16078],[4.10765,44.16099],[4.10797,44.1613],[4.10875,44.16232],[4.10914,44.16268],[4.11035,44.16347],[4.11093,44.16391],[4.11125,44.1644],[4.11133,44.16467],[4.11134,44.16526],[4.11237,44.16596],[4.11344,44.16621],[4.11523,44.16582],[4.11542,44.16587],[4.11525,44.16632],[4.11513,44.16646],[4.11507,44.16664],[4.11477,44.16709],[4.11535,44.16749],[4.11686,44.16787],[4.11762,44.16826],[4.11787,44.16817],[4.11954,44.16728],[4.12059,44.16683],[4.12194,44.16613],[4.12261,44.16562],[4.12459,44.16478],[4.12538,44.16418],[4.13257,44.16785],[4.13352,44.16824],[4.13528,44.16871],[4.13642,44.16905],[4.13819,44.16974],[4.14136,44.17113],[4.1418,44.17144],[4.14219,44.17175],[4.1431,44.17304],[4.14361,44.17335],[4.1445,44.17365],[4.14507,44.17395],[4.14639,44.1743],[4.14715,44.17464],[4.14785,44.17499],[4.14894,44.17583],[4.14952,44.1764],[4.14991,44.17671],[4.15004,44.17685],[4.15035,44.17702],[4.151,44.17755],[4.1515,44.17777],[4.15451,44.1779],[4.15601,44.17801],[4.15977,44.178],[4.16203,44.17818],[4.16352,44.17816],[4.16415,44.17806],[4.16513,44.17769],[4.16556,44.17746],[4.16587,44.17736],[4.16618,44.17722],[4.16674,44.17721],[4.1675,44.17729],[4.16775,44.17756],[4.16807,44.17778],[4.16845,44.17786],[4.17353,44.17795],[4.17497,44.17807],[4.17679,44.17827],[4.18132,44.18116],[4.18249,44.18051],[4.1828,44.18046],[4.1838,44.18049],[4.18436,44.18043],[4.18555,44.18074],[4.18604,44.18037],[4.18642,44.18036],[4.18686,44.18049],[4.18748,44.17999],[4.18865,44.17956],[4.19013,44.17873],[4.19105,44.1784],[4.19142,44.1783],[4.19199,44.17834],[4.19242,44.17833],[4.1933,44.17836],[4.19397,44.17781],[4.19488,44.17698],[4.19539,44.17679],[4.19651,44.17668],[4.19706,44.17654],[4.19792,44.17599],[4.19881,44.17656],[4.199,44.17655],[4.19981,44.17636],[4.20018,44.1764],[4.20094,44.17666],[4.20114,44.17697],[4.20118,44.1781],[4.20107,44.17868],[4.20102,44.17887],[4.20109,44.17936],[4.20123,44.17958],[4.20148,44.1798],[4.20149,44.18007],[4.20138,44.1803],[4.20063,44.18072],[4.20058,44.18112],[4.20029,44.18203],[4.20038,44.18261],[4.20051,44.18279],[4.20058,44.18306],[4.20052,44.18319],[4.20054,44.18369],[4.20067,44.18391],[4.20074,44.18413],[4.20057,44.18463],[4.20045,44.18486],[4.19984,44.18518],[4.19947,44.1855],[4.19906,44.18614],[4.19893,44.18623],[4.1984,44.18709],[4.1994,44.18709],[4.20142,44.18777],[4.20412,44.18804],[4.20801,44.18865],[4.20972,44.18917],[4.20985,44.19326],[4.21011,44.19348],[4.21158,44.19453],[4.21167,44.1953],[4.21196,44.19674],[4.21202,44.19692],[4.21229,44.19741],[4.21275,44.19816],[4.21301,44.19847],[4.21353,44.199],[4.21481,44.19997],[4.21501,44.20033],[4.21504,44.201],[4.21492,44.20127],[4.21535,44.20109],[4.21647,44.20081],[4.21745,44.20034],[4.21852,44.20005],[4.21895,44.19995],[4.21935,44.20076],[4.2196,44.20116],[4.21981,44.20183],[4.21984,44.20268],[4.21968,44.20354],[4.21964,44.20417],[4.21985,44.20466],[4.21986,44.2052],[4.21944,44.2057],[4.21933,44.20597],[4.21924,44.20701],[4.21887,44.20733],[4.21891,44.2086],[4.21905,44.20936],[4.21906,44.20963],[4.21888,44.20995],[4.21852,44.2104],[4.21811,44.21109],[4.21799,44.21136],[4.21813,44.21158],[4.21814,44.21189],[4.21747,44.2124],[4.21705,44.21295],[4.217,44.21349],[4.21683,44.2139],[4.21666,44.21444],[4.21651,44.21588],[4.21634,44.21669],[4.21638,44.21782],[4.21665,44.2184],[4.21678,44.21849],[4.21685,44.21867],[4.21688,44.21948],[4.21527,44.21996],[4.21358,44.2202],[4.21184,44.22028],[4.20964,44.22041],[4.20788,44.2203],[4.20792,44.22138],[4.20762,44.22165],[4.20533,44.22246],[4.20495,44.22233],[4.20362,44.22168],[4.20304,44.22137],[4.20282,44.22223],[4.20265,44.22313],[4.20244,44.22431],[4.20246,44.22494],[4.20666,44.22473],[4.2068,44.22545],[4.20725,44.22598],[4.20715,44.2268],[4.20735,44.22715],[4.20825,44.22795],[4.20858,44.2283],[4.20867,44.22925],[4.20881,44.22965],[4.2092,44.23018],[4.20965,44.23049],[4.21028,44.23075],[4.21117,44.23118],[4.21186,44.23126],[4.21281,44.23161],[4.21445,44.23181],[4.21489,44.23198],[4.21521,44.23229],[4.21616,44.23263],[4.21793,44.23301],[4.21869,44.2334],[4.21951,44.23361],[4.22014,44.23382],[4.22078,44.23432],[4.22178,44.23394],[4.22234,44.23384],[4.22397,44.23381],[4.22579,44.23392],[4.22679,44.23412],[4.22736,44.23411],[4.22925,44.23453],[4.23014,44.23492],[4.23104,44.23563],[4.23197,44.23548],[4.23237,44.23619],[4.23207,44.23674],[4.23209,44.2371],[4.23192,44.23764],[4.232,44.23813],[4.23214,44.23876],[4.23218,44.2398],[4.23227,44.24069],[4.23241,44.24105],[4.23372,44.24112],[4.23373,44.24125],[4.23355,44.24166],[4.2335,44.24225],[4.2332,44.24284],[4.23329,44.24338],[4.23348,44.24369],[4.23368,44.24401],[4.23375,44.24432],[4.23339,44.2446],[4.23327,44.24482],[4.23329,44.24545],[4.23363,44.24608],[4.23369,44.24625],[4.23409,44.24683],[4.23496,44.24682],[4.23639,44.24648],[4.23877,44.24657],[4.2399,44.24656],[4.24052,44.24637],[4.24183,44.24585],[4.24226,44.24571],[4.24276,44.24566],[4.24339,44.24578],[4.24363,44.24564],[4.24394,44.24559],[4.24502,44.24584],[4.24521,44.24593],[4.24527,44.24606],[4.24553,44.24619],[4.24679,44.24639],[4.25131,44.24686],[4.25312,44.24674],[4.25443,44.24645],[4.25625,44.24642],[4.25756,44.24626],[4.25912,44.24628],[4.25954,44.24578],[4.25966,44.24555],[4.25958,44.24492],[4.25943,44.24434],[4.25974,44.24424],[4.25953,44.24348],[4.25939,44.24308],[4.25951,44.24299],[4.25943,44.24263],[4.25884,44.24129],[4.25902,44.24115],[4.25894,44.24066],[4.25936,44.24007],[4.25938,44.2388],[4.25943,44.23857],[4.25934,44.23772],[4.259,44.23674],[4.25885,44.23611],[4.25927,44.23547],[4.25969,44.23502],[4.2608,44.23419],[4.26091,44.23369],[4.26139,44.23305],[4.26253,44.23186],[4.26296,44.23145],[4.26326,44.23122],[4.26295,44.23109],[4.26225,44.23097],[4.26132,44.23098],[4.26057,44.23104],[4.26038,44.23096],[4.25993,44.23065],[4.25915,44.22976],[4.25912,44.22908],[4.25899,44.22877],[4.25879,44.22855],[4.25828,44.22824],[4.25771,44.22798],[4.25695,44.22759],[4.25713,44.22736],[4.25742,44.22686],[4.25741,44.22655],[4.25676,44.22588],[4.25688,44.22548],[4.25469,44.2238],[4.25711,44.22286],[4.25965,44.22201],[4.26119,44.22153],[4.26416,44.22022],[4.26695,44.21936],[4.2675,44.21913],[4.27031,44.21715],[4.271,44.21673],[4.27154,44.21604],[4.27207,44.21505],[4.27212,44.21486],[4.27236,44.21437],[4.27247,44.21414],[4.27306,44.21318],[4.27385,44.21232],[4.27519,44.21094],[4.27537,44.21062],[4.27559,44.20995],[4.27577,44.20967],[4.27656,44.20907],[4.27736,44.20857],[4.27766,44.20829],[4.27814,44.20756],[4.2914,44.19761],[4.2919,44.1976],[4.29271,44.19768],[4.29346,44.19762],[4.2939,44.19757],[4.29494,44.19714],[4.2952,44.19718],[4.29589,44.19735],[4.29627,44.19757],[4.29691,44.19802],[4.29729,44.19806],[4.29761,44.19818],[4.29812,44.19853],[4.29862,44.19853],[4.30253,44.19778],[4.30334,44.19745],[4.30378,44.19744],[4.30497,44.19756],[4.30541,44.19764],[4.30635,44.19758],[4.3074,44.19733],[4.30809,44.19737],[4.30847,44.19741],[4.30858,44.1971],[4.30887,44.1947],[4.30891,44.19402],[4.30888,44.19272],[4.30841,44.18998],[4.30834,44.18972],[4.30802,44.18791],[4.30775,44.18729],[4.30704,44.18654],[4.30685,44.18636],[4.30665,44.18601],[4.30644,44.18551],[4.30647,44.18457],[4.30645,44.18354],[4.30624,44.18304],[4.30558,44.18207],[4.30538,44.18167],[4.30477,44.18014],[4.30449,44.17929],[4.30441,44.17884],[4.3042,44.17835],[4.29956,44.17604],[4.3008,44.17557],[4.31664,44.17048],[4.31917,44.16962],[4.31967,44.16953],[4.3203,44.16934],[4.31874,44.1677],[4.31742,44.16745],[4.31723,44.16732],[4.31663,44.16633],[4.31643,44.16585],[4.3159,44.16505],[4.31564,44.16483],[4.31544,44.16448],[4.31555,44.16402],[4.3149,44.1634],[4.3147,44.16286],[4.31457,44.16088],[4.315,44.16065],[4.31529,44.16015],[4.31582,44.15911],[4.31576,44.15879],[4.31543,44.15835],[4.31529,44.15808],[4.31522,44.15764],[4.31494,44.15697],[4.31475,44.15679],[4.31411,44.15649],[4.31348,44.15622],[4.31269,44.15511],[4.31262,44.15489],[4.31501,44.15363],[4.31663,44.15319],[4.32229,44.15058],[4.32476,44.14973],[4.32791,44.14855],[4.32816,44.1485],[4.32832,44.14764],[4.32849,44.14723],[4.3295,44.14582],[4.32993,44.14545],[4.33093,44.14512],[4.33123,44.14484],[4.33141,44.14475],[4.33304,44.14472],[4.33503,44.1445],[4.33634,44.14452],[4.33753,44.14464],[4.33772,44.14463],[4.33897,44.14471],[4.33972,44.14461],[4.34003,44.14451],[4.33852,44.14228],[4.33741,44.14082],[4.33716,44.14078],[4.33572,44.14107],[4.33539,44.14018],[4.33538,44.13991],[4.33556,44.13977],[4.33555,44.13955],[4.33514,44.13847],[4.3339,44.13871],[4.33369,44.13818],[4.33362,44.13782],[4.33348,44.13755],[4.33299,44.13765],[4.3328,44.13761],[4.33254,44.1373],[4.33233,44.13676],[4.33219,44.13618],[4.33205,44.13582],[4.33208,44.13492],[4.3326,44.1337],[4.33257,44.13294],[4.33237,44.13244],[4.3321,44.1319],[4.33188,44.13114],[4.33188,44.13087],[4.33182,44.13065],[4.33117,44.13003],[4.3311,44.12981],[4.33097,44.12972],[4.33083,44.12923],[4.33021,44.12757],[4.32934,44.12578],[4.32906,44.12498],[4.32814,44.12374],[4.32748,44.12262],[4.32728,44.12236],[4.32693,44.12133],[4.32673,44.12093],[4.32658,44.12008],[4.32631,44.11935],[4.32629,44.11872],[4.3264,44.11836],[4.32664,44.11813],[4.32668,44.11732],[4.32709,44.11664],[4.32695,44.11606],[4.32681,44.11579],[4.32667,44.11521],[4.32653,44.11476],[4.32646,44.11463],[4.32643,44.11391],[4.32667,44.11341],[4.32682,44.1126],[4.32692,44.11129],[4.32707,44.11043],[4.32691,44.10944],[4.32689,44.1089],[4.32668,44.10805],[4.3264,44.10733],[4.32607,44.10671],[4.326,44.10644],[4.32586,44.10609],[4.32575,44.10478],[4.32555,44.10434],[4.3254,44.10366],[4.32508,44.10308],[4.32449,44.10223],[4.32364,44.10126],[4.32299,44.10046],[4.32246,44.09999],[4.32215,44.09958],[4.3218,44.0986],[4.32112,44.09689],[4.32085,44.09631],[4.32059,44.09609],[4.31914,44.09553],[4.31768,44.09479],[4.31664,44.09388],[4.31485,44.09245],[4.31663,44.09108],[4.31882,44.08968],[4.32218,44.08773],[4.32531,44.08579],[4.32745,44.08449],[4.3294,44.08337],[4.3307,44.08254],[4.33106,44.08235],[4.3318,44.08208],[4.33223,44.0818],[4.33462,44.0805],[4.33617,44.0798],[4.33702,44.07929],[4.33738,44.07892],[4.33756,44.07865],[4.3381,44.07801],[4.33924,44.07691],[4.34045,44.07563],[4.34167,44.07457],[4.34361,44.07309],[4.34402,44.07223],[4.3442,44.072],[4.34437,44.07159],[4.34538,44.06991],[4.3462,44.06836],[4.34637,44.06791],[4.34701,44.06655],[4.3507,44.06652],[4.35831,44.06662],[4.36312,44.0664],[4.36804,44.06784],[4.37125,44.06882],[4.37616,44.07004],[4.3819,44.07142],[4.38323,44.07203],[4.38756,44.07443],[4.38789,44.07487],[4.38946,44.0774],[4.39079,44.07959],[4.39138,44.08039],[4.39164,44.08061],[4.39202,44.08065],[4.39289,44.08059],[4.40049,44.08005],[4.40314,44.07928],[4.40408,44.0793],[4.40465,44.07911],[4.40514,44.07897],[4.40577,44.07896],[4.40631,44.07863],[4.40771,44.07762],[4.40814,44.07747],[4.40938,44.07713],[4.41005,44.07676],[4.41184,44.07786],[4.4144,44.07979],[4.4153,44.08027],[4.41674,44.08065],[4.41828,44.08157],[4.41929,44.08209],[4.4198,44.08244],[4.42019,44.08279],[4.42052,44.08328],[4.42117,44.08399],[4.42181,44.08448],[4.42252,44.08496],[4.42375,44.08615],[4.42426,44.08659],[4.42471,44.08681],[4.42534,44.08698],[4.42659,44.08713],[4.42709,44.08712],[4.42808,44.08692],[4.42954,44.08568],[4.43027,44.08513],[4.43081,44.0844],[4.43141,44.08385],[4.43176,44.08325],[4.43206,44.08298],[4.43299,44.0826],[4.43342,44.08228],[4.43433,44.08141],[4.43518,44.08072],[4.43597,44.08025],[4.43676,44.07961],[4.437,44.07938],[4.43717,44.07892],[4.43759,44.07847],[4.43771,44.0781],[4.43774,44.07734],[4.43798,44.07697],[4.43817,44.07706],[4.43831,44.07737],[4.4385,44.07764],[4.4387,44.07781],[4.44477,44.07825],[4.44764,44.07833],[4.44901,44.0783],[4.44908,44.07858],[4.45015,44.07856],[4.45209,44.07852],[4.46387,44.07794],[4.46761,44.07791],[4.46986,44.07801],[4.48203,44.07944],[4.48868,44.08018],[4.49106,44.08026],[4.49212,44.08029],[4.49262,44.08028],[4.49662,44.07858],[4.49802,44.07779],[4.49839,44.07765],[4.49937,44.07713],[4.5014,44.07634],[4.50195,44.07606],[4.50225,44.07587],[4.50293,44.07563],[4.50387,44.07548],[4.50535,44.07491],[4.5064,44.07462],[4.50426,44.07258],[4.50329,44.07175],[4.50322,44.07157],[4.50315,44.07126],[4.50294,44.07067],[4.50254,44.07001],[4.50214,44.06921],[4.50154,44.06836],[4.50147,44.06801],[4.50068,44.06657],[4.50008,44.06555],[4.49994,44.06537],[4.49947,44.0643],[4.49932,44.06368],[4.4993,44.06318],[4.49877,44.06252],[4.49748,44.06132],[4.49681,44.06003],[4.49661,44.05958],[4.49647,44.05918],[4.49586,44.05794],[4.49537,44.05624],[4.49523,44.05596],[4.49509,44.05547],[4.49432,44.05333],[4.49058,44.05326],[4.49001,44.05314],[4.48938,44.05315],[4.489,44.05302],[4.48829,44.05254],[4.48779,44.05205],[4.48687,44.05086],[4.48667,44.05045],[4.48628,44.0501],[4.48596,44.04997],[4.48509,44.04986],[4.48434,44.04992],[4.48409,44.0501],[4.48304,44.05044],[4.48292,44.05066],[4.48268,44.05089],[4.48232,44.05112],[4.48151,44.05127],[4.48076,44.05128],[4.47951,44.05104],[4.47761,44.05035],[4.47596,44.04962],[4.47283,44.04752],[4.47162,44.04682],[4.47148,44.04664],[4.47154,44.04646],[4.47185,44.04646],[4.47216,44.04649],[4.47216,44.04631],[4.47178,44.0461],[4.47096,44.04598],[4.4699,44.04595],[4.4697,44.04555],[4.46974,44.04506],[4.46998,44.04487],[4.46998,44.04474],[4.46828,44.04431],[4.46647,44.04268],[4.46568,44.04158],[4.46521,44.04051],[4.46491,44.03915],[4.4647,44.03857],[4.46336,44.03779],[4.46278,44.03726],[4.46252,44.03691],[4.46218,44.03637],[4.46199,44.03611],[4.46116,44.03563],[4.46059,44.03536],[4.45975,44.03475],[4.45918,44.03444],[4.45879,44.03405],[4.45739,44.03309],[4.457,44.03255],[4.45661,44.03211],[4.45597,44.03157],[4.45553,44.03158],[4.45,44.03214],[4.44583,44.03231],[4.44456,44.03224],[4.44407,44.03031],[4.44387,44.02991],[4.44327,44.02898],[4.44281,44.02845],[4.44242,44.02787],[4.44348,44.02794],[4.44434,44.02581],[4.44457,44.0254],[4.44481,44.02517],[4.44511,44.02449],[4.44521,44.02385],[4.44538,44.02322],[4.44556,44.02155],[4.44567,44.02096],[4.44571,44.01872],[4.44581,44.01786],[4.44603,44.01709],[4.44613,44.01628],[4.44607,44.0147],[4.446,44.01443],[4.44597,44.01371],[4.44644,44.01298],[4.44654,44.01239],[4.44666,44.01212],[4.44661,44.01064],[4.44665,44.00996],[4.44676,44.00951],[4.44669,44.0092],[4.44602,44.00809],[4.44589,44.00787],[4.44508,44.00616],[4.44488,44.0059],[4.44407,44.00425],[4.44388,44.00403],[4.44347,44.00318],[4.44319,44.00242],[4.44299,44.00161],[4.44272,44.00103],[4.44193,43.9983],[4.44179,43.99794],[4.44183,43.99718],[4.44194,43.99691],[4.44192,43.99628],[4.44165,43.99574],[4.44132,43.99525],[4.44124,43.9948],[4.44085,43.99436],[4.44047,43.99414],[4.43957,43.99344],[4.43898,43.99273],[4.43859,43.99206],[4.43846,43.99161],[4.43812,43.99104],[4.43774,43.99064],[4.43696,43.98997],[4.43689,43.9897],[4.43618,43.98886],[4.43592,43.9886],[4.43707,43.98781],[4.43828,43.98675],[4.43911,43.98575],[4.43991,43.98519],[4.44126,43.98454],[4.44243,43.98411],[4.44242,43.98379],[4.44227,43.98335],[4.44202,43.98313],[4.4417,43.983],[4.44182,43.98286],[4.44168,43.98241],[4.44057,43.98262],[4.44025,43.98258],[4.43958,43.9812],[4.43932,43.98101],[4.43882,43.98089],[4.43671,43.98102],[4.43468,43.98169],[4.43385,43.98157],[4.43229,43.98137],[4.43166,43.98138],[4.43117,43.98148],[4.43093,43.98162],[4.42905,43.98305],[4.42819,43.98343],[4.42751,43.98353],[4.42664,43.98355],[4.42431,43.98336],[4.424,43.98341],[4.42383,43.98364],[4.42339,43.98374],[4.42329,43.98423],[4.42331,43.98477],[4.42313,43.98509],[4.42308,43.98545],[4.42212,43.98641],[4.42103,43.9872],[4.42084,43.9872],[4.41796,43.98546],[4.41613,43.98478],[4.4155,43.98461],[4.41469,43.98461],[4.41432,43.98467],[4.41417,43.9839],[4.41397,43.98359],[4.4129,43.98316],[4.41254,43.98362],[4.41206,43.98417],[4.41137,43.98396],[4.41049,43.98384],[4.40949,43.98368],[4.40899,43.98346],[4.40823,43.98325],[4.40592,43.98315],[4.40568,43.9832],[4.40562,43.98343],[4.40347,43.98239],[4.40233,43.98192],[4.40278,43.98065],[4.40422,43.97752],[4.40425,43.97648],[4.40441,43.97548],[4.40439,43.97499],[4.4045,43.97445],[4.40453,43.97377],[4.4048,43.97242],[4.40489,43.97147],[4.40504,43.97066],[4.40537,43.96723],[4.40542,43.96529],[4.40525,43.96408],[4.40511,43.96364],[4.40442,43.96356],[4.40405,43.96357],[4.40319,43.96381],[4.40288,43.96381],[4.40213,43.96369],[4.40182,43.96397],[4.40146,43.96415],[4.40096,43.96416],[4.40027,43.96408],[4.39983,43.96391],[4.39836,43.96286],[4.3976,43.96247],[4.39689,43.96194],[4.39682,43.96154],[4.39654,43.96064],[4.39644,43.95969],[4.39654,43.9591],[4.39652,43.95847],[4.39586,43.95741],[4.39583,43.95651],[4.39566,43.95548],[4.39563,43.95408],[4.3952,43.95273],[4.39514,43.95098],[4.39395,43.95065],[4.38969,43.95001],[4.38812,43.94962],[4.38867,43.94939],[4.38885,43.9492],[4.38967,43.94779],[4.39028,43.94733],[4.38707,43.94627],[4.38698,43.94573],[4.38619,43.94457],[4.38594,43.94448],[4.38445,43.94442],[4.38419,43.94429],[4.38406,43.94398],[4.3843,43.94393],[4.38432,43.94249],[4.38439,43.94105],[4.38432,43.94087],[4.38393,43.94056],[4.38355,43.94017],[4.38341,43.93972],[4.38339,43.93895],[4.38357,43.93863],[4.38386,43.93826],[4.38513,43.93725],[4.3861,43.93642],[4.38634,43.93606],[4.38729,43.93487],[4.38842,43.93323],[4.38903,43.93277],[4.3894,43.93258],[4.39007,43.9323],[4.39106,43.93215],[4.39249,43.93208],[4.39349,43.9322],[4.39482,43.93249],[4.39828,43.93364],[4.39935,43.93389],[4.40079,43.93414],[4.40222,43.9342],[4.40346,43.93404],[4.40439,43.93389],[4.40623,43.93332],[4.40903,43.93286],[4.40894,43.93247],[4.40873,43.93156],[4.40865,43.93098],[4.40889,43.9307],[4.40887,43.93012],[4.40849,43.9299],[4.40761,43.92969],[4.40739,43.92874],[4.40712,43.92834],[4.40662,43.92804],[4.406,43.92814],[4.4055,43.92806],[4.40506,43.92793],[4.40443,43.92795],[4.40382,43.92809],[4.40345,43.92837],[4.40333,43.92851],[4.4029,43.9286],[4.40259,43.92852],[4.40239,43.92825],[4.40225,43.92767],[4.40236,43.9274],[4.40235,43.927],[4.4017,43.9262],[4.40105,43.92566],[4.40061,43.92554],[4.39936,43.92534],[4.39884,43.92476],[4.39871,43.92454],[4.39869,43.92409],[4.39915,43.923],[4.39921,43.92282],[4.39919,43.92233],[4.39873,43.92175],[4.39815,43.92109],[4.39764,43.92064],[4.3972,43.9206],[4.39446,43.92052],[4.39428,43.92084],[4.39423,43.92115],[4.39395,43.92179],[4.39385,43.92264],[4.39206,43.9229],[4.39162,43.92291],[4.39105,43.92288],[4.39085,43.92265],[4.39073,43.92225],[4.39033,43.92154],[4.38987,43.92096],[4.38929,43.92035],[4.38869,43.91995],[4.38839,43.91968],[4.38801,43.91942],[4.38749,43.91871],[4.38682,43.91737],[4.38657,43.91738],[4.38577,43.91771],[4.38465,43.91768],[4.38364,43.91757],[4.38171,43.91755],[4.38035,43.9178],[4.37818,43.91784],[4.37694,43.91804],[4.37651,43.9181],[4.37628,43.91707],[4.37627,43.91671],[4.37874,43.91616],[4.38027,43.91555],[4.38419,43.91345],[4.38836,43.91158],[4.38903,43.91107],[4.39164,43.90711],[4.3928,43.90493],[4.39298,43.9047],[4.39432,43.90409],[4.39463,43.90382],[4.39505,43.90318],[4.39523,43.90304],[4.39566,43.90294],[4.39572,43.90281],[4.39546,43.90236],[4.39384,43.90266],[4.39179,43.90287],[4.39098,43.90284],[4.39055,43.90276],[4.38961,43.90273],[4.38867,43.90239],[4.38804,43.90236],[4.38693,43.90251],[4.38626,43.90297],[4.38528,43.90322],[4.38131,43.90383],[4.38062,43.90385],[4.38006,43.90367],[4.37925,43.90373],[4.37846,43.90415],[4.37779,43.90461],[4.3768,43.90481],[4.37269,43.90502],[4.37151,43.90504],[4.37033,43.90511],[4.36854,43.90555],[4.36438,43.90598],[4.36259,43.90641],[4.36136,43.9068],[4.35912,43.90715],[4.35788,43.90722],[4.35696,43.90751],[4.35671,43.90747],[4.35585,43.90612],[4.35572,43.90586],[4.35547,43.906],[4.35517,43.90632],[4.35451,43.90673],[4.35395,43.90688],[4.35091,43.90703],[4.3501,43.90695],[4.34847,43.90703],[4.34755,43.90731],[4.34694,43.90759],[4.34601,43.90779],[4.34534,43.90821],[4.34522,43.90834],[4.34491,43.90831],[4.34339,43.90756],[4.3425,43.90704],[4.34206,43.90682],[4.34142,43.90625],[4.34114,43.90553],[4.34105,43.90459],[4.34177,43.90408],[4.34224,43.90318],[4.34252,43.90227],[4.34265,43.90204],[4.34274,43.90119],[4.3426,43.90073],[4.34106,43.89923],[4.34048,43.8987],[4.34034,43.89826],[4.34032,43.89785],[4.33975,43.89737],[4.33947,43.89661],[4.33749,43.89699],[4.33595,43.89734],[4.3347,43.89736],[4.33413,43.89715],[4.33381,43.89684],[4.33368,43.89666],[4.33231,43.89664],[4.33174,43.89643],[4.33154,43.89611],[4.33141,43.89585],[4.33004,43.89578],[4.32972,43.89561],[4.32952,43.89524],[4.32423,43.89485],[4.32329,43.89491],[4.31896,43.89584],[4.31664,43.89613],[4.3145,43.89663],[4.31296,43.89707],[4.30988,43.89775],[4.30841,43.89841],[4.3076,43.89856],[4.30492,43.89879],[4.30406,43.89898],[4.30277,43.89954],[4.2999,43.90121],[4.29787,43.90201],[4.2951,43.90282],[4.29306,43.90353],[4.29116,43.90415],[4.28931,43.90486],[4.28687,43.90625],[4.28528,43.90741],[4.28516,43.9075],[4.28456,43.90818],[4.28448,43.90751],[4.28457,43.90652],[4.28486,43.90584],[4.28477,43.9048],[4.28222,43.9052],[4.28038,43.90582],[4.2797,43.90592],[4.27765,43.90609],[4.27616,43.90607],[4.27522,43.90631],[4.27387,43.90683],[4.27281,43.90681],[4.27238,43.90691],[4.27128,43.90733],[4.27024,43.90784],[4.26987,43.90798],[4.26974,43.90776],[4.26947,43.90717],[4.26927,43.90682],[4.26881,43.90611],[4.26877,43.90507],[4.26869,43.9044],[4.26835,43.90355],[4.26788,43.90266],[4.2678,43.90199],[4.26766,43.90154],[4.2674,43.90118],[4.26701,43.90082],[4.26594,43.90035],[4.26519,43.90014],[4.26469,43.9001],[4.26332,43.90017],[4.26177,43.90029],[4.26003,43.90023],[4.25963,43.89947],[4.25904,43.89853],[4.25877,43.89799],[4.25812,43.89719],[4.25729,43.89658],[4.25622,43.89601],[4.25515,43.89567],[4.25183,43.89487],[4.24874,43.89402],[4.24855,43.89394],[4.24822,43.89331],[4.2482,43.89273],[4.24839,43.89246],[4.2485,43.892],[4.24873,43.8915],[4.24908,43.891],[4.24919,43.89045],[4.24915,43.88915],[4.24901,43.88875],[4.24847,43.88754],[4.24755,43.88617],[4.2471,43.88563],[4.24479,43.88337],[4.24427,43.88275],[4.24308,43.88061],[4.24295,43.88016],[4.24276,43.87643],[4.24263,43.87621],[4.24048,43.87498],[4.2387,43.87384],[4.23769,43.87345],[4.23759,43.87413],[4.2373,43.87476],[4.2365,43.87532],[4.23638,43.8755],[4.23643,43.87707],[4.23632,43.87734],[4.23559,43.87799],[4.2353,43.87853],[4.2352,43.87913],[4.23518,43.88052],[4.23508,43.88115],[4.2349,43.88147],[4.23385,43.88203],[4.23331,43.88253],[4.23278,43.88335],[4.23212,43.88404],[4.23157,43.88445],[4.23108,43.88464],[4.23028,43.88483],[4.22184,43.88582],[4.21508,43.88675],[4.20962,43.88724],[4.20857,43.88739],[4.20837,43.88713],[4.2076,43.88629],[4.20694,43.88535],[4.20575,43.88316],[4.20517,43.88245],[4.20459,43.88188],[4.20422,43.88139],[4.20324,43.8801],[4.203,43.88024],[4.2017,43.88076],[4.19911,43.88139],[4.19763,43.87996],[4.19799,43.8796],[4.1978,43.87947],[4.19661,43.87904],[4.19511,43.87884],[4.19479,43.87866],[4.19477,43.87808],[4.19494,43.87754],[4.19481,43.87732],[4.19385,43.87642],[4.19376,43.8758],[4.19357,43.87553],[4.19242,43.87447],[4.19234,43.8742],[4.19221,43.87402],[4.19158,43.87354],[4.19198,43.87254],[4.19178,43.87223],[4.1917,43.87169],[4.19194,43.87087],[4.19229,43.8701],[4.19228,43.86983],[4.18857,43.86463],[4.18706,43.86231],[4.18698,43.86182],[4.18678,43.86137],[4.18655,43.86012],[4.18613,43.85823],[4.18843,43.85833],[4.1913,43.85851],[4.19485,43.85867],[4.19444,43.85756],[4.1944,43.85616],[4.19452,43.8558],[4.19522,43.85458],[4.19636,43.8532],[4.19708,43.85247],[4.19824,43.85159],[4.19897,43.851],[4.2001,43.84958],[4.20069,43.84867],[4.20139,43.84718],[4.2015,43.84677],[4.20175,43.84636],[4.20174,43.84605],[4.20095,43.84485],[4.20062,43.84409],[4.20059,43.84318],[4.20099,43.84205],[4.20146,43.84128],[4.20235,43.83996],[4.20307,43.83878],[4.20343,43.83837],[4.20391,43.838],[4.20544,43.83734],[4.20629,43.83679],[4.20671,43.83629],[4.20706,43.83543],[4.20758,43.83389],[4.20799,43.83312],[4.20894,43.8318],[4.20984,43.83096],[4.21063,43.83032],[4.21106,43.82977],[4.21105,43.82964],[4.21004,43.82943],[4.20886,43.82941],[4.20885,43.82923],[4.20922,43.82868],[4.20921,43.82855],[4.20945,43.82818],[4.20957,43.82805],[4.20992,43.82728],[4.21009,43.82682],[4.21001,43.82642],[4.20975,43.82584],[4.20936,43.8254],[4.20853,43.82473],[4.2072,43.82394],[4.20688,43.82363],[4.20699,43.82327],[4.20696,43.82224],[4.20726,43.82192],[4.20835,43.82105],[4.20864,43.82059],[4.20999,43.81967],[4.2109,43.81898],[4.21222,43.81765],[4.21361,43.81641],[4.2141,43.81596],[4.21452,43.81532],[4.21463,43.81505],[4.21462,43.81482],[4.2148,43.81446],[4.21528,43.81387],[4.21521,43.81368],[4.21488,43.81306],[4.21423,43.81221],[4.21343,43.8107],[4.21317,43.81016],[4.21322,43.8098],[4.21345,43.80944],[4.21338,43.80913],[4.21318,43.80881],[4.21287,43.80859],[4.21075,43.80844],[4.2105,43.80827],[4.21024,43.80787],[4.20987,43.80801],[4.20962,43.80797],[4.20949,43.80774],[4.20843,43.80758],[4.20771,43.80854],[4.20659,43.81022],[4.20658,43.81036],[4.20616,43.81068],[4.20444,43.81138],[4.20175,43.8126],[4.20156,43.81265],[4.2002,43.81258],[4.19989,43.81272],[4.1997,43.81313],[4.19922,43.81359],[4.19868,43.814],[4.19837,43.8141],[4.1975,43.8142],[4.1972,43.81443],[4.19696,43.81475],[4.19654,43.81507],[4.19574,43.81531],[4.19475,43.81542],[4.19389,43.81575],[4.19351,43.8158],[4.19214,43.81578],[4.19104,43.81611],[4.18993,43.8164],[4.18851,43.81665],[4.18826,43.81679],[4.18815,43.81715],[4.18785,43.81738],[4.18779,43.8176],[4.18755,43.81783],[4.18687,43.81798],[4.18506,43.818],[4.18475,43.8181],[4.18426,43.8181],[4.18313,43.81785],[4.18239,43.81787],[4.18148,43.81851],[4.18075,43.81897],[4.17995,43.81926],[4.17921,43.81945],[4.17833,43.81937],[4.17782,43.81925],[4.17721,43.8193],[4.17485,43.81934],[4.17273,43.81924],[4.17155,43.81925],[4.16497,43.81968],[4.15764,43.82002],[4.15755,43.81908],[4.15743,43.81692],[4.15735,43.81625],[4.15541,43.81601],[4.15434,43.8157],[4.15371,43.81544],[4.15263,43.81474],[4.15117,43.81351],[4.15103,43.81315],[4.15108,43.81266],[4.15112,43.80981],[4.15125,43.80604],[4.15136,43.80567],[4.15208,43.80472],[4.15263,43.80426],[4.15208,43.80431],[4.15078,43.80487],[4.14796,43.80595],[4.14747,43.80609],[4.14678,43.80606],[4.14615,43.8058],[4.14558,43.8054],[4.14492,43.80411],[4.14471,43.80344],[4.14469,43.8029],[4.14412,43.80232],[4.14405,43.80215],[4.14403,43.8016],[4.14433,43.80105],[4.1443,43.80011],[4.14423,43.79993],[4.14427,43.79939],[4.14486,43.7983],[4.14588,43.79676],[4.14664,43.79535],[4.14717,43.79449],[4.14722,43.79408],[4.14708,43.79345],[4.14853,43.79203],[4.14872,43.79202],[4.14934,43.79211],[4.1504,43.79219],[4.15213,43.79207],[4.15366,43.79132],[4.15458,43.79095],[4.15532,43.7908],[4.15731,43.79063],[4.15898,43.7902],[4.16015,43.79004],[4.16195,43.79001],[4.16262,43.78982],[4.16593,43.7881],[4.16704,43.78772],[4.1679,43.78754],[4.16961,43.78633],[4.16979,43.78602],[4.16987,43.78471],[4.16983,43.78345],[4.17183,43.78193],[4.17255,43.7812],[4.17353,43.78051],[4.17414,43.78014],[4.17418,43.77947],[4.17435,43.77879],[4.17425,43.77789],[4.17637,43.77808],[4.17773,43.77806],[4.17725,43.77618],[4.17716,43.77537],[4.1786,43.77562],[4.17835,43.77359],[4.17829,43.77179],[4.17841,43.77156],[4.17888,43.77097],[4.18034,43.76951],[4.18051,43.76919],[4.18049,43.76856],[4.1802,43.76708],[4.18014,43.76541],[4.1792,43.76493],[4.1785,43.76441],[4.1767,43.76241],[4.1765,43.7621],[4.17649,43.76191],[4.1761,43.76133],[4.17585,43.76107],[4.1752,43.76027],[4.17469,43.75974],[4.17412,43.75939],[4.17355,43.75909],[4.17323,43.75882],[4.17265,43.75807],[4.17188,43.7574],[4.17185,43.75645],[4.17159,43.75592],[4.17133,43.75552],[4.17132,43.75507],[4.17162,43.75452],[4.17191,43.75411],[4.1722,43.75348],[4.17219,43.75307],[4.172,43.75299],[4.17189,43.75155],[4.17121,43.75142],[4.17117,43.75034],[4.17081,43.74886],[4.16927,43.747],[4.16882,43.74665],[4.16843,43.74624],[4.16779,43.74544],[4.16747,43.74522],[4.16708,43.74469],[4.1667,43.74447],[4.16651,43.74425],[4.16642,43.74335],[4.16614,43.74246],[4.1658,43.74],[4.16592,43.73904],[4.16596,43.73836],[4.16601,43.73805],[4.16606,43.73742],[4.16623,43.73696],[4.16628,43.73669],[4.16565,43.73634],[4.16564,43.73612],[4.16605,43.73535],[4.16713,43.73388],[4.16743,43.73356],[4.16617,43.73291],[4.16454,43.73244],[4.16416,43.73236],[4.16336,43.73255],[4.16185,43.73204],[4.16161,43.73209],[4.16105,43.73228],[4.15944,43.73208],[4.15838,43.73191],[4.15807,43.73191],[4.15776,43.7321],[4.15649,43.73306],[4.1554,43.73426],[4.15297,43.73384],[4.14504,43.73244],[4.14505,43.73275],[4.14495,43.73343],[4.14478,43.73389],[4.14407,43.73516],[4.14336,43.73625],[4.14325,43.73652],[4.14301,43.73684],[4.14253,43.73739],[4.14143,43.73822],[4.14088,43.73849],[4.13935,43.73915],[4.13763,43.73963],[4.13601,43.74],[4.13337,43.74064],[4.13164,43.74093],[4.13065,43.74099],[4.12904,43.74089],[4.12716,43.7406],[4.12628,43.7403],[4.12577,43.74],[4.12508,43.73969],[4.124,43.7389],[4.12349,43.73832],[4.12252,43.73712],[4.12208,43.73685],[4.12189,43.73677],[4.12102,43.73678],[4.11886,43.73691],[4.11681,43.73681],[4.11637,43.73686],[4.11545,43.73704],[4.11452,43.73746],[4.11403,43.73774],[4.11282,43.73867],[4.11198,43.73945],[4.1116,43.74],[4.1117,43.74018],[4.10962,43.74164],[4.10888,43.74206],[4.10879,43.74236],[4.10843,43.74346],[4.10813,43.74387],[4.10765,43.74437],[4.10688,43.74556],[4.10641,43.74678],[4.10625,43.74741],[4.10595,43.74782],[4.10559,43.74818],[4.10504,43.74851],[4.10443,43.74874],[4.10196,43.74923],[4.10097,43.74925],[4.10016,43.74908],[4.09923,43.74959],[4.09704,43.7508],[4.09367,43.75247],[4.09312,43.75288],[4.09276,43.75325],[4.09252,43.75366],[4.09224,43.75451],[4.09219,43.75488],[4.09222,43.75582],[4.09255,43.75662],[4.09275,43.75703],[4.09289,43.75748],[4.09292,43.75833],[4.09281,43.75888],[4.09251,43.75955],[4.09215,43.76005],[4.09216,43.76019],[4.09173,43.76047],[4.09075,43.76093],[4.09039,43.76121],[4.09033,43.76139],[4.09034,43.76166],[4.09053,43.76183],[4.09097,43.76192],[4.09227,43.76199],[4.09271,43.76211],[4.09297,43.76233],[4.09291,43.76269],[4.09268,43.76306],[4.09213,43.76347],[4.09097,43.76408],[4.09049,43.7644],[4.09001,43.765],[4.08977,43.76523],[4.08926,43.76533],[4.0887,43.76524],[4.08826,43.76497],[4.08783,43.76502],[4.08672,43.76536],[4.08611,43.76568],[4.08544,43.76619],[4.08508,43.76664],[4.0845,43.76787],[4.08426,43.76809],[4.08389,43.76824],[4.08352,43.76824],[4.08276,43.76821],[4.07554,43.76734],[4.07336,43.76718],[4.07229,43.76693],[4.07091,43.76637],[4.07072,43.76641],[4.06999,43.76697],[4.06968,43.76697],[4.06943,43.76684],[4.06861,43.76622],[4.06853,43.76582],[4.06778,43.76543],[4.06758,43.76507],[4.06751,43.76471],[4.06725,43.76449],[4.06702,43.76512],[4.06666,43.76558],[4.06545,43.76636],[4.06533,43.76655],[4.06497,43.76691],[4.06479,43.76727],[4.06476,43.76813],[4.06488,43.7684],[4.0649,43.76929],[4.06472,43.76952],[4.0643,43.76984],[4.06412,43.77007],[4.06365,43.77098],[4.0633,43.77157],[4.063,43.77189],[4.06256,43.77194],[4.06126,43.77196],[4.06071,43.77215],[4.06003,43.77274],[4.05966,43.77284],[4.05935,43.77289],[4.05772,43.77229],[4.05722,43.7722],[4.05623,43.77222],[4.05524,43.77206],[4.0548,43.77206],[4.054,43.77221],[4.05326,43.77254],[4.05266,43.77295],[4.05218,43.77345],[4.05187,43.77391],[4.05175,43.77427],[4.0519,43.77494],[4.05203,43.77521],[4.05235,43.77552],[4.05248,43.77574],[4.05262,43.77641],[4.05288,43.77668],[4.05364,43.7773],[4.05385,43.77792],[4.05385,43.7781],[4.05368,43.77837],[4.05274,43.77812],[4.05199,43.778],[4.05146,43.77908],[4.05153,43.77931],[4.05166,43.77957],[4.05142,43.77986],[4.05239,43.78097],[4.05342,43.78239],[4.05382,43.7831],[4.05389,43.78346],[4.05284,43.78411],[4.05324,43.78477],[4.05312,43.78505],[4.05234,43.78582],[4.05143,43.78651],[4.05038,43.78689],[4.05008,43.78707],[4.04997,43.78767],[4.04951,43.78889],[4.04932,43.78925],[4.04902,43.78939],[4.04834,43.78949],[4.04699,43.78987],[4.04644,43.79028],[4.04608,43.79087],[4.0443,43.79153],[4.04338,43.79168],[4.04294,43.79191],[4.04277,43.79241],[4.04252,43.79259],[4.04197,43.79269],[4.04142,43.79297],[4.04039,43.79375],[4.03959,43.79417],[4.0388,43.79472],[4.03851,43.79522],[4.03796,43.79572],[4.03751,43.7956],[4.03733,43.7956],[4.03624,43.79665],[4.03582,43.79697],[4.03549,43.79657],[4.03488,43.79698],[4.03446,43.79731],[4.03397,43.79754],[4.03354,43.79777],[4.03325,43.79822],[4.03294,43.79845],[4.03233,43.79873],[4.03152,43.79893],[4.03016,43.79926],[4.03033,43.80065],[4.0299,43.80093],[4.02886,43.80148],[4.02679,43.80269],[4.0253,43.80316],[4.02375,43.80332],[4.02301,43.80342],[4.02233,43.80361],[4.02191,43.80398],[4.02125,43.80484],[4.02071,43.80525],[4.01991,43.80567],[4.01947,43.80604],[4.01858,43.80717],[4.01815,43.80736],[4.01728,43.80746],[4.01418,43.80751],[4.01363,43.8077],[4.01319,43.80779],[4.0125,43.80784],[4.01207,43.80794],[4.01177,43.80817],[4.0114,43.80831],[4.00899,43.80871],[4.00757,43.80913],[4.00684,43.80959],[4.00666,43.80982],[4.00605,43.81028],[4.00549,43.81042],[4.00414,43.81098],[4.00204,43.81147],[4.00168,43.81179],[4.00144,43.81224],[4.00134,43.81305],[3.99951,43.81204],[3.99661,43.81052],[3.9956,43.80989],[3.99433,43.80919],[3.98879,43.80671],[3.98489,43.80501],[3.9805,43.80341],[3.97435,43.80148],[3.97334,43.80293],[3.97322,43.80316],[3.97298,43.80347],[3.97268,43.8037],[3.97237,43.80375],[3.97118,43.80337],[3.96943,43.80298],[3.96805,43.80291],[3.96774,43.80287],[3.96698,43.80252],[3.96636,43.8024],[3.96586,43.8024],[3.96483,43.80309],[3.96415,43.80342],[3.96349,43.80397],[3.96306,43.80442],[3.96217,43.80615],[3.96213,43.80678],[3.96233,43.80736],[3.96214,43.80731],[3.96151,43.80678],[3.96062,43.80626],[3.96012,43.80604],[3.96038,43.80635],[3.96064,43.8068],[3.96072,43.80738],[3.96085,43.80774],[3.96094,43.80864],[3.96139,43.80927],[3.96228,43.81002],[3.96235,43.81038],[3.96208,43.81173],[3.96166,43.81466],[3.96161,43.81511],[3.96159,43.81656],[3.96172,43.81678],[3.96261,43.81771],[3.96332,43.8186],[3.96447,43.81975],[3.96467,43.82011],[3.96531,43.82096],[3.96582,43.82131],[3.96822,43.82272],[3.96873,43.82329],[3.96918,43.8236],[3.97078,43.82525],[3.97167,43.82604],[3.97236,43.82653],[3.97387,43.82718],[3.97513,43.82766],[3.9771,43.82889],[3.97773,43.8292],[3.97818,43.8296],[3.97837,43.82991],[3.97727,43.83087],[3.97516,43.83319],[3.97353,43.83515],[3.97185,43.83711],[3.97179,43.83729],[3.97348,43.83759],[3.97448,43.83784],[3.97498,43.83815],[3.9753,43.83842],[3.97587,43.83877],[3.97669,43.83911],[3.97707,43.83942],[3.97863,43.84166],[3.97952,43.84268],[3.97848,43.84305],[3.97675,43.84348],[3.97379,43.84443],[3.97311,43.84453],[3.97174,43.84449],[3.97061,43.84411],[3.96966,43.84363],[3.96873,43.84346],[3.96798,43.84338],[3.96363,43.84331],[3.96307,43.84323],[3.96256,43.84324],[3.96193,43.84307],[3.9615,43.84306],[3.96014,43.84331],[3.95971,43.84354],[3.95835,43.84374],[3.95805,43.84424],[3.95733,43.84519],[3.95704,43.84575],[3.95707,43.84674],[3.95713,43.84723],[3.9576,43.84826],[3.95768,43.84897],[3.95763,43.84938],[3.9578,43.85091],[3.95787,43.85117],[3.95796,43.85216],[3.95815,43.85253],[3.95899,43.8535],[3.95789,43.85438],[3.95663,43.85384],[3.9562,43.85377],[3.9514,43.85374],[3.94966,43.85363],[3.94437,43.8534],[3.94069,43.85335],[3.9379,43.85357],[3.9293,43.85496],[3.928,43.8552],[3.92707,43.85553],[3.92608,43.85604],[3.92523,43.85659],[3.92505,43.85687],[3.9247,43.85755],[3.92446,43.85786],[3.92373,43.85841],[3.92311,43.85878],[3.923,43.85901],[3.92197,43.85997],[3.92192,43.86042],[3.92173,43.86083],[3.92133,43.86205],[3.92116,43.8625],[3.92104,43.86272],[3.92081,43.8634],[3.92023,43.8648],[3.92017,43.86498],[3.91975,43.86566],[3.91927,43.86622],[3.91921,43.86645],[3.91885,43.86686],[3.9186,43.86699],[3.91764,43.8684],[3.91769,43.87011],[3.91777,43.87078],[3.91813,43.8774],[3.91833,43.88009],[3.91872,43.8809],[3.91956,43.88197],[3.91926,43.88242],[3.9192,43.88256],[3.91908,43.88274],[3.91897,43.88306],[3.91885,43.88319],[3.91873,43.88346],[3.91861,43.8836],[3.9185,43.88396],[3.91838,43.8841],[3.91826,43.88428],[3.91718,43.88627],[3.91769,43.88658],[3.91819,43.88666],[3.91691,43.88758],[3.91623,43.88773],[3.91498,43.88761],[3.9143,43.88762],[3.91337,43.88777],[3.91263,43.888],[3.91165,43.88856],[3.91149,43.88739],[3.91138,43.88564],[3.91062,43.88492],[3.91043,43.88488],[3.90928,43.88382],[3.90921,43.88368],[3.90858,43.88315],[3.90781,43.88245],[3.90642,43.88139],[3.90319,43.87922],[3.90243,43.87896],[3.90054,43.87845],[3.9001,43.87837],[3.8971,43.87759],[3.89648,43.8776],[3.89561,43.8777],[3.89325,43.87774],[3.89245,43.87784],[3.89109,43.87826],[3.89009,43.87841],[3.88673,43.87823],[3.88604,43.87811],[3.88305,43.87801],[3.88044,43.87796],[3.87987,43.87801],[3.8787,43.87829],[3.87776,43.87822],[3.87702,43.87823],[3.87546,43.87807],[3.87246,43.87753],[3.87153,43.87741],[3.87071,43.87705],[3.87039,43.87683],[3.86988,43.87612],[3.86894,43.87613],[3.86795,43.87664],[3.86746,43.87674],[3.86659,43.8767],[3.86597,43.87676],[3.8646,43.87673],[3.8641,43.87674],[3.86385,43.87679],[3.86348,43.8767],[3.86242,43.87667],[3.86198,43.87654],[3.86185,43.87637],[3.86117,43.87655],[3.86062,43.87661],[3.86043,43.8767],[3.85758,43.87727],[3.85621,43.87715],[3.85607,43.87666],[3.85562,43.87604],[3.85536,43.87577],[3.8553,43.87564],[3.85479,43.8752],[3.8546,43.87506],[3.85372,43.8749],[3.85353,43.87476],[3.85308,43.8741],[3.85257,43.87347],[3.85256,43.87334],[3.8521,43.87226],[3.85142,43.86997],[3.8518,43.86763],[3.84932,43.86821],[3.84734,43.86846],[3.84561,43.86906],[3.84469,43.86947],[3.84327,43.86985],[3.84214,43.86991],[3.8409,43.87011],[3.83917,43.8705],[3.83825,43.87073],[3.838,43.87074],[3.83459,43.86876],[3.8308,43.86642],[3.82545,43.87112],[3.82478,43.87176],[3.82427,43.87164],[3.82384,43.87196],[3.82284,43.87165],[3.82234,43.87162],[3.82311,43.87242],[3.82343,43.87286],[3.82368,43.87313],[3.82233,43.87364],[3.82229,43.87437],[3.82242,43.87473],[3.81995,43.87539],[3.81116,43.87734],[3.80607,43.87791],[3.80582,43.878],[3.80399,43.87901],[3.80368,43.87929],[3.80333,43.88019],[3.8028,43.88173],[3.80211,43.88394],[3.80206,43.88431],[3.80188,43.88476],[3.8013,43.88607],[3.79995,43.88969],[3.79971,43.89018],[3.79966,43.89059],[3.79954,43.89082],[3.80037,43.8917],[3.8005,43.89193],[3.80229,43.89376],[3.80515,43.89614],[3.80686,43.89748],[3.80705,43.89752],[3.8075,43.89792],[3.80757,43.89823],[3.80782,43.89837],[3.80878,43.89934],[3.81057,43.90125],[3.81606,43.9069],[3.81926,43.91041],[3.82027,43.91098],[3.8204,43.91116],[3.82111,43.91237],[3.82255,43.9151],[3.82341,43.91684],[3.82374,43.91765],[3.824,43.91805],[3.82463,43.91818],[3.82544,43.91857],[3.82671,43.91932],[3.82825,43.92],[3.82985,43.92071],[3.83004,43.92071],[3.83169,43.92],[3.83294,43.91923],[3.83407,43.91963],[3.8345,43.91972],[3.83556,43.91961],[3.83612,43.9196],[3.83681,43.91973],[3.83758,43.92],[3.84906,43.92164],[3.86268,43.92357],[3.86363,43.924],[3.8683,43.92647],[3.86868,43.92668],[3.86807,43.92728],[3.86954,43.92874],[3.87057,43.92999],[3.87083,43.93057],[3.87131,43.93196],[3.87197,43.93353],[3.87217,43.93384],[3.87255,43.93415],[3.87281,43.93446],[3.87307,43.93486],[3.87331,43.93486],[3.87554,43.93438],[3.87579,43.93438],[3.8772,43.9358],[3.87829,43.93695],[3.87848,43.93735],[3.87662,43.93752],[3.87451,43.93759],[3.87426,43.93764],[3.87433,43.938],[3.87447,43.93845],[3.87568,43.94163],[3.87646,43.9436],[3.877,43.94498],[3.87734,43.94606],[3.87741,43.94637],[3.87674,43.94678],[3.87662,43.94701],[3.877,43.94741],[3.8784,43.94857],[3.87994,43.95008],[3.88013,43.95034],[3.88007,43.95057],[3.87977,43.95098],[3.87978,43.95125],[3.8803,43.95209],[3.88111,43.95416],[3.88131,43.95497],[3.88172,43.95608],[3.88193,43.95693],[3.88226,43.95778],[3.88252,43.95796],[3.88339,43.95799],[3.88364,43.95817],[3.88416,43.95884],[3.88441,43.95902],[3.88503,43.95901],[3.88682,43.95831],[3.88762,43.95803],[3.88798,43.95767],[3.88804,43.9574],[3.88784,43.95708],[3.8874,43.95668],[3.88726,43.95632],[3.88768,43.95564],[3.88823,43.95527],[3.88891,43.95513],[3.8891,43.95517],[3.88935,43.95539],[3.88995,43.95687],[3.89022,43.95732],[3.8906,43.95767],[3.89091,43.9578],[3.89147,43.95775],[3.89198,43.95761],[3.89271,43.95701],[3.89313,43.9566],[3.89369,43.95628],[3.894,43.95623],[3.89443,43.95623],[3.89518,43.95644],[3.89569,43.95679],[3.89582,43.95697],[3.89583,43.95733],[3.89565,43.95765],[3.89555,43.95832],[3.89557,43.95918],[3.89527,43.95959],[3.89447,43.96027],[3.89411,43.96073],[3.89412,43.96109],[3.89395,43.96173],[3.89353,43.96259],[3.89275,43.96354],[3.89264,43.96395],[3.89284,43.96673],[3.89298,43.96727],[3.89367,43.96753],[3.89399,43.96775],[3.89412,43.96802],[3.8945,43.96828],[3.89476,43.96851],[3.89504,43.96972],[3.89526,43.97134],[3.89606,43.97133],[3.89832,43.97134],[3.89874,43.97093],[3.90326,43.97204],[3.90689,43.97298],[3.90726,43.97284],[3.90857,43.97241],[3.91167,43.97183],[3.91409,43.97157],[3.9144,43.97148],[3.9147,43.97129],[3.91493,43.97057],[3.91486,43.97039],[3.91485,43.9699],[3.91554,43.96962],[3.91622,43.96952],[3.91907,43.96885],[3.92025,43.96869],[3.92224,43.96863],[3.92305,43.96866],[3.92466,43.96859],[3.92623,43.96862],[3.9259,43.9679],[3.9255,43.96705],[3.9255,43.96678],[3.92555,43.96656],[3.92697,43.96609],[3.92764,43.96563],[3.92794,43.96531],[3.92824,43.96485],[3.92823,43.96453],[3.92759,43.9636],[3.92752,43.96333],[3.9277,43.96319],[3.92877,43.96349],[3.93009,43.96402],[3.93124,43.96459],[3.9325,43.96511],[3.93282,43.96551],[3.93386,43.96742],[3.93431,43.96814],[3.9347,43.96864],[3.93483,43.96872],[3.93783,43.96881],[3.93778,43.96913],[3.93779,43.96958],[3.93811,43.97011],[3.93813,43.9711],[3.93796,43.97173],[3.93778,43.97205],[3.93785,43.97228],[3.93805,43.97263],[3.93825,43.97317],[3.93846,43.97394],[3.93856,43.97542],[3.93955,43.9773],[3.93989,43.97819],[3.94021,43.97863],[3.94059,43.9789],[3.94148,43.97943],[3.94173,43.97938],[3.94289,43.97882],[3.94468,43.97817],[3.94511,43.97808],[3.94504,43.97762],[3.94483,43.9769],[3.94514,43.97636],[3.94545,43.97644],[3.94564,43.97644],[3.94668,43.97584],[3.94675,43.97382],[3.94687,43.97373],[3.94774,43.97362],[3.94923,43.9736],[3.95004,43.97363],[3.9501,43.9735],[3.95016,43.97323],[3.95039,43.97282],[3.95039,43.97232],[3.95032,43.9721],[3.95044,43.97196],[3.95124,43.97168],[3.95255,43.97148],[3.95304,43.97143],[3.95376,43.97241],[3.95408,43.97273],[3.95514,43.97289],[3.95663,43.97288],[3.95813,43.97303],[3.95832,43.97302],[3.95874,43.97239],[3.95958,43.97152],[3.95964,43.97134],[3.9608,43.97011],[3.96078,43.96953],[3.9609,43.96939],[3.96139,43.96902],[3.96343,43.96832],[3.96441,43.96781],[3.96552,43.96752],[3.96651,43.96688],[3.96737,43.96655],[3.96769,43.96686],[3.96823,43.9682],[3.96869,43.96909],[3.9687,43.96945],[3.9682,43.97],[3.96803,43.97032],[3.96804,43.9709],[3.97822,43.97369],[3.9791,43.9739],[3.97953,43.97385],[3.98003,43.97375],[3.9807,43.97343],[3.98138,43.97301],[3.982,43.97296],[3.98202,43.97359],[3.98234,43.97408],[3.98305,43.97496],[3.98319,43.97546],[3.98345,43.9759],[3.9843,43.97715],[3.98426,43.97779],[3.98414,43.97819],[3.98422,43.97855],[3.98434,43.97869],[3.98485,43.97904],[3.98486,43.97926],[3.98518,43.97966],[3.98546,43.98051],[3.9856,43.98105],[3.9858,43.98154],[3.9858,43.98181],[3.98568,43.98199],[3.9857,43.98267],[3.98591,43.98329],[3.98592,43.98352],[3.98605,43.9837],[3.9865,43.98446],[3.9872,43.98472],[3.98758,43.98499],[3.98797,43.98561],[3.98829,43.98587],[3.98861,43.98609],[3.98893,43.98645],[3.98908,43.98726],[3.98908,43.9878],[3.98918,43.98928],[3.98913,43.98959],[3.98895,43.98987],[3.98816,43.99046],[3.98749,43.99083],[3.9873,43.99097],[3.98787,43.99119],[3.98813,43.99164],[3.98866,43.99271],[3.9888,43.99307],[3.98925,43.99374],[3.98938,43.99382],[3.99,43.99373],[3.99297,43.99296],[3.99353,43.99304],[3.99623,43.99382],[4.00093,43.99433],[4.00212,43.99458],[4.00376,43.99537],[4.00465,43.99585],[4.0052,43.99769],[4.00554,43.99872],[4.01126,44.00049],[4.01195,44.00061],[4.01196,44.00093],[4.0123,44.00186],[4.01237,44.00218],[4.01177,44.00291],[4.01153,44.00314],[4.00978,44.00559],[4.00942,44.006],[4.00911,44.00618],[4.0085,44.00642],[4.00857,44.00907],[4.0087,44.01115],[4.00905,44.01244],[4.00913,44.01312],[4.00908,44.01411],[4.00892,44.01492],[4.00875,44.01551],[4.0087,44.01587],[4.00852,44.01618],[4.00853,44.01636],[4.00824,44.01709],[4.00818,44.01736],[4.00789,44.01796],[4.00784,44.01854],[4.00768,44.0194],[4.00919,44.01969],[4.0095,44.01973],[4.0097,44.02004],[4.01029,44.0212],[4.01154,44.02325],[4.01205,44.02388],[4.0125,44.02437],[4.01252,44.02486],[4.01277,44.02504],[4.01359,44.0253],[4.01385,44.02552],[4.01417,44.02605],[4.01419,44.02664],[4.01364,44.02745],[4.01371,44.02768],[4.01442,44.02852],[4.01469,44.02906],[4.01527,44.02982],[4.01616,44.03039],[4.01679,44.03074],[4.01937,44.0316],[4.01963,44.03173],[4.02028,44.03285],[4.02075,44.03375],[4.02108,44.03451],[4.02053,44.03479],[4.0196,44.03507],[4.01905,44.03539],[4.01677,44.03628],[4.01502,44.0367],[4.0141,44.03699],[4.01158,44.0382],[4.01066,44.03884],[4.0109,44.04064],[4.01103,44.04087],[4.01123,44.04104],[4.01169,44.04198],[4.01176,44.04225],[4.01228,44.0435],[4.01275,44.04471],[4.01164,44.04504],[4.01138,44.04468],[4.01008,44.04475],[4.00721,44.04497],[4.00335,44.0453],[4.00297,44.04535],[4.00217,44.04559],[4.00186,44.04549],[4.00086,44.0456],[4.00074,44.04569],[4.00026,44.04642],[3.99908,44.04648],[3.99753,44.04664],[3.99598,44.04693],[3.99568,44.04739],[3.99557,44.04797],[3.9956,44.04937],[3.99587,44.05009],[3.99614,44.05072],[3.99621,44.05099],[3.99654,44.05165],[3.99699,44.05219],[3.9975,44.05249],[3.99825,44.05266],[3.99883,44.05337],[3.99941,44.05377],[4.00048,44.05429],[4.00294,44.0553],[4.00222,44.05607],[4.00082,44.05735],[4.0004,44.0579],[4.0001,44.05844],[4.00017,44.05862],[4.00238,44.06148],[4.00296,44.06232],[4.0031,44.06268],[4.00395,44.06437],[4.00415,44.06487],[4.00481,44.06625],[4.00555,44.06791],[4.00555,44.06809],[4.00568,44.06822],[4.00655,44.07014],[4.00708,44.07117],[4.00735,44.07184],[4.00821,44.07363],[4.01021,44.07801],[4.01059,44.07872],[4.01205,44.07924],[4.01331,44.07946],[4.01362,44.07954],[4.01193,44.08177],[4.01115,44.08295],[4.01242,44.08343],[4.01312,44.08396],[4.01394,44.08421],[4.0149,44.08505],[4.0176,44.08794],[4.0185,44.0886],[4.01969,44.08908],[4.02082,44.08906],[4.02219,44.08918],[4.02308,44.08949],[4.0234,44.0898],[4.02504,44.0904],[4.02617,44.0907],[4.02688,44.09109],[4.02745,44.09153],[4.02708,44.0919],[4.02848,44.09277],[4.02994,44.09362],[4.03179,44.0948],[4.03256,44.09533],[4.03448,44.09692],[4.03671,44.09869],[4.03722,44.09918],[4.03837,44.09988],[4.03874,44.09999],[4.04047,44.10101],[4.04142,44.10176],[4.0427,44.10265],[4.04334,44.10305],[4.04416,44.10362],[4.04468,44.10415],[4.0454,44.10517],[4.04579,44.10566],[4.04642,44.1061],[4.04763,44.10677],[4.04827,44.1073],[4.04878,44.10778],[4.04955,44.10831],[4.05062,44.10883],[4.05139,44.10931],[4.05248,44.11033],[4.0528,44.11064],[4.05287,44.11078],[4.05312,44.11101],[4.05344,44.11109],[4.05538,44.11115],[4.05574,44.11074],[4.05635,44.11028],[4.05703,44.11009],[4.05759,44.11004],[4.05872,44.11047],[4.0596,44.11059],[4.0601,44.11045],[4.06086,44.10995],[4.06171,44.11029],[4.06186,44.11087],[4.062,44.11132],[4.06232,44.11185],[4.06264,44.11207],[4.06302,44.11206],[4.06395,44.11201],[4.0642,44.11187],[4.06438,44.11159],[4.06454,44.11096],[4.06574,44.11082],[4.06621,44.1099],[4.06663,44.10935],[4.06766,44.1083],[4.0682,44.10753],[4.06855,44.10689],[4.06877,44.10599],[4.06839,44.10564],[4.06806,44.10506],[4.06804,44.10416],[4.06815,44.10371],[4.06819,44.10272],[4.06811,44.10227],[4.07034,44.10169],[4.07095,44.10133],[4.0699,44.09999],[4.06978,44.09964],[4.0697,44.09931],[4.06944,44.09869],[4.06892,44.09807],[4.06858,44.09731],[4.06851,44.09704],[4.06832,44.09682],[4.06717,44.09598],[4.06791,44.09529],[4.06864,44.09474],[4.06919,44.09446],[4.07025,44.09436],[4.07156,44.09434],[4.07175,44.09447],[4.07214,44.09491],[4.07227,44.095],[4.07332,44.09471],[4.07357,44.09466],[4.07389,44.09488],[4.07386,44.09605],[4.07345,44.09687],[4.07348,44.09791],[4.07361,44.09809],[4.07375,44.09872],[4.07419,44.09871],[4.07486,44.09816],[4.07547,44.09779],[4.07628,44.09764],[4.07714,44.09718],[4.07782,44.09708],[4.07857,44.09693],[4.07887,44.09666]]]]},"properties":{"ID":"304","id":"304","NOM_MASSIF":"GARDON VIDOURLE","dept":"30"}},{"type":"Feature","id":6,"geometry":{"type":"MultiPolygon","coordinates":[[[[3.62716,44.11881],[3.62698,44.11903],[3.62699,44.11935],[3.62731,44.11979],[3.62901,44.12063],[3.63033,44.12107],[3.6314,44.12128],[3.63233,44.12127],[3.63283,44.12122],[3.63349,44.1227],[3.63369,44.12301],[3.63395,44.12346],[3.63434,44.12448],[3.63442,44.12502],[3.63424,44.12534],[3.63271,44.12716],[3.6324,44.12757],[3.63234,44.12771],[3.63242,44.12825],[3.63274,44.12865],[3.6332,44.12945],[3.63365,44.13003],[3.63391,44.13043],[3.6343,44.13115],[3.63488,44.13213],[3.6352,44.13258],[3.63527,44.13289],[3.63529,44.13352],[3.63486,44.13415],[3.63365,44.1358],[3.63354,44.13611],[3.6343,44.1366],[3.63513,44.13749],[3.63577,44.13838],[3.63587,44.14027],[3.636,44.14058],[3.63651,44.14102],[3.6374,44.14164],[3.63836,44.14213],[3.63942,44.1423],[3.64067,44.14229],[3.64123,44.14219],[3.64265,44.14168],[3.64284,44.14163],[3.64315,44.14163],[3.64359,44.14176],[3.64385,44.14198],[3.64398,44.14216],[3.64487,44.14282],[3.64562,44.14313],[3.64619,44.14321],[3.64893,44.14318],[3.64931,44.14322],[3.65096,44.14446],[3.65267,44.14557],[3.65324,44.14597],[3.65312,44.14606],[3.65076,44.1464],[3.64938,44.14642],[3.64826,44.14634],[3.64783,44.14662],[3.64709,44.14698],[3.64572,44.14745],[3.64329,44.14802],[3.64242,44.14843],[3.64187,44.14889],[3.64126,44.14935],[3.64126,44.14953],[3.64114,44.14962],[3.64096,44.1498],[3.64004,44.15089],[3.63961,44.15117],[3.63931,44.15139],[3.63881,44.15153],[3.63706,44.15147],[3.63649,44.15119],[3.63618,44.1512],[3.6335,44.15217],[3.63301,44.15227],[3.63232,44.15219],[3.63194,44.15201],[3.63163,44.15193],[3.63144,44.15206],[3.62834,44.15318],[3.6276,44.15328],[3.62616,44.15329],[3.6261,44.15343],[3.62712,44.15418],[3.6275,44.15449],[3.62782,44.15503],[3.62898,44.15642],[3.62955,44.15695],[3.62994,44.15744],[3.6302,44.15789],[3.63032,44.15843],[3.63047,44.15914],[3.63067,44.15977],[3.63086,44.16008],[3.63279,44.16259],[3.63306,44.16312],[3.63332,44.1637],[3.63334,44.16456],[3.63315,44.16717],[3.63316,44.16784],[3.6338,44.16837],[3.63406,44.16873],[3.63444,44.16895],[3.6352,44.1693],[3.63564,44.1698],[3.63584,44.16993],[3.63628,44.17011],[3.63647,44.17033],[3.6366,44.17073],[3.63726,44.17203],[3.63773,44.17337],[3.63794,44.17436],[3.63801,44.17499],[3.63777,44.17549],[3.63753,44.1758],[3.63704,44.17626],[3.64063,44.17762],[3.64139,44.17797],[3.64285,44.17885],[3.64349,44.17929],[3.64443,44.17982],[3.64494,44.18013],[3.64557,44.18026],[3.64707,44.18033],[3.64851,44.18064],[3.64964,44.18085],[3.65013,44.1803],[3.65025,44.17994],[3.6504,44.17836],[3.65108,44.17812],[3.65258,44.17752],[3.65276,44.17734],[3.65276,44.17711],[3.65479,44.1761],[3.6551,44.17592],[3.65634,44.17545],[3.65721,44.17523],[3.65768,44.17377],[3.65779,44.17332],[3.65823,44.17336],[3.66031,44.17384],[3.66189,44.1744],[3.66315,44.17502],[3.6643,44.17586],[3.66543,44.17607],[3.66644,44.17669],[3.66776,44.17703],[3.6687,44.17724],[3.66921,44.17747],[3.66953,44.17774],[3.66973,44.17818],[3.66998,44.17841],[3.67068,44.17871],[3.67118,44.17889],[3.67137,44.17911],[3.67151,44.17965],[3.6716,44.18099],[3.67137,44.18167],[3.67076,44.18222],[3.66971,44.183],[3.66878,44.18382],[3.66823,44.18427],[3.66805,44.18446],[3.66812,44.18463],[3.66869,44.18526],[3.66984,44.18638],[3.67078,44.18614],[3.67221,44.18545],[3.67283,44.18522],[3.67542,44.18388],[3.67591,44.18347],[3.67727,44.183],[3.67815,44.18281],[3.67864,44.18276],[3.67965,44.18293],[3.68097,44.18273],[3.68402,44.18251],[3.68503,44.18268],[3.68515,44.18259],[3.68419,44.18179],[3.68367,44.1809],[3.68354,44.1805],[3.68445,44.17932],[3.68603,44.17759],[3.68658,44.17686],[3.68714,44.17632],[3.68744,44.17609],[3.68805,44.17544],[3.68872,44.17467],[3.68977,44.17389],[3.69013,44.17348],[3.69136,44.17257],[3.69209,44.17161],[3.69257,44.17116],[3.69407,44.17038],[3.69469,44.17032],[3.69794,44.17029],[3.69894,44.17019],[3.69893,44.17005],[3.69955,44.16969],[3.69998,44.1695],[3.70065,44.16891],[3.70151,44.168],[3.70232,44.16735],[3.70256,44.16694],[3.70582,44.16488],[3.70625,44.16469],[3.70962,44.16408],[3.71199,44.16396],[3.71293,44.16408],[3.71532,44.16472],[3.71702,44.16529],[3.71752,44.16537],[3.71858,44.16536],[3.71976,44.16512],[3.72144,44.1646],[3.72238,44.16445],[3.7247,44.16443],[3.72525,44.16434],[3.72563,44.16424],[3.72655,44.16351],[3.72716,44.16314],[3.72827,44.16241],[3.72839,44.16218],[3.72849,44.16146],[3.72855,44.16133],[3.72868,44.16119],[3.72924,44.16114],[3.72967,44.16113],[3.73004,44.16081],[3.73161,44.16061],[3.73186,44.16052],[3.73222,44.16016],[3.73264,44.15948],[3.73338,44.15893],[3.73398,44.15797],[3.73441,44.15751],[3.73496,44.15701],[3.73557,44.1566],[3.737,44.15586],[3.73918,44.15544],[3.73986,44.15516],[3.74011,44.1552],[3.7408,44.15546],[3.74137,44.15559],[3.74193,44.15563],[3.74293,44.15557],[3.74448,44.15519],[3.74473,44.15518],[3.74511,44.15536],[3.74561,44.15544],[3.7463,44.15543],[3.74692,44.15561],[3.74742,44.15555],[3.74843,44.15523],[3.74873,44.15495],[3.74928,44.15427],[3.74988,44.15341],[3.75061,44.15264],[3.75092,44.15241],[3.75133,44.15164],[3.75176,44.15105],[3.75237,44.15054],[3.75268,44.1505],[3.75507,44.15132],[3.75526,44.15141],[3.75589,44.15153],[3.75847,44.15177],[3.75897,44.15172],[3.75977,44.15144],[3.76039,44.15116],[3.76167,44.15006],[3.76222,44.14952],[3.76245,44.14879],[3.76231,44.14808],[3.76185,44.14709],[3.76164,44.1462],[3.76156,44.1457],[3.76131,44.14508],[3.76092,44.1445],[3.76086,44.14432],[3.76234,44.14372],[3.76326,44.14303],[3.764,44.1427],[3.76443,44.14238],[3.76461,44.14216],[3.76472,44.14175],[3.76497,44.14143],[3.76533,44.14116],[3.76596,44.14115],[3.76677,44.14118],[3.76797,44.14157],[3.76873,44.14201],[3.76861,44.14224],[3.76855,44.14247],[3.76874,44.1426],[3.76931,44.14277],[3.76994,44.14321],[3.77033,44.14357],[3.77058,44.1437],[3.77108,44.14378],[3.77309,44.14362],[3.77359,44.14352],[3.77351,44.1428],[3.77331,44.14245],[3.77318,44.14209],[3.77304,44.1416],[3.77473,44.14189],[3.77567,44.14188],[3.77566,44.14152],[3.77584,44.14125],[3.7762,44.14084],[3.77768,44.14019],[3.77886,44.13923],[3.77959,44.1385],[3.78038,44.13745],[3.78049,44.13691],[3.7806,44.13651],[3.78181,44.13478],[3.78242,44.13428],[3.78272,44.1341],[3.78385,44.13421],[3.78492,44.13398],[3.78608,44.13311],[3.78645,44.13279],[3.78693,44.13224],[3.78773,44.13169],[3.78872,44.13118],[3.78958,44.1309],[3.79108,44.13097],[3.79183,44.13096],[3.79327,44.13054],[3.79457,44.13003],[3.79512,44.12952],[3.79578,44.12839],[3.79638,44.12771],[3.797,44.12739],[3.79838,44.12759],[3.80108,44.12842],[3.80222,44.12831],[3.80434,44.12846],[3.80629,44.12889],[3.80792,44.12914],[3.80879,44.12908],[3.8104,44.12861],[3.81084,44.12856],[3.81203,44.12868],[3.81265,44.1288],[3.81342,44.1293],[3.8138,44.12965],[3.81501,44.13053],[3.81539,44.13084],[3.81571,44.13097],[3.81628,44.13151],[3.81673,44.13181],[3.81888,44.13232],[3.82025,44.13244],[3.82073,44.13393],[3.82118,44.13491],[3.82189,44.1358],[3.8224,44.1362],[3.82315,44.13641],[3.82442,44.13657],[3.82536,44.13656],[3.82641,44.13632],[3.82785,44.13639],[3.82828,44.13634],[3.82911,44.13679],[3.83037,44.13718],[3.83143,44.13734],[3.83212,44.13733],[3.83441,44.13654],[3.83558,44.13567],[3.83607,44.13512],[3.83668,44.13475],[3.83761,44.13447],[3.83817,44.13437],[3.83887,44.13481],[3.83906,44.1349],[3.83982,44.13516],[3.84164,44.13572],[3.84233,44.13598],[3.8439,44.13605],[3.8474,44.13587],[3.84777,44.13569],[3.84807,44.13528],[3.84813,44.13492],[3.8483,44.1346],[3.84879,44.13396],[3.84946,44.13346],[3.85046,44.13336],[3.85095,44.13317],[3.85138,44.13285],[3.85192,44.13203],[3.85241,44.13167],[3.85347,44.13125],[3.85539,44.13082],[3.85601,44.13058],[3.85626,44.1304],[3.8565,44.12999],[3.85681,44.13003],[3.85776,44.13038],[3.85845,44.13073],[3.85966,44.13157],[3.86112,44.13253],[3.86137,44.13258],[3.86478,44.13104],[3.86551,44.13058],[3.86725,44.13011],[3.86787,44.13002],[3.86806,44.12993],[3.8683,44.12965],[3.86891,44.12923],[3.86959,44.12887],[3.87002,44.1286],[3.87039,44.12855],[3.87095,44.12836],[3.87187,44.12794],[3.87398,44.12706],[3.8749,44.12637],[3.87527,44.12623],[3.87553,44.12654],[3.8758,44.1273],[3.87588,44.12779],[3.87576,44.12816],[3.87546,44.12852],[3.87392,44.12985],[3.8738,44.13007],[3.87388,44.13043],[3.87496,44.13114],[3.87515,44.1314],[3.87535,44.13194],[3.87561,44.13229],[3.87599,44.13247],[3.87756,44.13286],[3.87819,44.13312],[3.87896,44.1337],[3.87921,44.13392],[3.88012,44.13516],[3.88032,44.13534],[3.88064,44.13588],[3.88135,44.13667],[3.88206,44.13743],[3.88276,44.13801],[3.88327,44.13832],[3.88415,44.13876],[3.88536,44.13955],[3.88581,44.1399],[3.88613,44.14035],[3.88659,44.1412],[3.88698,44.14173],[3.88813,44.14252],[3.88864,44.14284],[3.88865,44.14329],[3.88859,44.14351],[3.8886,44.14387],[3.8888,44.1441],[3.88963,44.14494],[3.89139,44.14541],[3.89202,44.14567],[3.89431,44.14717],[3.89485,44.14608],[3.89527,44.14504],[3.89549,44.14405],[3.89553,44.14328],[3.89609,44.14323],[3.89703,44.14326],[3.89721,44.1429],[3.89719,44.14222],[3.89697,44.14119],[3.89664,44.14057],[3.89625,44.13999],[3.89637,44.13958],[3.89667,44.13931],[3.89666,44.13895],[3.89733,44.13831],[3.89746,44.13795],[3.89763,44.13759],[3.89782,44.1374],[3.89874,44.13712],[3.89905,44.13689],[3.89941,44.1363],[3.89945,44.13553],[3.89969,44.13516],[3.89956,44.13503],[3.89949,44.13485],[3.89962,44.13476],[3.9003,44.13448],[3.90123,44.13424],[3.90184,44.13378],[3.90238,44.13328],[3.90256,44.13283],[3.90268,44.13233],[3.9028,44.13211],[3.90285,44.13152],[3.90296,44.13116],[3.90295,44.13071],[3.90281,44.13022],[3.90286,44.12972],[3.90292,44.12945],[3.90304,44.12927],[3.90366,44.12935],[3.90439,44.12844],[3.90438,44.12813],[3.90372,44.1271],[3.90365,44.12674],[3.90352,44.12643],[3.90338,44.12589],[3.90337,44.12553],[3.90367,44.12503],[3.90371,44.12417],[3.9039,44.1239],[3.90439,44.12349],[3.90475,44.12321],[3.90506,44.12285],[3.90511,44.12267],[3.90509,44.12199],[3.90533,44.12167],[3.90544,44.12086],[3.90573,44.12009],[3.90603,44.11744],[3.90601,44.11672],[3.90587,44.11632],[3.90585,44.1151],[3.90595,44.11419],[3.90626,44.1141],[3.90745,44.11409],[3.90839,44.11421],[3.9097,44.11433],[3.91064,44.11431],[3.9122,44.11443],[3.91382,44.1144],[3.91445,44.11462],[3.91521,44.11515],[3.91559,44.11528],[3.91628,44.11522],[3.91685,44.11521],[3.9178,44.11575],[3.91854,44.11533],[3.91959,44.11496],[3.91996,44.11473],[3.92056,44.11404],[3.92099,44.11372],[3.92142,44.11358],[3.92224,44.11357],[3.92286,44.11365],[3.92361,44.11359],[3.92423,44.11341],[3.92478,44.11313],[3.92528,44.11303],[3.92565,44.11303],[3.92661,44.11315],[3.92792,44.11313],[3.9281,44.11295],[3.9282,44.11218],[3.92837,44.11159],[3.92856,44.1115],[3.92912,44.11149],[3.93012,44.1117],[3.93043,44.11165],[3.9308,44.11156],[3.93117,44.11128],[3.93147,44.11096],[3.93215,44.1105],[3.93282,44.11009],[3.93307,44.10986],[3.93319,44.10941],[3.93299,44.10901],[3.93247,44.10811],[3.93252,44.10766],[3.93294,44.10721],[3.93319,44.10703],[3.93405,44.10665],[3.93423,44.10647],[3.93434,44.10602],[3.93538,44.10501],[3.93666,44.1041],[3.93684,44.10382],[3.93696,44.10373],[3.93858,44.10321],[3.93832,44.10295],[3.93581,44.10275],[3.93543,44.10258],[3.93548,44.10217],[3.93634,44.10103],[3.93683,44.10071],[3.93775,44.1002],[3.93817,44.09999],[3.93892,44.0996],[3.93898,44.09947],[3.93878,44.09925],[3.93859,44.0992],[3.93356,44.09995],[3.93299,44.09991],[3.93279,44.09924],[3.93245,44.0983],[3.93219,44.0978],[3.93168,44.09727],[3.93039,44.09608],[3.92994,44.09536],[3.92972,44.09447],[3.92945,44.09371],[3.93138,44.0935],[3.9325,44.09344],[3.93562,44.09344],[3.93724,44.09287],[3.93811,44.09286],[3.93975,44.09334],[3.94044,44.09338],[3.94323,44.0928],[3.94403,44.09247],[3.94563,44.09159],[3.9468,44.09085],[3.94742,44.09062],[3.94786,44.09057],[3.94855,44.09069],[3.94911,44.09073],[3.94966,44.0905],[3.95114,44.08958],[3.95392,44.08864],[3.95411,44.08845],[3.95436,44.08836],[3.95662,44.0885],[3.95899,44.08878],[3.95898,44.08843],[3.95871,44.08775],[3.95856,44.08708],[3.95868,44.08677],[3.95904,44.08645],[3.96077,44.08575],[3.96238,44.08491],[3.96293,44.08445],[3.96335,44.08391],[3.96352,44.0835],[3.96358,44.08314],[3.96381,44.08242],[3.96411,44.08214],[3.96491,44.08182],[3.96515,44.0815],[3.96544,44.08082],[3.96543,44.08051],[3.96555,44.08028],[3.96573,44.07983],[3.96603,44.07964],[3.96623,44.07959],[3.9666,44.07954],[3.96748,44.07976],[3.96848,44.07974],[3.96898,44.07955],[3.96922,44.07937],[3.96964,44.07882],[3.96994,44.07823],[3.97005,44.07783],[3.97017,44.07765],[3.97016,44.07742],[3.97034,44.07706],[3.97033,44.0767],[3.97044,44.07638],[3.97049,44.07593],[3.97116,44.07525],[3.97183,44.07434],[3.97273,44.07316],[3.97328,44.07274],[3.97414,44.07237],[3.975,44.07177],[3.97518,44.07155],[3.9753,44.07118],[3.97528,44.07074],[3.97508,44.07023],[3.97482,44.06983],[3.9748,44.06929],[3.97491,44.06871],[3.9754,44.06785],[3.97595,44.06734],[3.9768,44.0667],[3.97735,44.06647],[3.97785,44.06637],[3.97816,44.06623],[3.97853,44.066],[3.97889,44.06555],[3.97924,44.06496],[3.97942,44.06473],[3.97978,44.06418],[3.98072,44.06421],[3.98284,44.064],[4.0031,44.06268],[4.00296,44.06232],[4.00238,44.06148],[4.00017,44.05862],[4.0001,44.05844],[4.0004,44.0579],[4.00082,44.05735],[4.00222,44.05607],[4.00294,44.0553],[4.00048,44.05429],[3.99941,44.05377],[3.99883,44.05337],[3.99825,44.05266],[3.9975,44.05249],[3.99699,44.05219],[3.99654,44.05165],[3.99621,44.05099],[3.99614,44.05072],[3.99587,44.05009],[3.9956,44.04937],[3.99557,44.04797],[3.99568,44.04739],[3.99598,44.04693],[3.99753,44.04664],[3.99908,44.04648],[4.00026,44.04642],[4.00074,44.04569],[4.00086,44.0456],[4.00186,44.04549],[4.00217,44.04559],[4.00297,44.04535],[4.00335,44.0453],[4.00721,44.04497],[4.01008,44.04475],[4.01138,44.04468],[4.01164,44.04504],[4.01275,44.04471],[4.01228,44.0435],[4.01176,44.04225],[4.01169,44.04198],[4.01123,44.04104],[4.01103,44.04087],[4.0109,44.04064],[4.01066,44.03884],[4.01158,44.0382],[4.0141,44.03699],[4.01502,44.0367],[4.01677,44.03628],[4.01905,44.03539],[4.0196,44.03507],[4.02053,44.03479],[4.02108,44.03451],[4.02075,44.03375],[4.02028,44.03285],[4.01963,44.03173],[4.01937,44.0316],[4.01679,44.03074],[4.01616,44.03039],[4.01527,44.02982],[4.01469,44.02906],[4.01442,44.02852],[4.01371,44.02768],[4.01364,44.02745],[4.01419,44.02664],[4.01417,44.02605],[4.01385,44.02552],[4.01359,44.0253],[4.01277,44.02504],[4.01252,44.02486],[4.0125,44.02437],[4.01205,44.02388],[4.01154,44.02325],[4.01029,44.0212],[4.0097,44.02004],[4.0095,44.01973],[4.00919,44.01969],[4.00768,44.0194],[4.00784,44.01854],[4.00789,44.01796],[4.00818,44.01736],[4.00824,44.01709],[4.00853,44.01636],[4.00852,44.01618],[4.0087,44.01587],[4.00875,44.01551],[4.00892,44.01492],[4.00908,44.01411],[4.00913,44.01312],[4.00905,44.01244],[4.0087,44.01115],[4.00857,44.00907],[4.0085,44.00642],[4.00911,44.00618],[4.00942,44.006],[4.00978,44.00559],[4.01153,44.00314],[4.01177,44.00291],[4.01237,44.00218],[4.0123,44.00186],[4.01196,44.00093],[4.01195,44.00061],[4.01126,44.00049],[4.00554,43.99872],[4.0052,43.99769],[4.00465,43.99585],[4.00376,43.99537],[4.00212,43.99458],[4.00093,43.99433],[3.99623,43.99382],[3.99353,43.99304],[3.99297,43.99296],[3.99,43.99373],[3.98938,43.99382],[3.98925,43.99374],[3.9888,43.99307],[3.98866,43.99271],[3.98813,43.99164],[3.98787,43.99119],[3.9873,43.99097],[3.98749,43.99083],[3.98816,43.99046],[3.98895,43.98987],[3.98913,43.98959],[3.98918,43.98928],[3.98908,43.9878],[3.98908,43.98726],[3.98893,43.98645],[3.98861,43.98609],[3.98829,43.98587],[3.98797,43.98561],[3.98758,43.98499],[3.9872,43.98472],[3.9865,43.98446],[3.98605,43.9837],[3.98592,43.98352],[3.98591,43.98329],[3.9857,43.98267],[3.98568,43.98199],[3.9858,43.98181],[3.9858,43.98154],[3.9856,43.98105],[3.98546,43.98051],[3.98518,43.97966],[3.98486,43.97926],[3.98485,43.97904],[3.98434,43.97869],[3.98422,43.97855],[3.98414,43.97819],[3.98426,43.97779],[3.9843,43.97715],[3.98345,43.9759],[3.98319,43.97546],[3.98305,43.97496],[3.98234,43.97408],[3.98202,43.97359],[3.982,43.97296],[3.98138,43.97301],[3.9807,43.97343],[3.98003,43.97375],[3.97953,43.97385],[3.9791,43.9739],[3.97822,43.97369],[3.96804,43.9709],[3.96803,43.97032],[3.9682,43.97],[3.9687,43.96945],[3.96869,43.96909],[3.96823,43.9682],[3.96769,43.96686],[3.96737,43.96655],[3.96651,43.96688],[3.96552,43.96752],[3.96441,43.96781],[3.96343,43.96832],[3.96139,43.96902],[3.9609,43.96939],[3.96078,43.96953],[3.9608,43.97011],[3.95964,43.97134],[3.95958,43.97152],[3.95874,43.97239],[3.95832,43.97302],[3.95813,43.97303],[3.95663,43.97288],[3.95514,43.97289],[3.95408,43.97273],[3.95376,43.97241],[3.95304,43.97143],[3.95255,43.97148],[3.95124,43.97168],[3.95044,43.97196],[3.95032,43.9721],[3.95039,43.97232],[3.95039,43.97282],[3.95016,43.97323],[3.9501,43.9735],[3.95004,43.97363],[3.94923,43.9736],[3.94774,43.97362],[3.94687,43.97373],[3.94675,43.97382],[3.94668,43.97584],[3.94564,43.97644],[3.94545,43.97644],[3.94514,43.97636],[3.94483,43.9769],[3.94504,43.97762],[3.94511,43.97808],[3.94468,43.97817],[3.94289,43.97882],[3.94173,43.97938],[3.94148,43.97943],[3.94059,43.9789],[3.94021,43.97863],[3.93989,43.97819],[3.93955,43.9773],[3.93856,43.97542],[3.93846,43.97394],[3.93825,43.97317],[3.93805,43.97263],[3.93785,43.97228],[3.93778,43.97205],[3.93796,43.97173],[3.93813,43.9711],[3.93811,43.97011],[3.93779,43.96958],[3.93778,43.96913],[3.93783,43.96881],[3.93483,43.96872],[3.9347,43.96864],[3.93431,43.96814],[3.93386,43.96742],[3.93282,43.96551],[3.9325,43.96511],[3.93124,43.96459],[3.93009,43.96402],[3.92877,43.96349],[3.9277,43.96319],[3.92752,43.96333],[3.92759,43.9636],[3.92823,43.96453],[3.92824,43.96485],[3.92794,43.96531],[3.92764,43.96563],[3.92697,43.96609],[3.92555,43.96656],[3.9255,43.96678],[3.9255,43.96705],[3.9259,43.9679],[3.92623,43.96862],[3.92466,43.96859],[3.92305,43.96866],[3.92224,43.96863],[3.92025,43.96869],[3.91907,43.96885],[3.91622,43.96952],[3.91554,43.96962],[3.91485,43.9699],[3.91486,43.97039],[3.91493,43.97057],[3.9147,43.97129],[3.9144,43.97148],[3.91409,43.97157],[3.91167,43.97183],[3.90857,43.97241],[3.90726,43.97284],[3.90689,43.97298],[3.90326,43.97204],[3.89874,43.97093],[3.89832,43.97134],[3.89606,43.97133],[3.89526,43.97134],[3.89504,43.96972],[3.89476,43.96851],[3.8945,43.96828],[3.89412,43.96802],[3.89399,43.96775],[3.89367,43.96753],[3.89298,43.96727],[3.89284,43.96673],[3.89264,43.96395],[3.89275,43.96354],[3.89353,43.96259],[3.89395,43.96173],[3.89412,43.96109],[3.89411,43.96073],[3.89447,43.96027],[3.89527,43.95959],[3.89557,43.95918],[3.89555,43.95832],[3.89565,43.95765],[3.89583,43.95733],[3.89582,43.95697],[3.89569,43.95679],[3.89518,43.95644],[3.89443,43.95623],[3.894,43.95623],[3.89369,43.95628],[3.89313,43.9566],[3.89271,43.95701],[3.89198,43.95761],[3.89147,43.95775],[3.89091,43.9578],[3.8906,43.95767],[3.89022,43.95732],[3.88995,43.95687],[3.88935,43.95539],[3.8891,43.95517],[3.88891,43.95513],[3.88823,43.95527],[3.88768,43.95564],[3.88726,43.95632],[3.8874,43.95668],[3.88784,43.95708],[3.88804,43.9574],[3.88798,43.95767],[3.88762,43.95803],[3.88682,43.95831],[3.88503,43.95901],[3.88441,43.95902],[3.88416,43.95884],[3.88364,43.95817],[3.88339,43.95799],[3.88252,43.95796],[3.88226,43.95778],[3.88193,43.95693],[3.88172,43.95608],[3.88131,43.95497],[3.88111,43.95416],[3.8803,43.95209],[3.87978,43.95125],[3.87977,43.95098],[3.88007,43.95057],[3.88013,43.95034],[3.87994,43.95008],[3.8784,43.94857],[3.877,43.94741],[3.87662,43.94701],[3.87674,43.94678],[3.87741,43.94637],[3.87734,43.94606],[3.877,43.94498],[3.87646,43.9436],[3.87568,43.94163],[3.87447,43.93845],[3.87433,43.938],[3.87426,43.93764],[3.87451,43.93759],[3.87662,43.93752],[3.87848,43.93735],[3.87829,43.93695],[3.8772,43.9358],[3.87579,43.93438],[3.87554,43.93438],[3.87331,43.93486],[3.87307,43.93486],[3.87281,43.93446],[3.87255,43.93415],[3.87217,43.93384],[3.87197,43.93353],[3.87131,43.93196],[3.87083,43.93057],[3.87057,43.92999],[3.86954,43.92874],[3.86807,43.92728],[3.86868,43.92668],[3.8683,43.92647],[3.86363,43.924],[3.86268,43.92357],[3.84906,43.92164],[3.83758,43.92],[3.83681,43.91973],[3.83612,43.9196],[3.83556,43.91961],[3.8345,43.91972],[3.83407,43.91963],[3.83294,43.91923],[3.83169,43.92],[3.83004,43.92071],[3.82985,43.92071],[3.82825,43.92],[3.82671,43.91932],[3.82544,43.91857],[3.82463,43.91818],[3.824,43.91805],[3.82446,43.91881],[3.82477,43.91908],[3.8249,43.91921],[3.82575,43.92],[3.82624,43.9204],[3.82797,43.92259],[3.82843,43.92335],[3.82895,43.92433],[3.82902,43.92451],[3.82805,43.9256],[3.82665,43.92697],[3.82628,43.9272],[3.82442,43.92732],[3.82407,43.92831],[3.82354,43.92944],[3.82398,43.9298],[3.82474,43.93014],[3.82537,43.93063],[3.82557,43.93095],[3.82566,43.93207],[3.82656,43.93323],[3.82689,43.93395],[3.8271,43.93471],[3.82712,43.93583],[3.827,43.93619],[3.8267,43.93669],[3.82458,43.93861],[3.82409,43.93893],[3.823,43.94008],[3.8214,43.9414],[3.82031,43.94241],[3.81906,43.94238],[3.81812,43.94226],[3.81743,43.94194],[3.81662,43.94168],[3.81537,43.9417],[3.81512,43.94161],[3.81455,43.94135],[3.81399,43.941],[3.81349,43.94092],[3.81311,43.94088],[3.81174,43.94126],[3.81,43.94146],[3.80907,43.94147],[3.80876,43.94143],[3.8075,43.94104],[3.80713,43.941],[3.80694,43.9411],[3.80689,43.94137],[3.80722,43.94204],[3.80729,43.94257],[3.80718,43.94294],[3.80694,43.94316],[3.80601,43.94331],[3.79835,43.94354],[3.79648,43.94357],[3.79635,43.94348],[3.79577,43.94254],[3.79551,43.94227],[3.79461,43.94328],[3.79437,43.94364],[3.79412,43.94387],[3.79284,43.94537],[3.79266,43.94564],[3.79055,43.9481],[3.78958,43.94932],[3.78933,43.94964],[3.78897,43.9501],[3.78873,43.95047],[3.78801,43.95169],[3.78802,43.95183],[3.78742,43.95287],[3.78684,43.95454],[3.78685,43.95499],[3.7867,43.95611],[3.7863,43.95819],[3.7862,43.95905],[3.78624,43.96053],[3.78631,43.96089],[3.78639,43.96161],[3.78693,43.96318],[3.78704,43.96529],[3.78734,43.96692],[3.78634,43.96697],[3.78515,43.96721],[3.78373,43.96772],[3.78249,43.96778],[3.78105,43.96766],[3.78055,43.96753],[3.78015,43.96664],[3.77962,43.96516],[3.77821,43.9659],[3.77698,43.96664],[3.77606,43.96701],[3.77264,43.96791],[3.76987,43.96893],[3.76956,43.96898],[3.769,43.96899],[3.76849,43.96882],[3.76805,43.96846],[3.76767,43.96832],[3.76504,43.96791],[3.76391,43.9677],[3.76129,43.96755],[3.76048,43.96765],[3.75899,43.96758],[3.75837,43.96764],[3.75731,43.96783],[3.75651,43.96816],[3.75614,43.96834],[3.75516,43.96912],[3.75443,43.96994],[3.75395,43.97075],[3.7536,43.97157],[3.7538,43.9721],[3.75381,43.97237],[3.75213,43.97275],[3.75181,43.97244],[3.7509,43.97079],[3.74994,43.96954],[3.74974,43.969],[3.74964,43.96774],[3.74946,43.96774],[3.74717,43.96822],[3.7453,43.96847],[3.74512,43.96838],[3.74473,43.96798],[3.74376,43.9666],[3.74042,43.96764],[3.73733,43.96875],[3.73709,43.96893],[3.73618,43.97003],[3.73525,43.9708],[3.73433,43.97131],[3.73347,43.97159],[3.73247,43.97178],[3.73217,43.97201],[3.73142,43.97188],[3.73004,43.97136],[3.72778,43.9708],[3.72684,43.97054],[3.72699,43.96901],[3.72697,43.96825],[3.72665,43.96798],[3.72596,43.96772],[3.72577,43.96759],[3.72564,43.96723],[3.72543,43.96642],[3.72531,43.96628],[3.72286,43.96542],[3.72165,43.96453],[3.72077,43.964],[3.72032,43.9636],[3.71942,43.96244],[3.71853,43.96155],[3.71796,43.9612],[3.71727,43.96098],[3.71645,43.96099],[3.71552,43.96109],[3.71465,43.96101],[3.71433,43.96084],[3.71413,43.96044],[3.71406,43.95999],[3.71374,43.95972],[3.71305,43.95946],[3.71268,43.95942],[3.71206,43.95943],[3.71131,43.95953],[3.70879,43.96064],[3.70848,43.96073],[3.70514,43.96207],[3.70476,43.96207],[3.70313,43.96151],[3.70212,43.96103],[3.70104,43.9601],[3.7004,43.95943],[3.69963,43.95836],[3.69944,43.95823],[3.69931,43.95774],[3.69898,43.95724],[3.69866,43.95688],[3.69791,43.95658],[3.69671,43.95601],[3.69564,43.95526],[3.69462,43.95432],[3.69361,43.95366],[3.69247,43.95304],[3.69038,43.95163],[3.69013,43.95154],[3.68847,43.95232],[3.68551,43.95398],[3.68533,43.95398],[3.68487,43.95331],[3.68435,43.95202],[3.68408,43.95112],[3.68335,43.94946],[3.68257,43.94789],[3.68231,43.94745],[3.68218,43.94713],[3.68223,43.94686],[3.68261,43.9465],[3.68341,43.94613],[3.68514,43.94552],[3.68625,43.9451],[3.6868,43.94496],[3.68805,43.94486],[3.68848,43.94463],[3.6886,43.94445],[3.68852,43.94404],[3.68833,43.94364],[3.68819,43.94301],[3.68836,43.94256],[3.68879,43.94175],[3.68921,43.94102],[3.68939,43.94057],[3.6895,43.93994],[3.68868,43.93981],[3.68775,43.93977],[3.68644,43.93947],[3.68574,43.93948],[3.68512,43.93958],[3.68463,43.93981],[3.68402,43.94027],[3.68371,43.94063],[3.68359,43.9405],[3.68324,43.93888],[3.68322,43.93807],[3.68301,43.93736],[3.68289,43.93722],[3.68206,43.93661],[3.67985,43.93523],[3.67872,43.93448],[3.67783,43.93373],[3.67719,43.9331],[3.67675,43.93271],[3.67617,43.93204],[3.67578,43.93146],[3.67551,43.93046],[3.67544,43.93006],[3.67537,43.92988],[3.67537,43.92957],[3.67623,43.92911],[3.6774,43.92824],[3.67807,43.92751],[3.67861,43.92674],[3.67879,43.92642],[3.67876,43.92543],[3.67862,43.92472],[3.67836,43.92405],[3.67797,43.92347],[3.67778,43.92338],[3.67697,43.92333],[3.67752,43.92274],[3.67744,43.92202],[3.67704,43.92077],[3.67658,43.91999],[3.67632,43.91952],[3.6758,43.91827],[3.67553,43.91773],[3.67514,43.91678],[3.67462,43.9158],[3.67372,43.91392],[3.67293,43.91218],[3.67267,43.91182],[3.67191,43.91107],[3.67165,43.91048],[3.67125,43.90945],[3.67094,43.90945],[3.67032,43.90973],[3.66871,43.91029],[3.66629,43.91068],[3.66245,43.91127],[3.66245,43.91154],[3.66253,43.91194],[3.66266,43.91216],[3.65676,43.91322],[3.6562,43.91319],[3.65613,43.91274],[3.65593,43.91247],[3.65476,43.91262],[3.65315,43.91295],[3.65221,43.91328],[3.65005,43.91425],[3.64677,43.91459],[3.64509,43.91488],[3.64261,43.91563],[3.64236,43.91568],[3.64161,43.91555],[3.64086,43.91529],[3.64216,43.91492],[3.64432,43.91363],[3.64517,43.91299],[3.64622,43.91226],[3.64621,43.91195],[3.64576,43.91128],[3.64562,43.91083],[3.6458,43.91024],[3.64597,43.90993],[3.64628,43.90952],[3.64627,43.90903],[3.646,43.90817],[3.6458,43.90794],[3.64573,43.90745],[3.64577,43.90632],[3.64588,43.90578],[3.64613,43.9052],[3.64619,43.90502],[3.64642,43.90447],[3.64654,43.9042],[3.64665,43.90362],[3.64713,43.90298],[3.6475,43.90262],[3.64756,43.90244],[3.64748,43.90163],[3.64741,43.90136],[3.64635,43.90128],[3.64446,43.90049],[3.64346,43.89987],[3.64301,43.89952],[3.64218,43.89867],[3.64186,43.89827],[3.64161,43.898],[3.64142,43.89787],[3.64042,43.89743],[3.63972,43.89699],[3.6394,43.89667],[3.63915,43.89668],[3.63898,43.89705],[3.63873,43.89714],[3.63772,43.89705],[3.63717,43.89728],[3.63618,43.89775],[3.63249,43.89927],[3.63268,43.89959],[3.63376,43.90039],[3.63395,43.90084],[3.63403,43.9016],[3.63416,43.90196],[3.63419,43.90326],[3.63439,43.9038],[3.63478,43.90456],[3.63554,43.90549],[3.63663,43.90666],[3.63683,43.90693],[3.63778,43.90853],[3.63792,43.90898],[3.638,43.90974],[3.63813,43.91001],[3.63821,43.91082],[3.63841,43.91163],[3.63854,43.91186],[3.63975,43.91283],[3.64007,43.91337],[3.6402,43.91364],[3.64015,43.91427],[3.63998,43.91472],[3.63956,43.91549],[3.63932,43.91599],[3.63927,43.9163],[3.6364,43.91589],[3.63358,43.91543],[3.63314,43.91548],[3.63246,43.91575],[3.63086,43.91631],[3.62986,43.91619],[3.6293,43.91606],[3.6288,43.9161],[3.62688,43.91644],[3.62558,43.91646],[3.62396,43.91692],[3.62359,43.91697],[3.62314,43.91644],[3.62295,43.91617],[3.62186,43.91497],[3.62135,43.91444],[3.61957,43.91252],[3.61912,43.91207],[3.61689,43.90963],[3.61549,43.90816],[3.61453,43.90708],[3.61447,43.90695],[3.6137,43.90619],[3.61319,43.90561],[3.61307,43.90544],[3.61262,43.90504],[3.61273,43.90432],[3.61285,43.90396],[3.61283,43.90306],[3.6125,43.90252],[3.612,43.90208],[3.61156,43.90185],[3.61112,43.90172],[3.61093,43.90172],[3.61044,43.902],[3.60808,43.90225],[3.60758,43.90221],[3.60727,43.90185],[3.60701,43.90159],[3.60682,43.90127],[3.60439,43.89825],[3.60368,43.89726],[3.60221,43.89539],[3.6017,43.89481],[3.60112,43.89391],[3.60093,43.89374],[3.60048,43.89311],[3.59997,43.89249],[3.59978,43.89221],[3.60002,43.89208],[3.60101,43.8917],[3.6015,43.89134],[3.6018,43.89098],[3.60179,43.89066],[3.6016,43.89053],[3.60135,43.89022],[3.60034,43.88964],[3.59965,43.88911],[3.59964,43.88898],[3.60001,43.8887],[3.60113,43.88833],[3.60113,43.88811],[3.6003,43.88722],[3.5994,43.88651],[3.59864,43.88602],[3.5977,43.88562],[3.59683,43.88545],[3.59661,43.88553],[3.5949,43.88516],[3.59421,43.88512],[3.59359,43.8849],[3.59251,43.88429],[3.5917,43.88389],[3.59125,43.88345],[3.59106,43.88327],[3.59087,43.88309],[3.58987,43.88261],[3.5893,43.8822],[3.58917,43.88193],[3.58903,43.88113],[3.58877,43.88095],[3.58834,43.88091],[3.58691,43.88084],[3.58616,43.88062],[3.58565,43.88036],[3.5854,43.88004],[3.58532,43.87919],[3.58512,43.87874],[3.58468,43.8783],[3.58411,43.87795],[3.58323,43.87763],[3.58267,43.87732],[3.58247,43.87706],[3.58233,43.8762],[3.58163,43.87549],[3.58105,43.8746],[3.5799,43.87317],[3.57965,43.87291],[3.57946,43.87264],[3.57926,43.87241],[3.57901,43.87205],[3.57881,43.87156],[3.57868,43.8712],[3.57789,43.86928],[3.57782,43.86901],[3.57737,43.86802],[3.5773,43.86776],[3.57684,43.86677],[3.57633,43.86623],[3.57545,43.86552],[3.57551,43.86538],[3.57874,43.86274],[3.58315,43.85927],[3.5834,43.85909],[3.58389,43.85877],[3.58853,43.85755],[3.59454,43.85609],[3.59661,43.85553],[3.59917,43.85482],[3.59942,43.85473],[3.59987,43.85297],[3.60086,43.84945],[3.5985,43.84911],[3.59817,43.84911],[3.59774,43.84934],[3.5975,43.84934],[3.59661,43.84911],[3.59581,43.84887],[3.59506,43.84883],[3.59468,43.84857],[3.59443,43.84848],[3.59338,43.84849],[3.59165,43.84883],[3.59046,43.84871],[3.58847,43.84864],[3.58822,43.8486],[3.58764,43.8482],[3.5867,43.84753],[3.58526,43.84714],[3.58458,43.84715],[3.58402,43.84724],[3.58242,43.84794],[3.58149,43.84813],[3.58131,43.84813],[3.5808,43.84755],[3.58054,43.84724],[3.5806,43.8471],[3.58103,43.84692],[3.58134,43.84669],[3.58152,43.84637],[3.5815,43.84556],[3.58124,43.84525],[3.58068,43.84512],[3.57999,43.84495],[3.58018,43.84472],[3.58017,43.84459],[3.57998,43.8445],[3.57973,43.84441],[3.57923,43.84405],[3.57922,43.84374],[3.57891,43.84356],[3.57805,43.84402],[3.57675,43.84426],[3.57445,43.84483],[3.57371,43.84515],[3.5731,43.8457],[3.57218,43.84611],[3.5712,43.84675],[3.57122,43.84761],[3.5711,43.84788],[3.57093,43.84838],[3.57068,43.8487],[3.57045,43.84915],[3.57033,43.8496],[3.57021,43.84978],[3.56916,43.85047],[3.56885,43.85079],[3.5685,43.85183],[3.5682,43.85232],[3.5679,43.85264],[3.56753,43.85278],[3.56661,43.85329],[3.56587,43.85356],[3.56457,43.85376],[3.56395,43.85399],[3.56333,43.85467],[3.56272,43.85508],[3.56205,43.8554],[3.56155,43.85568],[3.56082,43.85609],[3.55934,43.85651],[3.5581,43.85671],[3.55747,43.85662],[3.55691,43.85645],[3.55572,43.8561],[3.55541,43.85593],[3.55516,43.85575],[3.55496,43.85521],[3.55487,43.85413],[3.55474,43.8535],[3.55448,43.8531],[3.55409,43.85252],[3.55396,43.85216],[3.55377,43.85176],[3.55358,43.85171],[3.55277,43.85154],[3.55151,43.85151],[3.54996,43.85153],[3.54977,43.85135],[3.54964,43.85126],[3.54859,43.85137],[3.54773,43.85155],[3.54606,43.85198],[3.54488,43.85199],[3.5437,43.85214],[3.54259,43.85238],[3.54097,43.85302],[3.54036,43.85321],[3.53942,43.85321],[3.53893,43.85317],[3.53812,43.85318],[3.53775,43.85336],[3.53775,43.85359],[3.53789,43.85408],[3.53777,43.85432],[3.53747,43.85486],[3.53723,43.85504],[3.53692,43.85509],[3.53604,43.85482],[3.53548,43.85469],[3.5346,43.85488],[3.5343,43.85511],[3.53369,43.85579],[3.53327,43.85661],[3.53285,43.85716],[3.53242,43.85739],[3.53198,43.85739],[3.53142,43.85726],[3.5311,43.85695],[3.53077,43.85573],[3.53064,43.85551],[3.53013,43.8548],[3.52968,43.85444],[3.52893,43.85409],[3.52862,43.85409],[3.52844,43.85414],[3.52825,43.85432],[3.52814,43.85477],[3.52809,43.85522],[3.52797,43.85563],[3.52755,43.85631],[3.52718,43.85667],[3.5262,43.85754],[3.52608,43.85776],[3.52609,43.85862],[3.52622,43.8588],[3.5271,43.85916],[3.52742,43.85947],[3.52774,43.86014],[3.52781,43.86054],[3.52763,43.8609],[3.5269,43.86158],[3.52531,43.86277],[3.52513,43.86304],[3.52483,43.86363],[3.52459,43.86399],[3.5241,43.86436],[3.52367,43.86436],[3.52329,43.86428],[3.52172,43.86389],[3.52009,43.86346],[3.51953,43.86337],[3.5191,43.86338],[3.51879,43.86352],[3.51855,43.86392],[3.51856,43.8646],[3.51869,43.86478],[3.51919,43.865],[3.52044,43.86512],[3.5215,43.86533],[3.52225,43.86564],[3.5227,43.86608],[3.52314,43.86671],[3.52328,43.86725],[3.52348,43.8681],[3.52356,43.869],[3.52345,43.86927],[3.52327,43.86964],[3.52259,43.87005],[3.52019,43.87111],[3.52001,43.87133],[3.5202,43.87151],[3.52126,43.87195],[3.52227,43.87239],[3.52309,43.87292],[3.52334,43.87319],[3.52335,43.87364],[3.52317,43.87391],[3.52213,43.8745],[3.52201,43.87468],[3.52213,43.87492],[3.52264,43.87527],[3.52371,43.8758],[3.52415,43.87615],[3.52428,43.87629],[3.52435,43.87673],[3.52404,43.87696],[3.52286,43.87716],[3.52186,43.87744],[3.5215,43.87776],[3.52132,43.87807],[3.52127,43.87857],[3.52139,43.87875],[3.52171,43.87892],[3.52321,43.8794],[3.52384,43.8798],[3.52422,43.88029],[3.52424,43.88087],[3.52418,43.88101],[3.52393,43.88124],[3.52362,43.88138],[3.52331,43.88142],[3.52263,43.8812],[3.52188,43.88099],[3.52144,43.88099],[3.52101,43.88113],[3.5207,43.88145],[3.52059,43.88213],[3.52041,43.88235],[3.52024,43.88299],[3.52025,43.8834],[3.52037,43.88353],[3.52081,43.88362],[3.5218,43.88347],[3.52261,43.88319],[3.52292,43.88323],[3.52329,43.88345],[3.52355,43.88368],[3.52368,43.8839],[3.52371,43.88538],[3.52353,43.88579],[3.52328,43.88593],[3.5231,43.88597],[3.5226,43.88589],[3.52185,43.88558],[3.52147,43.88536],[3.52116,43.88541],[3.52091,43.8855],[3.52098,43.88577],[3.52186,43.88635],[3.52249,43.88683],[3.52282,43.88737],[3.52301,43.88777],[3.52296,43.8884],[3.52278,43.88863],[3.52247,43.88886],[3.52223,43.88895],[3.5216,43.88887],[3.52077,43.88829],[3.52001,43.88763],[3.5197,43.8874],[3.51932,43.88732],[3.51901,43.88732],[3.51858,43.88742],[3.51796,43.88769],[3.5168,43.88842],[3.51594,43.88893],[3.51576,43.88938],[3.51596,43.88978],[3.51621,43.89009],[3.51709,43.89071],[3.51779,43.89112],[3.51848,43.89165],[3.51867,43.89192],[3.51861,43.89214],[3.51843,43.89237],[3.51812,43.89246],[3.51756,43.89238],[3.51606,43.89199],[3.51582,43.89204],[3.51557,43.89213],[3.51564,43.89258],[3.51577,43.89298],[3.51572,43.89352],[3.51554,43.89425],[3.5153,43.89465],[3.51407,43.89561],[3.51334,43.8962],[3.51285,43.89643],[3.51241,43.89635],[3.51178,43.89577],[3.51158,43.89519],[3.51145,43.8951],[3.51108,43.89519],[3.51028,43.89543],[3.50997,43.89543],[3.50835,43.89549],[3.50774,43.89572],[3.50693,43.89636],[3.50644,43.89668],[3.50619,43.89695],[3.50614,43.89713],[3.50583,43.89732],[3.50534,43.8975],[3.50434,43.8976],[3.5031,43.89748],[3.50247,43.89735],[3.50228,43.89718],[3.50228,43.8969],[3.50246,43.89654],[3.50313,43.89603],[3.50306,43.89572],[3.5023,43.89492],[3.50179,43.89447],[3.5016,43.89407],[3.50146,43.89358],[3.50164,43.89304],[3.50194,43.8925],[3.50255,43.8919],[3.50223,43.89159],[3.5021,43.8915],[3.50167,43.89155],[3.49951,43.8923],[3.49883,43.89239],[3.49771,43.89236],[3.49721,43.89214],[3.49689,43.89173],[3.49682,43.89146],[3.4968,43.8907],[3.49692,43.89025],[3.49691,43.88984],[3.49672,43.88958],[3.49659,43.88944],[3.49622,43.88931],[3.49597,43.88936],[3.49566,43.8895],[3.49542,43.88986],[3.49519,43.89058],[3.49488,43.89108],[3.49445,43.89131],[3.49421,43.8914],[3.49295,43.89128],[3.49233,43.8912],[3.49183,43.89129],[3.49158,43.89129],[3.49127,43.89116],[3.49077,43.89103],[3.48546,43.88987],[3.48541,43.89041],[3.48517,43.89069],[3.48461,43.89105],[3.48394,43.8916],[3.48325,43.89201],[3.483,43.89197],[3.4811,43.89018],[3.48003,43.8892],[3.47939,43.88831],[3.47854,43.88652],[3.47822,43.88608],[3.47684,43.885],[3.4745,43.88332],[3.47292,43.88185],[3.47026,43.87962],[3.46811,43.87771],[3.46697,43.87665],[3.46545,43.87503],[3.46272,43.87205],[3.45958,43.87064],[3.45631,43.8691],[3.45606,43.86905],[3.45252,43.86891],[3.45115,43.86897],[3.44467,43.86889],[3.44355,43.86854],[3.44354,43.86827],[3.44354,43.86809],[3.44323,43.86801],[3.44322,43.86769],[3.44316,43.86751],[3.44297,43.86734],[3.4424,43.86712],[3.44215,43.86712],[3.4392,43.86535],[3.43687,43.86393],[3.43536,43.86304],[3.43518,43.86295],[3.43369,43.86297],[3.43212,43.86285],[3.43121,43.86412],[3.43048,43.86489],[3.42975,43.86553],[3.42926,43.86612],[3.42902,43.86639],[3.42787,43.86802],[3.42725,43.86871],[3.42597,43.86993],[3.42425,43.87108],[3.4216,43.87232],[3.42304,43.8728],[3.42379,43.87297],[3.43057,43.87259],[3.43137,43.87258],[3.43152,43.87383],[3.43159,43.8747],[3.4316,43.87533],[3.43195,43.87753],[3.43202,43.87784],[3.43209,43.87833],[3.43244,43.88044],[3.43315,43.88179],[3.43431,43.88362],[3.43527,43.88514],[3.43552,43.88532],[3.44148,43.88743],[3.43721,43.88918],[3.43462,43.89019],[3.43364,43.89164],[3.43219,43.89377],[3.4322,43.89408],[3.43265,43.89498],[3.4329,43.89525],[3.43322,43.89557],[3.43378,43.89574],[3.43734,43.89597],[3.43765,43.89597],[3.43822,43.89605],[3.43959,43.89654],[3.4396,43.89667],[3.43837,43.89821],[3.43783,43.89912],[3.43747,43.89979],[3.43724,43.90065],[3.43675,43.90116],[3.43582,43.90139],[3.43453,43.90194],[3.4333,43.90263],[3.43268,43.90313],[3.43256,43.90331],[3.43256,43.90399],[3.43244,43.90412],[3.43151,43.904],[3.43126,43.90405],[3.43089,43.90423],[3.42955,43.90559],[3.4285,43.90632],[3.42721,43.90705],[3.42635,43.90742],[3.42638,43.90886],[3.42606,43.90927],[3.42544,43.90954],[3.42396,43.91005],[3.42372,43.91041],[3.42373,43.91077],[3.42385,43.91095],[3.42392,43.91131],[3.42381,43.91176],[3.42283,43.91245],[3.42239,43.91232],[3.42208,43.91218],[3.4217,43.91219],[3.42108,43.91233],[3.42034,43.9127],[3.4188,43.91379],[3.41819,43.91434],[3.418,43.91429],[3.41724,43.91349],[3.41711,43.9134],[3.4168,43.91341],[3.41649,43.9135],[3.41545,43.91432],[3.41521,43.91468],[3.41478,43.91495],[3.41416,43.91496],[3.41334,43.91479],[3.41253,43.91453],[3.41196,43.91417],[3.41164,43.91355],[3.41151,43.91341],[3.41133,43.91333],[3.41083,43.91338],[3.41027,43.91356],[3.41003,43.91388],[3.40979,43.91469],[3.40967,43.915],[3.40949,43.91532],[3.4093,43.91546],[3.40855,43.91538],[3.4083,43.91529],[3.40817,43.9147],[3.40809,43.91403],[3.40778,43.91381],[3.40759,43.91386],[3.40637,43.91472],[3.40593,43.91491],[3.40389,43.91515],[3.40326,43.91516],[3.40295,43.91503],[3.4027,43.9148],[3.4025,43.91431],[3.40219,43.91418],[3.40175,43.91418],[3.40157,43.91432],[3.40139,43.91482],[3.40102,43.91504],[3.40065,43.91496],[3.39939,43.91456],[3.39845,43.9143],[3.39708,43.91418],[3.39694,43.91346],[3.39661,43.91243],[3.39654,43.91202],[3.39628,43.91144],[3.39633,43.91068],[3.39644,43.91023],[3.39582,43.90992],[3.39532,43.90974],[3.39488,43.90952],[3.39457,43.9097],[3.39427,43.9102],[3.39366,43.91084],[3.39329,43.91098],[3.39291,43.91098],[3.39266,43.91085],[3.3921,43.91045],[3.39171,43.90995],[3.39121,43.90946],[3.39045,43.90906],[3.38989,43.90907],[3.38971,43.9092],[3.38978,43.90952],[3.39003,43.90978],[3.39035,43.90996],[3.39109,43.91013],[3.39129,43.91036],[3.39129,43.91063],[3.39117,43.91086],[3.3908,43.91118],[3.39012,43.91146],[3.38938,43.91136],[3.38894,43.91141],[3.38863,43.91146],[3.38826,43.91169],[3.38808,43.91174],[3.38769,43.91165],[3.38756,43.91152],[3.3875,43.9112],[3.38725,43.91111],[3.38625,43.91103],[3.38569,43.91086],[3.38506,43.91055],[3.38462,43.91051],[3.38413,43.91061],[3.38338,43.91057],[3.38307,43.91071],[3.38289,43.91089],[3.38265,43.91143],[3.38216,43.91206],[3.38173,43.91238],[3.3813,43.91239],[3.38074,43.9123],[3.38049,43.91208],[3.38048,43.91181],[3.38047,43.9114],[3.38022,43.91123],[3.37966,43.91105],[3.37929,43.91128],[3.37936,43.91182],[3.3793,43.91214],[3.37918,43.91227],[3.379,43.91241],[3.37805,43.91224],[3.37774,43.91229],[3.37731,43.91265],[3.37713,43.91292],[3.37689,43.9131],[3.37645,43.91311],[3.37582,43.91289],[3.37551,43.91289],[3.37552,43.91316],[3.37609,43.91374],[3.37609,43.9141],[3.37467,43.91461],[3.37424,43.9147],[3.37343,43.91466],[3.37287,43.91467],[3.37256,43.9149],[3.37244,43.91503],[3.37251,43.91544],[3.37264,43.9158],[3.37265,43.91615],[3.37247,43.91643],[3.3718,43.91702],[3.37098,43.91729],[3.37017,43.91748],[3.36961,43.9174],[3.36892,43.91713],[3.36842,43.91691],[3.36799,43.91692],[3.36731,43.9171],[3.36668,43.91707],[3.36656,43.91698],[3.36655,43.91644],[3.36667,43.91617],[3.36659,43.91518],[3.36633,43.91442],[3.36663,43.91405],[3.36694,43.91396],[3.36787,43.91413],[3.36806,43.91413],[3.36806,43.914],[3.36656,43.91352],[3.36618,43.9132],[3.36574,43.91285],[3.36517,43.91262],[3.36468,43.91258],[3.36405,43.91259],[3.36368,43.91245],[3.36229,43.91143],[3.36197,43.91103],[3.3619,43.91063],[3.36134,43.91059],[3.36054,43.91073],[3.36011,43.91096],[3.3598,43.91141],[3.35937,43.91169],[3.35894,43.91178],[3.35813,43.9117],[3.3575,43.91188],[3.35725,43.91202],[3.35732,43.91225],[3.35782,43.91256],[3.35826,43.91278],[3.35845,43.913],[3.35847,43.91394],[3.35867,43.91453],[3.35823,43.91475],[3.3578,43.91467],[3.35698,43.91436],[3.35661,43.91414],[3.3563,43.91414],[3.35599,43.91428],[3.35599,43.91455],[3.35612,43.91477],[3.35613,43.91504],[3.3557,43.91563],[3.35564,43.91581],[3.35565,43.91617],[3.35603,43.91681],[3.35673,43.91761],[3.35711,43.91801],[3.35712,43.91837],[3.357,43.91851],[3.35651,43.91887],[3.35589,43.91915],[3.35583,43.91928],[3.35602,43.9195],[3.35688,43.91999],[3.35753,43.92075],[3.35741,43.92084],[3.35704,43.92107],[3.35636,43.92116],[3.35568,43.92135],[3.35476,43.92203],[3.35351,43.9224],[3.35326,43.9225],[3.3542,43.92298],[3.35446,43.92325],[3.35449,43.92515],[3.35431,43.92533],[3.354,43.92542],[3.35334,43.92673],[3.35328,43.92709],[3.3531,43.92741],[3.35206,43.92827],[3.35194,43.92859],[3.35195,43.92899],[3.35239,43.9293],[3.35332,43.92947],[3.35383,43.92987],[3.35408,43.93019],[3.35409,43.93077],[3.35379,43.93104],[3.35323,43.93123],[3.35199,43.93137],[3.35143,43.93151],[3.35093,43.93188],[3.35069,43.93237],[3.3507,43.93283],[3.35077,43.93315],[3.35089,43.93342],[3.35109,43.93373],[3.3519,43.93404],[3.35215,43.93421],[3.3526,43.9347],[3.35279,43.93511],[3.3528,43.93583],[3.35262,43.93619],[3.3519,43.93723],[3.35172,43.93772],[3.3516,43.93804],[3.35161,43.93844],[3.35173,43.93867],[3.35268,43.93948],[3.35401,43.94072],[3.35433,43.94112],[3.3544,43.94157],[3.35428,43.94184],[3.35441,43.94216],[3.35442,43.94279],[3.35475,43.94377],[3.35552,43.94525],[3.35578,43.94589],[3.35585,43.9462],[3.35643,43.94709],[3.35681,43.9474],[3.35675,43.94758],[3.35676,43.94848],[3.35683,43.94871],[3.35708,43.94902],[3.35746,43.94929],[3.3584,43.94973],[3.35891,43.95004],[3.35917,43.95102],[3.36079,43.95119],[3.36129,43.95118],[3.36161,43.95132],[3.36217,43.95172],[3.36267,43.95194],[3.3633,43.95207],[3.36448,43.95224],[3.36618,43.95254],[3.36725,43.95284],[3.37432,43.95535],[3.37533,43.95579],[3.37564,43.95601],[3.37596,43.95664],[3.37683,43.95955],[3.37684,43.96049],[3.37673,43.96091],[3.37662,43.96176],[3.37664,43.96311],[3.37692,43.96446],[3.37715,43.96697],[3.37734,43.96729],[3.37766,43.96746],[3.37816,43.96755],[3.37922,43.96759],[3.3845,43.9675],[3.38924,43.96705],[3.38999,43.96708],[3.39217,43.96724],[3.39541,43.96757],[3.39866,43.96773],[3.40041,43.96812],[3.40179,43.9686],[3.40336,43.9693],[3.40561,43.96968],[3.4055,43.97027],[3.40514,43.97131],[3.40521,43.9718],[3.40553,43.97229],[3.40711,43.97363],[3.40743,43.97404],[3.40763,43.97439],[3.40783,43.97502],[3.40798,43.9765],[3.40811,43.97695],[3.40849,43.9774],[3.40994,43.97843],[3.41026,43.97892],[3.41066,43.97981],[3.41079,43.98026],[3.41093,43.98125],[3.4112,43.98219],[3.41139,43.98255],[3.41171,43.98277],[3.41202,43.98295],[3.41246,43.98308],[3.41409,43.98369],[3.41479,43.98441],[3.41562,43.98562],[3.41582,43.98602],[3.41609,43.98727],[3.41708,43.99023],[3.41742,43.99172],[3.41775,43.99257],[3.41813,43.99306],[3.4187,43.99355],[3.41977,43.99404],[3.42027,43.99417],[3.4207,43.99412],[3.42157,43.99397],[3.42201,43.9941],[3.42302,43.99454],[3.42339,43.99463],[3.42464,43.99466],[3.42508,43.99493],[3.4261,43.99605],[3.42654,43.99636],[3.42723,43.99667],[3.42904,43.99705],[3.42954,43.99705],[3.43055,43.9969],[3.43111,43.99685],[3.43173,43.99698],[3.43235,43.99693],[3.43303,43.99679],[3.43335,43.99683],[3.43404,43.99705],[3.43517,43.99753],[3.43629,43.9977],[3.43804,43.99782],[3.43916,43.99804],[3.43948,43.99817],[3.43998,43.99857],[3.44126,44.00004],[3.44405,44.00289],[3.44412,44.00311],[3.44551,44.0041],[3.44583,44.00455],[3.44673,44.00948],[3.44718,44.01011],[3.44801,44.01101],[3.44851,44.01105],[3.44882,44.01118],[3.44946,44.01171],[3.44966,44.01247],[3.44949,44.01328],[3.44905,44.01333],[3.44925,44.01374],[3.44945,44.0145],[3.4494,44.01513],[3.44922,44.01544],[3.4491,44.01554],[3.44837,44.01653],[3.44831,44.01671],[3.44836,44.0191],[3.44843,44.01951],[3.44855,44.01964],[3.44994,44.02026],[3.45076,44.02079],[3.45158,44.02145],[3.45098,44.02254],[3.45328,44.02247],[3.45347,44.02251],[3.4544,44.02251],[3.45621,44.02267],[3.45808,44.02274],[3.45889,44.02274],[3.46177,44.0228],[3.46352,44.023],[3.46955,44.02511],[3.47029,44.02514],[3.47197,44.02504],[3.47341,44.02516],[3.47392,44.02506],[3.47541,44.02464],[3.47584,44.02473],[3.47666,44.02517],[3.48001,44.02752],[3.48096,44.02805],[3.48303,44.0288],[3.48434,44.02914],[3.48453,44.02923],[3.48442,44.03004],[3.48439,44.03157],[3.48446,44.03193],[3.48459,44.03206],[3.4846,44.03238],[3.48478,44.03233],[3.48523,44.03277],[3.48542,44.03319],[3.48556,44.03359],[3.48601,44.03448],[3.48646,44.03502],[3.48664,44.03506],[3.48839,44.03504],[3.48933,44.03517],[3.49102,44.0356],[3.4932,44.03589],[3.49346,44.03602],[3.49365,44.03634],[3.49378,44.03678],[3.49404,44.03714],[3.49461,44.03768],[3.4948,44.03777],[3.49499,44.03777],[3.49524,44.03741],[3.49541,44.03669],[3.49559,44.03618],[3.4959,44.03586],[3.49633,44.03586],[3.49828,44.03639],[3.4994,44.03651],[3.50115,44.03663],[3.5019,44.03671],[3.50246,44.03684],[3.50321,44.03714],[3.50353,44.03741],[3.5036,44.03763],[3.50367,44.03822],[3.50387,44.03853],[3.50399,44.03862],[3.50462,44.03879],[3.50581,44.03891],[3.50712,44.0393],[3.50901,44.03943],[3.51243,44.03935],[3.51355,44.03929],[3.51418,44.03928],[3.51505,44.03936],[3.51537,44.03949],[3.51555,44.03949],[3.51836,44.03978],[3.52355,44.03999],[3.52542,44.03998],[3.52853,44.03967],[3.53253,44.03954],[3.53266,44.03972],[3.53317,44.04012],[3.53424,44.04078],[3.5355,44.04162],[3.53627,44.04239],[3.53603,44.0427],[3.53573,44.04352],[3.53556,44.04446],[3.5356,44.04608],[3.53535,44.04653],[3.53504,44.04694],[3.53492,44.04717],[3.53488,44.04807],[3.53453,44.0491],[3.53411,44.04987],[3.53393,44.05014],[3.53368,44.05037],[3.53369,44.05055],[3.53332,44.05105],[3.53283,44.05119],[3.53246,44.05137],[3.53221,44.05174],[3.5323,44.05278],[3.53263,44.05354],[3.53264,44.05412],[3.53253,44.05489],[3.53316,44.05529],[3.53342,44.05564],[3.53386,44.05604],[3.53412,44.0564],[3.53432,44.05716],[3.53441,44.05883],[3.53431,44.06],[3.53419,44.06046],[3.5341,44.0618],[3.53364,44.06397],[3.53365,44.06442],[3.5364,44.06457],[3.53809,44.06477],[3.53847,44.06504],[3.53987,44.06647],[3.54064,44.06736],[3.54121,44.06812],[3.54179,44.06879],[3.54198,44.06892],[3.54446,44.07133],[3.54644,44.07333],[3.54733,44.07395],[3.54789,44.0743],[3.54827,44.07443],[3.54828,44.07475],[3.54841,44.07506],[3.54925,44.07654],[3.54928,44.07798],[3.54947,44.07798],[3.54992,44.07852],[3.55049,44.07883],[3.55162,44.07922],[3.55256,44.0797],[3.55294,44.07974],[3.5535,44.07974],[3.55399,44.07951],[3.55431,44.07932],[3.55498,44.07837],[3.55516,44.07828],[3.55741,44.07825],[3.55803,44.0782],[3.55866,44.07864],[3.55923,44.07882],[3.56004,44.0789],[3.56079,44.07884],[3.5611,44.07875],[3.56146,44.07821],[3.5622,44.07793],[3.56226,44.07775],[3.563,44.07729],[3.56357,44.07724],[3.56438,44.07723],[3.56513,44.07704],[3.56644,44.07722],[3.56688,44.07735],[3.56732,44.07766],[3.56758,44.0781],[3.56784,44.07828],[3.56809,44.07832],[3.56877,44.07827],[3.56908,44.07827],[3.56946,44.07835],[3.57015,44.07875],[3.57047,44.07883],[3.57097,44.07878],[3.57159,44.07869],[3.57264,44.07814],[3.57295,44.07813],[3.57345,44.07826],[3.57407,44.07821],[3.57519,44.07797],[3.57576,44.07774],[3.57637,44.07728],[3.57704,44.07642],[3.57765,44.07597],[3.57821,44.07569],[3.57926,44.0755],[3.57957,44.07522],[3.58005,44.07459],[3.58023,44.07418],[3.58035,44.07405],[3.58083,44.07296],[3.58125,44.07237],[3.58157,44.07214],[3.58214,44.07223],[3.5827,44.07218],[3.584,44.07176],[3.58499,44.07166],[3.58524,44.07156],[3.58622,44.07074],[3.58783,44.07041],[3.58808,44.07018],[3.58826,44.06982],[3.58875,44.06941],[3.59018,44.06872],[3.59123,44.06844],[3.5909,44.06853],[3.59035,44.06955],[3.58958,44.07048],[3.58729,44.07173],[3.58633,44.07248],[3.58615,44.0726],[3.58471,44.07363],[3.5838,44.07414],[3.583,44.07444],[3.58231,44.0747],[3.58156,44.0752],[3.58148,44.07533],[3.58132,44.07557],[3.58052,44.07607],[3.57864,44.07698],[3.57076,44.08081],[3.57021,44.08128],[3.56959,44.08181],[3.56793,44.08305],[3.56744,44.08323],[3.56712,44.08328],[3.567,44.08326],[3.56456,44.08295],[3.56303,44.08342],[3.563,44.08364],[3.56296,44.08391],[3.56273,44.08468],[3.56241,44.08511],[3.56218,44.08544],[3.56207,44.08595],[3.56159,44.08694],[3.56148,44.08709],[3.56115,44.08753],[3.56048,44.08808],[3.5595,44.08863],[3.55847,44.08905],[3.558,44.08924],[3.55732,44.08941],[3.55602,44.08956],[3.55434,44.08994],[3.5521,44.09037],[3.55179,44.09051],[3.55086,44.09127],[3.55013,44.09188],[3.54969,44.09213],[3.54916,44.09221],[3.54902,44.09225],[3.54852,44.09225],[3.54746,44.09222],[3.54529,44.09287],[3.54498,44.09314],[3.54486,44.09335],[3.5448,44.09346],[3.54448,44.09361],[3.54366,44.09371],[3.54265,44.09384],[3.54204,44.09449],[3.5417,44.09479],[3.54042,44.0959],[3.54022,44.09599],[3.53974,44.09653],[3.53983,44.09674],[3.54,44.09711],[3.54031,44.09752],[3.54071,44.09815],[3.54114,44.09904],[3.54161,44.09999],[3.54169,44.10039],[3.54138,44.10089],[3.5412,44.1009],[3.54052,44.10094],[3.53889,44.10105],[3.53576,44.10108],[3.53234,44.10111],[3.53224,44.10111],[3.52881,44.09999],[3.52635,44.09861],[3.52574,44.09876],[3.52531,44.09906],[3.5245,44.09972],[3.52436,44.09999],[3.52144,44.10267],[3.52002,44.10363],[3.51906,44.10504],[3.51841,44.10569],[3.51782,44.10632],[3.51768,44.10723],[3.51611,44.10859],[3.51577,44.10852],[3.51552,44.10841],[3.51538,44.10836],[3.51456,44.1087],[3.51423,44.10892],[3.51401,44.10933],[3.51381,44.1097],[3.51208,44.11089],[3.51168,44.11073],[3.51134,44.1106],[3.51086,44.11072],[3.51058,44.11087],[3.51047,44.11121],[3.51025,44.11155],[3.5094,44.11159],[3.50847,44.11154],[3.50805,44.11163],[3.50767,44.11158],[3.50736,44.11147],[3.50707,44.11136],[3.50678,44.11125],[3.50615,44.11104],[3.50565,44.11095],[3.50539,44.11092],[3.50515,44.111],[3.50509,44.11103],[3.50495,44.11109],[3.5049,44.11111],[3.50487,44.11119],[3.50483,44.1113],[3.50483,44.11154],[3.50457,44.11224],[3.50403,44.11247],[3.50372,44.11268],[3.50365,44.1127],[3.5033,44.1128],[3.50267,44.11268],[3.50173,44.1124],[3.50098,44.11246],[3.50036,44.11251],[3.50023,44.11252],[3.50046,44.11288],[3.5004,44.11297],[3.50071,44.1135],[3.5007,44.11386],[3.50088,44.11388],[3.50123,44.11393],[3.50112,44.11451],[3.50174,44.11481],[3.50173,44.11514],[3.50223,44.11519],[3.50273,44.11584],[3.50261,44.11633],[3.50239,44.11674],[3.50284,44.11699],[3.50273,44.11732],[3.50252,44.11758],[3.50234,44.11778],[3.50242,44.11777],[3.50248,44.11793],[3.50351,44.11897],[3.50453,44.11963],[3.50465,44.1199],[3.50475,44.12052],[3.50494,44.12152],[3.50501,44.12236],[3.50478,44.12328],[3.50478,44.12328],[3.50502,44.12618],[3.50516,44.1262],[3.50585,44.12628],[3.50853,44.12594],[3.5097,44.12556],[3.51014,44.12533],[3.51188,44.125],[3.51281,44.12472],[3.5133,44.12449],[3.51374,44.12408],[3.51578,44.1232],[3.51702,44.12261],[3.52317,44.12052],[3.5241,44.12037],[3.52572,44.12035],[3.52741,44.12057],[3.52823,44.12079],[3.52892,44.12109],[3.52911,44.12109],[3.52911,44.12123],[3.52968,44.12144],[3.53225,44.122],[3.53361,44.12136],[3.53435,44.12117],[3.53518,44.12125],[3.53617,44.12097],[3.53816,44.12054],[3.53995,44.11967],[3.54044,44.1193],[3.54075,44.11889],[3.5408,44.11858],[3.54079,44.1179],[3.54072,44.11759],[3.54071,44.11701],[3.54076,44.11678],[3.54181,44.11542],[3.54236,44.11474],[3.54333,44.11383],[3.54345,44.1136],[3.54344,44.11279],[3.54331,44.11243],[3.54327,44.11081],[3.54343,44.10928],[3.54368,44.10946],[3.54419,44.11012],[3.54521,44.11092],[3.5454,44.11124],[3.54547,44.11155],[3.54543,44.11264],[3.54531,44.11291],[3.54532,44.11345],[3.54552,44.11381],[3.54597,44.11434],[3.54754,44.115],[3.54817,44.11535],[3.54938,44.11615],[3.55007,44.11641],[3.55088,44.11653],[3.5515,44.11644],[3.55194,44.11652],[3.55288,44.1166],[3.55503,44.11753],[3.55554,44.11793],[3.55642,44.11823],[3.55762,44.11881],[3.55932,44.11955],[3.56091,44.12079],[3.56155,44.1216],[3.5622,44.12254],[3.56295,44.12303],[3.56383,44.12324],[3.56552,44.12336],[3.56627,44.1233],[3.56769,44.12275],[3.56837,44.12256],[3.56999,44.12232],[3.57043,44.12218],[3.57217,44.12148],[3.57267,44.12143],[3.57629,44.12153],[3.57698,44.12156],[3.57829,44.12156],[3.5801,44.12167],[3.58079,44.12162],[3.58211,44.12165],[3.58311,44.12146],[3.58434,44.12104],[3.58805,44.11902],[3.58891,44.11874],[3.58972,44.11868],[3.59023,44.11886],[3.59125,44.11997],[3.59231,44.11946],[3.59523,44.1188],[3.59661,44.11887],[3.59805,44.11913],[3.59817,44.11895],[3.59878,44.11858],[3.59994,44.11744],[3.60074,44.11694],[3.60255,44.11615],[3.60316,44.11579],[3.60397,44.11555],[3.60428,44.11532],[3.60447,44.11537],[3.6046,44.11572],[3.60479,44.11599],[3.60523,44.11609],[3.60773,44.11637],[3.60823,44.11637],[3.60997,44.11603],[3.6116,44.1161],[3.61236,44.11632],[3.61255,44.11645],[3.61262,44.11676],[3.61358,44.11752],[3.61402,44.11796],[3.61629,44.11874],[3.61904,44.11945],[3.61968,44.11966],[3.62327,44.11863],[3.62469,44.11785],[3.6264,44.11845],[3.62709,44.11863],[3.62716,44.11881]]]]},"properties":{"ID":"302","id":"302","NOM_MASSIF":"SUD CEVENNES","dept":"30"}},{"type":"Feature","id":7,"geometry":{"type":"MultiPolygon","coordinates":[[[[3.583,44.07444],[3.5838,44.07414],[3.58471,44.07363],[3.58615,44.0726],[3.58633,44.07248],[3.58729,44.07173],[3.58958,44.07048],[3.59035,44.06955],[3.5909,44.06853],[3.59018,44.06872],[3.58875,44.06941],[3.58826,44.06982],[3.58808,44.07018],[3.58783,44.07041],[3.58622,44.07074],[3.58524,44.07156],[3.58499,44.07166],[3.584,44.07176],[3.5827,44.07218],[3.58214,44.07223],[3.58157,44.07214],[3.58125,44.07237],[3.58083,44.07296],[3.58035,44.07405],[3.58023,44.07418],[3.58005,44.07459],[3.57957,44.07522],[3.57926,44.0755],[3.57821,44.07569],[3.57765,44.07597],[3.57704,44.07642],[3.57637,44.07728],[3.57576,44.07774],[3.57519,44.07797],[3.57407,44.07821],[3.57345,44.07826],[3.57295,44.07813],[3.57264,44.07814],[3.57159,44.07869],[3.57097,44.07878],[3.57047,44.07883],[3.57015,44.07875],[3.56946,44.07835],[3.56908,44.07827],[3.56877,44.07827],[3.56809,44.07832],[3.56784,44.07828],[3.56758,44.0781],[3.56732,44.07766],[3.56688,44.07735],[3.56644,44.07722],[3.56513,44.07704],[3.56438,44.07723],[3.56357,44.07724],[3.563,44.07729],[3.56226,44.07775],[3.5622,44.07793],[3.56146,44.07821],[3.5611,44.07875],[3.56079,44.07884],[3.56004,44.0789],[3.55923,44.07882],[3.55866,44.07864],[3.55803,44.0782],[3.55741,44.07825],[3.55516,44.07828],[3.55498,44.07837],[3.55431,44.07932],[3.55399,44.07951],[3.5535,44.07974],[3.55294,44.07974],[3.55256,44.0797],[3.55162,44.07922],[3.55049,44.07883],[3.54992,44.07852],[3.54947,44.07798],[3.54928,44.07798],[3.54925,44.07654],[3.54841,44.07506],[3.54828,44.07475],[3.54827,44.07443],[3.54789,44.0743],[3.54733,44.07395],[3.54644,44.07333],[3.54446,44.07133],[3.54198,44.06892],[3.54179,44.06879],[3.54121,44.06812],[3.54064,44.06736],[3.53987,44.06647],[3.53847,44.06504],[3.53809,44.06477],[3.5364,44.06457],[3.53365,44.06442],[3.53364,44.06397],[3.5341,44.0618],[3.53419,44.06046],[3.53431,44.06],[3.53441,44.05883],[3.53432,44.05716],[3.53412,44.0564],[3.53386,44.05604],[3.53342,44.05564],[3.53316,44.05529],[3.53253,44.05489],[3.53264,44.05412],[3.53263,44.05354],[3.5323,44.05278],[3.53221,44.05174],[3.53246,44.05137],[3.53283,44.05119],[3.53332,44.05105],[3.53369,44.05055],[3.53368,44.05037],[3.53393,44.05014],[3.53411,44.04987],[3.53453,44.0491],[3.53488,44.04807],[3.53492,44.04717],[3.53504,44.04694],[3.53535,44.04653],[3.5356,44.04608],[3.53556,44.04446],[3.53573,44.04352],[3.53603,44.0427],[3.53627,44.04239],[3.5355,44.04162],[3.53424,44.04078],[3.53317,44.04012],[3.53266,44.03972],[3.53253,44.03954],[3.52853,44.03967],[3.52542,44.03998],[3.52355,44.03999],[3.51836,44.03978],[3.51555,44.03949],[3.51537,44.03949],[3.51505,44.03936],[3.51418,44.03928],[3.51355,44.03929],[3.51243,44.03935],[3.50901,44.03943],[3.50712,44.0393],[3.50581,44.03891],[3.50462,44.03879],[3.50399,44.03862],[3.50387,44.03853],[3.50367,44.03822],[3.5036,44.03763],[3.50353,44.03741],[3.50321,44.03714],[3.50246,44.03684],[3.5019,44.03671],[3.50115,44.03663],[3.4994,44.03651],[3.49828,44.03639],[3.49633,44.03586],[3.4959,44.03586],[3.49559,44.03618],[3.49541,44.03669],[3.49524,44.03741],[3.49499,44.03777],[3.4948,44.03777],[3.49461,44.03768],[3.49404,44.03714],[3.49378,44.03678],[3.49365,44.03634],[3.49346,44.03602],[3.4932,44.03589],[3.49102,44.0356],[3.48933,44.03517],[3.48839,44.03504],[3.48664,44.03506],[3.48646,44.03502],[3.48601,44.03448],[3.48556,44.03359],[3.48542,44.03319],[3.48523,44.03277],[3.48478,44.03233],[3.4846,44.03238],[3.48459,44.03206],[3.48446,44.03193],[3.48439,44.03157],[3.48442,44.03004],[3.48453,44.02923],[3.48434,44.02914],[3.48303,44.0288],[3.48096,44.02805],[3.48001,44.02752],[3.47666,44.02517],[3.47584,44.02473],[3.47541,44.02464],[3.47392,44.02506],[3.47341,44.02516],[3.47197,44.02504],[3.47029,44.02514],[3.46955,44.02511],[3.46352,44.023],[3.46177,44.0228],[3.45889,44.02274],[3.45808,44.02274],[3.45621,44.02267],[3.4544,44.02251],[3.45347,44.02251],[3.45328,44.02247],[3.45098,44.02254],[3.44973,44.02327],[3.44552,44.02462],[3.44478,44.02471],[3.44316,44.02473],[3.44285,44.02487],[3.44205,44.02546],[3.4407,44.02696],[3.43978,44.02782],[3.43941,44.02823],[3.43892,44.02851],[3.43793,44.02883],[3.437,44.02929],[3.43613,44.02952],[3.43539,44.0298],[3.43434,44.03035],[3.43335,44.03103],[3.43267,44.03163],[3.43249,44.03204],[3.43232,44.03258],[3.43152,44.03326],[3.43004,44.03413],[3.42875,44.03478],[3.42788,44.03505],[3.42625,44.0353],[3.42308,44.03582],[3.42234,44.03601],[3.42203,44.03615],[3.42191,44.0366],[3.42186,44.03727],[3.42169,44.03777],[3.42066,44.03931],[3.42029,44.03958],[3.41934,44.03977],[3.41873,44.04],[3.41823,44.04037],[3.41805,44.04077],[3.41788,44.04127],[3.41764,44.04181],[3.41733,44.04204],[3.41658,44.04205],[3.41483,44.0417],[3.41264,44.04105],[3.41176,44.04088],[3.41114,44.04089],[3.41008,44.04103],[3.40827,44.04131],[3.4074,44.04159],[3.40629,44.04242],[3.40598,44.04256],[3.40518,44.04274],[3.40362,44.04302],[3.40288,44.04334],[3.4022,44.04371],[3.40082,44.04327],[3.40001,44.04364],[3.39927,44.0441],[3.39693,44.04574],[3.39589,44.04679],[3.39552,44.04706],[3.39385,44.04766],[3.39348,44.04798],[3.39183,44.05047],[3.39105,44.05178],[3.39038,44.05296],[3.39014,44.0535],[3.39017,44.0548],[3.39044,44.0561],[3.39039,44.05688],[3.3901,44.05755],[3.38916,44.05761],[3.38802,44.05725],[3.38733,44.05712],[3.38615,44.05722],[3.38509,44.05728],[3.38397,44.05716],[3.38303,44.05725],[3.38272,44.05717],[3.38171,44.05659],[3.3809,44.05638],[3.38065,44.05633],[3.37994,44.05526],[3.37879,44.05388],[3.37835,44.05324],[3.37783,44.05244],[3.37712,44.05114],[3.37681,44.05101],[3.37631,44.05124],[3.37588,44.05124],[3.37513,44.05107],[3.37444,44.05081],[3.3733,44.05001],[3.37242,44.04966],[3.37141,44.0494],[3.37034,44.04927],[3.3701,44.04928],[3.37155,44.05066],[3.37174,44.05088],[3.37187,44.05097],[3.37206,44.05128],[3.37226,44.05182],[3.37227,44.05222],[3.37253,44.05285],[3.3726,44.05334],[3.37254,44.05366],[3.37213,44.05483],[3.37195,44.05551],[3.37171,44.05587],[3.37078,44.05624],[3.37048,44.05656],[3.36813,44.05785],[3.36764,44.05821],[3.36708,44.05822],[3.3665,44.05772],[3.3658,44.05718],[3.3651,44.05647],[3.36434,44.05594],[3.3622,44.05484],[3.35943,44.05315],[3.35843,44.0527],[3.35636,44.052],[3.35498,44.05157],[3.35265,44.05033],[3.35215,44.05016],[3.35184,44.0502],[3.34966,44.0513],[3.34837,44.05203],[3.34787,44.0524],[3.3472,44.05285],[3.34646,44.0534],[3.34399,44.055],[3.3435,44.05527],[3.34133,44.05664],[3.34077,44.05682],[3.34009,44.05692],[3.33959,44.05702],[3.33866,44.05747],[3.33792,44.05802],[3.33768,44.05829],[3.33671,44.05996],[3.33654,44.06068],[3.33661,44.06109],[3.33687,44.06172],[3.33713,44.06253],[3.3372,44.06361],[3.33691,44.06483],[3.33694,44.06662],[3.33688,44.0668],[3.33589,44.06722],[3.33515,44.06772],[3.33472,44.06822],[3.33448,44.06867],[3.33365,44.07116],[3.33354,44.07192],[3.33337,44.07283],[3.33312,44.07364],[3.33282,44.07413],[3.33251,44.0745],[3.33227,44.07472],[3.33129,44.07577],[3.33038,44.07699],[3.33014,44.07749],[3.32959,44.07826],[3.32891,44.07903],[3.32823,44.0789],[3.32666,44.07828],[3.32502,44.07726],[3.32488,44.07735],[3.32464,44.07781],[3.32459,44.07835],[3.32429,44.07911],[3.32411,44.07938],[3.32367,44.07966],[3.32305,44.07984],[3.32268,44.07994],[3.3215,44.0799],[3.32062,44.07964],[3.31874,44.07921],[3.31836,44.07908],[3.31797,44.07823],[3.31778,44.078],[3.31715,44.07765],[3.3164,44.07738],[3.31552,44.0772],[3.31496,44.07698],[3.31445,44.07658],[3.3142,44.07618],[3.3138,44.07502],[3.31342,44.0743],[3.31291,44.07372],[3.3124,44.07332],[3.3119,44.07315],[3.31083,44.07248],[3.30969,44.07167],[3.30847,44.07042],[3.30765,44.06944],[3.30739,44.06909],[3.30701,44.06882],[3.30645,44.06878],[3.30527,44.0691],[3.30403,44.06952],[3.30316,44.06957],[3.30204,44.06949],[3.3006,44.06915],[3.2989,44.06867],[3.2947,44.06779],[3.2942,44.0678],[3.29389,44.06794],[3.29358,44.06825],[3.29353,44.06861],[3.29378,44.06902],[3.29423,44.06937],[3.29504,44.06973],[3.29711,44.07053],[3.29756,44.07088],[3.29768,44.07106],[3.29769,44.0716],[3.29758,44.07205],[3.29739,44.07232],[3.2969,44.07264],[3.29628,44.07287],[3.29528,44.07288],[3.29416,44.07271],[3.29134,44.07188],[3.29059,44.07171],[3.2899,44.07176],[3.28941,44.07194],[3.28916,44.07221],[3.28886,44.07285],[3.28843,44.07352],[3.28781,44.0742],[3.2869,44.0756],[3.28653,44.07606],[3.28604,44.07656],[3.28518,44.07715],[3.28443,44.07742],[3.28313,44.07766],[3.28163,44.07781],[3.28108,44.07799],[3.28083,44.07827],[3.28078,44.07867],[3.2808,44.08065],[3.28055,44.08114],[3.28013,44.08169],[3.27932,44.08219],[3.27877,44.08237],[3.27715,44.08275],[3.27659,44.08298],[3.27622,44.08325],[3.27555,44.08398],[3.27543,44.08416],[3.27543,44.08457],[3.27588,44.0852],[3.27658,44.08591],[3.27721,44.08649],[3.27747,44.08685],[3.27748,44.08725],[3.27717,44.08761],[3.27661,44.08775],[3.27504,44.08795],[3.27423,44.08809],[3.27249,44.08806],[3.27086,44.08785],[3.26999,44.0879],[3.26912,44.08809],[3.26807,44.08859],[3.2672,44.08891],[3.26609,44.0896],[3.26572,44.08991],[3.2654,44.09041],[3.26504,44.09131],[3.26474,44.09181],[3.26338,44.09272],[3.26258,44.09309],[3.26227,44.09331],[3.26227,44.09358],[3.26259,44.09372],[3.26377,44.09393],[3.26596,44.09414],[3.26715,44.0944],[3.26809,44.0947],[3.26993,44.09578],[3.27025,44.09622],[3.27063,44.09716],[3.27095,44.09734],[3.27189,44.09747],[3.27476,44.09726],[3.27662,44.09662],[3.27743,44.09643],[3.2778,44.09647],[3.27824,44.0966],[3.27913,44.09759],[3.28058,44.09847],[3.28141,44.09942],[3.28211,44.09999],[3.28198,44.10018],[3.28199,44.10063],[3.28212,44.10076],[3.28256,44.10098],[3.28306,44.10107],[3.2835,44.10124],[3.28426,44.10182],[3.28532,44.10217],[3.28564,44.10239],[3.28608,44.10302],[3.28666,44.1031],[3.28747,44.10278],[3.28784,44.10278],[3.28815,44.10291],[3.28847,44.10313],[3.28917,44.10389],[3.29018,44.10452],[3.29057,44.10533],[3.29101,44.10586],[3.2917,44.10604],[3.29245,44.10603],[3.29263,44.10589],[3.29306,44.10535],[3.29349,44.10494],[3.2938,44.10485],[3.29449,44.10471],[3.29605,44.10469],[3.29661,44.10478],[3.29718,44.10518],[3.29743,44.10527],[3.29768,44.10531],[3.29805,44.10508],[3.29848,44.1049],[3.29937,44.10489],[3.29987,44.10524],[3.30031,44.10529],[3.30056,44.10519],[3.30099,44.10483],[3.30143,44.10474],[3.30286,44.10477],[3.30392,44.10458],[3.30454,44.10453],[3.30568,44.10546],[3.30612,44.10564],[3.30662,44.10572],[3.30737,44.10549],[3.30792,44.10513],[3.30817,44.10486],[3.30835,44.10472],[3.30941,44.10471],[3.30997,44.10439],[3.31028,44.10434],[3.31117,44.10448],[3.31179,44.10434],[3.31179,44.1047],[3.31174,44.10528],[3.31331,44.10581],[3.31369,44.10608],[3.31413,44.10657],[3.31432,44.10665],[3.3152,44.10665],[3.31565,44.10736],[3.31658,44.10753],[3.31697,44.10802],[3.31891,44.10868],[3.32035,44.10876],[3.32054,44.10889],[3.32105,44.10948],[3.32136,44.1097],[3.32205,44.10983],[3.32293,44.10982],[3.32324,44.10964],[3.32354,44.1091],[3.32385,44.10892],[3.3239,44.11188],[3.32425,44.11404],[3.3244,44.11534],[3.32445,44.11832],[3.32441,44.11953],[3.3243,44.1207],[3.32413,44.12133],[3.32293,44.12143],[3.32287,44.12175],[3.3232,44.12255],[3.32404,44.12434],[3.32405,44.12503],[3.32394,44.12602],[3.32359,44.12701],[3.32273,44.12792],[3.322,44.12878],[3.32114,44.12986],[3.32086,44.13148],[3.32086,44.13193],[3.32046,44.13446],[3.3203,44.1359],[3.33022,44.14216],[3.33227,44.14179],[3.33232,44.1443],[3.33226,44.14831],[3.33272,44.15029],[3.33286,44.15101],[3.33394,44.1555],[3.33428,44.15725],[3.33462,44.15882],[3.33487,44.15891],[3.33606,44.15867],[3.33786,44.15843],[3.34037,44.15836],[3.34319,44.15856],[3.34425,44.15873],[3.34532,44.15909],[3.3457,44.15927],[3.34665,44.15998],[3.34715,44.16051],[3.34754,44.161],[3.34779,44.16123],[3.34818,44.16185],[3.3487,44.16293],[3.34964,44.1635],[3.35097,44.16412],[3.35185,44.16443],[3.35398,44.16505],[3.35455,44.16527],[3.35493,44.16576],[3.35684,44.16754],[3.35722,44.16798],[3.35747,44.16798],[3.36091,44.16759],[3.36234,44.16749],[3.36303,44.16748],[3.36478,44.16764],[3.36867,44.16829],[3.37105,44.16863],[3.37199,44.16907],[3.37269,44.16955],[3.37345,44.1704],[3.37365,44.17076],[3.37454,44.17075],[3.37784,44.17058],[3.38097,44.17056],[3.38309,44.17041],[3.3864,44.16966],[3.38907,44.16918],[3.39163,44.16893],[3.39562,44.16862],[3.39574,44.16853],[3.39554,44.16786],[3.39553,44.16651],[3.39577,44.1657],[3.39582,44.16498],[3.39568,44.1644],[3.39535,44.16364],[3.39534,44.16304],[3.39546,44.16277],[3.39595,44.16218],[3.39656,44.16123],[3.39674,44.16119],[3.39787,44.16149],[3.399,44.1617],[3.39962,44.16156],[3.40062,44.16143],[3.40137,44.16142],[3.40351,44.16185],[3.40464,44.16193],[3.40514,44.16192],[3.40564,44.16183],[3.40607,44.16155],[3.40662,44.16087],[3.40734,44.15947],[3.40764,44.15848],[3.40792,44.15681],[3.40816,44.15653],[3.40934,44.15612],[3.40971,44.15589],[3.40989,44.15535],[3.41014,44.15503],[3.41107,44.15435],[3.41112,44.15408],[3.41087,44.15381],[3.41142,44.15335],[3.41424,44.15378],[3.41562,44.15399],[3.4173,44.15384],[3.41848,44.15356],[3.41985,44.15328],[3.4201,44.15332],[3.42105,44.15322],[3.42192,44.15303],[3.4226,44.15276],[3.42377,44.1518],[3.42377,44.15167],[3.42389,44.15135],[3.42493,44.15062],[3.42524,44.15016],[3.42535,44.14944],[3.42752,44.14897],[3.43083,44.148],[3.43119,44.14727],[3.43137,44.14704],[3.43173,44.14627],[3.43262,44.14379],[3.43291,44.14284],[3.43282,44.14109],[3.43268,44.13979],[3.43255,44.13934],[3.43247,44.13885],[3.43235,44.13871],[3.43234,44.13848],[3.43252,44.1378],[3.43249,44.13659],[3.4328,44.13605],[3.43285,44.13564],[3.43272,44.13533],[3.43284,44.13492],[3.43308,44.13461],[3.43351,44.13442],[3.43419,44.13419],[3.4345,44.13392],[3.43462,44.13356],[3.43553,44.1322],[3.43584,44.13188],[3.43713,44.13124],[3.43863,44.13037],[3.43973,44.1291],[3.44172,44.12912],[3.44552,44.12864],[3.4464,44.12804],[3.44807,44.12717],[3.45049,44.12665],[3.45286,44.12663],[3.45405,44.12675],[3.45455,44.12688],[3.45744,44.12725],[3.45863,44.1273],[3.45913,44.12747],[3.45988,44.12751],[3.4615,44.12731],[3.46231,44.1273],[3.46338,44.12747],[3.46438,44.1276],[3.466,44.12762],[3.46918,44.12741],[3.47137,44.12716],[3.4749,44.12537],[3.47508,44.12519],[3.47539,44.12514],[3.47844,44.12462],[3.47945,44.12443],[3.48075,44.12392],[3.48138,44.12427],[3.48206,44.12409],[3.48312,44.12398],[3.48437,44.12398],[3.48812,44.12444],[3.48949,44.12411],[3.49144,44.12427],[3.49558,44.12535],[3.49807,44.12505],[3.49932,44.12513],[3.50132,44.12511],[3.50207,44.1252],[3.50466,44.12616],[3.50516,44.1262],[3.50478,44.12328],[3.50478,44.12328],[3.50501,44.12236],[3.50494,44.12152],[3.50475,44.12052],[3.50465,44.1199],[3.50453,44.11963],[3.50351,44.11897],[3.50248,44.11793],[3.50242,44.11777],[3.50234,44.11778],[3.50252,44.11758],[3.50273,44.11732],[3.50284,44.11699],[3.50239,44.11674],[3.50261,44.11633],[3.50273,44.11584],[3.50223,44.11519],[3.50173,44.11514],[3.50174,44.11481],[3.50112,44.11451],[3.50123,44.11393],[3.50088,44.11388],[3.5007,44.11386],[3.50071,44.1135],[3.5004,44.11297],[3.50046,44.11288],[3.50023,44.11252],[3.50036,44.11251],[3.50098,44.11246],[3.50173,44.1124],[3.50267,44.11268],[3.5033,44.1128],[3.50365,44.1127],[3.50372,44.11268],[3.50403,44.11247],[3.50457,44.11224],[3.50483,44.11154],[3.50483,44.1113],[3.50487,44.11119],[3.5049,44.11111],[3.50495,44.11109],[3.50509,44.11103],[3.50515,44.111],[3.50539,44.11092],[3.50565,44.11095],[3.50615,44.11104],[3.50678,44.11125],[3.50707,44.11136],[3.50736,44.11147],[3.50767,44.11158],[3.50805,44.11163],[3.50847,44.11154],[3.5094,44.11159],[3.51025,44.11155],[3.51047,44.11121],[3.51058,44.11087],[3.51086,44.11072],[3.51134,44.1106],[3.51168,44.11073],[3.51208,44.11089],[3.51381,44.1097],[3.51401,44.10933],[3.51423,44.10892],[3.51456,44.1087],[3.51538,44.10836],[3.51552,44.10841],[3.51577,44.10852],[3.51611,44.10859],[3.51768,44.10723],[3.51782,44.10632],[3.51841,44.10569],[3.51906,44.10504],[3.52002,44.10363],[3.52144,44.10267],[3.52436,44.09999],[3.5245,44.09972],[3.52531,44.09906],[3.52574,44.09876],[3.52635,44.09861],[3.52881,44.09999],[3.53224,44.10111],[3.53234,44.10111],[3.53576,44.10108],[3.53889,44.10105],[3.54052,44.10094],[3.5412,44.1009],[3.54138,44.10089],[3.54169,44.10039],[3.54161,44.09999],[3.54114,44.09904],[3.54071,44.09815],[3.54031,44.09752],[3.54,44.09711],[3.53983,44.09674],[3.53974,44.09653],[3.54022,44.09599],[3.54042,44.0959],[3.5417,44.09479],[3.54204,44.09449],[3.54265,44.09384],[3.54366,44.09371],[3.54448,44.09361],[3.5448,44.09346],[3.54486,44.09335],[3.54498,44.09314],[3.54529,44.09287],[3.54746,44.09222],[3.54852,44.09225],[3.54902,44.09225],[3.54916,44.09221],[3.54969,44.09213],[3.55013,44.09188],[3.55086,44.09127],[3.55179,44.09051],[3.5521,44.09037],[3.55434,44.08994],[3.55602,44.08956],[3.55732,44.08941],[3.558,44.08924],[3.55847,44.08905],[3.5595,44.08863],[3.56048,44.08808],[3.56115,44.08753],[3.56148,44.08709],[3.56159,44.08694],[3.56207,44.08595],[3.56218,44.08544],[3.56241,44.08511],[3.56273,44.08468],[3.56296,44.08391],[3.563,44.08364],[3.56303,44.08342],[3.56456,44.08295],[3.567,44.08326],[3.56712,44.08328],[3.56744,44.08323],[3.56793,44.08305],[3.56959,44.08181],[3.57021,44.08128],[3.57076,44.08081],[3.57864,44.07698],[3.58052,44.07607],[3.58132,44.07557],[3.58148,44.07533],[3.58156,44.0752],[3.58231,44.0747],[3.583,44.07444]]]]},"properties":{"ID":"301","id":"301","NOM_MASSIF":"CAUSSE AIGOUAL","dept":"30"}}]}