{"type":"FeatureCollection","features":[{"type":"Feature","id":0,"geometry":{"type":"MultiPolygon","coordinates":[[[[2.53806,43.47397],[2.53846,43.47389],[2.5399,43.47322],[2.54118,43.47252],[2.54156,43.472],[2.54192,43.47178],[2.54269,43.47161],[2.54399,43.47173],[2.54436,43.47135],[2.5455,43.47204],[2.54646,43.47288],[2.547,43.4736],[2.54783,43.47433],[2.54918,43.47608],[2.54936,43.47618],[2.55018,43.47582],[2.55067,43.47523],[2.55129,43.47503],[2.55357,43.47488],[2.55472,43.47524],[2.55499,43.47523],[2.55549,43.47478],[2.55627,43.47425],[2.5567,43.47349],[2.55685,43.4734],[2.55731,43.47352],[2.55778,43.47352],[2.55855,43.47381],[2.55946,43.47358],[2.56034,43.47309],[2.56084,43.47292],[2.56195,43.47286],[2.56295,43.47296],[2.56363,43.47252],[2.56389,43.47249],[2.56412,43.47234],[2.56457,43.47131],[2.56471,43.47046],[2.56574,43.47034],[2.56624,43.47037],[2.56654,43.4705],[2.56706,43.47059],[2.5682,43.47134],[2.5687,43.47138],[2.5692,43.47155],[2.57179,43.47167],[2.57303,43.47184],[2.5735,43.47172],[2.57397,43.4714],[2.57411,43.4705],[2.57456,43.46993],[2.5748,43.46975],[2.57514,43.46982],[2.57589,43.47023],[2.57709,43.47065],[2.57732,43.47113],[2.57807,43.47122],[2.58273,43.47096],[2.58388,43.47074],[2.58443,43.47037],[2.58506,43.47024],[2.58652,43.46826],[2.58759,43.46759],[2.58817,43.46741],[2.58855,43.46758],[2.58953,43.46848],[2.5906,43.46914],[2.59269,43.47016],[2.59319,43.47049],[2.59465,43.47092],[2.59602,43.47157],[2.59724,43.47269],[2.59822,43.47301],[2.59975,43.4731],[2.60081,43.47337],[2.6014,43.47372],[2.60172,43.47413],[2.60189,43.47421],[2.60229,43.47411],[2.6029,43.47352],[2.60303,43.47328],[2.6034,43.47292],[2.60384,43.47264],[2.60449,43.47246],[2.60531,43.47177],[2.6054,43.47161],[2.60536,43.47147],[2.60453,43.47044],[2.60436,43.46989],[2.60454,43.46975],[2.60581,43.46936],[2.60722,43.46933],[2.60874,43.46969],[2.60894,43.46986],[2.60918,43.47039],[2.60982,43.47106],[2.61042,43.47151],[2.61184,43.4722],[2.61227,43.4725],[2.61254,43.4728],[2.61323,43.47312],[2.6136,43.47321],[2.6145,43.47371],[2.61523,43.47384],[2.61778,43.4739],[2.61813,43.47444],[2.61819,43.47476],[2.61733,43.47545],[2.61681,43.47671],[2.61684,43.47692],[2.61707,43.47708],[2.61725,43.4775],[2.61729,43.47791],[2.61701,43.47862],[2.61675,43.47894],[2.61734,43.4797],[2.61711,43.48],[2.61701,43.4803],[2.61747,43.48143],[2.61736,43.48217],[2.61703,43.48273],[2.6172,43.48356],[2.61696,43.48411],[2.6169,43.48481],[2.61719,43.48574],[2.61708,43.48607],[2.61711,43.48714],[2.617,43.48726],[2.61685,43.48789],[2.61708,43.48847],[2.61676,43.48888],[2.61677,43.48957],[2.61663,43.4899],[2.6161,43.49055],[2.61586,43.49114],[2.61591,43.49133],[2.61563,43.49164],[2.6148,43.49158],[2.61411,43.49169],[2.61375,43.49188],[2.61275,43.49186],[2.61223,43.49205],[2.61206,43.49219],[2.61185,43.49261],[2.61177,43.4931],[2.61145,43.49368],[2.61138,43.49417],[2.61139,43.49444],[2.61158,43.49493],[2.61155,43.49508],[2.61131,43.49528],[2.61127,43.49585],[2.61182,43.49711],[2.61167,43.49744],[2.61137,43.49772],[2.61155,43.49847],[2.61141,43.49912],[2.61153,43.49931],[2.6115,43.49946],[2.61091,43.50019],[2.61088,43.50086],[2.61064,43.5011],[2.61006,43.50138],[2.60965,43.50186],[2.60959,43.5021],[2.60935,43.50238],[2.60907,43.50248],[2.60893,43.5027],[2.60853,43.50275],[2.60803,43.50344],[2.60794,43.50395],[2.60811,43.50446],[2.60789,43.505],[2.60886,43.50573],[2.60981,43.50718],[2.61033,43.50762],[2.61102,43.50739],[2.61443,43.50666],[2.61656,43.50687],[2.6204,43.50671],[2.62289,43.50692],[2.6267,43.50905],[2.62729,43.50912],[2.62839,43.50905],[2.63307,43.5119],[2.63531,43.51348],[2.63589,43.514],[2.63702,43.51504],[2.63715,43.51561],[2.638,43.51549],[2.63876,43.51583],[2.64179,43.51684],[2.642,43.517],[2.64211,43.51727],[2.6423,43.51734],[2.64896,43.51884],[2.64939,43.51908],[2.65023,43.51935],[2.65074,43.51938],[2.65163,43.5193],[2.65246,43.5191],[2.65367,43.51865],[2.65476,43.51881],[2.65557,43.51811],[2.65665,43.51746],[2.65709,43.51728],[2.65844,43.517],[2.65929,43.51465],[2.65901,43.5136],[2.65948,43.51289],[2.65942,43.51269],[2.65956,43.51177],[2.65953,43.51115],[2.65982,43.50981],[2.65932,43.5091],[2.66057,43.50425],[2.6609,43.50335],[2.66027,43.50329],[2.65973,43.50295],[2.65866,43.50113],[2.65705,43.49922],[2.65462,43.49682],[2.65486,43.49575],[2.6551,43.49401],[2.65569,43.49226],[2.65577,43.49122],[2.6589,43.48382],[2.65635,43.48244],[2.65686,43.48133],[2.65715,43.48089],[2.65781,43.48019],[2.65795,43.47926],[2.65901,43.47825],[2.65978,43.47722],[2.6602,43.47649],[2.66079,43.47695],[2.66193,43.47718],[2.66251,43.47713],[2.66293,43.47687],[2.66298,43.47667],[2.66286,43.47626],[2.66301,43.47604],[2.66278,43.47594],[2.66381,43.47541],[2.66482,43.47315],[2.66514,43.47284],[2.66517,43.4727],[2.66538,43.47259],[2.66565,43.47198],[2.66642,43.47113],[2.668,43.47002],[2.6666,43.46798],[2.66606,43.46749],[2.66566,43.46638],[2.66528,43.46579],[2.66529,43.46512],[2.66498,43.46453],[2.66492,43.46368],[2.66498,43.4629],[2.66513,43.46263],[2.66509,43.46242],[2.6653,43.46205],[2.66502,43.46198],[2.66471,43.46202],[2.66434,43.46193],[2.66383,43.46199],[2.66303,43.46219],[2.66209,43.46256],[2.66138,43.46309],[2.66117,43.46336],[2.66085,43.46397],[2.66082,43.46446],[2.66069,43.46468],[2.6581,43.4653],[2.65785,43.46543],[2.6572,43.46616],[2.65663,43.46643],[2.65559,43.46662],[2.65537,43.46679],[2.65509,43.46688],[2.65417,43.46689],[2.65332,43.46704],[2.65117,43.46693],[2.65054,43.46683],[2.65002,43.46691],[2.64943,43.46682],[2.6488,43.46696],[2.64862,43.46704],[2.64779,43.46812],[2.64781,43.46949],[2.647,43.4695],[2.64522,43.46889],[2.64497,43.46901],[2.64465,43.46891],[2.64431,43.46903],[2.6435,43.46913],[2.6426,43.46911],[2.64156,43.4685],[2.64038,43.46803],[2.63994,43.46776],[2.63933,43.46755],[2.63907,43.46738],[2.6384,43.46721],[2.63816,43.4669],[2.63831,43.46646],[2.63811,43.46618],[2.63806,43.46597],[2.63806,43.46514],[2.63826,43.4647],[2.63865,43.46461],[2.64028,43.46396],[2.6407,43.4639],[2.6417,43.46357],[2.64207,43.46351],[2.64268,43.46356],[2.64313,43.4629],[2.64359,43.4627],[2.6443,43.46252],[2.64511,43.46209],[2.64541,43.46182],[2.64563,43.46141],[2.64558,43.46117],[2.64536,43.46091],[2.64554,43.46064],[2.64621,43.46007],[2.64605,43.45963],[2.64629,43.45915],[2.64623,43.45903],[2.64567,43.45877],[2.64512,43.45825],[2.64459,43.45806],[2.64452,43.45791],[2.64438,43.45781],[2.64417,43.45791],[2.64331,43.45805],[2.64302,43.45803],[2.64296,43.45767],[2.64277,43.45746],[2.64283,43.4572],[2.64262,43.45679],[2.64251,43.45623],[2.64222,43.4559],[2.64195,43.45578],[2.64159,43.45577],[2.64136,43.45589],[2.64108,43.45591],[2.641,43.45609],[2.64079,43.4561],[2.64054,43.45621],[2.64035,43.45615],[2.63962,43.45552],[2.63917,43.45534],[2.63879,43.45487],[2.63819,43.45474],[2.63762,43.45437],[2.63734,43.45402],[2.63717,43.45342],[2.63669,43.45314],[2.63615,43.45246],[2.63528,43.45242],[2.63513,43.45224],[2.63516,43.45189],[2.63501,43.45186],[2.63473,43.45151],[2.63447,43.4514],[2.63426,43.45108],[2.63353,43.45087],[2.63323,43.45039],[2.63264,43.44993],[2.63205,43.44979],[2.63168,43.44956],[2.6312,43.44954],[2.6303,43.44921],[2.62984,43.44877],[2.62948,43.44883],[2.62916,43.44866],[2.62915,43.44826],[2.62826,43.44763],[2.62815,43.44721],[2.62799,43.44701],[2.628,43.44674],[2.62741,43.4463],[2.62693,43.44607],[2.6268,43.44589],[2.62647,43.4458],[2.62604,43.4453],[2.6252,43.44517],[2.62474,43.4448],[2.62385,43.4443],[2.62342,43.44389],[2.62299,43.4432],[2.62186,43.44252],[2.62167,43.44231],[2.6206,43.44198],[2.62001,43.4419],[2.61964,43.44116],[2.61885,43.44033],[2.61866,43.43979],[2.6182,43.43901],[2.61814,43.43844],[2.61776,43.43816],[2.6162,43.43771],[2.61543,43.4374],[2.61503,43.43741],[2.61444,43.43776],[2.61395,43.43792],[2.61375,43.43783],[2.6135,43.43808],[2.61304,43.43826],[2.61232,43.43845],[2.61165,43.43847],[2.61055,43.43869],[2.61006,43.43909],[2.60943,43.44],[2.60872,43.44048],[2.60864,43.44029],[2.60824,43.44018],[2.60745,43.44076],[2.60695,43.44096],[2.60572,43.44095],[2.6046,43.44058],[2.60451,43.44038],[2.60414,43.44006],[2.60406,43.43969],[2.60407,43.4394],[2.60437,43.43881],[2.60488,43.43834],[2.60544,43.43805],[2.60731,43.43732],[2.60791,43.4368],[2.6079,43.43665],[2.60769,43.43657],[2.60728,43.43612],[2.60717,43.43575],[2.60761,43.43514],[2.60753,43.43461],[2.60778,43.4341],[2.60815,43.43383],[2.60837,43.43357],[2.60836,43.43345],[2.60819,43.43335],[2.6081,43.43317],[2.60709,43.43291],[2.60731,43.43236],[2.60698,43.43171],[2.60661,43.43138],[2.6056,43.43101],[2.60519,43.43103],[2.60437,43.43081],[2.60359,43.4309],[2.6026,43.43127],[2.60164,43.43195],[2.60139,43.43232],[2.60014,43.43303],[2.59975,43.43335],[2.59903,43.43337],[2.59866,43.43345],[2.59818,43.43335],[2.5978,43.43316],[2.5975,43.43323],[2.59685,43.43296],[2.59628,43.43225],[2.59641,43.4319],[2.59582,43.43169],[2.59585,43.43142],[2.59644,43.43134],[2.59664,43.43111],[2.59638,43.43069],[2.59646,43.43064],[2.59632,43.43055],[2.59639,43.43049],[2.59621,43.43039],[2.59624,43.43008],[2.59597,43.42975],[2.596,43.42931],[2.59585,43.42918],[2.59479,43.42932],[2.59361,43.42907],[2.59313,43.42933],[2.59232,43.42943],[2.59212,43.42962],[2.59188,43.42959],[2.5918,43.42949],[2.59146,43.42948],[2.59113,43.42963],[2.59098,43.42958],[2.59081,43.42964],[2.59024,43.42935],[2.5898,43.42924],[2.58965,43.4291],[2.58936,43.42899],[2.58884,43.42887],[2.58835,43.42866],[2.58767,43.42856],[2.58729,43.42828],[2.58669,43.42755],[2.58518,43.42653],[2.58493,43.42649],[2.58465,43.42629],[2.58449,43.42581],[2.5842,43.42578],[2.58394,43.42549],[2.58379,43.4251],[2.5828,43.4243],[2.5828,43.42418],[2.58201,43.42391],[2.58166,43.42345],[2.58145,43.42333],[2.58077,43.4232],[2.58024,43.42323],[2.5783,43.42309],[2.57748,43.42283],[2.5767,43.42268],[2.57622,43.4227],[2.57583,43.42253],[2.57464,43.42258],[2.57415,43.42242],[2.57316,43.42276],[2.57276,43.42298],[2.57174,43.42315],[2.57124,43.42362],[2.5704,43.42382],[2.56834,43.42345],[2.56734,43.42348],[2.56583,43.42273],[2.56574,43.42273],[2.56544,43.42272],[2.56451,43.4225],[2.56146,43.42068],[2.56087,43.42037],[2.56067,43.42035],[2.56055,43.42036],[2.55883,43.42143],[2.55587,43.42333],[2.5544,43.42407],[2.55277,43.42452],[2.55116,43.42477],[2.55001,43.42476],[2.54625,43.42425],[2.54197,43.42489],[2.54142,43.42488],[2.53931,43.42444],[2.53808,43.42431],[2.53703,43.42447],[2.5335,43.42421],[2.5325,43.42389],[2.53138,43.42366],[2.53082,43.4234],[2.53009,43.42351],[2.52863,43.42343],[2.52758,43.42347],[2.52667,43.42343],[2.52612,43.42351],[2.52453,43.42356],[2.52377,43.42347],[2.51906,43.42368],[2.51813,43.42512],[2.51769,43.42523],[2.51618,43.42649],[2.51581,43.42699],[2.51476,43.4274],[2.51424,43.42802],[2.51344,43.42865],[2.51289,43.42921],[2.51266,43.42931],[2.51219,43.42975],[2.5119,43.42991],[2.50804,43.42899],[2.50442,43.42941],[2.5025,43.42914],[2.50132,43.43016],[2.49813,43.43163],[2.49762,43.43193],[2.49735,43.43258],[2.49777,43.43455],[2.49695,43.43717],[2.49678,43.4371],[2.49475,43.43715],[2.49316,43.43744],[2.49171,43.43814],[2.49079,43.43835],[2.48627,43.43674],[2.4811,43.43692],[2.47954,43.43681],[2.47905,43.43669],[2.47772,43.43655],[2.47535,43.43675],[2.47479,43.4372],[2.47449,43.43728],[2.47434,43.43718],[2.47405,43.43661],[2.47353,43.43616],[2.47258,43.43592],[2.47177,43.43546],[2.47147,43.43547],[2.47101,43.43571],[2.47041,43.43548],[2.46953,43.43533],[2.46758,43.43515],[2.46724,43.4351],[2.46708,43.43501],[2.46661,43.43501],[2.46619,43.43507],[2.46495,43.43567],[2.464,43.4355],[2.46352,43.43558],[2.46284,43.43557],[2.46085,43.43482],[2.46059,43.43434],[2.46042,43.43369],[2.45949,43.43297],[2.4591,43.43286],[2.45808,43.43315],[2.45744,43.43328],[2.45707,43.43327],[2.45552,43.43273],[2.45472,43.43233],[2.45406,43.43212],[2.45382,43.43207],[2.45296,43.43214],[2.45223,43.43186],[2.44951,43.43257],[2.44719,43.43295],[2.44675,43.43321],[2.446,43.43344],[2.44547,43.43385],[2.44399,43.43387],[2.44228,43.4342],[2.44209,43.43434],[2.44153,43.43443],[2.44104,43.43433],[2.44068,43.43439],[2.44023,43.4343],[2.44002,43.43435],[2.4398,43.43426],[2.43955,43.43429],[2.4392,43.4342],[2.43875,43.43434],[2.43793,43.43424],[2.43763,43.43452],[2.43728,43.43451],[2.43701,43.43462],[2.43663,43.4346],[2.43589,43.43508],[2.43534,43.43509],[2.43476,43.43527],[2.43393,43.43507],[2.43383,43.43469],[2.43368,43.43452],[2.43319,43.43425],[2.43284,43.4342],[2.43247,43.43428],[2.43232,43.43441],[2.43225,43.4351],[2.43199,43.43541],[2.43179,43.4355],[2.43113,43.43566],[2.43022,43.43539],[2.42943,43.43549],[2.42849,43.43573],[2.42773,43.43538],[2.42721,43.43503],[2.42672,43.43493],[2.42628,43.43447],[2.42637,43.43385],[2.42619,43.43351],[2.42598,43.43331],[2.42562,43.43318],[2.4255,43.43283],[2.42518,43.43252],[2.4249,43.43236],[2.42448,43.43235],[2.42417,43.43181],[2.42382,43.43168],[2.42322,43.43121],[2.42319,43.43081],[2.42278,43.43055],[2.42226,43.42999],[2.42137,43.42968],[2.42058,43.4293],[2.42048,43.42913],[2.42054,43.42888],[2.42042,43.42838],[2.42017,43.4281],[2.41977,43.42807],[2.41913,43.42853],[2.41887,43.42852],[2.41816,43.42793],[2.41772,43.4277],[2.41718,43.42765],[2.41668,43.42777],[2.4162,43.42772],[2.41566,43.42742],[2.41481,43.42728],[2.41444,43.42699],[2.41435,43.42672],[2.41417,43.42652],[2.41376,43.42634],[2.41281,43.42612],[2.41249,43.42584],[2.41201,43.42566],[2.41053,43.42541],[2.40907,43.42501],[2.40871,43.42509],[2.40829,43.42504],[2.40637,43.4245],[2.40467,43.4247],[2.40348,43.42464],[2.40319,43.42473],[2.40377,43.42405],[2.4038,43.42366],[2.40401,43.42338],[2.40509,43.42212],[2.40562,43.4217],[2.40579,43.42121],[2.40653,43.42014],[2.40699,43.4192],[2.40624,43.41911],[2.40509,43.41918],[2.40468,43.41907],[2.40366,43.41851],[2.40257,43.41759],[2.40162,43.417],[2.40101,43.41675],[2.39867,43.41695],[2.39808,43.41687],[2.39733,43.4166],[2.39684,43.41655],[2.39592,43.41716],[2.39389,43.41892],[2.39228,43.41959],[2.39131,43.4198],[2.38979,43.4199],[2.38866,43.41975],[2.38796,43.41946],[2.38703,43.4194],[2.38647,43.41913],[2.38419,43.41834],[2.38387,43.41874],[2.38257,43.42125],[2.38155,43.42198],[2.38048,43.42258],[2.37891,43.42313],[2.37707,43.42333],[2.37635,43.42338],[2.37602,43.42333],[2.37544,43.42296],[2.37515,43.42294],[2.37478,43.42305],[2.36904,43.42312],[2.36744,43.42323],[2.36429,43.42405],[2.3635,43.42434],[2.36167,43.42526],[2.35929,43.42661],[2.35571,43.42909],[2.35478,43.42968],[2.35323,43.43046],[2.35182,43.43148],[2.35036,43.43224],[2.34941,43.43258],[2.34849,43.43277],[2.34745,43.43262],[2.34425,43.43257],[2.34279,43.43243],[2.34148,43.43221],[2.33808,43.43403],[2.3367,43.43549],[2.33497,43.43705],[2.33304,43.43739],[2.33153,43.43814],[2.33016,43.4384],[2.32623,43.43892],[2.32339,43.43921],[2.31532,43.4403],[2.31131,43.44154],[2.3097,43.44292],[2.30881,43.44411],[2.30611,43.44728],[2.30372,43.44792],[2.30153,43.44727],[2.29971,43.44627],[2.29894,43.44585],[2.29683,43.44494],[2.29435,43.44428],[2.29257,43.44408],[2.29205,43.44408],[2.29072,43.44425],[2.28854,43.44418],[2.28207,43.44106],[2.27867,43.44352],[2.27744,43.44422],[2.27631,43.44501],[2.27534,43.44545],[2.27505,43.44571],[2.27467,43.44634],[2.27383,43.44734],[2.27292,43.44806],[2.27189,43.44849],[2.26898,43.45002],[2.26838,43.45064],[2.26686,43.4519],[2.26566,43.45313],[2.26495,43.45382],[2.26492,43.4543],[2.26459,43.45504],[2.26363,43.45608],[2.2626,43.45756],[2.26203,43.4595],[2.26159,43.45947],[2.26106,43.45964],[2.25921,43.45986],[2.2583,43.46006],[2.2579,43.45925],[2.25802,43.45886],[2.25798,43.45774],[2.2582,43.45775],[2.25789,43.45727],[2.25778,43.4568],[2.25747,43.45645],[2.25755,43.4564],[2.2576,43.45591],[2.2567,43.45562],[2.25613,43.45506],[2.25612,43.45477],[2.25682,43.45348],[2.25673,43.45317],[2.25644,43.45284],[2.25644,43.45268],[2.25556,43.45229],[2.25512,43.45225],[2.25503,43.45199],[2.25513,43.45172],[2.25481,43.45164],[2.25441,43.4517],[2.25424,43.45164],[2.25346,43.45106],[2.25318,43.4505],[2.25266,43.45007],[2.25219,43.4499],[2.25196,43.44971],[2.25158,43.44968],[2.25137,43.44957],[2.25114,43.44959],[2.25086,43.44908],[2.24982,43.44887],[2.24913,43.44909],[2.24821,43.44864],[2.24723,43.44869],[2.24599,43.44836],[2.24554,43.44834],[2.24511,43.44774],[2.24465,43.44637],[2.244,43.44546],[2.2436,43.44504],[2.24349,43.4448],[2.2429,43.4445],[2.24278,43.44435],[2.24277,43.44382],[2.2425,43.4432],[2.2416,43.44278],[2.24147,43.44256],[2.24144,43.4422],[2.24123,43.44192],[2.24128,43.44165],[2.24118,43.44106],[2.24079,43.44066],[2.24051,43.44056],[2.24028,43.44032],[2.23903,43.43963],[2.23902,43.4395],[2.23879,43.43941],[2.2387,43.43926],[2.23843,43.43903],[2.23838,43.43876],[2.23821,43.4385],[2.23737,43.43791],[2.23625,43.43764],[2.23553,43.43731],[2.23474,43.43712],[2.23426,43.43687],[2.23405,43.43666],[2.23372,43.43601],[2.23379,43.43534],[2.2336,43.43508],[2.2327,43.43459],[2.23146,43.4341],[2.23124,43.43384],[2.23127,43.43337],[2.23116,43.43315],[2.2306,43.43277],[2.22987,43.43247],[2.22947,43.43214],[2.22899,43.43204],[2.22877,43.43174],[2.22813,43.43153],[2.22637,43.43142],[2.22596,43.43155],[2.22554,43.43155],[2.22417,43.43177],[2.22362,43.43197],[2.2233,43.43188],[2.22289,43.43152],[2.22284,43.43108],[2.22312,43.43016],[2.2229,43.42955],[2.22241,43.42924],[2.222,43.42874],[2.22182,43.4283],[2.22196,43.42761],[2.22189,43.42742],[2.22166,43.42722],[2.2216,43.42691],[2.22111,43.42674],[2.22097,43.4266],[2.22132,43.42633],[2.22149,43.42629],[2.22225,43.42634],[2.22338,43.42624],[2.2238,43.42582],[2.2239,43.42508],[2.22372,43.42461],[2.22311,43.4241],[2.22309,43.42381],[2.22259,43.42303],[2.22273,43.42238],[2.22297,43.42193],[2.2236,43.42134],[2.22332,43.42114],[2.22299,43.42056],[2.223,43.41948],[2.22288,43.41923],[2.22298,43.41856],[2.22332,43.41799],[2.22331,43.41776],[2.22306,43.41748],[2.22303,43.41725],[2.22334,43.41646],[2.22324,43.41608],[2.22341,43.41588],[2.22412,43.41549],[2.22476,43.41446],[2.22471,43.41431],[2.22481,43.4141],[2.22548,43.41352],[2.22705,43.4129],[2.22783,43.41278],[2.22803,43.4125],[2.2287,43.41211],[2.22985,43.41111],[2.22981,43.41076],[2.22991,43.41024],[2.22973,43.40997],[2.22982,43.4098],[2.22944,43.40944],[2.22917,43.4082],[2.22926,43.40764],[2.22962,43.40655],[2.23014,43.40598],[2.23004,43.40566],[2.23016,43.40544],[2.23,43.40499],[2.22949,43.40435],[2.22936,43.40433],[2.22909,43.40452],[2.22855,43.40473],[2.22828,43.40471],[2.22727,43.40403],[2.22644,43.40384],[2.2262,43.40367],[2.22594,43.40366],[2.22582,43.40341],[2.22542,43.40331],[2.22479,43.40297],[2.22466,43.40282],[2.22457,43.40248],[2.22475,43.40223],[2.22609,43.40166],[2.22653,43.40128],[2.22647,43.40092],[2.22604,43.40066],[2.22576,43.40033],[2.22551,43.39897],[2.22498,43.39834],[2.22492,43.39805],[2.22516,43.39752],[2.22559,43.39704],[2.22666,43.39634],[2.22679,43.39611],[2.22676,43.39589],[2.22625,43.39558],[2.22529,43.39538],[2.22496,43.39501],[2.22471,43.39426],[2.22437,43.3939],[2.22412,43.39385],[2.22315,43.39386],[2.22275,43.3938],[2.22253,43.39368],[2.2222,43.39274],[2.22195,43.39238],[2.22051,43.39086],[2.22015,43.39029],[2.21978,43.39002],[2.21896,43.38984],[2.21908,43.389],[2.2194,43.38837],[2.21944,43.38777],[2.21937,43.38757],[2.21911,43.38721],[2.21846,43.38666],[2.21786,43.38646],[2.21756,43.38627],[2.21738,43.38511],[2.21722,43.38469],[2.21677,43.38448],[2.21598,43.3845],[2.21506,43.38347],[2.21495,43.38281],[2.21515,43.38227],[2.21163,43.38464],[2.20682,43.38502],[2.20536,43.3855],[2.19975,43.38821],[2.19719,43.38967],[2.19574,43.39005],[2.19473,43.39054],[2.19321,43.39096],[2.19117,43.39306],[2.19097,43.39311],[2.19043,43.39292],[2.18915,43.39313],[2.18876,43.39326],[2.18851,43.39368],[2.18802,43.39364],[2.18706,43.39414],[2.1857,43.39533],[2.18529,43.39629],[2.18441,43.39706],[2.18407,43.39753],[2.18204,43.39908],[2.18069,43.40052],[2.17991,43.40176],[2.17983,43.4026],[2.17957,43.40339],[2.17872,43.40464],[2.17796,43.40562],[2.17784,43.40566],[2.1769,43.40773],[2.17575,43.40903],[2.17536,43.41007],[2.17508,43.41024],[2.17504,43.41052],[2.17428,43.41184],[2.17359,43.41281],[2.17202,43.41365],[2.17187,43.41385],[2.17139,43.41549],[2.17065,43.41619],[2.17043,43.41653],[2.16761,43.41606],[2.16528,43.41577],[2.16239,43.41562],[2.16204,43.41546],[2.16194,43.41556],[2.16145,43.41559],[2.16116,43.41536],[2.1594,43.41528],[2.15891,43.41563],[2.1589,43.41578],[2.1586,43.41599],[2.15803,43.41619],[2.15789,43.41643],[2.15767,43.41636],[2.15753,43.41629],[2.15744,43.41602],[2.15712,43.41579],[2.15663,43.41567],[2.15658,43.41554],[2.15674,43.4153],[2.15744,43.41479],[2.15761,43.41446],[2.15753,43.41439],[2.15729,43.41437],[2.15712,43.4142],[2.15671,43.41402],[2.15657,43.41382],[2.15591,43.41349],[2.15538,43.41306],[2.15427,43.41283],[2.15316,43.41312],[2.15248,43.41308],[2.15081,43.41245],[2.15075,43.41225],[2.15095,43.41096],[2.15064,43.41002],[2.15048,43.40986],[2.14969,43.40969],[2.14915,43.40973],[2.14882,43.40969],[2.14857,43.40957],[2.14807,43.40955],[2.14787,43.40927],[2.14757,43.40904],[2.14624,43.40843],[2.14582,43.40806],[2.14575,43.40788],[2.14499,43.40792],[2.14247,43.40751],[2.14152,43.40754],[2.14092,43.40746],[2.14092,43.40723],[2.1412,43.40718],[2.14142,43.40691],[2.14145,43.40639],[2.14192,43.40606],[2.14197,43.40545],[2.14153,43.40491],[2.14067,43.40432],[2.14018,43.40411],[2.13954,43.40398],[2.13865,43.40354],[2.13808,43.40341],[2.13771,43.40339],[2.13713,43.40363],[2.13627,43.40318],[2.13602,43.40291],[2.13559,43.40275],[2.13452,43.40286],[2.13416,43.40306],[2.13375,43.40316],[2.13345,43.40342],[2.13312,43.40358],[2.13284,43.40362],[2.13224,43.40313],[2.13208,43.40266],[2.13173,43.40219],[2.131,43.40195],[2.13029,43.40116],[2.13016,43.40048],[2.12973,43.39989],[2.12883,43.39977],[2.1284,43.39949],[2.12809,43.39939],[2.12767,43.39931],[2.12658,43.39933],[2.12627,43.39939],[2.12604,43.3996],[2.12541,43.39989],[2.1247,43.39999],[2.12403,43.39977],[2.12361,43.39939],[2.12338,43.39928],[2.12268,43.39924],[2.12195,43.39909],[2.12127,43.39909],[2.11915,43.39945],[2.11813,43.3994],[2.1178,43.39927],[2.1177,43.39906],[2.11719,43.39875],[2.11568,43.39869],[2.11429,43.39884],[2.1136,43.39883],[2.11321,43.39867],[2.11308,43.39844],[2.11284,43.39736],[2.11252,43.39687],[2.11224,43.3966],[2.11195,43.39644],[2.11156,43.39634],[2.11111,43.39661],[2.11046,43.39566],[2.10932,43.39441],[2.10871,43.39445],[2.10833,43.39456],[2.10775,43.39513],[2.10755,43.39513],[2.10714,43.3949],[2.10663,43.39487],[2.10499,43.39523],[2.10426,43.39564],[2.10362,43.39583],[2.10237,43.39584],[2.10089,43.39618],[2.10012,43.39614],[2.09953,43.39601],[2.09836,43.39615],[2.09743,43.39617],[2.09633,43.39634],[2.09588,43.3965],[2.09367,43.39524],[2.09252,43.39439],[2.09147,43.39371],[2.09136,43.39383],[2.09133,43.39494],[2.09058,43.39578],[2.09046,43.39653],[2.08995,43.39724],[2.08973,43.39736],[2.08903,43.39747],[2.0871,43.39826],[2.08609,43.39876],[2.08501,43.39865],[2.08445,43.39813],[2.08387,43.39778],[2.08333,43.39765],[2.0821,43.39758],[2.08186,43.39751],[2.07992,43.39637],[2.07896,43.39563],[2.0784,43.39583],[2.07763,43.39585],[2.07572,43.39547],[2.07465,43.39481],[2.07425,43.39487],[2.07391,43.39501],[2.07324,43.39496],[2.07279,43.39552],[2.07239,43.39573],[2.07256,43.39598],[2.07247,43.39652],[2.07183,43.39788],[2.07115,43.39847],[2.06999,43.39882],[2.06916,43.39967],[2.06818,43.40148],[2.06814,43.40182],[2.06824,43.40231],[2.06819,43.40336],[2.06771,43.40375],[2.06754,43.40379],[2.06618,43.40522],[2.06675,43.4054],[2.06786,43.40603],[2.06845,43.40628],[2.07011,43.4065],[2.07071,43.40649],[2.07157,43.40638],[2.07176,43.40645],[2.07172,43.40674],[2.07137,43.40705],[2.07124,43.40734],[2.07096,43.40759],[2.07086,43.4076],[2.07031,43.40808],[2.06969,43.40822],[2.06945,43.40853],[2.06901,43.4089],[2.06827,43.41084],[2.06811,43.41091],[2.06781,43.41075],[2.06746,43.41075],[2.06718,43.41089],[2.06689,43.41092],[2.0664,43.41121],[2.06577,43.41131],[2.06556,43.41126],[2.06545,43.41132],[2.06528,43.41161],[2.06506,43.41168],[2.06509,43.41187],[2.06432,43.41217],[2.06425,43.41234],[2.06379,43.41264],[2.06374,43.41291],[2.06384,43.41307],[2.06351,43.41342],[2.06208,43.4145],[2.06177,43.41464],[2.06143,43.4151],[2.06117,43.41521],[2.06128,43.41569],[2.06108,43.41632],[2.06096,43.4182],[2.06123,43.41889],[2.06088,43.41918],[2.06051,43.41931],[2.06008,43.41935],[2.05954,43.41995],[2.05924,43.4205],[2.05921,43.42081],[2.05891,43.42096],[2.05894,43.42109],[2.05913,43.42118],[2.05905,43.42154],[2.05867,43.42188],[2.05741,43.42246],[2.05733,43.42283],[2.05661,43.4232],[2.05648,43.42349],[2.05612,43.42382],[2.05603,43.42433],[2.05572,43.42462],[2.05547,43.42501],[2.05557,43.42543],[2.05482,43.42582],[2.05492,43.42619],[2.05447,43.42653],[2.05436,43.42677],[2.05453,43.4272],[2.05512,43.428],[2.0551,43.42826],[2.05392,43.42914],[2.05362,43.42975],[2.05305,43.4301],[2.05291,43.43027],[2.05293,43.43045],[2.05283,43.4305],[2.0521,43.43064],[2.05139,43.43103],[2.05065,43.43126],[2.0501,43.43169],[2.04906,43.43197],[2.04894,43.43236],[2.04814,43.43298],[2.04748,43.43299],[2.04707,43.43317],[2.04663,43.43319],[2.04621,43.43356],[2.04552,43.43387],[2.04529,43.43414],[2.04429,43.43414],[2.04394,43.43399],[2.04353,43.43394],[2.04291,43.43411],[2.04216,43.43395],[2.04168,43.43399],[2.0418,43.43423],[2.04173,43.43433],[2.04074,43.43431],[2.04057,43.43437],[2.04052,43.43459],[2.04039,43.43463],[2.04028,43.43462],[2.04013,43.4344],[2.03985,43.43443],[2.03959,43.43455],[2.03979,43.43482],[2.03951,43.43492],[2.03601,43.43556],[2.03383,43.43612],[2.0291,43.43674],[2.02762,43.44027],[2.02764,43.44074],[2.02736,43.44075],[2.02746,43.44157],[2.02704,43.44213],[2.02581,43.44333],[2.02433,43.4443],[2.02391,43.4447],[2.02364,43.44505],[2.02292,43.44647],[2.02234,43.4471],[2.0211,43.44671],[2.02048,43.44606],[2.01757,43.44655],[2.01559,43.44644],[2.01524,43.44624],[2.01528,43.44648],[2.01438,43.44642],[2.01422,43.44802],[2.01393,43.44882],[2.01358,43.45038],[2.01555,43.45159],[2.01603,43.4521],[2.01727,43.45354],[2.01758,43.45422],[2.02012,43.4577],[2.01778,43.45826],[2.01811,43.45943],[2.01841,43.45971],[2.01829,43.45996],[2.01865,43.4603],[2.01915,43.46113],[2.01982,43.46191],[2.02107,43.4632],[2.0192,43.46381],[2.01931,43.46398],[2.01964,43.46389],[2.01977,43.46441],[2.01877,43.46462],[2.01801,43.46507],[2.01818,43.46545],[2.01843,43.46554],[2.01891,43.46784],[2.0192,43.46792],[2.01859,43.46815],[2.01807,43.46999],[2.01921,43.47135],[2.02027,43.47226],[2.02029,43.4724],[2.02102,43.47319],[2.0202,43.47363],[2.02522,43.47538],[2.02596,43.47602],[2.02653,43.47628],[2.02755,43.47648],[2.02901,43.47663],[2.03364,43.47663],[2.03783,43.47674],[2.03881,43.47683],[2.04063,43.4777],[2.04009,43.47861],[2.03948,43.47922],[2.04038,43.47925],[2.04055,43.47934],[2.04094,43.47976],[2.04214,43.48058],[2.04481,43.48316],[2.0458,43.48373],[2.04685,43.48448],[2.04724,43.48499],[2.04831,43.4855],[2.05209,43.48172],[2.05195,43.48035],[2.05203,43.4802],[2.05307,43.47935],[2.05515,43.47869],[2.05666,43.4771],[2.05739,43.47584],[2.05786,43.47539],[2.05924,43.47439],[2.05949,43.47426],[2.06375,43.47327],[2.06663,43.47198],[2.06664,43.47072],[2.06648,43.47042],[2.06785,43.4698],[2.06872,43.46867],[2.06975,43.46769],[2.07157,43.46683],[2.07519,43.46483],[2.08046,43.46235],[2.08146,43.46305],[2.0819,43.46317],[2.08242,43.46322],[2.08489,43.46317],[2.08622,43.46378],[2.0859,43.46408],[2.08753,43.46442],[2.08704,43.46502],[2.08725,43.46574],[2.08754,43.46834],[2.08783,43.46897],[2.08905,43.47032],[2.08996,43.47088],[2.09063,43.47142],[2.09287,43.47481],[2.09325,43.47507],[2.09359,43.47543],[2.09367,43.47579],[2.09509,43.4762],[2.09628,43.47644],[2.09947,43.47719],[2.09975,43.47732],[2.10273,43.47585],[2.10369,43.47681],[2.10381,43.47686],[2.10355,43.47713],[2.10215,43.47804],[2.10433,43.48028],[2.10229,43.48087],[2.1003,43.48216],[2.09931,43.48222],[2.09862,43.48293],[2.09742,43.4833],[2.09717,43.48385],[2.0963,43.48465],[2.09529,43.48543],[2.09514,43.48546],[2.09506,43.48555],[2.09513,43.4856],[2.09739,43.48721],[2.09935,43.4891],[2.10211,43.49102],[2.10597,43.49402],[2.10655,43.49425],[2.10697,43.49408],[2.10693,43.49386],[2.10769,43.493],[2.10931,43.49154],[2.10983,43.49096],[2.11124,43.48892],[2.11211,43.48797],[2.11258,43.48786],[2.11304,43.48794],[2.11422,43.48807],[2.11433,43.48796],[2.11743,43.48936],[2.11697,43.48981],[2.1189,43.49043],[2.11859,43.49085],[2.12263,43.49386],[2.12455,43.49519],[2.12441,43.49545],[2.1258,43.49606],[2.12595,43.4964],[2.12492,43.49709],[2.12389,43.4986],[2.12377,43.49857],[2.12293,43.49922],[2.1222,43.50019],[2.1227,43.50011],[2.12428,43.50011],[2.12464,43.50056],[2.12471,43.5008],[2.12464,43.50211],[2.12337,43.50381],[2.12252,43.50511],[2.12258,43.50524],[2.12323,43.50573],[2.12271,43.50706],[2.12333,43.50745],[2.12405,43.50823],[2.12385,43.50866],[2.12396,43.50928],[2.12419,43.50943],[2.12423,43.50962],[2.12461,43.51012],[2.12465,43.51044],[2.12505,43.51046],[2.12518,43.51073],[2.12552,43.51099],[2.1256,43.51125],[2.12673,43.51286],[2.12705,43.51348],[2.12732,43.51373],[2.12704,43.51383],[2.12685,43.51409],[2.12666,43.51477],[2.12624,43.51515],[2.12599,43.51566],[2.12552,43.51586],[2.12552,43.51602],[2.12539,43.51612],[2.1251,43.51672],[2.12495,43.51686],[2.12462,43.51689],[2.12455,43.51745],[2.12541,43.51802],[2.12529,43.51823],[2.12533,43.51843],[2.12524,43.51864],[2.12731,43.5187],[2.1291,43.51738],[2.13079,43.51461],[2.13075,43.51448],[2.13092,43.5142],[2.13212,43.51278],[2.13279,43.51165],[2.13461,43.51089],[2.13577,43.51019],[2.13676,43.5108],[2.13669,43.51157],[2.13879,43.51249],[2.13855,43.5128],[2.14287,43.515],[2.14209,43.51633],[2.14145,43.51693],[2.14003,43.519],[2.13804,43.51963],[2.13379,43.52331],[2.13291,43.52418],[2.13131,43.52608],[2.1304,43.52654],[2.13174,43.52789],[2.13222,43.5283],[2.13271,43.528],[2.13337,43.52846],[2.13317,43.52865],[2.13421,43.52934],[2.13406,43.5295],[2.13508,43.52981],[2.13794,43.53005],[2.13869,43.53002],[2.13892,43.53019],[2.13926,43.53002],[2.13962,43.53017],[2.13978,43.53053],[2.14006,43.53181],[2.13963,43.53237],[2.14062,43.53276],[2.14288,43.53508],[2.14304,43.53491],[2.1429,43.5346],[2.14311,43.53434],[2.14446,43.53439],[2.1447,43.53413],[2.14506,43.53241],[2.14554,43.53167],[2.14608,43.5334],[2.14833,43.5327],[2.14872,43.53246],[2.15112,43.53375],[2.15245,43.53431],[2.15343,43.53407],[2.15435,43.5337],[2.1572,43.53233],[2.162,43.52927],[2.16231,43.52982],[2.16253,43.52983],[2.16363,43.53087],[2.16412,43.53112],[2.16438,43.53085],[2.16537,43.53121],[2.16722,43.53158],[2.16814,43.53165],[2.16995,43.5315],[2.17094,43.53165],[2.17144,43.5318],[2.17154,43.53171],[2.17141,43.53147],[2.17169,43.5312],[2.17154,43.53097],[2.17182,43.53085],[2.17212,43.53046],[2.17229,43.53008],[2.17198,43.52994],[2.17233,43.52962],[2.1727,43.52942],[2.1724,43.52928],[2.17246,43.52887],[2.17238,43.52872],[2.17206,43.52867],[2.17201,43.52835],[2.17216,43.52819],[2.17206,43.52791],[2.17222,43.52783],[2.17233,43.52752],[2.17266,43.52737],[2.17267,43.52718],[2.17289,43.52703],[2.17258,43.52665],[2.17248,43.52614],[2.17262,43.52601],[2.17513,43.52729],[2.17653,43.52581],[2.17672,43.52548],[2.17857,43.52372],[2.17927,43.52328],[2.18016,43.52221],[2.18229,43.51969],[2.18091,43.51912],[2.18236,43.51811],[2.18252,43.5174],[2.18236,43.51662],[2.1822,43.51641],[2.18227,43.51602],[2.18351,43.51449],[2.18349,43.51425],[2.18407,43.51352],[2.18374,43.51166],[2.18356,43.51147],[2.18836,43.51217],[2.18879,43.51207],[2.18899,43.51177],[2.19328,43.51208],[2.19374,43.51187],[2.19382,43.51159],[2.19502,43.51121],[2.19719,43.51226],[2.20052,43.51411],[2.20536,43.51105],[2.20558,43.51104],[2.2064,43.51179],[2.20795,43.51131],[2.20871,43.51118],[2.21025,43.51137],[2.21091,43.51159],[2.2104,43.51263],[2.21047,43.51289],[2.21297,43.5185],[2.21286,43.51855],[2.2133,43.51901],[2.21418,43.52034],[2.21441,43.52226],[2.21338,43.52263],[2.21028,43.52443],[2.21017,43.52456],[2.20921,43.52492],[2.20914,43.52514],[2.20864,43.52569],[2.20772,43.52611],[2.20756,43.52635],[2.20697,43.52674],[2.20669,43.52677],[2.20866,43.52864],[2.20878,43.52889],[2.20877,43.52929],[2.20889,43.52943],[2.20979,43.5297],[2.21063,43.5305],[2.2115,43.53109],[2.21274,43.53151],[2.21339,43.53261],[2.21468,43.53332],[2.21543,43.53389],[2.21646,43.53519],[2.21687,43.53599],[2.2178,43.53695],[2.21852,43.53854],[2.21904,43.53911],[2.21953,43.53989],[2.22,43.54036],[2.21958,43.54067],[2.21895,43.54183],[2.2187,43.54197],[2.2186,43.54212],[2.21843,43.54356],[2.21829,43.54379],[2.21863,43.54466],[2.21918,43.5455],[2.2194,43.54631],[2.21961,43.54629],[2.2201,43.54689],[2.2232,43.54567],[2.22331,43.54578],[2.22454,43.54533],[2.22606,43.54623],[2.22889,43.54566],[2.22931,43.5463],[2.23004,43.54621],[2.23336,43.54719],[2.23876,43.5506],[2.23892,43.55105],[2.24007,43.55228],[2.24289,43.5515],[2.24349,43.55153],[2.24353,43.55164],[2.24271,43.55182],[2.24033,43.55282],[2.2398,43.55334],[2.239,43.5536],[2.23875,43.55358],[2.23828,43.5537],[2.23714,43.55413],[2.2358,43.55442],[2.23551,43.55484],[2.23476,43.5553],[2.23234,43.55657],[2.23167,43.55672],[2.23282,43.55884],[2.23218,43.56012],[2.23286,43.56052],[2.23346,43.56123],[2.23458,43.5615],[2.23859,43.56211],[2.23875,43.56214],[2.23892,43.56231],[2.23984,43.56217],[2.23997,43.56224],[2.24048,43.56223],[2.24089,43.56239],[2.24159,43.56249],[2.2421,43.56274],[2.24269,43.56247],[2.24315,43.56239],[2.24401,43.5624],[2.24474,43.56219],[2.24563,43.56149],[2.24675,43.5602],[2.24824,43.55914],[2.2501,43.55739],[2.25111,43.55686],[2.25195,43.55669],[2.25298,43.55673],[2.25653,43.55764],[2.2569,43.55768],[2.25718,43.55763],[2.25798,43.55713],[2.25883,43.55679],[2.25937,43.55667],[2.26002,43.55669],[2.26118,43.55695],[2.26187,43.55771],[2.262,43.55818],[2.26196,43.55842],[2.2618,43.55877],[2.26085,43.55999],[2.25975,43.56197],[2.25916,43.56258],[2.25906,43.56305],[2.2593,43.56371],[2.25964,43.564],[2.2608,43.56415],[2.26144,43.56404],[2.26204,43.56383],[2.2634,43.56293],[2.26439,43.56269],[2.26558,43.56226],[2.26711,43.56145],[2.26802,43.56086],[2.26878,43.56023],[2.26913,43.55968],[2.26941,43.55864],[2.26969,43.55863],[2.26991,43.55871],[2.27008,43.55898],[2.2705,43.5592],[2.27125,43.55934],[2.27186,43.55961],[2.27192,43.55992],[2.27215,43.56006],[2.2728,43.56022],[2.27346,43.56024],[2.2737,43.56006],[2.27411,43.55991],[2.27453,43.55954],[2.27566,43.55895],[2.27891,43.55795],[2.28165,43.55744],[2.28365,43.55648],[2.28424,43.55645],[2.28439,43.55657],[2.28494,43.55663],[2.28655,43.55641],[2.28811,43.55602],[2.28919,43.55662],[2.29034,43.55541],[2.29092,43.55523],[2.29138,43.55203],[2.29155,43.54921],[2.29284,43.54427],[2.2924,43.5421],[2.29208,43.54139],[2.29066,43.54026],[2.29046,43.53998],[2.29053,43.53965],[2.28932,43.53888],[2.28913,43.53861],[2.28836,43.53792],[2.2879,43.53768],[2.28795,43.53736],[2.28779,43.53718],[2.28966,43.53663],[2.29057,43.53658],[2.29122,43.53667],[2.29219,43.53653],[2.29289,43.53621],[2.29367,43.53572],[2.29426,43.53554],[2.29505,43.53498],[2.2955,43.53452],[2.29572,43.53414],[2.29555,43.53366],[2.29524,43.53325],[2.29429,43.53231],[2.2939,43.53176],[2.29296,43.52829],[2.29296,43.52784],[2.29331,43.52744],[2.29381,43.52709],[2.29589,43.52618],[2.2972,43.52492],[2.29846,43.52387],[2.29965,43.52319],[2.29996,43.52256],[2.29996,43.52173],[2.3001,43.52146],[2.30029,43.52129],[2.30067,43.52122],[2.30181,43.52176],[2.30258,43.52199],[2.30504,43.52223],[2.30689,43.52298],[2.30768,43.52321],[2.3061,43.51888],[2.30938,43.51781],[2.31041,43.51963],[2.31099,43.52045],[2.31124,43.52061],[2.31292,43.52124],[2.31309,43.5209],[2.31313,43.52051],[2.31362,43.51968],[2.31407,43.51926],[2.31507,43.51856],[2.3155,43.51841],[2.31592,43.5185],[2.3163,43.51869],[2.31662,43.51908],[2.31681,43.51958],[2.31695,43.51966],[2.31749,43.51966],[2.31949,43.51933],[2.3203,43.51925],[2.32071,43.5193],[2.32151,43.51976],[2.32247,43.52054],[2.32341,43.52105],[2.32483,43.52145],[2.3264,43.52152],[2.32723,43.52158],[2.32773,43.52141],[2.32802,43.51943],[2.32826,43.51907],[2.32899,43.51838],[2.32943,43.51823],[2.33105,43.51823],[2.33193,43.51807],[2.33261,43.51783],[2.33327,43.51732],[2.33359,43.51641],[2.33378,43.51532],[2.3337,43.51492],[2.33295,43.51401],[2.33302,43.51378],[2.33365,43.51362],[2.33456,43.51356],[2.33514,43.51377],[2.33612,43.51442],[2.33837,43.51602],[2.33878,43.51642],[2.33915,43.517],[2.33922,43.51748],[2.33955,43.51761],[2.34037,43.51733],[2.34162,43.51639],[2.34221,43.5163],[2.34459,43.51676],[2.34659,43.51726],[2.34733,43.51713],[2.34863,43.51665],[2.34913,43.51627],[2.34952,43.51578],[2.35017,43.51432],[2.35049,43.51401],[2.35164,43.51344],[2.35296,43.51332],[2.35467,43.51339],[2.3554,43.5135],[2.35625,43.51378],[2.35714,43.51418],[2.3583,43.51447],[2.36056,43.5145],[2.36161,43.51472],[2.36215,43.51501],[2.36246,43.51545],[2.36261,43.51596],[2.36186,43.51673],[2.36175,43.51712],[2.36185,43.51752],[2.36235,43.51779],[2.3633,43.51787],[2.36363,43.51777],[2.3646,43.5172],[2.36527,43.51687],[2.3672,43.51569],[2.36776,43.51542],[2.36812,43.51535],[2.3686,43.51538],[2.37051,43.51596],[2.37183,43.5162],[2.37434,43.51693],[2.37565,43.51809],[2.37632,43.51825],[2.37724,43.51814],[2.37913,43.51753],[2.38087,43.5171],[2.38203,43.5166],[2.3824,43.51647],[2.38317,43.516],[2.38435,43.51507],[2.38494,43.51414],[2.38518,43.51357],[2.38525,43.51264],[2.38513,43.5115],[2.38481,43.51095],[2.38412,43.51035],[2.38375,43.50961],[2.38407,43.50844],[2.3842,43.50826],[2.38413,43.50651],[2.38422,43.50641],[2.38533,43.50592],[2.38566,43.50569],[2.38636,43.50474],[2.38656,43.50407],[2.38668,43.50398],[2.38694,43.50388],[2.38868,43.50371],[2.38903,43.50358],[2.38922,43.50336],[2.38927,43.50311],[2.38916,43.5026],[2.38837,43.50082],[2.38832,43.50014],[2.38841,43.49995],[2.38864,43.49982],[2.38973,43.49945],[2.39052,43.49898],[2.39103,43.49882],[2.39257,43.49878],[2.39461,43.49904],[2.39617,43.49898],[2.39687,43.49883],[2.39712,43.49862],[2.39714,43.49744],[2.39706,43.49718],[2.39718,43.49683],[2.39764,43.49666],[2.39845,43.49653],[2.39951,43.49621],[2.40036,43.49561],[2.4008,43.49487],[2.40185,43.49466],[2.40363,43.4947],[2.40504,43.49503],[2.40576,43.49544],[2.40613,43.49551],[2.40756,43.49343],[2.40864,43.49318],[2.41128,43.49296],[2.41163,43.4929],[2.41213,43.49266],[2.41276,43.49255],[2.41387,43.49262],[2.4168,43.49252],[2.41746,43.49274],[2.41792,43.49341],[2.41798,43.49395],[2.41831,43.4942],[2.41865,43.49425],[2.42571,43.49382],[2.42678,43.49337],[2.42747,43.49248],[2.42905,43.49224],[2.42954,43.49226],[2.43076,43.49256],[2.43175,43.49247],[2.43194,43.49262],[2.43216,43.49266],[2.43331,43.49273],[2.43477,43.49294],[2.43568,43.49296],[2.43716,43.49317],[2.43766,43.49334],[2.43838,43.4938],[2.43868,43.49384],[2.43904,43.49381],[2.4405,43.49327],[2.44365,43.49294],[2.44755,43.49264],[2.44874,43.49239],[2.44992,43.49196],[2.45029,43.49171],[2.45058,43.49162],[2.45096,43.49157],[2.45148,43.49165],[2.45264,43.49135],[2.45331,43.49112],[2.45562,43.48983],[2.45546,43.48954],[2.45499,43.4892],[2.45458,43.48901],[2.45401,43.48896],[2.45396,43.4888],[2.45412,43.48846],[2.45454,43.48811],[2.45505,43.48787],[2.45548,43.48775],[2.45824,43.48739],[2.46082,43.48801],[2.46171,43.48813],[2.4626,43.48782],[2.46288,43.48783],[2.46324,43.48791],[2.46452,43.48878],[2.46508,43.48896],[2.46537,43.48882],[2.4669,43.48768],[2.4669,43.48749],[2.46673,43.48729],[2.46677,43.48699],[2.46696,43.48662],[2.46715,43.48645],[2.46763,43.48609],[2.46865,43.48551],[2.47027,43.48499],[2.47223,43.48469],[2.47395,43.48467],[2.47458,43.48456],[2.4749,43.48472],[2.4755,43.48522],[2.47584,43.48533],[2.47616,43.48535],[2.47842,43.48473],[2.4799,43.48456],[2.48047,43.4846],[2.48202,43.48492],[2.48415,43.48456],[2.48553,43.48379],[2.48683,43.4828],[2.48683,43.48246],[2.48645,43.48189],[2.4864,43.48157],[2.48717,43.48074],[2.48774,43.4796],[2.488,43.47874],[2.48815,43.47863],[2.48884,43.4784],[2.48905,43.47839],[2.49032,43.47869],[2.49207,43.47891],[2.49269,43.47908],[2.4936,43.47908],[2.49383,43.47918],[2.49406,43.47948],[2.49429,43.48017],[2.4947,43.48053],[2.49628,43.4809],[2.49749,43.48099],[2.49821,43.48087],[2.49921,43.48045],[2.49986,43.48031],[2.50007,43.48014],[2.50044,43.47974],[2.50097,43.47879],[2.50094,43.47858],[2.50061,43.47823],[2.50066,43.47796],[2.50124,43.47738],[2.50269,43.47673],[2.50444,43.47652],[2.50584,43.47602],[2.50639,43.47602],[2.50784,43.47625],[2.50838,43.47623],[2.50875,43.4761],[2.50938,43.47549],[2.50979,43.4745],[2.51022,43.4738],[2.51053,43.47362],[2.51122,43.47362],[2.51208,43.47384],[2.51303,43.47424],[2.51361,43.4746],[2.51548,43.47532],[2.51588,43.47539],[2.51764,43.47523],[2.51885,43.47522],[2.5193,43.47518],[2.52033,43.47471],[2.52127,43.47441],[2.52233,43.47443],[2.52321,43.47458],[2.5242,43.47443],[2.52453,43.47366],[2.52455,43.47239],[2.52441,43.47218],[2.52395,43.47192],[2.52381,43.47161],[2.52436,43.47086],[2.52486,43.47064],[2.52554,43.47077],[2.52619,43.47107],[2.52684,43.47158],[2.52727,43.47219],[2.5289,43.47308],[2.52943,43.47319],[2.52963,43.47325],[2.52979,43.47355],[2.52993,43.47433],[2.53036,43.47453],[2.53156,43.47466],[2.53198,43.4744],[2.5323,43.4743],[2.53272,43.47437],[2.53325,43.47434],[2.53387,43.4745],[2.53429,43.4747],[2.53454,43.47471],[2.53707,43.47399],[2.53806,43.47397]]]]},"properties":{"ID":"815","id":"815","NOM_MASSIF":"Montagne Noire","dept":"81"}},{"type":"Feature","id":1,"geometry":{"type":"MultiPolygon","coordinates":[[[[2.38868,43.50371],[2.38694,43.50388],[2.38668,43.50398],[2.38656,43.50407],[2.38636,43.50474],[2.38566,43.50569],[2.38533,43.50592],[2.38422,43.50641],[2.38413,43.50651],[2.3842,43.50826],[2.38407,43.50844],[2.38375,43.50961],[2.38412,43.51035],[2.38481,43.51095],[2.38513,43.5115],[2.38525,43.51264],[2.38518,43.51357],[2.38494,43.51414],[2.38435,43.51507],[2.38317,43.516],[2.3824,43.51647],[2.38203,43.5166],[2.38087,43.5171],[2.37913,43.51753],[2.37724,43.51814],[2.37632,43.51825],[2.37565,43.51809],[2.37434,43.51693],[2.37183,43.5162],[2.37051,43.51596],[2.3686,43.51538],[2.36812,43.51535],[2.36776,43.51542],[2.3672,43.51569],[2.36527,43.51687],[2.3646,43.5172],[2.36363,43.51777],[2.3633,43.51787],[2.36235,43.51779],[2.36185,43.51752],[2.36175,43.51712],[2.36186,43.51673],[2.36261,43.51596],[2.36246,43.51545],[2.36215,43.51501],[2.36161,43.51472],[2.36056,43.5145],[2.3583,43.51447],[2.35714,43.51418],[2.35625,43.51378],[2.3554,43.5135],[2.35467,43.51339],[2.35296,43.51332],[2.35164,43.51344],[2.35049,43.51401],[2.35017,43.51432],[2.34952,43.51578],[2.34913,43.51627],[2.34863,43.51665],[2.34733,43.51713],[2.34659,43.51726],[2.34459,43.51676],[2.34221,43.5163],[2.34162,43.51639],[2.34037,43.51733],[2.33955,43.51761],[2.33922,43.51748],[2.33915,43.517],[2.33878,43.51642],[2.33837,43.51602],[2.33612,43.51442],[2.33514,43.51377],[2.33456,43.51356],[2.33365,43.51362],[2.33302,43.51378],[2.33295,43.51401],[2.3337,43.51492],[2.33378,43.51532],[2.33359,43.51641],[2.33327,43.51732],[2.33261,43.51783],[2.33193,43.51807],[2.33105,43.51823],[2.32943,43.51823],[2.32899,43.51838],[2.32826,43.51907],[2.32802,43.51943],[2.32773,43.52141],[2.32723,43.52158],[2.3264,43.52152],[2.32656,43.52277],[2.32761,43.52342],[2.32849,43.52455],[2.32876,43.52458],[2.32933,43.52494],[2.33121,43.52549],[2.33429,43.52545],[2.33434,43.52565],[2.33483,43.52624],[2.33521,43.52652],[2.33512,43.52677],[2.33646,43.52737],[2.33256,43.52974],[2.3328,43.52989],[2.33548,43.52937],[2.33683,43.52943],[2.3374,43.53002],[2.33828,43.53122],[2.33831,43.5314],[2.33862,43.53156],[2.34034,43.532],[2.34036,43.53236],[2.33774,43.53226],[2.34009,43.53475],[2.33848,43.53607],[2.33761,43.53688],[2.33619,43.53797],[2.33539,43.5384],[2.32824,43.53955],[2.32806,43.53969],[2.3279,43.54028],[2.32782,43.54228],[2.32763,43.54334],[2.3269,43.54407],[2.32651,43.54432],[2.32595,43.54513],[2.32571,43.54555],[2.3253,43.54687],[2.32402,43.54949],[2.32381,43.54987],[2.32332,43.55006],[2.32282,43.55095],[2.32217,43.5518],[2.32194,43.5525],[2.32186,43.55308],[2.32192,43.55324],[2.32221,43.55347],[2.32218,43.55504],[2.32234,43.55538],[2.32288,43.55602],[2.32302,43.55645],[2.32301,43.55685],[2.32171,43.55832],[2.32058,43.55932],[2.32047,43.55954],[2.32039,43.55993],[2.32076,43.56046],[2.32052,43.56198],[2.31938,43.565],[2.31505,43.56997],[2.31563,43.5702],[2.31559,43.57056],[2.31612,43.57055],[2.31658,43.57068],[2.31696,43.57084],[2.31697,43.57103],[2.31709,43.57112],[2.31751,43.57109],[2.31798,43.57133],[2.31833,43.57131],[2.31858,43.57117],[2.31911,43.57029],[2.32018,43.57024],[2.32054,43.57074],[2.32114,43.57083],[2.32182,43.57072],[2.32302,43.57036],[2.32335,43.57013],[2.32376,43.56999],[2.32412,43.56999],[2.32455,43.57015],[2.32494,43.57001],[2.32512,43.57006],[2.32524,43.57045],[2.32539,43.57058],[2.32564,43.57071],[2.32609,43.57076],[2.32653,43.57315],[2.32765,43.57306],[2.33037,43.57674],[2.33053,43.57735],[2.3308,43.57779],[2.32841,43.57896],[2.32757,43.58019],[2.32324,43.58208],[2.32183,43.58201],[2.32161,43.58243],[2.32129,43.58272],[2.32116,43.58295],[2.32116,43.58353],[2.32047,43.58367],[2.32012,43.58418],[2.3195,43.58411],[2.31875,43.58384],[2.31826,43.58399],[2.31761,43.58441],[2.3175,43.58454],[2.31745,43.5854],[2.31764,43.58577],[2.31847,43.58634],[2.31941,43.58662],[2.31973,43.58653],[2.32037,43.58613],[2.32106,43.58592],[2.32161,43.58598],[2.32216,43.58619],[2.32247,43.58618],[2.3239,43.5856],[2.32435,43.58556],[2.32534,43.58533],[2.32596,43.58533],[2.3267,43.58505],[2.32965,43.58535],[2.32962,43.58853],[2.32984,43.58985],[2.32995,43.59003],[2.32999,43.59097],[2.33035,43.59169],[2.33065,43.5928],[2.33157,43.59388],[2.33171,43.59544],[2.33223,43.59884],[2.33255,43.5994],[2.33276,43.60006],[2.33328,43.6053],[2.33308,43.60525],[2.33222,43.60532],[2.32965,43.60593],[2.32918,43.60618],[2.3282,43.60716],[2.32784,43.60739],[2.32491,43.60503],[2.32386,43.60457],[2.32337,43.60418],[2.32315,43.60377],[2.32255,43.60381],[2.32124,43.60434],[2.32045,43.60434],[2.32022,43.60448],[2.31915,43.60456],[2.31837,43.60451],[2.31755,43.6048],[2.31575,43.60504],[2.31626,43.60657],[2.31729,43.60856],[2.31622,43.60873],[2.31505,43.60905],[2.31291,43.61019],[2.31127,43.61079],[2.31034,43.61095],[2.30984,43.61112],[2.30868,43.61172],[2.30676,43.61318],[2.30807,43.61635],[2.30685,43.61685],[2.30439,43.61847],[2.30502,43.61959],[2.30347,43.62018],[2.30273,43.62054],[2.29146,43.62685],[2.29206,43.62823],[2.29183,43.62827],[2.29209,43.62897],[2.29271,43.62971],[2.29241,43.62978],[2.29245,43.62994],[2.29176,43.63039],[2.29108,43.63024],[2.2906,43.63023],[2.29004,43.63028],[2.2893,43.63056],[2.28715,43.63059],[2.28523,43.63074],[2.2802,43.6312],[2.27832,43.63155],[2.27619,43.63137],[2.27555,43.63139],[2.27389,43.63163],[2.27449,43.63229],[2.27535,43.63363],[2.27538,43.63413],[2.27508,43.63475],[2.27485,43.63587],[2.27526,43.63675],[2.27517,43.63826],[2.27527,43.63856],[2.27504,43.63966],[2.27553,43.64102],[2.27554,43.64158],[2.27502,43.64354],[2.27485,43.64408],[2.27435,43.64455],[2.27468,43.64491],[2.2742,43.64547],[2.27379,43.64622],[2.27311,43.64823],[2.27326,43.64895],[2.27378,43.64987],[2.27383,43.65012],[2.27332,43.65156],[2.27375,43.65285],[2.27358,43.65323],[2.2735,43.65387],[2.27324,43.65448],[2.27244,43.65423],[2.27121,43.65426],[2.27033,43.65444],[2.26975,43.65495],[2.26945,43.65575],[2.26923,43.65589],[2.26829,43.65626],[2.26707,43.65659],[2.26595,43.65714],[2.26439,43.65743],[2.26315,43.65784],[2.26213,43.65885],[2.26151,43.65909],[2.26061,43.65926],[2.26032,43.65939],[2.25989,43.66004],[2.25902,43.6605],[2.25846,43.66093],[2.2573,43.66137],[2.2558,43.66155],[2.25519,43.66151],[2.25487,43.66161],[2.25424,43.66146],[2.25091,43.6619],[2.24943,43.6623],[2.24849,43.66266],[2.24822,43.66282],[2.24784,43.66355],[2.2477,43.66362],[2.2473,43.66358],[2.24702,43.66369],[2.24661,43.66393],[2.24582,43.66459],[2.24517,43.66467],[2.24417,43.66503],[2.24301,43.66516],[2.24206,43.66573],[2.24077,43.66623],[2.23959,43.66688],[2.23863,43.66718],[2.23717,43.66801],[2.23667,43.66815],[2.23585,43.66861],[2.23582,43.66908],[2.23552,43.66952],[2.23519,43.66984],[2.23434,43.67036],[2.23458,43.67098],[2.23491,43.67135],[2.23611,43.6713],[2.2383,43.67146],[2.23959,43.67092],[2.23977,43.6709],[2.24472,43.67177],[2.24379,43.67294],[2.24337,43.67369],[2.24751,43.67657],[2.24898,43.67629],[2.24923,43.67602],[2.25014,43.6757],[2.25051,43.67673],[2.25055,43.67719],[2.25047,43.67791],[2.25011,43.67872],[2.24692,43.68239],[2.24548,43.6836],[2.24527,43.68389],[2.24684,43.6853],[2.24696,43.68553],[2.24694,43.68589],[2.24675,43.68631],[2.2456,43.68796],[2.24463,43.68913],[2.24441,43.68963],[2.24419,43.69111],[2.24274,43.69329],[2.24739,43.69756],[2.24895,43.69819],[2.25821,43.70259],[2.25967,43.70144],[2.2611,43.70073],[2.26184,43.6995],[2.26315,43.70008],[2.26505,43.70065],[2.26575,43.70064],[2.26648,43.70051],[2.26806,43.70093],[2.26912,43.70104],[2.26996,43.70125],[2.27121,43.70161],[2.27322,43.70246],[2.27469,43.70291],[2.27559,43.70242],[2.27616,43.70255],[2.27632,43.70241],[2.27627,43.70232],[2.27688,43.70185],[2.2777,43.70226],[2.27838,43.70251],[2.2794,43.7031],[2.27991,43.70251],[2.28246,43.70029],[2.28307,43.69917],[2.28374,43.69839],[2.28407,43.69781],[2.28486,43.69683],[2.28585,43.69471],[2.28588,43.69254],[2.28607,43.692],[2.2864,43.69148],[2.28677,43.69012],[2.2872,43.68936],[2.28814,43.68814],[2.28837,43.68797],[2.28886,43.68768],[2.29033,43.68711],[2.2909,43.68652],[2.29136,43.68552],[2.29218,43.68521],[2.29265,43.68535],[2.29294,43.68438],[2.29309,43.68428],[2.29348,43.68364],[2.29335,43.68355],[2.29271,43.68359],[2.29285,43.68334],[2.29278,43.68311],[2.29396,43.68172],[2.29531,43.68172],[2.29588,43.68277],[2.29635,43.68342],[2.29685,43.68385],[2.29742,43.68417],[2.29801,43.68436],[2.2989,43.68443],[2.2998,43.68434],[2.30098,43.68412],[2.3068,43.68218],[2.30731,43.68212],[2.30834,43.68198],[2.30981,43.68203],[2.31063,43.68217],[2.31198,43.68269],[2.31257,43.68271],[2.31312,43.68263],[2.31377,43.68229],[2.31509,43.68194],[2.31894,43.6805],[2.32155,43.68007],[2.32277,43.67997],[2.32468,43.67999],[2.32648,43.68024],[2.32807,43.68072],[2.32866,43.681],[2.3293,43.68108],[2.33005,43.68103],[2.33224,43.68061],[2.33285,43.67971],[2.33291,43.67934],[2.33226,43.67773],[2.33188,43.67745],[2.33155,43.67737],[2.33119,43.67741],[2.32948,43.67821],[2.32906,43.67828],[2.3284,43.67827],[2.32622,43.67765],[2.32504,43.6771],[2.3247,43.67684],[2.32461,43.67668],[2.32463,43.67638],[2.32515,43.67601],[2.3254,43.67565],[2.32609,43.67533],[2.32654,43.67522],[2.32893,43.67493],[2.32994,43.6749],[2.33218,43.6751],[2.33452,43.67558],[2.33574,43.67599],[2.33658,43.6764],[2.33818,43.67732],[2.34031,43.67895],[2.3409,43.67923],[2.34144,43.67932],[2.34209,43.67919],[2.34292,43.67869],[2.34518,43.67649],[2.34571,43.67553],[2.34633,43.67497],[2.34715,43.67467],[2.3482,43.67448],[2.34885,43.67443],[2.34969,43.67446],[2.3511,43.67423],[2.35142,43.67426],[2.35202,43.67452],[2.35258,43.67502],[2.3527,43.67571],[2.35255,43.67636],[2.35188,43.67713],[2.35048,43.6781],[2.3493,43.67878],[2.34836,43.67902],[2.34816,43.6792],[2.34804,43.67986],[2.34804,43.68036],[2.34815,43.6807],[2.34846,43.68141],[2.34889,43.68201],[2.34919,43.68236],[2.35021,43.68281],[2.35054,43.68279],[2.35093,43.68256],[2.35114,43.68229],[2.35132,43.68182],[2.3523,43.68072],[2.35317,43.68012],[2.35471,43.67951],[2.35586,43.67932],[2.35653,43.67933],[2.35719,43.67944],[2.35862,43.68006],[2.3596,43.68071],[2.36031,43.68083],[2.36138,43.68069],[2.36241,43.6801],[2.36315,43.67988],[2.36367,43.67963],[2.36418,43.67932],[2.36437,43.67913],[2.3646,43.67872],[2.3646,43.67838],[2.36418,43.67788],[2.36358,43.67762],[2.36268,43.67701],[2.36244,43.67666],[2.36243,43.67636],[2.36256,43.67589],[2.36301,43.67542],[2.36342,43.67526],[2.36403,43.67518],[2.36516,43.67528],[2.36545,43.67539],[2.36794,43.67663],[2.36866,43.67721],[2.36948,43.67746],[2.37014,43.67747],[2.37112,43.67721],[2.37237,43.67654],[2.37275,43.67615],[2.37306,43.67601],[2.37374,43.67595],[2.37456,43.67623],[2.37605,43.67717],[2.37657,43.67786],[2.37719,43.67897],[2.37757,43.67934],[2.37829,43.67976],[2.37996,43.68053],[2.38054,43.68091],[2.38148,43.68208],[2.3816,43.68297],[2.38183,43.68331],[2.38229,43.68343],[2.38302,43.68344],[2.38445,43.68309],[2.38521,43.68198],[2.38542,43.68148],[2.38556,43.68055],[2.38633,43.67922],[2.38632,43.67896],[2.3861,43.67872],[2.38609,43.67849],[2.38639,43.67826],[2.38717,43.67827],[2.38848,43.67857],[2.38925,43.679],[2.38991,43.67916],[2.39062,43.6792],[2.39343,43.67906],[2.39417,43.67869],[2.39488,43.6785],[2.39572,43.67851],[2.39622,43.67875],[2.39645,43.67927],[2.39871,43.68075],[2.39933,43.68104],[2.40058,43.68175],[2.40119,43.68183],[2.40177,43.68177],[2.40206,43.68154],[2.4021,43.68127],[2.40174,43.68093],[2.40135,43.68078],[2.40083,43.68072],[2.40067,43.68056],[2.4006,43.67969],[2.40103,43.67924],[2.40142,43.67917],[2.40238,43.67978],[2.40386,43.67929],[2.405,43.67827],[2.40486,43.67774],[2.40477,43.67643],[2.40467,43.67629],[2.40474,43.6754],[2.40487,43.67505],[2.40545,43.67424],[2.40589,43.6734],[2.40645,43.67266],[2.4068,43.67191],[2.40694,43.67124],[2.40679,43.66991],[2.40705,43.66882],[2.40784,43.66857],[2.40947,43.66853],[2.41064,43.66866],[2.41177,43.66847],[2.4131,43.66767],[2.41338,43.66728],[2.41359,43.66662],[2.41399,43.66593],[2.4144,43.66544],[2.41537,43.66514],[2.41583,43.6651],[2.41691,43.6651],[2.41878,43.6652],[2.42045,43.6651],[2.42184,43.66485],[2.42234,43.66465],[2.42337,43.66457],[2.42579,43.66463],[2.42901,43.6644],[2.43056,43.66412],[2.43392,43.6629],[2.43493,43.66278],[2.43622,43.66287],[2.43653,43.66281],[2.43674,43.66263],[2.43678,43.66243],[2.43674,43.66224],[2.43652,43.662],[2.43583,43.66161],[2.43302,43.66053],[2.43205,43.65983],[2.43189,43.65934],[2.43194,43.65888],[2.43215,43.65836],[2.43353,43.65655],[2.43383,43.65582],[2.43578,43.65419],[2.43618,43.65353],[2.43642,43.65334],[2.43709,43.65316],[2.43792,43.65324],[2.43812,43.65343],[2.43838,43.65417],[2.43873,43.65451],[2.43892,43.65466],[2.43984,43.65499],[2.44205,43.65527],[2.44286,43.65499],[2.44318,43.65466],[2.44322,43.65363],[2.44398,43.65201],[2.4452,43.65147],[2.44589,43.65092],[2.4463,43.65037],[2.44647,43.64993],[2.44619,43.64923],[2.44395,43.64808],[2.44311,43.64754],[2.44256,43.64679],[2.4422,43.64585],[2.44219,43.64508],[2.44371,43.64306],[2.44461,43.64215],[2.44538,43.64156],[2.4475,43.64022],[2.44838,43.63947],[2.4492,43.63856],[2.45001,43.63753],[2.45027,43.63645],[2.4502,43.63512],[2.4503,43.63468],[2.45069,43.63405],[2.45101,43.6338],[2.45146,43.63363],[2.4522,43.63344],[2.45285,43.63354],[2.45342,43.63391],[2.45355,43.63416],[2.45362,43.63524],[2.4532,43.63676],[2.4532,43.63804],[2.45385,43.63883],[2.45482,43.63975],[2.45504,43.63984],[2.45594,43.64],[2.45669,43.64004],[2.45723,43.63997],[2.45928,43.63919],[2.45978,43.6391],[2.46113,43.63906],[2.46244,43.63854],[2.46451,43.63785],[2.46487,43.63779],[2.46632,43.63788],[2.46816,43.63764],[2.46925,43.63778],[2.47085,43.63822],[2.47148,43.63831],[2.47327,43.63902],[2.47586,43.63943],[2.47737,43.63987],[2.47867,43.63963],[2.47909,43.63945],[2.48018,43.63924],[2.48101,43.63932],[2.48141,43.6395],[2.48186,43.63914],[2.48202,43.63917],[2.48231,43.639],[2.48226,43.63885],[2.48399,43.63765],[2.48382,43.63646],[2.48409,43.63488],[2.48386,43.6343],[2.48268,43.63284],[2.48245,43.63224],[2.48221,43.6302],[2.48257,43.62856],[2.48255,43.62835],[2.48237,43.62821],[2.48249,43.6281],[2.47907,43.62663],[2.47825,43.62636],[2.47686,43.62633],[2.47551,43.6261],[2.47412,43.62617],[2.47411,43.62607],[2.47448,43.62609],[2.47553,43.62581],[2.47586,43.62581],[2.47608,43.62594],[2.47645,43.626],[2.47685,43.62595],[2.4772,43.62549],[2.47743,43.62475],[2.47732,43.62352],[2.47722,43.62335],[2.4774,43.62302],[2.47846,43.62233],[2.47909,43.62159],[2.47928,43.62154],[2.47929,43.6214],[2.47969,43.62103],[2.47966,43.62094],[2.47982,43.62047],[2.48005,43.6203],[2.47974,43.6197],[2.47972,43.61913],[2.47989,43.61893],[2.4802,43.61875],[2.48048,43.61882],[2.48057,43.61835],[2.4808,43.61797],[2.48063,43.61704],[2.48088,43.61677],[2.48135,43.61644],[2.48174,43.61639],[2.48194,43.61626],[2.48198,43.61608],[2.48179,43.61567],[2.48211,43.61379],[2.48229,43.6135],[2.48214,43.61345],[2.48198,43.61315],[2.48114,43.61256],[2.48031,43.61223],[2.48004,43.61198],[2.48009,43.61116],[2.47992,43.61089],[2.47937,43.61044],[2.4792,43.61002],[2.47921,43.6098],[2.47946,43.60938],[2.47942,43.60922],[2.47926,43.60916],[2.47835,43.6092],[2.47653,43.60828],[2.47596,43.60787],[2.47633,43.60734],[2.47714,43.60647],[2.47822,43.60574],[2.4796,43.6054],[2.48092,43.60494],[2.48118,43.60493],[2.48186,43.60469],[2.48205,43.60452],[2.4828,43.6043],[2.48402,43.60409],[2.48619,43.60384],[2.48704,43.60301],[2.48775,43.60277],[2.48929,43.602],[2.49008,43.60182],[2.49134,43.60218],[2.49197,43.60218],[2.49342,43.60202],[2.4945,43.6018],[2.49557,43.60137],[2.49584,43.6006],[2.49564,43.59926],[2.49586,43.5984],[2.49635,43.5973],[2.49674,43.5968],[2.49736,43.59548],[2.49776,43.59512],[2.49948,43.59435],[2.49993,43.59426],[2.50032,43.594],[2.50748,43.5913],[2.50705,43.59097],[2.50797,43.59054],[2.50826,43.58973],[2.50849,43.58958],[2.50954,43.5891],[2.51047,43.5889],[2.51097,43.5885],[2.51269,43.58789],[2.51332,43.58739],[2.5136,43.58667],[2.5141,43.58455],[2.51406,43.5839],[2.51209,43.58352],[2.50932,43.58326],[2.50605,43.58315],[2.50565,43.5831],[2.50528,43.58288],[2.504,43.58281],[2.50163,43.58246],[2.50137,43.58223],[2.50029,43.58174],[2.49928,43.57983],[2.49865,43.57904],[2.49863,43.57875],[2.49761,43.57753],[2.49729,43.57728],[2.4948,43.57645],[2.4937,43.57631],[2.49291,43.57594],[2.49175,43.57563],[2.49116,43.5757],[2.49076,43.5756],[2.4894,43.57457],[2.48848,43.57414],[2.48773,43.57362],[2.48756,43.57332],[2.48756,43.57263],[2.48459,43.57194],[2.48194,43.57134],[2.48088,43.57098],[2.48025,43.57066],[2.47757,43.57122],[2.47625,43.57171],[2.47604,43.57207],[2.47544,43.57253],[2.47492,43.57321],[2.47377,43.57378],[2.47278,43.57408],[2.47169,43.57473],[2.4702,43.57618],[2.47022,43.57634],[2.4699,43.57684],[2.46973,43.57733],[2.46922,43.57763],[2.46877,43.5781],[2.46858,43.57812],[2.46751,43.57774],[2.46535,43.57733],[2.46149,43.57599],[2.4607,43.57584],[2.45978,43.5758],[2.45596,43.57534],[2.45509,43.57462],[2.45324,43.5724],[2.45293,43.5716],[2.45208,43.57088],[2.4531,43.57078],[2.45319,43.57066],[2.45354,43.56885],[2.45383,43.56838],[2.45413,43.56808],[2.45442,43.56785],[2.45585,43.56717],[2.45646,43.5667],[2.45717,43.56629],[2.45785,43.56545],[2.45777,43.5648],[2.45802,43.56432],[2.45847,43.56401],[2.45903,43.56346],[2.45948,43.56323],[2.46015,43.56249],[2.45949,43.56196],[2.45952,43.56166],[2.45934,43.56139],[2.45929,43.56113],[2.45934,43.56099],[2.46006,43.5604],[2.46001,43.55973],[2.45976,43.55956],[2.46036,43.55873],[2.46054,43.55809],[2.45988,43.55758],[2.46019,43.55725],[2.45998,43.55723],[2.45953,43.55676],[2.45922,43.5567],[2.45828,43.5563],[2.4579,43.55642],[2.45736,43.5562],[2.45711,43.55591],[2.45718,43.5557],[2.45641,43.55534],[2.45628,43.55478],[2.45598,43.55434],[2.45568,43.5541],[2.45611,43.55362],[2.45618,43.55331],[2.45562,43.55261],[2.45578,43.55226],[2.45556,43.55088],[2.45522,43.55064],[2.45518,43.55033],[2.45429,43.54996],[2.45389,43.54955],[2.45391,43.54936],[2.45465,43.54938],[2.45515,43.54892],[2.4565,43.5483],[2.45741,43.54871],[2.4578,43.54898],[2.45881,43.54931],[2.45904,43.54921],[2.45926,43.54891],[2.45968,43.54864],[2.46051,43.54862],[2.46125,43.54869],[2.46346,43.54806],[2.46494,43.54731],[2.46586,43.54674],[2.46632,43.54639],[2.46669,43.54595],[2.46736,43.54553],[2.4676,43.54522],[2.46792,43.54517],[2.46903,43.54466],[2.4694,43.54461],[2.47012,43.54418],[2.47056,43.54411],[2.47189,43.54357],[2.47333,43.54258],[2.47414,43.54185],[2.47461,43.54158],[2.47663,43.54102],[2.4773,43.54098],[2.47781,43.54085],[2.47821,43.54062],[2.47893,43.54056],[2.4803,43.54054],[2.48064,43.5413],[2.48054,43.54153],[2.48038,43.54337],[2.48063,43.54398],[2.48064,43.54435],[2.48115,43.5462],[2.48108,43.54705],[2.48115,43.54758],[2.48401,43.54775],[2.48454,43.54745],[2.48553,43.54707],[2.48659,43.54654],[2.48707,43.5464],[2.48849,43.54623],[2.49568,43.54586],[2.49821,43.5456],[2.49914,43.54542],[2.50225,43.54458],[2.5037,43.54444],[2.50878,43.54286],[2.50976,43.54289],[2.51142,43.54273],[2.51172,43.54285],[2.51239,43.54349],[2.51306,43.54358],[2.51449,43.5426],[2.51573,43.54231],[2.51692,43.54235],[2.51828,43.54209],[2.51853,43.54215],[2.51872,43.54248],[2.51937,43.54262],[2.52036,43.54296],[2.5205,43.54319],[2.52206,43.54319],[2.52291,43.54307],[2.52341,43.54283],[2.52372,43.54203],[2.5256,43.54125],[2.52748,43.53912],[2.52897,43.53697],[2.52903,43.5361],[2.53125,43.53423],[2.53289,43.53325],[2.53342,43.53204],[2.53424,43.5305],[2.53564,43.52872],[2.54015,43.52446],[2.54089,43.52406],[2.54252,43.52345],[2.54498,43.52226],[2.54538,43.52215],[2.54709,43.52194],[2.54876,43.52104],[2.54969,43.52078],[2.55045,43.52074],[2.55162,43.52082],[2.55403,43.52118],[2.55494,43.52152],[2.55511,43.52169],[2.56245,43.5216],[2.56906,43.51984],[2.57056,43.51952],[2.57155,43.51962],[2.57324,43.51958],[2.57432,43.51897],[2.57446,43.51878],[2.5753,43.51829],[2.57719,43.518],[2.57715,43.51785],[2.57865,43.51776],[2.58039,43.51776],[2.58145,43.51813],[2.58199,43.51801],[2.58366,43.51719],[2.58524,43.51669],[2.58721,43.51459],[2.58767,43.51435],[2.59071,43.51416],[2.59246,43.51419],[2.5939,43.514],[2.59535,43.51421],[2.59582,43.51439],[2.59735,43.51476],[2.59811,43.5148],[2.59929,43.51533],[2.60013,43.51507],[2.60266,43.51061],[2.60263,43.50603],[2.59781,43.50291],[2.59775,43.50022],[2.59784,43.49989],[2.5984,43.49912],[2.59841,43.49898],[2.59789,43.49861],[2.59788,43.4984],[2.5975,43.49816],[2.59729,43.49785],[2.59742,43.49719],[2.59758,43.49706],[2.59816,43.49605],[2.59862,43.49561],[2.59872,43.49497],[2.59932,43.49409],[2.59939,43.49362],[2.59996,43.49247],[2.6001,43.49188],[2.60032,43.49159],[2.60043,43.49072],[2.60057,43.4904],[2.6005,43.48984],[2.60088,43.48907],[2.60086,43.48857],[2.60096,43.4883],[2.60079,43.48805],[2.60085,43.48734],[2.60104,43.48709],[2.60129,43.48595],[2.60181,43.48522],[2.60233,43.48425],[2.6024,43.4836],[2.60263,43.48327],[2.6027,43.4828],[2.60294,43.48262],[2.60307,43.48225],[2.60304,43.48206],[2.60322,43.48141],[2.60352,43.48066],[2.60368,43.48047],[2.60371,43.47997],[2.60393,43.47949],[2.60402,43.47901],[2.60438,43.47859],[2.60462,43.47695],[2.60444,43.47593],[2.60452,43.47563],[2.60406,43.47534],[2.60401,43.47518],[2.60419,43.4749],[2.60407,43.47469],[2.60442,43.4745],[2.60451,43.47425],[2.60359,43.47371],[2.6029,43.47352],[2.60229,43.47411],[2.60189,43.47421],[2.60172,43.47413],[2.6014,43.47372],[2.60081,43.47337],[2.59975,43.4731],[2.59822,43.47301],[2.59724,43.47269],[2.59602,43.47157],[2.59465,43.47092],[2.59319,43.47049],[2.59269,43.47016],[2.5906,43.46914],[2.58953,43.46848],[2.58855,43.46758],[2.58817,43.46741],[2.58759,43.46759],[2.58652,43.46826],[2.58506,43.47024],[2.58443,43.47037],[2.58388,43.47074],[2.58273,43.47096],[2.57807,43.47122],[2.57732,43.47113],[2.57709,43.47065],[2.57589,43.47023],[2.57514,43.46982],[2.5748,43.46975],[2.57456,43.46993],[2.57411,43.4705],[2.57397,43.4714],[2.5735,43.47172],[2.57303,43.47184],[2.57179,43.47167],[2.5692,43.47155],[2.5687,43.47138],[2.5682,43.47134],[2.56706,43.47059],[2.56654,43.4705],[2.56624,43.47037],[2.56574,43.47034],[2.56471,43.47046],[2.56457,43.47131],[2.56412,43.47234],[2.56389,43.47249],[2.56363,43.47252],[2.56295,43.47296],[2.56195,43.47286],[2.56084,43.47292],[2.56034,43.47309],[2.55946,43.47358],[2.55855,43.47381],[2.55778,43.47352],[2.55731,43.47352],[2.55685,43.4734],[2.5567,43.47349],[2.55627,43.47425],[2.55549,43.47478],[2.55499,43.47523],[2.55472,43.47524],[2.55357,43.47488],[2.55129,43.47503],[2.55067,43.47523],[2.55018,43.47582],[2.54936,43.47618],[2.54918,43.47608],[2.54783,43.47433],[2.547,43.4736],[2.54646,43.47288],[2.5455,43.47204],[2.54436,43.47135],[2.54399,43.47173],[2.54269,43.47161],[2.54192,43.47178],[2.54156,43.472],[2.54118,43.47252],[2.5399,43.47322],[2.53846,43.47389],[2.53806,43.47397],[2.53707,43.47399],[2.53454,43.47471],[2.53429,43.4747],[2.53387,43.4745],[2.53325,43.47434],[2.53272,43.47437],[2.5323,43.4743],[2.53198,43.4744],[2.53156,43.47466],[2.53036,43.47453],[2.52993,43.47433],[2.52979,43.47355],[2.52963,43.47325],[2.52943,43.47319],[2.5289,43.47308],[2.52727,43.47219],[2.52684,43.47158],[2.52619,43.47107],[2.52554,43.47077],[2.52486,43.47064],[2.52436,43.47086],[2.52381,43.47161],[2.52395,43.47192],[2.52441,43.47218],[2.52455,43.47239],[2.52453,43.47366],[2.5242,43.47443],[2.52321,43.47458],[2.52233,43.47443],[2.52127,43.47441],[2.52033,43.47471],[2.5193,43.47518],[2.51885,43.47522],[2.51764,43.47523],[2.51588,43.47539],[2.51548,43.47532],[2.51361,43.4746],[2.51303,43.47424],[2.51208,43.47384],[2.51122,43.47362],[2.51053,43.47362],[2.51022,43.4738],[2.50979,43.4745],[2.50938,43.47549],[2.50875,43.4761],[2.50838,43.47623],[2.50784,43.47625],[2.50639,43.47602],[2.50584,43.47602],[2.50444,43.47652],[2.50269,43.47673],[2.50124,43.47738],[2.50066,43.47796],[2.50061,43.47823],[2.50094,43.47858],[2.50097,43.47879],[2.50044,43.47974],[2.50007,43.48014],[2.49986,43.48031],[2.49921,43.48045],[2.49821,43.48087],[2.49749,43.48099],[2.49628,43.4809],[2.4947,43.48053],[2.49429,43.48017],[2.49406,43.47948],[2.49383,43.47918],[2.4936,43.47908],[2.49269,43.47908],[2.49207,43.47891],[2.49032,43.47869],[2.48905,43.47839],[2.48884,43.4784],[2.48815,43.47863],[2.488,43.47874],[2.48774,43.4796],[2.48717,43.48074],[2.4864,43.48157],[2.48645,43.48189],[2.48683,43.48246],[2.48683,43.4828],[2.48553,43.48379],[2.48415,43.48456],[2.48202,43.48492],[2.48047,43.4846],[2.4799,43.48456],[2.47842,43.48473],[2.47616,43.48535],[2.47584,43.48533],[2.4755,43.48522],[2.4749,43.48472],[2.47458,43.48456],[2.47395,43.48467],[2.47223,43.48469],[2.47027,43.48499],[2.46865,43.48551],[2.46763,43.48609],[2.46715,43.48645],[2.46696,43.48662],[2.46677,43.48699],[2.46673,43.48729],[2.4669,43.48749],[2.4669,43.48768],[2.46537,43.48882],[2.46508,43.48896],[2.46452,43.48878],[2.46324,43.48791],[2.46288,43.48783],[2.4626,43.48782],[2.46171,43.48813],[2.46082,43.48801],[2.45824,43.48739],[2.45548,43.48775],[2.45505,43.48787],[2.45454,43.48811],[2.45412,43.48846],[2.45396,43.4888],[2.45401,43.48896],[2.45458,43.48901],[2.45499,43.4892],[2.45546,43.48954],[2.45562,43.48983],[2.45331,43.49112],[2.45264,43.49135],[2.45148,43.49165],[2.45096,43.49157],[2.45058,43.49162],[2.45029,43.49171],[2.44992,43.49196],[2.44874,43.49239],[2.44755,43.49264],[2.44365,43.49294],[2.4405,43.49327],[2.43904,43.49381],[2.43868,43.49384],[2.43838,43.4938],[2.43766,43.49334],[2.43716,43.49317],[2.43568,43.49296],[2.43477,43.49294],[2.43331,43.49273],[2.43216,43.49266],[2.43194,43.49262],[2.43175,43.49247],[2.43076,43.49256],[2.42954,43.49226],[2.42905,43.49224],[2.42747,43.49248],[2.42678,43.49337],[2.42571,43.49382],[2.41865,43.49425],[2.41831,43.4942],[2.41798,43.49395],[2.41792,43.49341],[2.41746,43.49274],[2.4168,43.49252],[2.41387,43.49262],[2.41276,43.49255],[2.41213,43.49266],[2.41163,43.4929],[2.41128,43.49296],[2.40864,43.49318],[2.40756,43.49343],[2.40613,43.49551],[2.40576,43.49544],[2.40504,43.49503],[2.40363,43.4947],[2.40185,43.49466],[2.4008,43.49487],[2.40036,43.49561],[2.39951,43.49621],[2.39845,43.49653],[2.39764,43.49666],[2.39718,43.49683],[2.39706,43.49718],[2.39714,43.49744],[2.39712,43.49862],[2.39687,43.49883],[2.39617,43.49898],[2.39461,43.49904],[2.39257,43.49878],[2.39103,43.49882],[2.39052,43.49898],[2.38973,43.49945],[2.38864,43.49982],[2.38841,43.49995],[2.38832,43.50014],[2.38837,43.50082],[2.38916,43.5026],[2.38927,43.50311],[2.38922,43.50336],[2.38903,43.50358],[2.38868,43.50371]]]]},"properties":{"ID":"814","id":"814","NOM_MASSIF":"Sidobre Vall\u00e9e du Thor\u00e9","dept":"81"}},{"type":"Feature","id":2,"geometry":{"type":"MultiPolygon","coordinates":[[[[2.63099,43.58306],[2.63094,43.58252],[2.63072,43.58208],[2.63043,43.58196],[2.6297,43.58188],[2.6297,43.58172],[2.62993,43.58154],[2.63003,43.58122],[2.62979,43.58088],[2.62975,43.58062],[2.6295,43.58046],[2.62938,43.58017],[2.62882,43.58],[2.62854,43.57954],[2.6281,43.5795],[2.62771,43.57961],[2.62751,43.57951],[2.62737,43.57924],[2.62747,43.57872],[2.62719,43.57811],[2.62726,43.57798],[2.62709,43.5778],[2.62699,43.57752],[2.62705,43.57732],[2.62689,43.57715],[2.62638,43.57704],[2.62541,43.57709],[2.62514,43.577],[2.62488,43.57675],[2.62457,43.57672],[2.62443,43.57641],[2.62394,43.57597],[2.62314,43.57585],[2.62291,43.5757],[2.62291,43.57518],[2.6228,43.57494],[2.62261,43.57477],[2.6223,43.5747],[2.62216,43.57443],[2.62215,43.57412],[2.62253,43.57386],[2.62238,43.5735],[2.6219,43.57298],[2.62183,43.57259],[2.62192,43.57242],[2.62189,43.57206],[2.62174,43.57175],[2.62148,43.57149],[2.62065,43.57106],[2.62027,43.57063],[2.61927,43.57025],[2.6188,43.56994],[2.61825,43.56939],[2.61833,43.56914],[2.61813,43.56907],[2.61779,43.56847],[2.61765,43.56846],[2.61734,43.56817],[2.61728,43.56784],[2.61695,43.56772],[2.61573,43.56667],[2.61662,43.56558],[2.6194,43.56209],[2.62303,43.55922],[2.62385,43.55895],[2.62469,43.55854],[2.62529,43.55813],[2.62639,43.55763],[2.62673,43.55734],[2.62707,43.55676],[2.62731,43.55237],[2.63047,43.54852],[2.6337,43.54696],[2.63817,43.54425],[2.6443,43.53726],[2.64605,43.53584],[2.64614,43.53579],[2.64622,43.53585],[2.64647,43.53585],[2.64686,43.53568],[2.64756,43.53551],[2.648,43.53517],[2.64833,43.53506],[2.64926,43.53489],[2.64959,43.53493],[2.64985,43.53509],[2.64995,43.53503],[2.65008,43.53442],[2.65092,43.53371],[2.65132,43.53315],[2.65118,43.53264],[2.6513,43.53228],[2.65147,43.53214],[2.65188,43.5314],[2.65277,43.53044],[2.65369,43.52996],[2.65364,43.52981],[2.65324,43.52942],[2.65304,43.52882],[2.65317,43.52866],[2.6534,43.52858],[2.65405,43.52798],[2.6547,43.52702],[2.65542,43.52653],[2.65587,43.52642],[2.65621,43.52644],[2.65664,43.52669],[2.65683,43.5267],[2.65833,43.52592],[2.65943,43.52559],[2.66004,43.52561],[2.66033,43.52575],[2.66093,43.52575],[2.6611,43.52581],[2.66117,43.52512],[2.66135,43.52485],[2.66211,43.52473],[2.66309,43.52434],[2.66353,43.52437],[2.66408,43.52423],[2.66409,43.52407],[2.66436,43.52407],[2.66498,43.5238],[2.66853,43.52178],[2.67093,43.51908],[2.6718,43.51778],[2.67238,43.51733],[2.67312,43.51656],[2.67474,43.51527],[2.67552,43.51415],[2.67639,43.51353],[2.67642,43.51343],[2.67347,43.51325],[2.67168,43.51349],[2.67113,43.51388],[2.66921,43.51483],[2.66764,43.51543],[2.66565,43.51571],[2.6639,43.51635],[2.66368,43.51634],[2.66323,43.51613],[2.66302,43.51613],[2.66101,43.51667],[2.65844,43.517],[2.65709,43.51728],[2.65665,43.51746],[2.65557,43.51811],[2.65476,43.51881],[2.65367,43.51865],[2.65246,43.5191],[2.65163,43.5193],[2.65074,43.51938],[2.65023,43.51935],[2.64939,43.51908],[2.64896,43.51884],[2.6423,43.51734],[2.64211,43.51727],[2.642,43.517],[2.64179,43.51684],[2.63876,43.51583],[2.638,43.51549],[2.63715,43.51561],[2.63702,43.51504],[2.63589,43.514],[2.63531,43.51348],[2.63307,43.5119],[2.62839,43.50905],[2.62729,43.50912],[2.6267,43.50905],[2.62289,43.50692],[2.6204,43.50671],[2.61656,43.50687],[2.61443,43.50666],[2.61102,43.50739],[2.61033,43.50762],[2.60981,43.50718],[2.60886,43.50573],[2.60789,43.505],[2.60811,43.50446],[2.60794,43.50395],[2.60803,43.50344],[2.60853,43.50275],[2.60893,43.5027],[2.60907,43.50248],[2.60935,43.50238],[2.60959,43.5021],[2.60965,43.50186],[2.61006,43.50138],[2.61064,43.5011],[2.61088,43.50086],[2.61091,43.50019],[2.6115,43.49946],[2.61153,43.49931],[2.61141,43.49912],[2.61155,43.49847],[2.61137,43.49772],[2.61167,43.49744],[2.61182,43.49711],[2.61127,43.49585],[2.61131,43.49528],[2.61155,43.49508],[2.61158,43.49493],[2.61139,43.49444],[2.61138,43.49417],[2.61145,43.49368],[2.61177,43.4931],[2.61185,43.49261],[2.61206,43.49219],[2.61223,43.49205],[2.61275,43.49186],[2.61375,43.49188],[2.61411,43.49169],[2.6148,43.49158],[2.61563,43.49164],[2.61591,43.49133],[2.61586,43.49114],[2.6161,43.49055],[2.61663,43.4899],[2.61677,43.48957],[2.61676,43.48888],[2.61708,43.48847],[2.61685,43.48789],[2.617,43.48726],[2.61711,43.48714],[2.61708,43.48607],[2.61719,43.48574],[2.6169,43.48481],[2.61696,43.48411],[2.6172,43.48356],[2.61703,43.48273],[2.61736,43.48217],[2.61747,43.48143],[2.61701,43.4803],[2.61711,43.48],[2.61734,43.4797],[2.61675,43.47894],[2.61701,43.47862],[2.61729,43.47791],[2.61725,43.4775],[2.61707,43.47708],[2.61684,43.47692],[2.61681,43.47671],[2.61733,43.47545],[2.61819,43.47476],[2.61813,43.47444],[2.61778,43.4739],[2.61523,43.47384],[2.6145,43.47371],[2.6136,43.47321],[2.61323,43.47312],[2.61254,43.4728],[2.61227,43.4725],[2.61184,43.4722],[2.61042,43.47151],[2.60982,43.47106],[2.60918,43.47039],[2.60894,43.46986],[2.60874,43.46969],[2.60722,43.46933],[2.60581,43.46936],[2.60454,43.46975],[2.60436,43.46989],[2.60453,43.47044],[2.60536,43.47147],[2.6054,43.47161],[2.60531,43.47177],[2.60449,43.47246],[2.60384,43.47264],[2.6034,43.47292],[2.60303,43.47328],[2.6029,43.47352],[2.60359,43.47371],[2.60451,43.47425],[2.60442,43.4745],[2.60407,43.47469],[2.60419,43.4749],[2.60401,43.47518],[2.60406,43.47534],[2.60452,43.47563],[2.60444,43.47593],[2.60462,43.47695],[2.60438,43.47859],[2.60402,43.47901],[2.60393,43.47949],[2.60371,43.47997],[2.60368,43.48047],[2.60352,43.48066],[2.60322,43.48141],[2.60304,43.48206],[2.60307,43.48225],[2.60294,43.48262],[2.6027,43.4828],[2.60263,43.48327],[2.6024,43.4836],[2.60233,43.48425],[2.60181,43.48522],[2.60129,43.48595],[2.60104,43.48709],[2.60085,43.48734],[2.60079,43.48805],[2.60096,43.4883],[2.60086,43.48857],[2.60088,43.48907],[2.6005,43.48984],[2.60057,43.4904],[2.60043,43.49072],[2.60032,43.49159],[2.6001,43.49188],[2.59996,43.49247],[2.59939,43.49362],[2.59932,43.49409],[2.59872,43.49497],[2.59862,43.49561],[2.59816,43.49605],[2.59758,43.49706],[2.59742,43.49719],[2.59729,43.49785],[2.5975,43.49816],[2.59788,43.4984],[2.59789,43.49861],[2.59841,43.49898],[2.5984,43.49912],[2.59784,43.49989],[2.59775,43.50022],[2.59781,43.50291],[2.60263,43.50603],[2.60266,43.51061],[2.60013,43.51507],[2.59929,43.51533],[2.59811,43.5148],[2.59735,43.51476],[2.59582,43.51439],[2.59535,43.51421],[2.5939,43.514],[2.59246,43.51419],[2.59071,43.51416],[2.58767,43.51435],[2.58721,43.51459],[2.58524,43.51669],[2.58366,43.51719],[2.58199,43.51801],[2.58145,43.51813],[2.58039,43.51776],[2.57865,43.51776],[2.57715,43.51785],[2.57719,43.518],[2.5753,43.51829],[2.57446,43.51878],[2.57432,43.51897],[2.57324,43.51958],[2.57155,43.51962],[2.57056,43.51952],[2.56906,43.51984],[2.56245,43.5216],[2.55511,43.52169],[2.55494,43.52152],[2.55403,43.52118],[2.55162,43.52082],[2.55045,43.52074],[2.54969,43.52078],[2.54876,43.52104],[2.54709,43.52194],[2.54538,43.52215],[2.54498,43.52226],[2.54252,43.52345],[2.54089,43.52406],[2.54015,43.52446],[2.53564,43.52872],[2.53424,43.5305],[2.53342,43.53204],[2.53289,43.53325],[2.53125,43.53423],[2.52903,43.5361],[2.52897,43.53697],[2.52748,43.53912],[2.5256,43.54125],[2.52372,43.54203],[2.52341,43.54283],[2.52291,43.54307],[2.52206,43.54319],[2.5205,43.54319],[2.52036,43.54296],[2.51937,43.54262],[2.51872,43.54248],[2.51853,43.54215],[2.51828,43.54209],[2.51692,43.54235],[2.51573,43.54231],[2.51449,43.5426],[2.51306,43.54358],[2.51239,43.54349],[2.51172,43.54285],[2.51142,43.54273],[2.50976,43.54289],[2.50878,43.54286],[2.5037,43.54444],[2.50225,43.54458],[2.49914,43.54542],[2.49821,43.5456],[2.49568,43.54586],[2.48849,43.54623],[2.48707,43.5464],[2.48659,43.54654],[2.48553,43.54707],[2.48454,43.54745],[2.48401,43.54775],[2.48115,43.54758],[2.48108,43.54705],[2.48115,43.5462],[2.48064,43.54435],[2.48063,43.54398],[2.48038,43.54337],[2.48054,43.54153],[2.48064,43.5413],[2.4803,43.54054],[2.47893,43.54056],[2.47821,43.54062],[2.47781,43.54085],[2.4773,43.54098],[2.47663,43.54102],[2.47461,43.54158],[2.47414,43.54185],[2.47333,43.54258],[2.47189,43.54357],[2.47056,43.54411],[2.47012,43.54418],[2.4694,43.54461],[2.46903,43.54466],[2.46792,43.54517],[2.4676,43.54522],[2.46736,43.54553],[2.46669,43.54595],[2.46632,43.54639],[2.46586,43.54674],[2.46494,43.54731],[2.46346,43.54806],[2.46125,43.54869],[2.46051,43.54862],[2.45968,43.54864],[2.45926,43.54891],[2.45904,43.54921],[2.45881,43.54931],[2.4578,43.54898],[2.45741,43.54871],[2.4565,43.5483],[2.45515,43.54892],[2.45465,43.54938],[2.45391,43.54936],[2.45389,43.54955],[2.45429,43.54996],[2.45518,43.55033],[2.45522,43.55064],[2.45556,43.55088],[2.45578,43.55226],[2.45562,43.55261],[2.45618,43.55331],[2.45611,43.55362],[2.45568,43.5541],[2.45598,43.55434],[2.45628,43.55478],[2.45641,43.55534],[2.45718,43.5557],[2.45711,43.55591],[2.45736,43.5562],[2.4579,43.55642],[2.45828,43.5563],[2.45922,43.5567],[2.45953,43.55676],[2.45998,43.55723],[2.46019,43.55725],[2.45988,43.55758],[2.46054,43.55809],[2.46036,43.55873],[2.45976,43.55956],[2.46001,43.55973],[2.46006,43.5604],[2.45934,43.56099],[2.45929,43.56113],[2.45934,43.56139],[2.45952,43.56166],[2.45949,43.56196],[2.46015,43.56249],[2.45948,43.56323],[2.45903,43.56346],[2.45847,43.56401],[2.45802,43.56432],[2.45777,43.5648],[2.45785,43.56545],[2.45717,43.56629],[2.45646,43.5667],[2.45585,43.56717],[2.45442,43.56785],[2.45413,43.56808],[2.45383,43.56838],[2.45354,43.56885],[2.45319,43.57066],[2.4531,43.57078],[2.45208,43.57088],[2.45293,43.5716],[2.45324,43.5724],[2.45509,43.57462],[2.45596,43.57534],[2.45978,43.5758],[2.4607,43.57584],[2.46149,43.57599],[2.46535,43.57733],[2.46751,43.57774],[2.46858,43.57812],[2.46877,43.5781],[2.46922,43.57763],[2.46973,43.57733],[2.4699,43.57684],[2.47022,43.57634],[2.4702,43.57618],[2.47169,43.57473],[2.47278,43.57408],[2.47377,43.57378],[2.47492,43.57321],[2.47544,43.57253],[2.47604,43.57207],[2.47625,43.57171],[2.47757,43.57122],[2.48025,43.57066],[2.48088,43.57098],[2.48194,43.57134],[2.48459,43.57194],[2.48756,43.57263],[2.48756,43.57332],[2.48773,43.57362],[2.48848,43.57414],[2.4894,43.57457],[2.49076,43.5756],[2.49116,43.5757],[2.49175,43.57563],[2.49291,43.57594],[2.4937,43.57631],[2.4948,43.57645],[2.49729,43.57728],[2.49761,43.57753],[2.49863,43.57875],[2.49865,43.57904],[2.49928,43.57983],[2.50029,43.58174],[2.50137,43.58223],[2.50163,43.58246],[2.504,43.58281],[2.50528,43.58288],[2.50565,43.5831],[2.50605,43.58315],[2.50932,43.58326],[2.51209,43.58352],[2.51406,43.5839],[2.5141,43.58455],[2.5136,43.58667],[2.51332,43.58739],[2.51269,43.58789],[2.51097,43.5885],[2.51047,43.5889],[2.50954,43.5891],[2.50849,43.58958],[2.50826,43.58973],[2.50797,43.59054],[2.50705,43.59097],[2.50748,43.5913],[2.50032,43.594],[2.49993,43.59426],[2.49948,43.59435],[2.49776,43.59512],[2.49736,43.59548],[2.49674,43.5968],[2.49635,43.5973],[2.49586,43.5984],[2.49564,43.59926],[2.49584,43.6006],[2.49557,43.60137],[2.4945,43.6018],[2.49342,43.60202],[2.49197,43.60218],[2.49134,43.60218],[2.49008,43.60182],[2.48929,43.602],[2.48775,43.60277],[2.48704,43.60301],[2.48619,43.60384],[2.48402,43.60409],[2.4828,43.6043],[2.48205,43.60452],[2.48186,43.60469],[2.48118,43.60493],[2.48092,43.60494],[2.4796,43.6054],[2.47822,43.60574],[2.47714,43.60647],[2.47633,43.60734],[2.47596,43.60787],[2.47653,43.60828],[2.47835,43.6092],[2.47926,43.60916],[2.47942,43.60922],[2.47946,43.60938],[2.47921,43.6098],[2.4792,43.61002],[2.47937,43.61044],[2.47992,43.61089],[2.48009,43.61116],[2.48004,43.61198],[2.48031,43.61223],[2.48114,43.61256],[2.48198,43.61315],[2.48214,43.61345],[2.48229,43.6135],[2.48211,43.61379],[2.48179,43.61567],[2.48198,43.61608],[2.48194,43.61626],[2.48174,43.61639],[2.48135,43.61644],[2.48088,43.61677],[2.48063,43.61704],[2.4808,43.61797],[2.48057,43.61835],[2.48048,43.61882],[2.4802,43.61875],[2.47989,43.61893],[2.47972,43.61913],[2.47974,43.6197],[2.48005,43.6203],[2.47982,43.62047],[2.47966,43.62094],[2.47969,43.62103],[2.47929,43.6214],[2.47928,43.62154],[2.47909,43.62159],[2.47846,43.62233],[2.4774,43.62302],[2.47722,43.62335],[2.47732,43.62352],[2.47743,43.62475],[2.4772,43.62549],[2.47685,43.62595],[2.47645,43.626],[2.47608,43.62594],[2.47586,43.62581],[2.47553,43.62581],[2.47448,43.62609],[2.47411,43.62607],[2.47412,43.62617],[2.47551,43.6261],[2.47686,43.62633],[2.47825,43.62636],[2.47907,43.62663],[2.48249,43.6281],[2.48237,43.62821],[2.48255,43.62835],[2.48257,43.62856],[2.48221,43.6302],[2.48245,43.63224],[2.48268,43.63284],[2.48386,43.6343],[2.48409,43.63488],[2.48382,43.63646],[2.48399,43.63765],[2.48226,43.63885],[2.48231,43.639],[2.48202,43.63917],[2.48186,43.63914],[2.48141,43.6395],[2.48101,43.63932],[2.48018,43.63924],[2.47909,43.63945],[2.47867,43.63963],[2.47737,43.63987],[2.47586,43.63943],[2.47327,43.63902],[2.47148,43.63831],[2.47085,43.63822],[2.46925,43.63778],[2.46816,43.63764],[2.46632,43.63788],[2.46487,43.63779],[2.46451,43.63785],[2.46244,43.63854],[2.46113,43.63906],[2.45978,43.6391],[2.45928,43.63919],[2.45723,43.63997],[2.45669,43.64004],[2.45594,43.64],[2.45504,43.63984],[2.45482,43.63975],[2.45385,43.63883],[2.4532,43.63804],[2.4532,43.63676],[2.45362,43.63524],[2.45355,43.63416],[2.45342,43.63391],[2.45285,43.63354],[2.4522,43.63344],[2.45146,43.63363],[2.45101,43.6338],[2.45069,43.63405],[2.4503,43.63468],[2.4502,43.63512],[2.45027,43.63645],[2.45001,43.63753],[2.4492,43.63856],[2.44838,43.63947],[2.4475,43.64022],[2.44538,43.64156],[2.44461,43.64215],[2.44371,43.64306],[2.44219,43.64508],[2.4422,43.64585],[2.44256,43.64679],[2.44311,43.64754],[2.44395,43.64808],[2.44619,43.64923],[2.44647,43.64993],[2.4463,43.65037],[2.44589,43.65092],[2.4452,43.65147],[2.44398,43.65201],[2.44322,43.65363],[2.44318,43.65466],[2.44286,43.65499],[2.44205,43.65527],[2.43984,43.65499],[2.43892,43.65466],[2.43873,43.65451],[2.43838,43.65417],[2.43812,43.65343],[2.43792,43.65324],[2.43709,43.65316],[2.43642,43.65334],[2.43618,43.65353],[2.43578,43.65419],[2.43383,43.65582],[2.43353,43.65655],[2.43215,43.65836],[2.43194,43.65888],[2.43189,43.65934],[2.43205,43.65983],[2.43302,43.66053],[2.43583,43.66161],[2.43652,43.662],[2.43674,43.66224],[2.43678,43.66243],[2.43674,43.66263],[2.43653,43.66281],[2.43622,43.66287],[2.43493,43.66278],[2.43392,43.6629],[2.43056,43.66412],[2.42901,43.6644],[2.42579,43.66463],[2.42337,43.66457],[2.42234,43.66465],[2.42184,43.66485],[2.42045,43.6651],[2.41878,43.6652],[2.41691,43.6651],[2.41782,43.66642],[2.41737,43.6667],[2.4171,43.66726],[2.41702,43.66749],[2.41712,43.66756],[2.417,43.66776],[2.41718,43.66837],[2.4183,43.66883],[2.42068,43.66856],[2.4231,43.66975],[2.41875,43.67196],[2.41843,43.67241],[2.41982,43.67398],[2.42191,43.67374],[2.42287,43.67341],[2.42294,43.67307],[2.42346,43.67317],[2.42421,43.67368],[2.42448,43.67367],[2.42275,43.6778],[2.4229,43.67801],[2.42304,43.67791],[2.42367,43.67788],[2.42398,43.67761],[2.42486,43.67717],[2.42649,43.67706],[2.42724,43.6769],[2.42807,43.67663],[2.42837,43.67671],[2.42883,43.6766],[2.43103,43.67558],[2.43207,43.67521],[2.43226,43.67517],[2.43301,43.67532],[2.43504,43.68274],[2.43969,43.68205],[2.43976,43.68257],[2.43953,43.68317],[2.43952,43.6837],[2.43929,43.68471],[2.43951,43.6847],[2.43968,43.68489],[2.44119,43.68517],[2.44188,43.6849],[2.44721,43.68766],[2.44724,43.68841],[2.44838,43.69109],[2.44815,43.69127],[2.45032,43.69042],[2.45225,43.68891],[2.45366,43.68829],[2.45427,43.68836],[2.45501,43.6887],[2.45541,43.6888],[2.45645,43.68945],[2.45674,43.68966],[2.45696,43.68971],[2.45755,43.68968],[2.45806,43.68951],[2.45851,43.68964],[2.45887,43.68953],[2.45945,43.68963],[2.45975,43.68981],[2.46001,43.69011],[2.46033,43.69015],[2.46058,43.69028],[2.46097,43.69028],[2.46127,43.69045],[2.46128,43.6909],[2.46139,43.69114],[2.46032,43.69242],[2.4605,43.693],[2.46029,43.6929],[2.46014,43.69293],[2.45924,43.69385],[2.45904,43.69431],[2.4588,43.69455],[2.4577,43.69534],[2.4574,43.69569],[2.45721,43.69615],[2.45711,43.69708],[2.45615,43.69901],[2.45605,43.69973],[2.45651,43.70023],[2.45724,43.70073],[2.4574,43.70094],[2.45759,43.70082],[2.45808,43.70074],[2.4589,43.7008],[2.45966,43.70101],[2.4597,43.70129],[2.45925,43.70184],[2.45918,43.70233],[2.4589,43.7024],[2.45871,43.70256],[2.45876,43.70271],[2.45905,43.70294],[2.45963,43.70292],[2.45981,43.70282],[2.46006,43.70251],[2.46036,43.70249],[2.46082,43.703],[2.46107,43.70354],[2.46171,43.70359],[2.46213,43.7033],[2.46238,43.70326],[2.46268,43.70333],[2.46293,43.70348],[2.46313,43.70395],[2.4636,43.70442],[2.46396,43.70456],[2.46457,43.70456],[2.46734,43.70326],[2.46772,43.70327],[2.46829,43.70352],[2.46911,43.70354],[2.47095,43.70297],[2.47131,43.703],[2.47293,43.70382],[2.47347,43.70402],[2.47441,43.70403],[2.47562,43.70392],[2.47783,43.70356],[2.47825,43.7037],[2.47894,43.70411],[2.4795,43.7042],[2.48057,43.70389],[2.48093,43.70358],[2.48136,43.70346],[2.48217,43.70396],[2.48282,43.70405],[2.48325,43.70384],[2.48335,43.70364],[2.4834,43.70322],[2.48333,43.70303],[2.48348,43.70284],[2.48341,43.70264],[2.48349,43.70248],[2.48341,43.70236],[2.48398,43.70206],[2.48453,43.70219],[2.48529,43.70268],[2.48614,43.70308],[2.48659,43.70304],[2.48699,43.70286],[2.48721,43.70292],[2.48742,43.7031],[2.48743,43.70365],[2.48765,43.70382],[2.48827,43.70362],[2.48889,43.70356],[2.48949,43.70331],[2.49037,43.70318],[2.49084,43.70327],[2.49139,43.70322],[2.49203,43.70342],[2.49244,43.70323],[2.49285,43.70325],[2.493,43.70331],[2.49313,43.70354],[2.49336,43.7037],[2.49386,43.70381],[2.4942,43.70359],[2.49434,43.7033],[2.49438,43.70301],[2.49413,43.70258],[2.49409,43.70213],[2.49434,43.70187],[2.49475,43.70169],[2.49557,43.70152],[2.49618,43.70109],[2.49649,43.70096],[2.49787,43.70104],[2.49851,43.7006],[2.49884,43.70022],[2.49911,43.70009],[2.49938,43.70007],[2.50002,43.70022],[2.50058,43.70054],[2.50074,43.70081],[2.50086,43.70087],[2.50101,43.70081],[2.50095,43.70056],[2.50111,43.70032],[2.50194,43.70018],[2.50183,43.70049],[2.50227,43.70101],[2.50239,43.70133],[2.50238,43.70169],[2.50204,43.70223],[2.5021,43.70242],[2.5023,43.70257],[2.50268,43.70258],[2.50151,43.70365],[2.50123,43.70401],[2.49661,43.70464],[2.49662,43.70914],[2.4991,43.70919],[2.49998,43.71174],[2.49822,43.71317],[2.49868,43.71359],[2.4989,43.71391],[2.499,43.71467],[2.50004,43.7155],[2.50098,43.71439],[2.50606,43.71362],[2.50858,43.71423],[2.50973,43.71458],[2.51123,43.71482],[2.5131,43.7153],[2.51538,43.71577],[2.51714,43.71526],[2.51868,43.71325],[2.51903,43.71068],[2.51915,43.71054],[2.52002,43.71008],[2.52,43.70974],[2.52063,43.70984],[2.52137,43.70974],[2.52162,43.70961],[2.52217,43.709],[2.52229,43.70817],[2.52261,43.70788],[2.52287,43.7078],[2.5233,43.70781],[2.52397,43.70808],[2.52452,43.70852],[2.52423,43.70894],[2.5243,43.70904],[2.52516,43.70924],[2.52579,43.70959],[2.52634,43.70964],[2.52688,43.70945],[2.52807,43.70874],[2.52865,43.70872],[2.529,43.70862],[2.52961,43.70789],[2.52999,43.70762],[2.53012,43.70722],[2.53035,43.70713],[2.5308,43.70716],[2.5311,43.7069],[2.53112,43.70675],[2.53166,43.70667],[2.53331,43.70747],[2.53376,43.70761],[2.5342,43.70788],[2.53549,43.70815],[2.53575,43.70834],[2.53673,43.70835],[2.53739,43.70849],[2.53756,43.70843],[2.53816,43.70846],[2.53827,43.70839],[2.53891,43.70848],[2.53941,43.70842],[2.53972,43.70847],[2.53995,43.70871],[2.54056,43.70985],[2.54123,43.7103],[2.54155,43.71079],[2.54189,43.71101],[2.54186,43.71107],[2.54213,43.7111],[2.54249,43.71139],[2.54313,43.71216],[2.54332,43.71259],[2.54372,43.71292],[2.54415,43.71439],[2.54415,43.71551],[2.54472,43.71609],[2.54485,43.71656],[2.54509,43.71693],[2.54524,43.7177],[2.54554,43.71809],[2.55355,43.71779],[2.55361,43.71783],[2.5564,43.71673],[2.5573,43.71611],[2.55771,43.71595],[2.55821,43.71563],[2.55902,43.71502],[2.55976,43.71434],[2.56066,43.71525],[2.56127,43.71561],[2.56172,43.7157],[2.56301,43.71549],[2.56372,43.7156],[2.56435,43.71606],[2.56482,43.71727],[2.56549,43.71754],[2.56579,43.71777],[2.56716,43.71847],[2.56835,43.71883],[2.56976,43.71891],[2.57058,43.71923],[2.57093,43.71961],[2.57139,43.72112],[2.57211,43.72162],[2.57256,43.7223],[2.57401,43.724],[2.57507,43.72376],[2.57765,43.72282],[2.57935,43.72192],[2.58014,43.72177],[2.5817,43.72181],[2.58324,43.72094],[2.58422,43.72091],[2.58601,43.72071],[2.58774,43.72016],[2.58779,43.72038],[2.58846,43.72053],[2.58893,43.72087],[2.58916,43.72115],[2.58993,43.72111],[2.59088,43.72126],[2.59109,43.72158],[2.59167,43.72183],[2.59214,43.72217],[2.59288,43.72295],[2.59542,43.72511],[2.59766,43.72595],[2.59952,43.72605],[2.60102,43.72734],[2.60155,43.72733],[2.60222,43.72707],[2.60237,43.72691],[2.60278,43.72695],[2.60616,43.72752],[2.60668,43.72804],[2.6072,43.72815],[2.60774,43.72806],[2.60857,43.72805],[2.60859,43.72813],[2.6088,43.72812],[2.60913,43.72805],[2.60942,43.72787],[2.61132,43.72774],[2.61189,43.72776],[2.6134,43.72745],[2.61406,43.72748],[2.61557,43.72717],[2.61622,43.72688],[2.61825,43.7269],[2.6182,43.72701],[2.62075,43.72689],[2.62228,43.72615],[2.62273,43.7258],[2.62325,43.72554],[2.62405,43.72485],[2.62445,43.72476],[2.62572,43.72484],[2.62664,43.72476],[2.6283,43.72427],[2.62946,43.72354],[2.63017,43.72291],[2.63089,43.72257],[2.63129,43.72269],[2.63201,43.72265],[2.63353,43.7223],[2.63604,43.7221],[2.63813,43.72155],[2.6403,43.72159],[2.64199,43.7212],[2.64402,43.72118],[2.64543,43.72278],[2.64634,43.72273],[2.64751,43.72404],[2.64812,43.72481],[2.64844,43.72552],[2.6486,43.7264],[2.6489,43.72689],[2.6488,43.72781],[2.64811,43.72921],[2.64748,43.73096],[2.64654,43.73207],[2.64528,43.73426],[2.64465,43.73458],[2.64456,43.73506],[2.64461,43.73536],[2.64474,43.73557],[2.64551,43.73624],[2.64619,43.73649],[2.64678,43.73661],[2.64727,43.73686],[2.64734,43.73717],[2.64776,43.73779],[2.64794,43.73838],[2.64815,43.73862],[2.65008,43.73921],[2.65064,43.73961],[2.65086,43.74014],[2.65066,43.74121],[2.65071,43.74186],[2.65103,43.74241],[2.65094,43.74251],[2.65149,43.74394],[2.65201,43.7446],[2.65185,43.74557],[2.6521,43.74617],[2.65286,43.74725],[2.65312,43.74779],[2.65442,43.74849],[2.65505,43.74926],[2.65622,43.74872],[2.65712,43.74852],[2.65766,43.74833],[2.6588,43.74819],[2.65903,43.74806],[2.65941,43.74763],[2.66038,43.74735],[2.66073,43.74717],[2.66091,43.74702],[2.66121,43.74647],[2.66186,43.74607],[2.6624,43.74592],[2.66355,43.74578],[2.66433,43.74577],[2.66526,43.7459],[2.66553,43.74587],[2.66639,43.74552],[2.66749,43.74462],[2.66772,43.74462],[2.66848,43.74481],[2.67009,43.74557],[2.67223,43.74577],[2.67307,43.74571],[2.6741,43.74533],[2.67496,43.7448],[2.67617,43.74425],[2.67711,43.74362],[2.68043,43.74339],[2.68096,43.74343],[2.68169,43.74382],[2.68189,43.74359],[2.68215,43.7436],[2.68387,43.74468],[2.68578,43.74467],[2.68621,43.74427],[2.68677,43.74408],[2.68792,43.74394],[2.68834,43.74425],[2.68881,43.74482],[2.68978,43.74447],[2.69064,43.74424],[2.6914,43.74414],[2.69198,43.74414],[2.69287,43.74455],[2.69291,43.74439],[2.69275,43.74393],[2.6932,43.74396],[2.69346,43.74406],[2.69352,43.7443],[2.69506,43.7434],[2.69586,43.74281],[2.69671,43.74294],[2.69977,43.7429],[2.70136,43.74266],[2.7023,43.74262],[2.70395,43.74232],[2.7046,43.74208],[2.70523,43.74201],[2.70641,43.74221],[2.70651,43.74226],[2.70647,43.74239],[2.70681,43.74269],[2.7075,43.74298],[2.70859,43.74325],[2.70935,43.74329],[2.71098,43.74302],[2.71188,43.74277],[2.71263,43.74249],[2.71395,43.74168],[2.71466,43.74144],[2.717,43.74119],[2.71749,43.74133],[2.71831,43.74088],[2.71831,43.7405],[2.72047,43.73913],[2.72097,43.73902],[2.72158,43.73903],[2.72224,43.73892],[2.72428,43.73838],[2.72563,43.73788],[2.7271,43.73724],[2.72878,43.73621],[2.72981,43.73571],[2.7311,43.73487],[2.73171,43.73426],[2.73196,43.73354],[2.73184,43.73276],[2.733,43.732],[2.73536,43.731],[2.73602,43.73053],[2.73684,43.72966],[2.73751,43.72943],[2.73838,43.7293],[2.73926,43.72906],[2.74048,43.72899],[2.74223,43.72895],[2.74278,43.72907],[2.74342,43.72979],[2.7439,43.73059],[2.74466,43.73135],[2.74553,43.73181],[2.74787,43.7325],[2.74971,43.73251],[2.75369,43.73316],[2.75565,43.73296],[2.7578,43.73255],[2.75912,43.73253],[2.76001,43.73241],[2.7609,43.73239],[2.76363,43.73247],[2.76431,43.73289],[2.76501,43.73368],[2.76582,43.73445],[2.76647,43.73474],[2.76804,43.7349],[2.76952,43.7349],[2.77083,43.73504],[2.77269,43.73573],[2.77348,43.73617],[2.77573,43.73674],[2.77631,43.73679],[2.77935,43.73676],[2.78126,43.73692],[2.78251,43.73771],[2.78278,43.73886],[2.78394,43.7408],[2.78341,43.74148],[2.78308,43.74205],[2.78248,43.74361],[2.78253,43.74405],[2.78277,43.74432],[2.7837,43.74486],[2.78383,43.74502],[2.78555,43.74909],[2.78562,43.74962],[2.78662,43.7507],[2.78693,43.75139],[2.78747,43.75217],[2.78807,43.75263],[2.78853,43.7528],[2.78956,43.75293],[2.78953,43.75297],[2.79247,43.75296],[2.7945,43.75459],[2.79444,43.75467],[2.7949,43.75491],[2.79546,43.75505],[2.79723,43.75529],[2.7992,43.75585],[2.80079,43.75659],[2.80361,43.75754],[2.80493,43.75853],[2.8059,43.75948],[2.80645,43.75991],[2.80773,43.76036],[2.80953,43.76076],[2.81097,43.76085],[2.81173,43.76112],[2.81247,43.76154],[2.81297,43.76172],[2.81447,43.76212],[2.81596,43.76225],[2.81619,43.76217],[2.81994,43.76183],[2.8204,43.76184],[2.82228,43.76223],[2.82293,43.76223],[2.82365,43.76209],[2.8245,43.76166],[2.82577,43.75997],[2.82602,43.75926],[2.82603,43.75844],[2.82618,43.75777],[2.82603,43.75684],[2.82604,43.75626],[2.82618,43.75597],[2.82685,43.7555],[2.82745,43.75488],[2.8278,43.75462],[2.82956,43.75384],[2.83068,43.75321],[2.83132,43.75278],[2.8316,43.75245],[2.83173,43.75243],[2.83168,43.75228],[2.83229,43.75223],[2.83559,43.7514],[2.83662,43.75096],[2.83822,43.75001],[2.83856,43.74989],[2.83942,43.74978],[2.84043,43.7499],[2.84153,43.75017],[2.84418,43.75115],[2.84552,43.75138],[2.84695,43.7512],[2.84819,43.75052],[2.84917,43.74973],[2.85145,43.74886],[2.85321,43.74873],[2.8537,43.74861],[2.85554,43.74876],[2.85824,43.74929],[2.86188,43.74841],[2.86279,43.74755],[2.8638,43.74677],[2.86524,43.74634],[2.86563,43.74596],[2.86566,43.74541],[2.86681,43.74424],[2.86729,43.74356],[2.86881,43.74222],[2.86917,43.74179],[2.86934,43.74132],[2.86962,43.73998],[2.86901,43.73927],[2.86966,43.73899],[2.8696,43.73888],[2.87062,43.73894],[2.87172,43.73873],[2.87208,43.73907],[2.87272,43.7402],[2.87659,43.7404],[2.8898,43.74161],[2.89377,43.74047],[2.89464,43.74037],[2.89507,43.74064],[2.89553,43.7407],[2.89594,43.74089],[2.8967,43.74106],[2.8969,43.74122],[2.89753,43.74131],[2.89774,43.74143],[2.89811,43.74149],[2.89842,43.7414],[2.89872,43.74153],[2.89969,43.74149],[2.90032,43.74168],[2.90084,43.74169],[2.90218,43.74219],[2.90315,43.74222],[2.90319,43.742],[2.90357,43.74155],[2.90385,43.74147],[2.90417,43.74149],[2.90423,43.74119],[2.90508,43.74121],[2.90591,43.74134],[2.90638,43.74124],[2.90729,43.74044],[2.9076,43.73995],[2.90787,43.73981],[2.90817,43.73952],[2.90847,43.7396],[2.90932,43.74025],[2.90991,43.74052],[2.91228,43.74056],[2.9129,43.74072],[2.91301,43.74043],[2.91306,43.73964],[2.91326,43.73922],[2.91509,43.73744],[2.91596,43.73722],[2.91664,43.73676],[2.91694,43.73617],[2.92011,43.73645],[2.92116,43.73614],[2.92157,43.73544],[2.92089,43.73459],[2.92039,43.73362],[2.91809,43.73143],[2.91801,43.73125],[2.91907,43.73071],[2.92379,43.72542],[2.9241,43.72488],[2.92403,43.72326],[2.92352,43.72244],[2.92372,43.722],[2.92351,43.72152],[2.92371,43.72059],[2.92345,43.72024],[2.92254,43.71952],[2.92251,43.71928],[2.92253,43.71899],[2.92287,43.71854],[2.92352,43.7166],[2.92382,43.71516],[2.9239,43.7141],[2.92404,43.71382],[2.92472,43.71318],[2.9249,43.71272],[2.92494,43.71205],[2.92509,43.71183],[2.92501,43.71133],[2.92544,43.71007],[2.9255,43.70881],[2.92498,43.70722],[2.92503,43.70621],[2.92562,43.70505],[2.92609,43.70366],[2.92629,43.70338],[2.92685,43.70308],[2.92735,43.70297],[2.928,43.70259],[2.92829,43.70251],[2.93035,43.70078],[2.93102,43.70071],[2.93118,43.70062],[2.93052,43.70019],[2.93087,43.69989],[2.9312,43.70012],[2.93195,43.70008],[2.93167,43.69966],[2.93167,43.69947],[2.93232,43.6987],[2.93259,43.69854],[2.93303,43.69845],[2.93526,43.69855],[2.93645,43.69812],[2.9368,43.6979],[2.93746,43.69677],[2.93678,43.69592],[2.93543,43.69456],[2.93472,43.69487],[2.93441,43.69522],[2.93328,43.6953],[2.93271,43.69508],[2.93244,43.69486],[2.93168,43.69459],[2.93143,43.69435],[2.93064,43.69394],[2.93038,43.69363],[2.92995,43.69342],[2.92905,43.6934],[2.92862,43.69355],[2.92786,43.69356],[2.92766,43.69304],[2.92728,43.69289],[2.92692,43.69173],[2.92672,43.69147],[2.92625,43.69125],[2.92601,43.69084],[2.92483,43.69055],[2.92428,43.69],[2.92346,43.68977],[2.92308,43.68953],[2.92184,43.68977],[2.9216,43.68975],[2.92113,43.68939],[2.92082,43.689],[2.9204,43.68885],[2.92048,43.68868],[2.92028,43.68858],[2.92004,43.68812],[2.91964,43.68797],[2.9195,43.68762],[2.91903,43.68755],[2.91882,43.68696],[2.91865,43.68595],[2.91886,43.68573],[2.91896,43.68527],[2.91864,43.68479],[2.9189,43.68412],[2.91882,43.68353],[2.91961,43.68269],[2.91958,43.68228],[2.9193,43.68184],[2.91933,43.68152],[2.91977,43.68103],[2.91992,43.68042],[2.92035,43.68019],[2.92039,43.6793],[2.92086,43.67918],[2.92178,43.67846],[2.92163,43.67817],[2.92134,43.67799],[2.92132,43.6778],[2.92114,43.67754],[2.92075,43.67736],[2.92057,43.6767],[2.92023,43.67645],[2.92022,43.67625],[2.91997,43.67611],[2.9197,43.67501],[2.91936,43.67458],[2.91936,43.67419],[2.91912,43.67402],[2.91894,43.67405],[2.91883,43.67365],[2.91889,43.67339],[2.91863,43.67305],[2.91852,43.67259],[2.91874,43.67231],[2.91831,43.67159],[2.91835,43.67129],[2.91796,43.67121],[2.91811,43.67085],[2.91765,43.67036],[2.91753,43.66978],[2.91759,43.66909],[2.91744,43.66893],[2.91746,43.66865],[2.91768,43.66762],[2.91792,43.66737],[2.91814,43.66687],[2.91846,43.66666],[2.91871,43.66611],[2.91925,43.66562],[2.91916,43.66533],[2.91927,43.66482],[2.91921,43.66456],[2.91943,43.66396],[2.91931,43.66351],[2.91955,43.6627],[2.91973,43.66258],[2.9198,43.66238],[2.91931,43.66216],[2.91863,43.6616],[2.91841,43.66151],[2.91831,43.66117],[2.91749,43.66059],[2.91713,43.66055],[2.91682,43.66035],[2.91593,43.66023],[2.9153,43.65997],[2.91508,43.65977],[2.91449,43.65957],[2.91407,43.65952],[2.91337,43.65918],[2.91297,43.65913],[2.9129,43.65896],[2.91255,43.65884],[2.9125,43.65863],[2.91229,43.65843],[2.91197,43.65836],[2.9116,43.65815],[2.91155,43.65794],[2.91135,43.65782],[2.91046,43.6568],[2.91024,43.65673],[2.91003,43.65644],[2.90868,43.65606],[2.90832,43.65529],[2.90743,43.65447],[2.90743,43.6543],[2.9071,43.65416],[2.90603,43.65412],[2.90342,43.65381],[2.90178,43.65446],[2.90086,43.65465],[2.9007,43.65478],[2.89926,43.65495],[2.89858,43.65517],[2.89695,43.65467],[2.89614,43.65425],[2.89461,43.65443],[2.89335,43.65472],[2.89262,43.655],[2.8901,43.65685],[2.88872,43.65766],[2.88656,43.65758],[2.88602,43.65763],[2.8839,43.65745],[2.88361,43.65767],[2.88333,43.65775],[2.8819,43.6573],[2.88099,43.65714],[2.87898,43.6573],[2.87864,43.65527],[2.87828,43.65436],[2.87714,43.65247],[2.87662,43.65127],[2.8748,43.64813],[2.87413,43.64671],[2.87352,43.645],[2.87185,43.64539],[2.87119,43.6454],[2.86891,43.64497],[2.86794,43.64458],[2.86705,43.64461],[2.86507,43.64423],[2.86404,43.64401],[2.8629,43.64361],[2.86029,43.64364],[2.85887,43.64357],[2.85809,43.64341],[2.85692,43.64332],[2.85658,43.64339],[2.85525,43.6442],[2.85453,43.6445],[2.85367,43.64514],[2.85302,43.6453],[2.85261,43.6455],[2.8493,43.64524],[2.84861,43.64532],[2.84778,43.64558],[2.84736,43.6456],[2.84675,43.6458],[2.84642,43.64581],[2.8456,43.64536],[2.84498,43.64474],[2.84258,43.64337],[2.84105,43.64279],[2.84074,43.6426],[2.83741,43.64161],[2.83607,43.64097],[2.83525,43.64024],[2.83463,43.63937],[2.83479,43.63921],[2.83409,43.63909],[2.83408,43.63893],[2.83386,43.63864],[2.83344,43.63869],[2.83308,43.63857],[2.83287,43.63869],[2.83237,43.63872],[2.8321,43.63867],[2.83174,43.63833],[2.83177,43.63813],[2.83144,43.63819],[2.83128,43.63807],[2.83096,43.638],[2.83068,43.63811],[2.83027,43.63815],[2.83016,43.63809],[2.82969,43.63818],[2.82899,43.63806],[2.8286,43.63749],[2.82814,43.63735],[2.82783,43.63739],[2.82752,43.63757],[2.82675,43.63776],[2.82649,43.63775],[2.82627,43.63803],[2.82534,43.63831],[2.82493,43.63826],[2.82417,43.63779],[2.82395,43.63774],[2.82359,43.63783],[2.82332,43.63795],[2.82337,43.63828],[2.82316,43.63858],[2.82265,43.63878],[2.82183,43.63929],[2.82112,43.63944],[2.81994,43.6392],[2.81908,43.63941],[2.81815,43.63976],[2.81781,43.63976],[2.81766,43.63999],[2.81748,43.64005],[2.81682,43.64013],[2.81593,43.63998],[2.81548,43.64024],[2.81485,43.64032],[2.81378,43.64103],[2.81325,43.64112],[2.81335,43.64084],[2.81325,43.64068],[2.81355,43.64032],[2.81334,43.63948],[2.81351,43.63932],[2.81328,43.63905],[2.8135,43.63877],[2.81353,43.63833],[2.81314,43.63767],[2.81306,43.63735],[2.81323,43.63667],[2.81351,43.63631],[2.81339,43.63605],[2.81326,43.63594],[2.81287,43.63588],[2.81185,43.63591],[2.81111,43.63514],[2.81,43.6349],[2.80963,43.63488],[2.80839,43.63521],[2.80801,43.63599],[2.80764,43.63594],[2.80637,43.63422],[2.80591,43.63391],[2.80493,43.63255],[2.80251,43.63036],[2.80168,43.62973],[2.7949,43.62448],[2.78906,43.62382],[2.78346,43.62629],[2.78282,43.62627],[2.78208,43.62601],[2.77956,43.62445],[2.77584,43.6219],[2.77536,43.62181],[2.7741,43.62178],[2.77198,43.62201],[2.77137,43.62197],[2.7692,43.61988],[2.76774,43.61758],[2.76685,43.61705],[2.76607,43.61638],[2.76536,43.61594],[2.76174,43.61539],[2.75903,43.61466],[2.75519,43.61423],[2.75454,43.61401],[2.75292,43.61521],[2.75171,43.61564],[2.75174,43.61573],[2.74937,43.61647],[2.74395,43.61962],[2.7435,43.62295],[2.74326,43.62414],[2.74308,43.62459],[2.74084,43.62764],[2.74044,43.62811],[2.73987,43.62856],[2.73961,43.62894],[2.73938,43.62943],[2.73949,43.6298],[2.73944,43.62998],[2.73923,43.63035],[2.73901,43.63051],[2.73853,43.63137],[2.7383,43.63153],[2.73797,43.6315],[2.73709,43.63129],[2.73522,43.63061],[2.7348,43.63106],[2.73445,43.63225],[2.73422,43.63246],[2.73414,43.63292],[2.73383,43.63314],[2.73342,43.63378],[2.73277,43.63431],[2.73256,43.63473],[2.73202,43.63519],[2.73141,43.63556],[2.73098,43.6357],[2.73077,43.63588],[2.73005,43.63604],[2.72929,43.6361],[2.72871,43.63634],[2.72702,43.63658],[2.72674,43.63672],[2.7264,43.63669],[2.72604,43.63675],[2.72577,43.63691],[2.7257,43.63709],[2.72501,43.63739],[2.72485,43.6376],[2.72447,43.63782],[2.724,43.63842],[2.72389,43.63879],[2.72391,43.63909],[2.72413,43.63952],[2.72408,43.63999],[2.72418,43.64074],[2.72381,43.64253],[2.72311,43.64372],[2.72208,43.64453],[2.72023,43.64542],[2.71872,43.64529],[2.71721,43.64481],[2.71635,43.64472],[2.71511,43.64493],[2.71455,43.64523],[2.71412,43.64518],[2.71374,43.64525],[2.71292,43.64491],[2.71291,43.64482],[2.71202,43.64419],[2.71099,43.64384],[2.71068,43.64473],[2.7103,43.64542],[2.70984,43.64598],[2.70989,43.64658],[2.70451,43.64736],[2.70262,43.64817],[2.70216,43.64807],[2.7004,43.64833],[2.69799,43.64856],[2.69688,43.64882],[2.69436,43.64923],[2.69126,43.64993],[2.69014,43.65047],[2.68977,43.65057],[2.68725,43.65087],[2.68637,43.65089],[2.68462,43.6538],[2.68138,43.65262],[2.67392,43.65076],[2.67286,43.65015],[2.6708,43.64938],[2.66759,43.6495],[2.66731,43.64934],[2.66663,43.64917],[2.66597,43.64913],[2.66466,43.64877],[2.6633,43.64883],[2.66235,43.64898],[2.66039,43.64974],[2.65992,43.65003],[2.65877,43.65029],[2.65768,43.65075],[2.65727,43.65085],[2.65659,43.65075],[2.65557,43.65027],[2.65488,43.64946],[2.65409,43.64903],[2.65315,43.64894],[2.65233,43.64902],[2.65237,43.6492],[2.65218,43.6497],[2.65224,43.64999],[2.65196,43.6505],[2.65228,43.65111],[2.65225,43.65197],[2.65246,43.6526],[2.65182,43.65305],[2.65163,43.65368],[2.65164,43.65384],[2.65198,43.65393],[2.6521,43.65403],[2.65241,43.65535],[2.6523,43.65593],[2.65204,43.65639],[2.6518,43.65661],[2.65191,43.65725],[2.65209,43.65748],[2.65213,43.65775],[2.65173,43.65826],[2.65133,43.65845],[2.65112,43.65846],[2.64989,43.65945],[2.64944,43.65948],[2.6486,43.65976],[2.64733,43.65991],[2.64677,43.66019],[2.64649,43.66018],[2.64589,43.66031],[2.64563,43.66049],[2.64547,43.65997],[2.64556,43.65956],[2.64587,43.65903],[2.64593,43.65824],[2.6447,43.65667],[2.64427,43.65513],[2.64369,43.65207],[2.64387,43.65179],[2.64385,43.65096],[2.64308,43.64944],[2.64276,43.64903],[2.64229,43.64795],[2.64158,43.64446],[2.64103,43.64236],[2.64084,43.63946],[2.64003,43.63901],[2.63903,43.63613],[2.63863,43.63441],[2.63737,43.63306],[2.63528,43.63049],[2.63501,43.62872],[2.63545,43.62521],[2.63119,43.61999],[2.63014,43.62005],[2.62548,43.61831],[2.62605,43.61797],[2.62594,43.61774],[2.62618,43.6175],[2.62685,43.61718],[2.62692,43.61685],[2.6274,43.61602],[2.62805,43.61513],[2.62802,43.61473],[2.62767,43.61429],[2.62787,43.61357],[2.62753,43.61274],[2.62797,43.61229],[2.62857,43.61132],[2.62869,43.61033],[2.6286,43.61012],[2.62836,43.60972],[2.62742,43.60921],[2.6268,43.60875],[2.6265,43.60827],[2.62562,43.60773],[2.62519,43.60769],[2.62487,43.60779],[2.62419,43.60736],[2.6231,43.60713],[2.62183,43.6066],[2.62144,43.6066],[2.62115,43.60651],[2.62071,43.606],[2.62071,43.60573],[2.62029,43.60545],[2.61995,43.60545],[2.61977,43.60533],[2.61977,43.60512],[2.61997,43.6048],[2.61987,43.60462],[2.61951,43.60437],[2.61957,43.60402],[2.61878,43.6035],[2.61836,43.60344],[2.61822,43.60325],[2.61719,43.60248],[2.61708,43.60212],[2.61614,43.60182],[2.61583,43.60136],[2.61545,43.60101],[2.61517,43.60012],[2.61449,43.59996],[2.61435,43.59977],[2.61446,43.59926],[2.61438,43.59893],[2.6146,43.59834],[2.61615,43.59507],[2.61697,43.59546],[2.61784,43.59564],[2.61993,43.59571],[2.62164,43.59564],[2.62146,43.59234],[2.62733,43.59335],[2.62779,43.59188],[2.62779,43.59115],[2.62765,43.59068],[2.62733,43.59021],[2.62742,43.58946],[2.62638,43.58793],[2.62726,43.58749],[2.62834,43.5874],[2.62931,43.58705],[2.62988,43.58659],[2.63033,43.58638],[2.63124,43.58527],[2.63163,43.58412],[2.63137,43.58348],[2.63099,43.58306]]]]},"properties":{"ID":"813","id":"813","NOM_MASSIF":"Monts de Lacaune","dept":"81"}},{"type":"Feature","id":3,"geometry":{"type":"MultiPolygon","coordinates":[[[[2.4131,43.66767],[2.41177,43.66847],[2.41064,43.66866],[2.40947,43.66853],[2.40784,43.66857],[2.40705,43.66882],[2.40679,43.66991],[2.40694,43.67124],[2.4068,43.67191],[2.40645,43.67266],[2.40589,43.6734],[2.40545,43.67424],[2.40487,43.67505],[2.40474,43.6754],[2.40467,43.67629],[2.40477,43.67643],[2.40486,43.67774],[2.405,43.67827],[2.40386,43.67929],[2.40238,43.67978],[2.40142,43.67917],[2.40103,43.67924],[2.4006,43.67969],[2.40067,43.68056],[2.40083,43.68072],[2.40135,43.68078],[2.40174,43.68093],[2.4021,43.68127],[2.40206,43.68154],[2.40177,43.68177],[2.40119,43.68183],[2.40058,43.68175],[2.39933,43.68104],[2.39871,43.68075],[2.39645,43.67927],[2.39622,43.67875],[2.39572,43.67851],[2.39488,43.6785],[2.39417,43.67869],[2.39343,43.67906],[2.39062,43.6792],[2.38991,43.67916],[2.38925,43.679],[2.38848,43.67857],[2.38717,43.67827],[2.38639,43.67826],[2.38609,43.67849],[2.3861,43.67872],[2.38632,43.67896],[2.38633,43.67922],[2.38556,43.68055],[2.38542,43.68148],[2.38521,43.68198],[2.38445,43.68309],[2.38302,43.68344],[2.38229,43.68343],[2.38183,43.68331],[2.3816,43.68297],[2.38148,43.68208],[2.38054,43.68091],[2.37996,43.68053],[2.37829,43.67976],[2.37757,43.67934],[2.37719,43.67897],[2.37657,43.67786],[2.37605,43.67717],[2.37456,43.67623],[2.37374,43.67595],[2.37306,43.67601],[2.37275,43.67615],[2.37237,43.67654],[2.37112,43.67721],[2.37014,43.67747],[2.36948,43.67746],[2.36866,43.67721],[2.36794,43.67663],[2.36545,43.67539],[2.36516,43.67528],[2.36403,43.67518],[2.36342,43.67526],[2.36301,43.67542],[2.36256,43.67589],[2.36243,43.67636],[2.36244,43.67666],[2.36268,43.67701],[2.36358,43.67762],[2.36418,43.67788],[2.3646,43.67838],[2.3646,43.67872],[2.36437,43.67913],[2.36418,43.67932],[2.36367,43.67963],[2.36315,43.67988],[2.36241,43.6801],[2.36138,43.68069],[2.36031,43.68083],[2.3596,43.68071],[2.35862,43.68006],[2.35719,43.67944],[2.35653,43.67933],[2.35586,43.67932],[2.35471,43.67951],[2.35317,43.68012],[2.3523,43.68072],[2.35132,43.68182],[2.35114,43.68229],[2.35093,43.68256],[2.35054,43.68279],[2.35021,43.68281],[2.34919,43.68236],[2.34889,43.68201],[2.34846,43.68141],[2.34815,43.6807],[2.34804,43.68036],[2.34804,43.67986],[2.34816,43.6792],[2.34836,43.67902],[2.3493,43.67878],[2.35048,43.6781],[2.35188,43.67713],[2.35255,43.67636],[2.3527,43.67571],[2.35258,43.67502],[2.35202,43.67452],[2.35142,43.67426],[2.3511,43.67423],[2.34969,43.67446],[2.34885,43.67443],[2.3482,43.67448],[2.34715,43.67467],[2.34633,43.67497],[2.34571,43.67553],[2.34518,43.67649],[2.34292,43.67869],[2.34209,43.67919],[2.34144,43.67932],[2.3409,43.67923],[2.34031,43.67895],[2.33818,43.67732],[2.33658,43.6764],[2.33574,43.67599],[2.33452,43.67558],[2.33218,43.6751],[2.32994,43.6749],[2.32893,43.67493],[2.32654,43.67522],[2.32609,43.67533],[2.3254,43.67565],[2.32515,43.67601],[2.32463,43.67638],[2.32461,43.67668],[2.3247,43.67684],[2.32504,43.6771],[2.32622,43.67765],[2.3284,43.67827],[2.32906,43.67828],[2.32948,43.67821],[2.33119,43.67741],[2.33155,43.67737],[2.33188,43.67745],[2.33226,43.67773],[2.33291,43.67934],[2.33285,43.67971],[2.33224,43.68061],[2.33005,43.68103],[2.3293,43.68108],[2.32866,43.681],[2.32807,43.68072],[2.32648,43.68024],[2.32468,43.67999],[2.32277,43.67997],[2.32155,43.68007],[2.31894,43.6805],[2.31509,43.68194],[2.31377,43.68229],[2.31312,43.68263],[2.31257,43.68271],[2.31198,43.68269],[2.31063,43.68217],[2.30981,43.68203],[2.30834,43.68198],[2.30731,43.68212],[2.3068,43.68218],[2.30098,43.68412],[2.2998,43.68434],[2.2989,43.68443],[2.29801,43.68436],[2.29742,43.68417],[2.29685,43.68385],[2.29635,43.68342],[2.29588,43.68277],[2.29531,43.68172],[2.29396,43.68172],[2.29278,43.68311],[2.29285,43.68334],[2.29271,43.68359],[2.29335,43.68355],[2.29348,43.68364],[2.29309,43.68428],[2.29294,43.68438],[2.29265,43.68535],[2.29218,43.68521],[2.29136,43.68552],[2.2909,43.68652],[2.29033,43.68711],[2.28886,43.68768],[2.28837,43.68797],[2.28814,43.68814],[2.2872,43.68936],[2.28677,43.69012],[2.2864,43.69148],[2.28607,43.692],[2.28588,43.69254],[2.28585,43.69471],[2.28486,43.69683],[2.28407,43.69781],[2.28374,43.69839],[2.28307,43.69917],[2.28246,43.70029],[2.27991,43.70251],[2.2794,43.7031],[2.27838,43.70251],[2.2777,43.70226],[2.27688,43.70185],[2.27627,43.70232],[2.27632,43.70241],[2.27616,43.70255],[2.27559,43.70242],[2.27469,43.70291],[2.27322,43.70246],[2.27121,43.70161],[2.26996,43.70125],[2.26912,43.70104],[2.26806,43.70093],[2.26648,43.70051],[2.26575,43.70064],[2.26505,43.70065],[2.26315,43.70008],[2.26184,43.6995],[2.2611,43.70073],[2.25967,43.70144],[2.25821,43.70259],[2.25743,43.70346],[2.25629,43.70515],[2.25551,43.70585],[2.25425,43.70725],[2.25199,43.70858],[2.24962,43.70971],[2.24702,43.71113],[2.24556,43.71253],[2.24384,43.71381],[2.2414,43.71602],[2.24067,43.7163],[2.23838,43.7168],[2.23691,43.71782],[2.23315,43.71957],[2.23207,43.72044],[2.23063,43.72126],[2.22969,43.72165],[2.22851,43.72334],[2.22832,43.72395],[2.22822,43.72493],[2.22701,43.72718],[2.22646,43.72791],[2.22592,43.72843],[2.226,43.72904],[2.22594,43.72967],[2.22553,43.73207],[2.22485,43.73321],[2.22426,43.73451],[2.22267,43.73706],[2.22259,43.73769],[2.22266,43.73894],[2.22245,43.73998],[2.22063,43.74393],[2.22055,43.74459],[2.22062,43.74599],[2.21974,43.74899],[2.21939,43.75192],[2.22003,43.75374],[2.22009,43.75433],[2.22027,43.75487],[2.22073,43.75584],[2.22088,43.75597],[2.22116,43.75603],[2.22189,43.75714],[2.22201,43.75739],[2.22202,43.75786],[2.22187,43.75874],[2.22079,43.76048],[2.21969,43.76327],[2.21962,43.7637],[2.21917,43.7645],[2.2192,43.7654],[2.21946,43.76583],[2.21973,43.76607],[2.21939,43.76657],[2.21767,43.76839],[2.21739,43.76879],[2.21723,43.76909],[2.21709,43.76992],[2.2168,43.7703],[2.21778,43.77],[2.21818,43.77002],[2.21917,43.77079],[2.22054,43.7723],[2.22317,43.77435],[2.2234,43.77484],[2.22337,43.77511],[2.22316,43.77555],[2.22216,43.77645],[2.22215,43.77658],[2.22247,43.77698],[2.22365,43.77778],[2.22378,43.77813],[2.22417,43.77838],[2.22427,43.77859],[2.22424,43.77905],[2.22447,43.77937],[2.22421,43.77962],[2.22394,43.78006],[2.22353,43.78039],[2.22346,43.78087],[2.2222,43.78128],[2.22183,43.78149],[2.22029,43.78276],[2.2184,43.78395],[2.21692,43.78537],[2.21685,43.78553],[2.21709,43.7862],[2.21712,43.78658],[2.21677,43.78728],[2.21675,43.78781],[2.21608,43.78815],[2.21596,43.78934],[2.2155,43.79027],[2.21549,43.79132],[2.21507,43.79167],[2.21481,43.79223],[2.21491,43.7935],[2.21483,43.79419],[2.2143,43.79379],[2.20915,43.79162],[2.20864,43.7913],[2.20817,43.79119],[2.2073,43.79112],[2.20627,43.79131],[2.20403,43.79157],[2.20291,43.79147],[2.20161,43.79161],[2.20016,43.79188],[2.19753,43.7931],[2.19685,43.7935],[2.19523,43.79476],[2.18919,43.79727],[2.18761,43.79767],[2.18874,43.80087],[2.18897,43.80177],[2.18903,43.80258],[2.18955,43.80372],[2.19022,43.80434],[2.19138,43.8051],[2.19177,43.80563],[2.19213,43.80589],[2.19225,43.8061],[2.19243,43.80728],[2.19226,43.80789],[2.19329,43.80888],[2.19333,43.80939],[2.19373,43.81022],[2.19417,43.81048],[2.19498,43.81132],[2.19646,43.81205],[2.19692,43.81206],[2.19688,43.81248],[2.1971,43.81268],[2.19713,43.8135],[2.19782,43.81454],[2.19824,43.81548],[2.19855,43.81559],[2.19885,43.81565],[2.19986,43.81523],[2.2014,43.81605],[2.2017,43.81676],[2.20248,43.81726],[2.20273,43.81733],[2.20315,43.81736],[2.20464,43.81713],[2.20654,43.81647],[2.20722,43.81687],[2.20829,43.81777],[2.20879,43.81787],[2.20976,43.81779],[2.20993,43.81756],[2.21123,43.81742],[2.2116,43.81746],[2.21179,43.81757],[2.21077,43.81839],[2.21025,43.81893],[2.20941,43.82044],[2.20873,43.82218],[2.20882,43.82315],[2.20894,43.82354],[2.20959,43.82429],[2.21043,43.82485],[2.21094,43.82495],[2.21216,43.82555],[2.2129,43.82627],[2.21285,43.82665],[2.21297,43.82724],[2.21395,43.82942],[2.21387,43.82961],[2.21397,43.83046],[2.21358,43.83088],[2.21356,43.83111],[2.21345,43.83126],[2.21361,43.83151],[2.21345,43.83188],[2.21347,43.83244],[2.21354,43.83252],[2.21387,43.83262],[2.21447,43.83317],[2.21468,43.83364],[2.21438,43.83435],[2.21432,43.83472],[2.21483,43.83548],[2.21532,43.83498],[2.21603,43.8346],[2.21643,43.83421],[2.21633,43.83339],[2.21675,43.83323],[2.21734,43.8328],[2.21835,43.83267],[2.22024,43.83196],[2.22127,43.83197],[2.22213,43.83176],[2.22264,43.83177],[2.22299,43.83168],[2.22369,43.83163],[2.22419,43.83146],[2.22502,43.83143],[2.22568,43.83118],[2.22644,43.8305],[2.22703,43.82936],[2.2272,43.82862],[2.22718,43.82828],[2.22772,43.82732],[2.22778,43.82694],[2.22831,43.82693],[2.22921,43.82656],[2.2302,43.82625],[2.23135,43.82598],[2.23165,43.82597],[2.23213,43.82618],[2.23261,43.82653],[2.23568,43.82738],[2.23542,43.82786],[2.23539,43.82856],[2.23642,43.82991],[2.23742,43.83085],[2.23779,43.83148],[2.23604,43.83283],[2.23367,43.83616],[2.23337,43.83675],[2.23329,43.83751],[2.23298,43.83877],[2.23209,43.84064],[2.23219,43.84089],[2.23245,43.84097],[2.23369,43.84123],[2.23416,43.8412],[2.23447,43.84124],[2.23443,43.84137],[2.23376,43.84161],[2.23311,43.84171],[2.23288,43.8423],[2.23263,43.84256],[2.2326,43.84291],[2.23335,43.84345],[2.23273,43.8439],[2.23245,43.84453],[2.23228,43.84472],[2.22954,43.84655],[2.22946,43.84681],[2.22967,43.84722],[2.22961,43.84774],[2.22782,43.84752],[2.22779,43.84806],[2.22867,43.84856],[2.22887,43.84857],[2.22904,43.84838],[2.2292,43.84841],[2.23048,43.84948],[2.23255,43.85047],[2.23259,43.85065],[2.23251,43.85081],[2.23212,43.85088],[2.23201,43.85101],[2.2321,43.85124],[2.23275,43.85143],[2.23301,43.85116],[2.2336,43.8514],[2.23365,43.85163],[2.23353,43.85195],[2.23453,43.85257],[2.23524,43.85334],[2.23598,43.85335],[2.23608,43.85327],[2.23615,43.85295],[2.23643,43.8528],[2.23662,43.85281],[2.23668,43.85306],[2.23687,43.85327],[2.23762,43.8534],[2.23869,43.85399],[2.23887,43.85414],[2.23895,43.85429],[2.23879,43.85488],[2.23943,43.85487],[2.23958,43.85497],[2.23917,43.85543],[2.23919,43.85553],[2.23981,43.85585],[2.24033,43.85588],[2.24061,43.85609],[2.24101,43.85587],[2.24122,43.8556],[2.24136,43.85624],[2.24154,43.85626],[2.24177,43.85607],[2.24183,43.85594],[2.24221,43.85617],[2.24218,43.85649],[2.24233,43.85655],[2.24212,43.85689],[2.24291,43.85698],[2.24331,43.8573],[2.24326,43.85747],[2.24335,43.85754],[2.24374,43.85758],[2.24388,43.85779],[2.24436,43.85776],[2.24471,43.85785],[2.24606,43.8576],[2.24633,43.85776],[2.24692,43.85789],[2.24755,43.85792],[2.24779,43.85805],[2.24786,43.85838],[2.24811,43.85841],[2.24832,43.8584],[2.24845,43.85832],[2.24865,43.85806],[2.24959,43.85785],[2.24972,43.85786],[2.24999,43.85805],[2.2521,43.85806],[2.25229,43.85835],[2.25426,43.85906],[2.25376,43.86009],[2.2538,43.86066],[2.25305,43.86205],[2.25301,43.86252],[2.2534,43.86332],[2.25452,43.8646],[2.25467,43.86512],[2.25459,43.866],[2.25469,43.86638],[2.25486,43.86677],[2.25543,43.8672],[2.25558,43.86741],[2.25539,43.86859],[2.25575,43.86912],[2.25583,43.86952],[2.256,43.86976],[2.25733,43.87061],[2.25774,43.87189],[2.25798,43.87238],[2.25826,43.8727],[2.25861,43.87296],[2.25914,43.87318],[2.26,43.87368],[2.26072,43.87441],[2.26138,43.87484],[2.26236,43.87514],[2.26271,43.87596],[2.26318,43.87625],[2.26305,43.87658],[2.26259,43.87672],[2.26202,43.87725],[2.26119,43.87683],[2.25942,43.87615],[2.2568,43.8748],[2.25588,43.87573],[2.2539,43.8774],[2.25363,43.87782],[2.25364,43.87884],[2.25325,43.87951],[2.25158,43.881],[2.25099,43.88136],[2.24891,43.88308],[2.24929,43.8834],[2.24784,43.884],[2.24704,43.88473],[2.24576,43.88559],[2.24492,43.88635],[2.24584,43.88702],[2.24684,43.88698],[2.24709,43.88712],[2.24727,43.88797],[2.24722,43.88864],[2.2469,43.88891],[2.2469,43.889],[2.24857,43.89049],[2.25019,43.89216],[2.249,43.89284],[2.24775,43.8937],[2.24734,43.89418],[2.2465,43.89488],[2.24599,43.89556],[2.24547,43.89675],[2.24492,43.89763],[2.24355,43.89922],[2.24329,43.90026],[2.24333,43.90135],[2.24361,43.9034],[2.24384,43.90384],[2.24389,43.9048],[2.24169,43.9057],[2.24145,43.90611],[2.2422,43.90732],[2.24261,43.90774],[2.24398,43.90849],[2.24457,43.91018],[2.24483,43.9112],[2.24408,43.91232],[2.24317,43.91318],[2.24294,43.91354],[2.24332,43.91372],[2.24472,43.91394],[2.24571,43.91436],[2.24607,43.91483],[2.24664,43.91531],[2.2487,43.91581],[2.25034,43.91585],[2.25139,43.91605],[2.25271,43.91609],[2.25278,43.91634],[2.25298,43.91642],[2.25415,43.91643],[2.25468,43.9165],[2.256,43.91607],[2.25673,43.91594],[2.25837,43.91627],[2.25895,43.91621],[2.25939,43.916],[2.25982,43.91558],[2.26045,43.91516],[2.26147,43.91484],[2.26431,43.91472],[2.26527,43.91455],[2.26668,43.91467],[2.26705,43.91458],[2.26757,43.91423],[2.26792,43.91418],[2.26834,43.91544],[2.2692,43.91689],[2.26878,43.917],[2.26802,43.91726],[2.26338,43.91925],[2.26197,43.91972],[2.26051,43.9199],[2.25899,43.91993],[2.2547,43.91946],[2.25214,43.92221],[2.24962,43.92434],[2.24923,43.9244],[2.24809,43.92419],[2.2455,43.92355],[2.24478,43.92349],[2.24332,43.92362],[2.24389,43.92496],[2.24398,43.92566],[2.24287,43.9274],[2.24255,43.92865],[2.24209,43.92977],[2.24148,43.93073],[2.24086,43.93087],[2.24057,43.93102],[2.24007,43.9316],[2.24006,43.93184],[2.23833,43.93356],[2.23613,43.93375],[2.23338,43.93372],[2.23299,43.93391],[2.23273,43.93394],[2.23258,43.93421],[2.23222,43.93437],[2.2315,43.93496],[2.23034,43.93573],[2.22987,43.93592],[2.22969,43.93612],[2.22934,43.93622],[2.22838,43.93627],[2.22642,43.93621],[2.22594,43.93612],[2.22532,43.93623],[2.22433,43.93671],[2.22366,43.9369],[2.22228,43.93749],[2.22158,43.93769],[2.22091,43.93806],[2.22048,43.93847],[2.22008,43.93955],[2.21933,43.93985],[2.21804,43.94],[2.21708,43.94033],[2.21612,43.9402],[2.21567,43.94007],[2.21538,43.9399],[2.21438,43.93897],[2.2135,43.93854],[2.21331,43.93834],[2.21186,43.93932],[2.21126,43.93957],[2.21087,43.93987],[2.20978,43.94027],[2.20897,43.94033],[2.20797,43.94017],[2.20744,43.93981],[2.20714,43.93724],[2.20716,43.93664],[2.20739,43.93549],[2.20732,43.93519],[2.20666,43.93403],[2.20515,43.93256],[2.20452,43.93177],[2.20346,43.93017],[2.203,43.92984],[2.20284,43.92944],[2.20301,43.92823],[2.20176,43.92855],[2.20154,43.92853],[2.20148,43.93011],[2.20105,43.93052],[2.201,43.93102],[2.20015,43.93265],[2.19988,43.9328],[2.19928,43.9328],[2.19908,43.93291],[2.19892,43.93312],[2.19814,43.93355],[2.19753,43.93428],[2.19703,43.93465],[2.19689,43.93507],[2.19679,43.9359],[2.19667,43.93626],[2.19625,43.93683],[2.1962,43.93722],[2.1957,43.93769],[2.19528,43.93794],[2.19501,43.93861],[2.1943,43.93889],[2.19389,43.93936],[2.19281,43.93987],[2.19243,43.94028],[2.19203,43.94098],[2.19102,43.94187],[2.19015,43.94207],[2.19002,43.94231],[2.18986,43.94242],[2.18878,43.94248],[2.18852,43.94261],[2.1881,43.94244],[2.18749,43.94236],[2.18677,43.94197],[2.18567,43.94224],[2.18603,43.94259],[2.18648,43.94325],[2.18928,43.94818],[2.19129,43.95056],[2.19227,43.95138],[2.19321,43.95179],[2.1939,43.95187],[2.19492,43.95171],[2.19528,43.95235],[2.19526,43.95251],[2.19546,43.95296],[2.19563,43.95376],[2.19581,43.95413],[2.19574,43.95459],[2.19591,43.95485],[2.19586,43.95506],[2.19626,43.95566],[2.19644,43.95612],[2.19641,43.95655],[2.19651,43.95703],[2.19725,43.95779],[2.19767,43.95847],[2.19837,43.95909],[2.19913,43.96043],[2.1996,43.96053],[2.19977,43.96094],[2.19981,43.96165],[2.19991,43.96185],[2.2001,43.96196],[2.20088,43.96215],[2.201,43.96226],[2.20071,43.96326],[2.19975,43.96372],[2.19852,43.96411],[2.19783,43.96478],[2.19734,43.96496],[2.19727,43.96528],[2.19666,43.96602],[2.19674,43.96648],[2.19704,43.9667],[2.19757,43.96681],[2.19837,43.96681],[2.19916,43.96651],[2.19963,43.9666],[2.19979,43.96684],[2.19968,43.9676],[2.2009,43.96892],[2.20172,43.96952],[2.20207,43.96959],[2.20358,43.96964],[2.20481,43.96956],[2.20526,43.96959],[2.20975,43.97136],[2.21313,43.97187],[2.21377,43.9721],[2.21453,43.97272],[2.21476,43.97319],[2.21468,43.97355],[2.21428,43.97418],[2.21429,43.97455],[2.21661,43.97808],[2.21577,43.97949],[2.21468,43.98066],[2.21409,43.98112],[2.21346,43.982],[2.21336,43.98229],[2.21283,43.98295],[2.2123,43.9834],[2.21125,43.98498],[2.21089,43.98534],[2.21028,43.98568],[2.20911,43.9866],[2.20881,43.98666],[2.20895,43.98711],[2.20885,43.98758],[2.20904,43.98792],[2.21003,43.98834],[2.21049,43.9886],[2.21074,43.98884],[2.21099,43.98889],[2.21121,43.98885],[2.21134,43.98917],[2.21127,43.98946],[2.21101,43.98975],[2.21102,43.98996],[2.21119,43.99026],[2.21159,43.99055],[2.21169,43.99071],[2.21087,43.99257],[2.21092,43.99305],[2.21053,43.99341],[2.21062,43.99365],[2.21098,43.99387],[2.21095,43.99397],[2.21054,43.99426],[2.21091,43.99459],[2.21093,43.99483],[2.21061,43.99548],[2.21004,43.99584],[2.20995,43.99598],[2.20993,43.99668],[2.20957,43.99691],[2.20883,43.99706],[2.20789,43.9976],[2.20744,43.99799],[2.20711,43.9986],[2.20657,43.99907],[2.20621,43.9997],[2.20598,44.00029],[2.20594,44.00122],[2.20547,44.00252],[2.2057,44.00366],[2.20568,44.00445],[2.2059,44.00505],[2.20567,44.00547],[2.20496,44.00606],[2.20473,44.00644],[2.20356,44.00746],[2.20347,44.00916],[2.20317,44.01031],[2.20306,44.01124],[2.20256,44.01239],[2.20281,44.01299],[2.20288,44.01421],[2.20353,44.01508],[2.2043,44.01529],[2.20572,44.01555],[2.20666,44.01598],[2.20421,44.0166],[2.2033,44.01693],[2.20359,44.01724],[2.20541,44.01867],[2.20784,44.02003],[2.20772,44.02055],[2.20722,44.02107],[2.20692,44.02157],[2.2068,44.02207],[2.20665,44.02229],[2.20823,44.02257],[2.21195,44.02356],[2.21248,44.02422],[2.21427,44.02545],[2.21352,44.02608],[2.21261,44.02634],[2.21237,44.02693],[2.21218,44.02712],[2.21095,44.02775],[2.2101,44.02834],[2.20894,44.02939],[2.20715,44.03027],[2.20691,44.03049],[2.20687,44.03066],[2.20727,44.03133],[2.2072,44.03155],[2.20665,44.03181],[2.20584,44.03196],[2.20783,44.03251],[2.20827,44.03345],[2.20829,44.0339],[2.20849,44.03421],[2.21087,44.03541],[2.21045,44.03649],[2.2096,44.04048],[2.20892,44.0415],[2.2094,44.04202],[2.20967,44.04278],[2.21023,44.04331],[2.20958,44.04393],[2.20932,44.04445],[2.20918,44.04521],[2.20929,44.04667],[2.2092,44.047],[2.20859,44.04787],[2.20848,44.04817],[2.2085,44.04859],[2.20869,44.0491],[2.20888,44.04939],[2.20901,44.04945],[2.20931,44.05031],[2.20984,44.05072],[2.21193,44.05167],[2.21218,44.05172],[2.2127,44.05166],[2.21326,44.05177],[2.21396,44.05166],[2.21496,44.05173],[2.21557,44.05201],[2.21591,44.05225],[2.21641,44.05242],[2.21666,44.05242],[2.21698,44.05261],[2.21748,44.05261],[2.21809,44.0529],[2.21873,44.05372],[2.21927,44.05402],[2.2199,44.05477],[2.22027,44.05499],[2.21977,44.05555],[2.21974,44.0563],[2.21916,44.05676],[2.21824,44.05845],[2.21925,44.05857],[2.22096,44.05842],[2.22299,44.0584],[2.22255,44.05962],[2.22208,44.06009],[2.2207,44.06103],[2.21869,44.06267],[2.21715,44.0642],[2.21592,44.0637],[2.21538,44.06362],[2.21393,44.0639],[2.21343,44.06388],[2.2121,44.06322],[2.21165,44.0623],[2.21307,44.06093],[2.21405,44.05982],[2.21413,44.05937],[2.21403,44.05853],[2.21254,44.0586],[2.21125,44.0585],[2.20924,44.05819],[2.20696,44.0576],[2.20594,44.058],[2.20391,44.05856],[2.20306,44.0589],[2.20285,44.05907],[2.20152,44.05933],[2.19897,44.06047],[2.19247,44.06305],[2.19202,44.06339],[2.18982,44.06592],[2.18847,44.06696],[2.18921,44.06674],[2.19017,44.06671],[2.19058,44.0668],[2.19088,44.06715],[2.19056,44.06755],[2.19005,44.06767],[2.18969,44.06788],[2.18912,44.06844],[2.18947,44.06905],[2.1887,44.07013],[2.18842,44.07093],[2.18845,44.0713],[2.18808,44.07148],[2.18466,44.0724],[2.18353,44.07305],[2.18256,44.07379],[2.18211,44.0739],[2.18358,44.07465],[2.1835,44.07476],[2.1832,44.07489],[2.18292,44.07489],[2.18006,44.07445],[2.17898,44.07405],[2.17883,44.07365],[2.1774,44.0731],[2.1766,44.07292],[2.17416,44.07259],[2.17302,44.07223],[2.17275,44.07315],[2.17103,44.07293],[2.17007,44.07312],[2.16965,44.07326],[2.16832,44.07411],[2.16794,44.07473],[2.16779,44.07515],[2.16687,44.07617],[2.16655,44.07699],[2.16594,44.0779],[2.16579,44.07881],[2.16561,44.07918],[2.16434,44.08037],[2.16423,44.08066],[2.16365,44.08062],[2.16289,44.08089],[2.16087,44.08117],[2.16015,44.0811],[2.15953,44.0812],[2.1557,44.08067],[2.15559,44.08037],[2.15477,44.08038],[2.15434,44.08062],[2.15404,44.08123],[2.15359,44.08155],[2.15278,44.08158],[2.1524,44.08117],[2.1501,44.08133],[2.14952,44.08128],[2.14883,44.08092],[2.1482,44.08092],[2.14753,44.08106],[2.14622,44.08161],[2.14533,44.08181],[2.14571,44.08223],[2.14486,44.08244],[2.14371,44.08222],[2.14372,44.08197],[2.14323,44.08196],[2.14285,44.08181],[2.14004,44.0819],[2.13941,44.08207],[2.13733,44.0831],[2.13669,44.08321],[2.13677,44.08397],[2.13428,44.08374],[2.13379,44.0831],[2.13354,44.08292],[2.13192,44.08274],[2.13122,44.08241],[2.13053,44.08139],[2.13061,44.08119],[2.13018,44.08084],[2.12949,44.08003],[2.12461,44.08029],[2.12449,44.08128],[2.12455,44.08209],[2.12479,44.08323],[2.12511,44.08378],[2.12492,44.08402],[2.12419,44.08437],[2.12299,44.08455],[2.12077,44.0845],[2.11986,44.08428],[2.11915,44.08385],[2.11873,44.08376],[2.11793,44.08385],[2.11759,44.08399],[2.11706,44.08357],[2.11594,44.08245],[2.11586,44.08149],[2.11628,44.07979],[2.11655,44.07963],[2.11371,44.08007],[2.11342,44.08003],[2.11256,44.08112],[2.11187,44.0823],[2.11206,44.08338],[2.11223,44.08396],[2.11254,44.08449],[2.11223,44.08467],[2.11156,44.08566],[2.1111,44.08595],[2.11053,44.08582],[2.10947,44.08575],[2.10852,44.08594],[2.10819,44.08622],[2.10811,44.08646],[2.10829,44.08673],[2.10874,44.08711],[2.10896,44.08749],[2.10894,44.08782],[2.10862,44.0884],[2.1079,44.08902],[2.10693,44.08937],[2.10576,44.08961],[2.10402,44.08983],[2.10361,44.08981],[2.1034,44.08958],[2.10333,44.08931],[2.10252,44.08918],[2.10244,44.08912],[2.10245,44.08888],[2.10284,44.08801],[2.10288,44.0877],[2.10278,44.08728],[2.1024,44.08698],[2.10146,44.08675],[2.10118,44.08655],[2.10038,44.08488],[2.10015,44.08469],[2.09963,44.08506],[2.09947,44.08552],[2.09909,44.08605],[2.09934,44.08645],[2.09939,44.08673],[2.09934,44.08748],[2.09909,44.08848],[2.09973,44.09119],[2.10008,44.09465],[2.10038,44.09513],[2.10072,44.09635],[2.10042,44.09764],[2.10047,44.09878],[2.10107,44.10076],[2.10293,44.10354],[2.1037,44.10422],[2.1035,44.10562],[2.10323,44.10614],[2.10344,44.10704],[2.10332,44.10783],[2.10321,44.10794],[2.1031,44.10944],[2.10294,44.10981],[2.10318,44.11023],[2.10346,44.11144],[2.10369,44.11402],[2.10443,44.11549],[2.10187,44.11879],[2.10095,44.12026],[2.10083,44.12074],[2.10087,44.12186],[2.10075,44.12256],[2.10101,44.12443],[2.10032,44.12452],[2.09981,44.12411],[2.09952,44.12418],[2.09948,44.12431],[2.09965,44.12473],[2.09899,44.12672],[2.09755,44.12846],[2.09695,44.13011],[2.09531,44.13149],[2.09491,44.13144],[2.09287,44.13161],[2.09201,44.13156],[2.09173,44.13144],[2.09156,44.13112],[2.09194,44.1305],[2.09202,44.13023],[2.09196,44.12986],[2.0911,44.12907],[2.09091,44.12805],[2.09065,44.12786],[2.09037,44.12785],[2.09018,44.12792],[2.08889,44.12885],[2.08792,44.12912],[2.08706,44.12912],[2.08549,44.12878],[2.08418,44.12884],[2.0839,44.12877],[2.08388,44.12838],[2.08432,44.12765],[2.08434,44.12746],[2.08429,44.12728],[2.08389,44.12696],[2.08475,44.12634],[2.08508,44.12569],[2.08562,44.12532],[2.086,44.1252],[2.08666,44.12524],[2.08731,44.12518],[2.08766,44.125],[2.0883,44.12441],[2.08877,44.12369],[2.08932,44.12316],[2.08994,44.12305],[2.09037,44.12314],[2.09198,44.12381],[2.09256,44.1237],[2.09292,44.12336],[2.09294,44.12301],[2.09262,44.12213],[2.09239,44.12181],[2.09199,44.12148],[2.09206,44.12109],[2.0919,44.12055],[2.09186,44.11973],[2.09147,44.11893],[2.08988,44.11825],[2.08902,44.11742],[2.08819,44.11694],[2.08762,44.11622],[2.08691,44.11576],[2.08575,44.11474],[2.08317,44.11285],[2.08241,44.11206],[2.08118,44.11219],[2.08142,44.11154],[2.08185,44.10959],[2.08036,44.10904],[2.07803,44.10787],[2.07552,44.10704],[2.07433,44.10655],[2.07345,44.10635],[2.07248,44.10563],[2.07239,44.10542],[2.07034,44.10451],[2.07007,44.10419],[2.06975,44.10268],[2.06967,44.10201],[2.06984,44.10164],[2.06912,44.10107],[2.07036,44.10008],[2.07112,44.09981],[2.07115,44.09909],[2.07128,44.09879],[2.07207,44.09812],[2.0733,44.09739],[2.07367,44.09656],[2.07418,44.09588],[2.07497,44.09546],[2.076,44.09508],[2.0771,44.09446],[2.07778,44.09397],[2.0783,44.09348],[2.07879,44.09271],[2.07928,44.09313],[2.07971,44.09373],[2.07988,44.0947],[2.08021,44.09543],[2.08097,44.0966],[2.08133,44.09684],[2.08192,44.09755],[2.08207,44.09808],[2.08203,44.09859],[2.08124,44.10007],[2.08066,44.10064],[2.08045,44.10205],[2.08135,44.1022],[2.08375,44.10341],[2.08426,44.10359],[2.08556,44.1028],[2.08536,44.10183],[2.08533,44.10043],[2.08403,44.09792],[2.08341,44.09589],[2.08323,44.09486],[2.08421,44.09404],[2.08497,44.09261],[2.08439,44.09009],[2.08466,44.08699],[2.08511,44.08571],[2.08595,44.08432],[2.0857,44.08401],[2.08603,44.0836],[2.08608,44.08277],[2.08617,44.08255],[2.08651,44.08222],[2.08704,44.08055],[2.08577,44.0803],[2.08513,44.08046],[2.08343,44.08047],[2.08332,44.0804],[2.08329,44.08005],[2.0837,44.07956],[2.08388,44.07918],[2.08364,44.0789],[2.08312,44.07874],[2.08305,44.07842],[2.08288,44.07824],[2.08301,44.07741],[2.0829,44.07707],[2.08276,44.077],[2.08269,44.07663],[2.08156,44.07578],[2.08146,44.07562],[2.08142,44.07509],[2.0809,44.07475],[2.08062,44.07421],[2.07974,44.07347],[2.0792,44.07319],[2.07777,44.07295],[2.07644,44.07246],[2.0761,44.07244],[2.0751,44.07286],[2.07359,44.07308],[2.07341,44.07304],[2.07308,44.0726],[2.07285,44.07242],[2.0716,44.07177],[2.07099,44.07161],[2.07034,44.07169],[2.06994,44.07194],[2.06863,44.07321],[2.06725,44.07484],[2.06716,44.07511],[2.06719,44.07597],[2.06706,44.07625],[2.06687,44.07643],[2.06563,44.07706],[2.06513,44.07702],[2.06452,44.07656],[2.06428,44.07573],[2.06371,44.07529],[2.06351,44.07497],[2.0634,44.07449],[2.06306,44.0742],[2.06165,44.07277],[2.06097,44.07236],[2.06041,44.07181],[2.05946,44.07121],[2.05928,44.0708],[2.05897,44.07067],[2.05786,44.07079],[2.05651,44.07066],[2.05601,44.07069],[2.05543,44.07085],[2.05484,44.07129],[2.05389,44.07122],[2.05308,44.07156],[2.05145,44.07173],[2.05065,44.07125],[2.04942,44.07073],[2.04875,44.07021],[2.0483,44.06957],[2.0486,44.06924],[2.04846,44.06904],[2.04856,44.06896],[2.04876,44.06895],[2.04879,44.06873],[2.04909,44.06883],[2.04974,44.0686],[2.05004,44.06843],[2.05005,44.06823],[2.05026,44.06812],[2.05125,44.06785],[2.05149,44.06772],[2.05172,44.06736],[2.05153,44.0669],[2.05154,44.06647],[2.05172,44.06625],[2.05323,44.06513],[2.04692,44.06371],[2.04622,44.0629],[2.04518,44.06217],[2.04481,44.06171],[2.04376,44.06073],[2.04334,44.06017],[2.04333,44.0592],[2.04279,44.05861],[2.04272,44.0584],[2.04297,44.05769],[2.04295,44.05653],[2.04337,44.05432],[2.03958,44.05451],[2.03946,44.05419],[2.03923,44.05396],[2.0376,44.05283],[2.03618,44.05465],[2.03573,44.05494],[2.03497,44.05619],[2.03469,44.05756],[2.03426,44.05769],[2.03396,44.05768],[2.03277,44.05848],[2.0322,44.05898],[2.03126,44.05921],[2.03082,44.05981],[2.03098,44.06024],[2.03096,44.06045],[2.0297,44.06095],[2.0265,44.06047],[2.0249,44.06054],[2.02449,44.06066],[2.02432,44.0609],[2.02434,44.06112],[2.02313,44.06163],[2.02036,44.06201],[2.01998,44.06199],[2.02071,44.06268],[2.02132,44.06309],[2.02188,44.06313],[2.02257,44.06336],[2.02301,44.06367],[2.02399,44.06477],[2.02399,44.0649],[2.02354,44.06473],[2.01943,44.06484],[2.01561,44.06531],[2.01326,44.06577],[2.01091,44.06614],[2.00915,44.06613],[2.00819,44.06655],[2.00741,44.0667],[2.00637,44.06748],[2.00588,44.0675],[2.00541,44.06738],[2.00426,44.06763],[2.00183,44.06564],[2.00136,44.06281],[2.00135,44.06199],[2.00075,44.05898],[1.99843,44.05971],[1.99463,44.06149],[1.99327,44.06187],[1.99242,44.06197],[1.99154,44.06196],[1.98979,44.06163],[1.98822,44.06142],[1.98573,44.06155],[1.98369,44.06189],[1.98242,44.06202],[1.98053,44.06256],[1.97914,44.06263],[1.97823,44.0628],[1.97608,44.06284],[1.97595,44.0629],[1.97447,44.06285],[1.96983,44.06247],[1.96797,44.06238],[1.96676,44.06243],[1.96626,44.06255],[1.96456,44.0627],[1.9642,44.0626],[1.96354,44.06273],[1.96291,44.063],[1.96227,44.06376],[1.96138,44.06512],[1.96016,44.0673],[1.95957,44.06804],[1.9596,44.06825],[1.95919,44.06839],[1.95793,44.0691],[1.95775,44.06933],[1.95774,44.06978],[1.95817,44.07028],[1.95859,44.07026],[1.96027,44.07075],[1.96146,44.07095],[1.96198,44.07068],[1.96182,44.06939],[1.96199,44.069],[1.96228,44.06876],[1.9627,44.06875],[1.96344,44.06921],[1.96384,44.06936],[1.96446,44.06936],[1.96504,44.06918],[1.96552,44.06911],[1.96692,44.06936],[1.96672,44.06957],[1.9666,44.07174],[1.9672,44.07319],[1.96782,44.07576],[1.96805,44.0772],[1.96796,44.08233],[1.9659,44.08255],[1.96595,44.08363],[1.96601,44.08372],[1.96651,44.08377],[1.96663,44.08399],[1.96817,44.08322],[1.96841,44.08328],[1.96995,44.08422],[1.97045,44.08468],[1.9717,44.08481],[1.9723,44.08538],[1.97268,44.08533],[1.97291,44.0851],[1.97618,44.08573],[1.97681,44.0856],[1.97794,44.0852],[1.97867,44.08515],[1.97945,44.08529],[1.98003,44.08556],[1.98005,44.08582],[1.98028,44.08612],[1.97992,44.08672],[1.97979,44.08742],[1.9798,44.08943],[1.98001,44.0902],[1.98028,44.09047],[1.9803,44.09074],[1.98002,44.09174],[1.97959,44.0925],[1.97958,44.0932],[1.9797,44.0935],[1.98009,44.09376],[1.98034,44.09414],[1.98068,44.09441],[1.98084,44.09533],[1.98194,44.09611],[1.98182,44.09654],[1.98201,44.09668],[1.98207,44.09686],[1.98247,44.09732],[1.9832,44.09769],[1.9836,44.09805],[1.98449,44.09853],[1.98487,44.0991],[1.9852,44.09925],[1.98532,44.09982],[1.9855,44.09989],[1.9857,44.10022],[1.98614,44.10048],[1.98666,44.10096],[1.98754,44.10224],[1.98841,44.10283],[1.98874,44.10325],[1.98988,44.10382],[1.98957,44.10389],[1.98918,44.10418],[1.98909,44.10435],[1.9895,44.10558],[1.98889,44.10636],[1.98837,44.10655],[1.98714,44.10757],[1.98683,44.10811],[1.98621,44.10788],[1.98485,44.10836],[1.98417,44.10841],[1.98308,44.10904],[1.98209,44.10848],[1.98184,44.1084],[1.98142,44.10842],[1.98087,44.10896],[1.97982,44.10969],[1.97895,44.11065],[1.97805,44.11103],[1.97773,44.11126],[1.97687,44.11233],[1.97628,44.11291],[1.97578,44.11337],[1.97506,44.11385],[1.97416,44.11434],[1.97323,44.11466],[1.97071,44.1152],[1.97042,44.11568],[1.97005,44.11718],[1.96884,44.11937],[1.96872,44.12101],[1.96882,44.12134],[1.96855,44.12177],[1.96838,44.12188],[1.96865,44.12279],[1.96875,44.12287],[1.9686,44.12308],[1.96812,44.12299],[1.96785,44.12314],[1.96679,44.12298],[1.96603,44.12325],[1.96548,44.12317],[1.96521,44.12328],[1.96482,44.12302],[1.9642,44.1228],[1.96325,44.12293],[1.96305,44.12308],[1.96275,44.12312],[1.96262,44.12306],[1.96259,44.12283],[1.96245,44.12277],[1.96168,44.12292],[1.9608,44.12296],[1.95978,44.12271],[1.95903,44.12263],[1.95807,44.12273],[1.95772,44.12286],[1.95717,44.12283],[1.95658,44.12276],[1.95651,44.12254],[1.95631,44.12251],[1.95587,44.12266],[1.95567,44.12293],[1.95561,44.12326],[1.95542,44.1234],[1.95476,44.12341],[1.95385,44.12322],[1.95341,44.12286],[1.95307,44.12272],[1.95195,44.12254],[1.95134,44.12252],[1.95114,44.1226],[1.95054,44.12254],[1.95028,44.12242],[1.95008,44.12251],[1.94981,44.12252],[1.9498,44.12239],[1.94958,44.12236],[1.94954,44.12229],[1.94944,44.12187],[1.94904,44.12167],[1.94885,44.12171],[1.94881,44.12186],[1.94872,44.12188],[1.94823,44.1218],[1.94758,44.12184],[1.94745,44.12172],[1.94686,44.12156],[1.94618,44.12152],[1.94573,44.12142],[1.94479,44.12101],[1.94411,44.12084],[1.9434,44.12081],[1.94312,44.1209],[1.9409,44.12073],[1.93921,44.11999],[1.93891,44.11999],[1.93816,44.12029],[1.93743,44.12026],[1.93674,44.1201],[1.93643,44.11992],[1.93627,44.11981],[1.93602,44.11926],[1.93578,44.11922],[1.93537,44.11894],[1.93432,44.11887],[1.93322,44.11902],[1.93281,44.11892],[1.93269,44.11876],[1.93251,44.11881],[1.93225,44.11874],[1.93185,44.11846],[1.93184,44.11821],[1.93163,44.11814],[1.93158,44.11803],[1.9308,44.11799],[1.93028,44.11787],[1.92963,44.1179],[1.92896,44.11781],[1.92824,44.11806],[1.92742,44.11804],[1.92672,44.11816],[1.92635,44.11831],[1.92492,44.11853],[1.92417,44.11907],[1.92321,44.11923],[1.92298,44.1192],[1.9228,44.11891],[1.92168,44.11864],[1.92089,44.11835],[1.91849,44.11829],[1.91769,44.11842],[1.91701,44.11864],[1.91684,44.11847],[1.9167,44.11848],[1.91638,44.11891],[1.91586,44.11918],[1.91572,44.11937],[1.91482,44.11947],[1.91438,44.11939],[1.91398,44.1192],[1.9126,44.11906],[1.91246,44.11918],[1.91209,44.11923],[1.91201,44.11939],[1.91131,44.11947],[1.91096,44.1196],[1.91027,44.11956],[1.91007,44.11963],[1.90986,44.11957],[1.90967,44.11965],[1.90949,44.11961],[1.90929,44.11981],[1.90904,44.11973],[1.90894,44.12036],[1.90852,44.12143],[1.90853,44.12179],[1.90869,44.12226],[1.90864,44.12294],[1.90814,44.12376],[1.90742,44.12439],[1.90728,44.12476],[1.90711,44.12598],[1.90759,44.12616],[1.90717,44.1263],[1.90605,44.12648],[1.90545,44.12648],[1.90478,44.1268],[1.90349,44.12691],[1.90313,44.12708],[1.90242,44.12773],[1.90096,44.12853],[1.89996,44.12947],[1.89968,44.13024],[1.89859,44.13216],[1.89782,44.13295],[1.89748,44.13353],[1.89724,44.13376],[1.89772,44.134],[1.89852,44.13293],[1.89955,44.13226],[1.90057,44.1319],[1.90289,44.13139],[1.90346,44.13105],[1.90426,44.13013],[1.9046,44.12991],[1.90518,44.12977],[1.90585,44.12979],[1.90698,44.13013],[1.90774,44.13051],[1.91049,44.13205],[1.91188,44.13292],[1.9126,44.13366],[1.91305,44.13389],[1.91325,44.13518],[1.91342,44.13544],[1.91397,44.13592],[1.91444,44.13612],[1.91565,44.13671],[1.91675,44.13766],[1.91751,44.1385],[1.91791,44.13951],[1.91885,44.14069],[1.91924,44.14114],[1.91941,44.1415],[1.91937,44.14175],[1.91894,44.14193],[1.91798,44.14205],[1.91643,44.14211],[1.9156,44.14203],[1.91452,44.14183],[1.91382,44.14183],[1.91337,44.14199],[1.91305,44.14234],[1.91251,44.14241],[1.91236,44.14284],[1.91236,44.1441],[1.91208,44.1447],[1.91093,44.1458],[1.90992,44.14739],[1.90797,44.14947],[1.9072,44.15016],[1.9064,44.15068],[1.90269,44.15261],[1.90127,44.15313],[1.90021,44.15342],[1.8976,44.15387],[1.89696,44.15383],[1.89579,44.1535],[1.89544,44.15335],[1.89482,44.15339],[1.89452,44.15405],[1.89451,44.15447],[1.89469,44.15545],[1.89609,44.15731],[1.89658,44.15786],[1.89678,44.1584],[1.89802,44.15928],[1.89979,44.16009],[1.90342,44.16129],[1.90698,44.16279],[1.90893,44.16339],[1.91067,44.16382],[1.91198,44.16396],[1.91372,44.16379],[1.91675,44.16334],[1.91908,44.16313],[1.91974,44.16303],[1.92033,44.16278],[1.92154,44.16191],[1.92375,44.16011],[1.92403,44.15963],[1.92408,44.15911],[1.9243,44.15882],[1.92556,44.15801],[1.92712,44.15747],[1.92889,44.15734],[1.93045,44.15697],[1.93113,44.15672],[1.93279,44.15585],[1.93557,44.15429],[1.93726,44.15309],[1.93759,44.15265],[1.93775,44.15222],[1.93781,44.14968],[1.93798,44.14916],[1.93909,44.14806],[1.9396,44.14772],[1.94006,44.14753],[1.94324,44.14653],[1.94475,44.14627],[1.94617,44.14637],[1.9471,44.14663],[1.9478,44.14697],[1.94865,44.14771],[1.94992,44.1493],[1.95079,44.15058],[1.95108,44.15083],[1.95165,44.15114],[1.95235,44.15122],[1.95295,44.15106],[1.95318,44.15091],[1.95413,44.15001],[1.95636,44.14896],[1.9603,44.14745],[1.96186,44.14655],[1.96449,44.14546],[1.96587,44.14458],[1.96772,44.14384],[1.96917,44.14293],[1.9701,44.14261],[1.97064,44.1426],[1.97154,44.14273],[1.9765,44.14496],[1.97712,44.1453],[1.97882,44.14644],[1.97966,44.1471],[1.98019,44.14778],[1.98041,44.14832],[1.98058,44.14893],[1.98059,44.1498],[1.98013,44.15045],[1.97966,44.15188],[1.97961,44.15228],[1.97972,44.1529],[1.98067,44.15444],[1.9811,44.15498],[1.98242,44.15631],[1.98288,44.15663],[1.9833,44.1568],[1.98396,44.15686],[1.9845,44.15683],[1.98497,44.15672],[1.98532,44.15653],[1.98577,44.15588],[1.98614,44.15486],[1.98621,44.15404],[1.98607,44.15346],[1.98409,44.15171],[1.98388,44.15142],[1.98384,44.15055],[1.98397,44.15021],[1.98443,44.14958],[1.98465,44.14938],[1.98518,44.14913],[1.9863,44.14897],[1.98759,44.14908],[1.99017,44.14949],[1.99149,44.14979],[1.99347,44.1505],[1.99442,44.15066],[1.99552,44.15095],[1.99628,44.15106],[1.99698,44.15107],[1.999,44.15088],[2.00164,44.15079],[2.00295,44.15096],[2.00378,44.15118],[2.00586,44.15177],[2.00825,44.15278],[2.00935,44.15308],[2.01109,44.15377],[2.01393,44.15467],[2.01582,44.15465],[2.01688,44.15499],[2.0172,44.15501],[2.02075,44.15457],[2.02352,44.15481],[2.02428,44.15495],[2.02657,44.15572],[2.02988,44.15702],[2.03047,44.15738],[2.03076,44.15764],[2.03108,44.15818],[2.03129,44.15894],[2.03137,44.15981],[2.03114,44.16016],[2.031,44.16075],[2.03103,44.16098],[2.03077,44.16174],[2.03043,44.16213],[2.02978,44.16266],[2.02919,44.16301],[2.02791,44.16353],[2.02743,44.16382],[2.027,44.16436],[2.02685,44.16476],[2.02682,44.16639],[2.0269,44.1668],[2.02745,44.16768],[2.02815,44.16828],[2.02896,44.16872],[2.02992,44.16889],[2.03374,44.16852],[2.03422,44.16841],[2.03493,44.1685],[2.0359,44.16851],[2.03816,44.16811],[2.03895,44.16805],[2.03942,44.16808],[2.04043,44.16836],[2.04302,44.16967],[2.04445,44.1702],[2.0477,44.17124],[2.04815,44.1713],[2.04866,44.17147],[2.04998,44.17156],[2.05143,44.17113],[2.05276,44.17108],[2.05431,44.1718],[2.05719,44.17231],[2.05841,44.1724],[2.05898,44.17232],[2.05987,44.17251],[2.06021,44.17285],[2.06037,44.17323],[2.06023,44.17412],[2.05966,44.17544],[2.05936,44.17645],[2.0595,44.17664],[2.05827,44.17803],[2.05559,44.18015],[2.05411,44.18203],[2.05275,44.18286],[2.05226,44.18341],[2.05209,44.18388],[2.05195,44.18499],[2.05174,44.18549],[2.05125,44.18613],[2.05112,44.1869],[2.05093,44.18726],[2.05119,44.18795],[2.05164,44.18853],[2.05252,44.1889],[2.05643,44.18985],[2.05718,44.18996],[2.0582,44.19001],[2.05917,44.18988],[2.05995,44.18966],[2.06119,44.18918],[2.06224,44.18913],[2.06309,44.18924],[2.06494,44.18964],[2.0665,44.19015],[2.06725,44.19013],[2.06779,44.19002],[2.06883,44.1897],[2.06934,44.18942],[2.06966,44.18902],[2.06976,44.1887],[2.06975,44.18826],[2.06959,44.18785],[2.06885,44.18699],[2.0687,44.18651],[2.06875,44.18595],[2.06922,44.18477],[2.06954,44.18429],[2.06971,44.18415],[2.07114,44.18357],[2.07416,44.18254],[2.07619,44.18099],[2.07751,44.18026],[2.07879,44.17999],[2.0799,44.17996],[2.08033,44.17988],[2.08125,44.1801],[2.08261,44.18091],[2.0828,44.1811],[2.08294,44.18144],[2.08291,44.18238],[2.08357,44.18331],[2.0848,44.18456],[2.08584,44.1853],[2.08663,44.18559],[2.08782,44.1859],[2.09098,44.18649],[2.0915,44.18687],[2.09172,44.18725],[2.09208,44.18833],[2.09221,44.1885],[2.09253,44.18868],[2.09362,44.18888],[2.09475,44.18895],[2.09561,44.18883],[2.09651,44.1885],[2.09666,44.1882],[2.09659,44.18765],[2.09613,44.18715],[2.09427,44.18562],[2.09374,44.18499],[2.09368,44.18472],[2.09384,44.18423],[2.09428,44.1837],[2.09462,44.18353],[2.09657,44.18308],[2.09791,44.18268],[2.09834,44.1824],[2.09848,44.18217],[2.09852,44.18187],[2.09839,44.18126],[2.0975,44.18003],[2.09665,44.17838],[2.09549,44.1771],[2.095,44.17679],[2.09439,44.17622],[2.094,44.17564],[2.09404,44.17519],[2.09426,44.17478],[2.09494,44.17437],[2.09551,44.17423],[2.09628,44.1743],[2.09667,44.17451],[2.09699,44.17482],[2.0977,44.17591],[2.09771,44.17682],[2.09782,44.17718],[2.09836,44.1776],[2.09954,44.17799],[2.10179,44.17837],[2.10452,44.17972],[2.10561,44.18049],[2.1068,44.18084],[2.10724,44.18107],[2.10777,44.18181],[2.10789,44.18232],[2.10791,44.18301],[2.10777,44.18373],[2.10738,44.18425],[2.10682,44.18477],[2.10637,44.18546],[2.10607,44.18678],[2.10615,44.18831],[2.10576,44.18943],[2.105,44.19027],[2.10392,44.19098],[2.10327,44.19154],[2.10314,44.1918],[2.1031,44.19223],[2.10339,44.1926],[2.10451,44.19367],[2.10488,44.19395],[2.1057,44.1943],[2.10645,44.19451],[2.1101,44.19514],[2.11328,44.19555],[2.11444,44.19594],[2.11531,44.19608],[2.11834,44.1962],[2.12024,44.19615],[2.1212,44.19621],[2.12352,44.19614],[2.12493,44.19599],[2.12598,44.19598],[2.1273,44.19583],[2.12801,44.19595],[2.12855,44.19578],[2.12877,44.1958],[2.12949,44.19609],[2.13028,44.19654],[2.13105,44.19714],[2.1317,44.1991],[2.13299,44.20067],[2.1333,44.20087],[2.13365,44.20095],[2.1352,44.20102],[2.13646,44.20078],[2.13669,44.20061],[2.13706,44.19995],[2.1374,44.19979],[2.1379,44.19972],[2.13886,44.19991],[2.14023,44.20054],[2.1412,44.20116],[2.14239,44.20148],[2.14372,44.20129],[2.1449,44.2005],[2.14539,44.20037],[2.14586,44.20034],[2.14646,44.20047],[2.14733,44.20089],[2.14781,44.20097],[2.14847,44.2009],[2.14926,44.2006],[2.14987,44.20021],[2.15085,44.19877],[2.15128,44.19849],[2.1524,44.19809],[2.15284,44.19781],[2.15315,44.19743],[2.15332,44.19685],[2.153,44.19559],[2.15252,44.19456],[2.15127,44.19275],[2.15087,44.19236],[2.1507,44.19165],[2.15089,44.19112],[2.15179,44.19062],[2.15197,44.19032],[2.15415,44.18969],[2.15537,44.18964],[2.15672,44.1899],[2.15905,44.18937],[2.16071,44.18882],[2.16167,44.18825],[2.16209,44.18773],[2.1622,44.18705],[2.16199,44.18673],[2.16156,44.18657],[2.16028,44.18651],[2.15912,44.18655],[2.15849,44.18641],[2.15782,44.18612],[2.15691,44.18537],[2.15544,44.18397],[2.15492,44.18375],[2.15423,44.18308],[2.15387,44.18187],[2.15403,44.18145],[2.15423,44.18123],[2.15533,44.18047],[2.15601,44.18026],[2.15767,44.17954],[2.15781,44.17924],[2.15799,44.17917],[2.15962,44.17903],[2.16031,44.17889],[2.16086,44.17877],[2.16123,44.17849],[2.16176,44.1784],[2.16288,44.17835],[2.16349,44.17824],[2.16429,44.17824],[2.16528,44.17841],[2.16806,44.17959],[2.16991,44.18025],[2.1745,44.18095],[2.17505,44.18096],[2.17559,44.18088],[2.1758,44.18075],[2.17631,44.18008],[2.17684,44.1797],[2.17753,44.1794],[2.1782,44.17927],[2.17983,44.17913],[2.18105,44.1788],[2.18243,44.17791],[2.18261,44.17767],[2.18273,44.1773],[2.18273,44.17564],[2.1824,44.1743],[2.18209,44.17374],[2.18163,44.17325],[2.18059,44.17237],[2.18029,44.17166],[2.18027,44.17131],[2.18037,44.17111],[2.18076,44.17072],[2.18186,44.17027],[2.18252,44.17012],[2.18426,44.17002],[2.18498,44.16976],[2.18545,44.16944],[2.18569,44.16922],[2.18626,44.16764],[2.18653,44.16724],[2.18648,44.16693],[2.18656,44.16677],[2.18715,44.16638],[2.18825,44.16588],[2.18915,44.16515],[2.18939,44.16481],[2.18976,44.16396],[2.19038,44.16303],[2.191,44.1624],[2.19153,44.16208],[2.19197,44.16203],[2.19355,44.16245],[2.1942,44.16256],[2.19482,44.16258],[2.1952,44.16245],[2.19649,44.16229],[2.19666,44.16231],[2.19692,44.16248],[2.19736,44.16252],[2.19729,44.16288],[2.19699,44.1631],[2.19696,44.1633],[2.19704,44.16379],[2.19718,44.16401],[2.19769,44.16423],[2.19821,44.16426],[2.19865,44.1644],[2.19883,44.16466],[2.19889,44.16499],[2.19927,44.16543],[2.20059,44.16591],[2.20186,44.1661],[2.20201,44.16629],[2.20238,44.1665],[2.20237,44.16676],[2.20201,44.16727],[2.20197,44.16765],[2.20181,44.16798],[2.20188,44.16836],[2.20177,44.16886],[2.20187,44.16897],[2.20244,44.16926],[2.20288,44.16935],[2.20448,44.16952],[2.20566,44.17001],[2.20583,44.17013],[2.20586,44.17028],[2.20566,44.17051],[2.2053,44.17067],[2.20558,44.17122],[2.20572,44.17129],[2.20647,44.17138],[2.20727,44.17129],[2.2079,44.17106],[2.20837,44.17103],[2.20965,44.17055],[2.21018,44.17044],[2.2112,44.1698],[2.21183,44.16976],[2.21269,44.16994],[2.21318,44.1699],[2.21412,44.16929],[2.21475,44.16904],[2.21528,44.16865],[2.21655,44.16852],[2.21702,44.16862],[2.21751,44.16844],[2.218,44.16843],[2.21853,44.16789],[2.21929,44.16762],[2.21958,44.16787],[2.2197,44.1682],[2.22161,44.1679],[2.22177,44.16796],[2.22234,44.16846],[2.22255,44.16838],[2.22264,44.16824],[2.22334,44.16802],[2.22402,44.16828],[2.22478,44.16828],[2.22497,44.1682],[2.225,44.1673],[2.22482,44.16635],[2.22485,44.16609],[2.22719,44.16379],[2.22881,44.16265],[2.22917,44.16285],[2.22988,44.1619],[2.23117,44.16197],[2.23221,44.16228],[2.23287,44.16254],[2.23552,44.16385],[2.2358,44.16308],[2.23632,44.16056],[2.23665,44.15997],[2.23757,44.15875],[2.23732,44.15851],[2.23728,44.15801],[2.23713,44.15768],[2.23641,44.15724],[2.23548,44.15742],[2.23508,44.15733],[2.23463,44.15645],[2.23362,44.15546],[2.2328,44.15508],[2.23248,44.15461],[2.23237,44.15457],[2.23169,44.15482],[2.23078,44.15468],[2.22983,44.15486],[2.2295,44.15486],[2.22819,44.15438],[2.22748,44.15438],[2.22695,44.15426],[2.22665,44.15408],[2.22661,44.15393],[2.22674,44.15306],[2.22649,44.15296],[2.22536,44.15291],[2.22509,44.15271],[2.22486,44.15217],[2.22452,44.15215],[2.22383,44.15236],[2.22347,44.15239],[2.22321,44.15234],[2.22283,44.15198],[2.22192,44.15212],[2.22108,44.1517],[2.22049,44.1517],[2.21994,44.15187],[2.21968,44.15185],[2.21892,44.15118],[2.21867,44.15108],[2.21766,44.15097],[2.21715,44.15105],[2.21643,44.15104],[2.21571,44.15123],[2.21473,44.15184],[2.21454,44.15188],[2.2137,44.15191],[2.21316,44.15182],[2.21298,44.15171],[2.21272,44.15125],[2.21229,44.1509],[2.21211,44.15062],[2.21152,44.15021],[2.21197,44.15019],[2.21224,44.15025],[2.21253,44.15043],[2.21287,44.15047],[2.21357,44.15032],[2.21446,44.14996],[2.21493,44.14946],[2.21502,44.14923],[2.21467,44.14877],[2.21461,44.14845],[2.21469,44.14816],[2.21411,44.1466],[2.21372,44.14624],[2.21321,44.14598],[2.21037,44.14611],[2.20856,44.14641],[2.20806,44.14638],[2.20686,44.1461],[2.20552,44.14564],[2.20287,44.14444],[2.2022,44.14433],[2.20115,44.14396],[2.19965,44.14365],[2.19899,44.14359],[2.19816,44.14363],[2.19747,44.14389],[2.19719,44.14419],[2.19687,44.14476],[2.19704,44.14503],[2.19724,44.14515],[2.19794,44.14529],[2.19838,44.14556],[2.1987,44.14627],[2.19861,44.1466],[2.19839,44.14683],[2.198,44.14707],[2.19762,44.14744],[2.19697,44.14763],[2.19647,44.14794],[2.19631,44.14816],[2.1959,44.1483],[2.19526,44.14867],[2.19415,44.1491],[2.19336,44.1493],[2.19283,44.1493],[2.19216,44.14921],[2.1905,44.14759],[2.18995,44.14655],[2.19001,44.14584],[2.18982,44.14519],[2.18938,44.14453],[2.18885,44.14412],[2.18688,44.14334],[2.18551,44.14245],[2.1849,44.14219],[2.18201,44.14231],[2.18154,44.14209],[2.18123,44.14163],[2.18099,44.14029],[2.18106,44.13941],[2.18129,44.13897],[2.18184,44.13855],[2.18291,44.13815],[2.18642,44.13737],[2.18855,44.13748],[2.18875,44.13749],[2.18933,44.13732],[2.19019,44.13762],[2.19065,44.13795],[2.19097,44.13872],[2.1913,44.1392],[2.19149,44.13994],[2.19166,44.14013],[2.19201,44.14037],[2.19306,44.14057],[2.1945,44.14056],[2.19584,44.14029],[2.19652,44.14006],[2.19723,44.13961],[2.19781,44.13939],[2.19806,44.13919],[2.19873,44.13887],[2.20001,44.13852],[2.20158,44.13844],[2.20214,44.13863],[2.20279,44.13856],[2.2039,44.13857],[2.20539,44.13831],[2.20572,44.13802],[2.20645,44.13768],[2.20803,44.13749],[2.21013,44.13768],[2.21061,44.13763],[2.21152,44.13768],[2.21332,44.13803],[2.21399,44.13809],[2.21481,44.13841],[2.21593,44.13864],[2.2181,44.13866],[2.22023,44.13893],[2.22189,44.13902],[2.22325,44.13895],[2.22412,44.13899],[2.22557,44.13875],[2.22822,44.13781],[2.22881,44.13773],[2.23023,44.13771],[2.23133,44.13731],[2.23181,44.13679],[2.23137,44.13594],[2.23139,44.13551],[2.23204,44.1346],[2.23242,44.13432],[2.23289,44.13412],[2.23381,44.134],[2.23614,44.13406],[2.23742,44.13398],[2.23815,44.13422],[2.23965,44.13447],[2.24089,44.13507],[2.24157,44.13569],[2.24196,44.13583],[2.24218,44.13585],[2.24264,44.13574],[2.2435,44.13539],[2.24426,44.13485],[2.24472,44.13553],[2.24542,44.13575],[2.24543,44.13657],[2.24553,44.13674],[2.2463,44.13692],[2.24678,44.13717],[2.24669,44.13788],[2.24681,44.13819],[2.24757,44.13835],[2.24822,44.13828],[2.24852,44.1383],[2.24889,44.13858],[2.24906,44.13893],[2.24928,44.13905],[2.2503,44.1384],[2.25055,44.13839],[2.25109,44.13897],[2.25385,44.14033],[2.25447,44.14056],[2.25498,44.14122],[2.25519,44.14183],[2.25494,44.14269],[2.2547,44.14305],[2.25479,44.14328],[2.25509,44.14329],[2.25533,44.14274],[2.25554,44.14263],[2.25609,44.14258],[2.25701,44.1427],[2.25881,44.14323],[2.25897,44.14352],[2.25905,44.14396],[2.2597,44.14451],[2.25984,44.14452],[2.26005,44.14442],[2.26011,44.14426],[2.25994,44.1434],[2.26006,44.14309],[2.26047,44.14312],[2.26154,44.1437],[2.26178,44.14409],[2.26172,44.14441],[2.26092,44.14491],[2.26075,44.14557],[2.26081,44.14582],[2.2612,44.14603],[2.26151,44.14603],[2.26228,44.14542],[2.26276,44.14515],[2.26298,44.1451],[2.26416,44.1451],[2.26504,44.14477],[2.26535,44.14483],[2.26582,44.14524],[2.26623,44.14528],[2.26689,44.14448],[2.2673,44.14444],[2.26775,44.14458],[2.26817,44.14516],[2.26901,44.14562],[2.26929,44.1459],[2.27018,44.14616],[2.27045,44.14662],[2.27062,44.14744],[2.2708,44.14783],[2.27102,44.14804],[2.27169,44.14816],[2.27282,44.14789],[2.27368,44.14733],[2.27434,44.14721],[2.27499,44.14674],[2.2752,44.14667],[2.27575,44.14666],[2.27622,44.14692],[2.27657,44.1469],[2.27661,44.14665],[2.27643,44.14637],[2.27666,44.14612],[2.27665,44.14544],[2.27695,44.14509],[2.27735,44.14496],[2.27782,44.14499],[2.27879,44.14553],[2.27928,44.14564],[2.27968,44.1456],[2.28,44.14548],[2.28065,44.14501],[2.28106,44.14505],[2.2817,44.14553],[2.28272,44.14547],[2.28343,44.14504],[2.28443,44.14526],[2.28483,44.14546],[2.2865,44.14439],[2.28683,44.14431],[2.28779,44.14378],[2.28885,44.14259],[2.28982,44.1411],[2.29052,44.14101],[2.29156,44.14098],[2.29362,44.14041],[2.29517,44.14025],[2.29549,44.14015],[2.2957,44.1398],[2.29792,44.13799],[2.29774,44.13569],[2.29749,44.13347],[2.2972,44.13235],[2.29612,44.13117],[2.29529,44.13075],[2.29506,44.13048],[2.295,44.13036],[2.29525,44.12972],[2.2952,44.12946],[2.29397,44.12836],[2.29377,44.12804],[2.29347,44.12708],[2.28829,44.12229],[2.28905,44.12188],[2.2901,44.12182],[2.29158,44.1215],[2.29194,44.12148],[2.29296,44.12163],[2.2935,44.12182],[2.29419,44.12219],[2.29454,44.12258],[2.29539,44.12301],[2.29562,44.12332],[2.29655,44.12374],[2.29709,44.12365],[2.29751,44.12336],[2.2982,44.12259],[2.29903,44.12229],[2.29914,44.12229],[2.29933,44.12243],[2.29953,44.12244],[2.3007,44.12238],[2.30249,44.12213],[2.3032,44.12228],[2.30363,44.12226],[2.30405,44.12213],[2.30483,44.12172],[2.30521,44.12132],[2.30542,44.1208],[2.30531,44.11971],[2.30587,44.11884],[2.30659,44.11825],[2.30732,44.1178],[2.30779,44.11763],[2.30834,44.1176],[2.30894,44.11769],[2.31203,44.11856],[2.31281,44.11893],[2.31331,44.11933],[2.31406,44.12078],[2.3143,44.12105],[2.31529,44.12185],[2.31606,44.12235],[2.31767,44.1232],[2.31827,44.1235],[2.31901,44.12372],[2.32163,44.12424],[2.32333,44.12447],[2.32378,44.12472],[2.3242,44.12481],[2.32644,44.12445],[2.32783,44.1241],[2.3306,44.12363],[2.33215,44.12328],[2.33229,44.12227],[2.33291,44.1216],[2.33289,44.12151],[2.33245,44.12124],[2.33228,44.121],[2.33303,44.12017],[2.33361,44.11972],[2.33401,44.1196],[2.33422,44.11965],[2.33432,44.11974],[2.33435,44.12019],[2.33451,44.12026],[2.33478,44.12021],[2.33496,44.12007],[2.33508,44.11979],[2.33529,44.11859],[2.33685,44.11812],[2.33742,44.11809],[2.33756,44.11801],[2.33748,44.11785],[2.33673,44.11742],[2.33689,44.11711],[2.33684,44.11701],[2.33607,44.11669],[2.33588,44.11643],[2.33636,44.11622],[2.33782,44.11605],[2.33827,44.11591],[2.33841,44.11579],[2.33841,44.11563],[2.33791,44.11525],[2.33782,44.11504],[2.338,44.11484],[2.33854,44.11455],[2.33929,44.11344],[2.33966,44.11314],[2.34067,44.11281],[2.34168,44.11239],[2.34171,44.11224],[2.34153,44.11204],[2.34073,44.11164],[2.3407,44.11141],[2.34098,44.11101],[2.34052,44.11062],[2.34079,44.11019],[2.34114,44.11012],[2.34177,44.11046],[2.34263,44.11064],[2.34291,44.11058],[2.34324,44.11038],[2.34361,44.11033],[2.34441,44.11041],[2.34465,44.11034],[2.34498,44.11042],[2.34536,44.11039],[2.34647,44.10976],[2.34691,44.10939],[2.34762,44.10896],[2.34845,44.10806],[2.35022,44.10732],[2.35044,44.10702],[2.35063,44.10698],[2.35088,44.10671],[2.35089,44.10647],[2.35103,44.10628],[2.35123,44.10626],[2.35144,44.10651],[2.35232,44.10653],[2.35378,44.10606],[2.35455,44.10509],[2.35488,44.10491],[2.35539,44.1048],[2.35567,44.10455],[2.35592,44.10425],[2.35612,44.10367],[2.35661,44.103],[2.35682,44.10244],[2.35705,44.10237],[2.3576,44.10184],[2.35772,44.10183],[2.35794,44.10178],[2.35807,44.10163],[2.3583,44.10159],[2.35858,44.10126],[2.35903,44.10096],[2.3604,44.10112],[2.3616,44.10104],[2.36325,44.1006],[2.36397,44.10025],[2.3647,44.09976],[2.36518,44.09917],[2.36517,44.09902],[2.36536,44.09894],[2.36535,44.0988],[2.36546,44.09877],[2.36553,44.09857],[2.36565,44.0985],[2.36587,44.09794],[2.36653,44.09761],[2.36696,44.09799],[2.36748,44.09802],[2.36782,44.09835],[2.36824,44.0984],[2.36954,44.09821],[2.37134,44.0983],[2.37292,44.09803],[2.3742,44.09826],[2.37563,44.09782],[2.37612,44.09776],[2.37736,44.09706],[2.37872,44.09686],[2.37971,44.09657],[2.38169,44.09544],[2.3825,44.09514],[2.3836,44.09487],[2.38451,44.09443],[2.38571,44.09322],[2.38617,44.09287],[2.38697,44.09342],[2.38933,44.09452],[2.38926,44.09362],[2.38896,44.09194],[2.38897,44.09138],[2.38946,44.09067],[2.3899,44.09025],[2.39036,44.08998],[2.39201,44.08864],[2.39478,44.08755],[2.39525,44.0872],[2.39613,44.08622],[2.39685,44.0859],[2.39804,44.08507],[2.39909,44.08456],[2.39967,44.08413],[2.40011,44.08362],[2.40033,44.08353],[2.40205,44.08329],[2.40234,44.08312],[2.40248,44.08276],[2.40239,44.08258],[2.40203,44.08227],[2.40114,44.08199],[2.40109,44.08187],[2.40131,44.08106],[2.40188,44.08029],[2.40188,44.07986],[2.40172,44.07961],[2.40179,44.07903],[2.40187,44.07873],[2.40223,44.07815],[2.40218,44.0779],[2.40167,44.07758],[2.40134,44.07721],[2.40156,44.07626],[2.40181,44.07571],[2.40276,44.0758],[2.40291,44.07594],[2.40301,44.07627],[2.40321,44.07639],[2.40361,44.07629],[2.40358,44.07621],[2.40339,44.07624],[2.40337,44.07617],[2.4035,44.07601],[2.40366,44.07597],[2.40432,44.0762],[2.40508,44.07614],[2.40579,44.07594],[2.40586,44.07547],[2.40705,44.07432],[2.40793,44.07376],[2.40918,44.07235],[2.40994,44.07135],[2.4112,44.07034],[2.41187,44.06993],[2.4114,44.06675],[2.41201,44.06403],[2.41122,44.06335],[2.4109,44.06273],[2.41123,44.06225],[2.41186,44.06038],[2.41256,44.05947],[2.41216,44.05881],[2.41256,44.05836],[2.41257,44.05773],[2.41233,44.05736],[2.41209,44.05716],[2.41105,44.05746],[2.41083,44.05745],[2.41042,44.05724],[2.41022,44.05687],[2.41018,44.05647],[2.41026,44.05575],[2.41068,44.05582],[2.4112,44.05569],[2.41179,44.05547],[2.41218,44.0552],[2.41263,44.0552],[2.41296,44.05533],[2.41319,44.05533],[2.41394,44.05486],[2.4156,44.05454],[2.41583,44.05438],[2.41653,44.05436],[2.4169,44.05444],[2.41716,44.05437],[2.41739,44.05448],[2.41757,44.05426],[2.41783,44.05425],[2.41809,44.05428],[2.41847,44.05454],[2.41884,44.05455],[2.41915,44.05431],[2.41919,44.05415],[2.41969,44.05394],[2.41997,44.05368],[2.42034,44.05375],[2.42079,44.05366],[2.42145,44.05392],[2.42178,44.05365],[2.422,44.05356],[2.42234,44.05363],[2.4231,44.05396],[2.42352,44.05386],[2.42388,44.0539],[2.42482,44.05348],[2.42522,44.05349],[2.42604,44.05369],[2.4273,44.05428],[2.42792,44.05444],[2.42923,44.05374],[2.42967,44.0533],[2.42982,44.053],[2.43001,44.05292],[2.4304,44.05285],[2.43068,44.05296],[2.43111,44.05286],[2.43166,44.053],[2.43208,44.05299],[2.43308,44.05288],[2.43348,44.05294],[2.43431,44.05321],[2.43498,44.05328],[2.43627,44.05298],[2.43699,44.05253],[2.43735,44.05245],[2.43824,44.05254],[2.43859,44.05291],[2.43891,44.05301],[2.44029,44.05303],[2.44061,44.05313],[2.44108,44.05303],[2.4415,44.05311],[2.44237,44.05379],[2.44268,44.0538],[2.4428,44.05405],[2.44325,44.05434],[2.44346,44.0544],[2.44376,44.05431],[2.44407,44.05441],[2.44432,44.05425],[2.4445,44.05391],[2.44579,44.05342],[2.44625,44.05263],[2.44687,44.05261],[2.44707,44.05244],[2.4472,44.05245],[2.44744,44.05221],[2.44748,44.05204],[2.44797,44.05217],[2.44869,44.05263],[2.44985,44.05283],[2.45037,44.05255],[2.45072,44.05252],[2.45108,44.05238],[2.45164,44.05245],[2.45184,44.05237],[2.45194,44.05219],[2.45243,44.05208],[2.45309,44.05136],[2.45347,44.05119],[2.45387,44.05082],[2.45432,44.05064],[2.45488,44.05061],[2.45519,44.05045],[2.45544,44.05042],[2.45579,44.05063],[2.45606,44.05066],[2.45629,44.05076],[2.45639,44.05125],[2.45668,44.05128],[2.45746,44.05121],[2.45784,44.05144],[2.45865,44.05158],[2.45914,44.05123],[2.45935,44.05126],[2.45964,44.05149],[2.46001,44.05141],[2.4604,44.05105],[2.46053,44.05078],[2.46084,44.05057],[2.46067,44.05029],[2.46049,44.04928],[2.46065,44.0481],[2.46062,44.04768],[2.46084,44.04715],[2.46148,44.04629],[2.46157,44.04578],[2.46152,44.04479],[2.46129,44.04404],[2.46131,44.04384],[2.46219,44.04263],[2.46236,44.04181],[2.46263,44.0415],[2.46312,44.04121],[2.46329,44.04099],[2.46355,44.04031],[2.46218,44.03851],[2.46214,44.03831],[2.46223,44.03811],[2.46385,44.03699],[2.46433,44.03646],[2.46292,44.03433],[2.46225,44.03394],[2.46201,44.03369],[2.46338,44.03329],[2.46418,44.03336],[2.46541,44.03376],[2.46645,44.03391],[2.46622,44.03321],[2.46664,44.03258],[2.46709,44.03223],[2.46752,44.03201],[2.46752,44.03183],[2.46799,44.03129],[2.4693,44.03065],[2.46967,44.03014],[2.47015,44.03066],[2.47101,44.03196],[2.47219,44.03154],[2.47258,44.03123],[2.473,44.0312],[2.47438,44.03073],[2.47662,44.02975],[2.47793,44.02904],[2.47897,44.02896],[2.47949,44.0285],[2.4794,44.02821],[2.47951,44.0281],[2.4808,44.02749],[2.48134,44.02705],[2.48223,44.02662],[2.48249,44.02641],[2.48365,44.02607],[2.48405,44.02531],[2.48473,44.02471],[2.48472,44.02441],[2.48503,44.02428],[2.48512,44.02411],[2.48542,44.02394],[2.48591,44.02329],[2.48683,44.02265],[2.48781,44.02169],[2.48805,44.02106],[2.48857,44.02041],[2.4895,44.01985],[2.49029,44.01953],[2.49138,44.01881],[2.49142,44.01855],[2.49187,44.01785],[2.49192,44.01761],[2.49112,44.01659],[2.48982,44.01595],[2.48965,44.01579],[2.48966,44.01561],[2.49006,44.01501],[2.49074,44.01449],[2.49144,44.01446],[2.49164,44.01437],[2.49136,44.01369],[2.49153,44.01323],[2.49173,44.01315],[2.4924,44.01324],[2.49299,44.01319],[2.49303,44.01276],[2.49355,44.01261],[2.49474,44.01202],[2.49496,44.01163],[2.4953,44.01139],[2.49543,44.01068],[2.49533,44.01047],[2.49501,44.01035],[2.49497,44.00996],[2.49516,44.00963],[2.4951,44.00932],[2.49524,44.0092],[2.49542,44.00921],[2.4955,44.00937],[2.49566,44.00938],[2.49586,44.00927],[2.49622,44.00884],[2.49642,44.00833],[2.49635,44.00786],[2.49623,44.00769],[2.49582,44.00733],[2.49576,44.00716],[2.4955,44.00717],[2.49536,44.0071],[2.4954,44.0069],[2.49585,44.00656],[2.49597,44.00613],[2.49541,44.00526],[2.49542,44.00467],[2.49523,44.00452],[2.49472,44.00444],[2.49437,44.00446],[2.49396,44.00468],[2.4938,44.00469],[2.49308,44.00427],[2.49281,44.00401],[2.49203,44.00379],[2.49176,44.00353],[2.49215,44.00314],[2.49237,44.0028],[2.49257,44.00212],[2.49311,44.00107],[2.49406,44.00019],[2.49461,43.99919],[2.49468,43.99762],[2.49396,43.9967],[2.49527,43.99566],[2.49648,43.99463],[2.49742,43.99365],[2.49942,43.99245],[2.50042,43.99157],[2.50074,43.99074],[2.5008,43.98981],[2.50112,43.98855],[2.50099,43.98736],[2.50109,43.98674],[2.50148,43.98612],[2.50202,43.98547],[2.50228,43.98529],[2.50467,43.98425],[2.50505,43.98421],[2.50619,43.98427],[2.50675,43.98455],[2.50714,43.98446],[2.5076,43.98474],[2.50892,43.98507],[2.50929,43.98534],[2.51007,43.98519],[2.51018,43.98503],[2.51066,43.98488],[2.51207,43.98479],[2.51272,43.98463],[2.51296,43.98466],[2.51336,43.9844],[2.51385,43.98423],[2.51486,43.98423],[2.5153,43.98395],[2.51542,43.98367],[2.51619,43.98339],[2.51696,43.98339],[2.51758,43.98311],[2.51814,43.98312],[2.51894,43.98292],[2.51997,43.98249],[2.52089,43.98251],[2.52123,43.98244],[2.52202,43.98187],[2.52222,43.98158],[2.52282,43.98146],[2.52308,43.98127],[2.5238,43.98053],[2.52394,43.98001],[2.52373,43.97958],[2.52375,43.97941],[2.52468,43.97865],[2.52505,43.97751],[2.52527,43.97716],[2.5245,43.97684],[2.52314,43.976],[2.52224,43.97497],[2.52235,43.9741],[2.52296,43.97343],[2.52347,43.97222],[2.52359,43.97169],[2.52354,43.97033],[2.52299,43.96891],[2.52236,43.96812],[2.52166,43.96645],[2.52092,43.96337],[2.52019,43.96099],[2.51971,43.95992],[2.51922,43.95922],[2.51846,43.9586],[2.51766,43.95838],[2.51553,43.95826],[2.51311,43.9578],[2.51176,43.95746],[2.5059,43.9558],[2.5044,43.95519],[2.50356,43.95469],[2.50223,43.95385],[2.50119,43.95302],[2.4999,43.95152],[2.49951,43.95079],[2.49931,43.94955],[2.49963,43.94768],[2.49932,43.94667],[2.4993,43.94603],[2.49898,43.94514],[2.50041,43.94494],[2.50143,43.94443],[2.50217,43.94436],[2.50269,43.94448],[2.50434,43.94568],[2.50463,43.94623],[2.50495,43.94647],[2.50504,43.94665],[2.50503,43.94711],[2.50539,43.94799],[2.50577,43.94824],[2.5065,43.9485],[2.50693,43.94857],[2.50735,43.94853],[2.5079,43.94823],[2.50817,43.94747],[2.50766,43.94539],[2.50823,43.94382],[2.50807,43.94324],[2.50816,43.9424],[2.50843,43.94219],[2.509,43.94211],[2.50946,43.94217],[2.51259,43.94342],[2.51328,43.9436],[2.51352,43.9436],[2.51518,43.94304],[2.51594,43.94289],[2.51722,43.94222],[2.51781,43.94178],[2.51825,43.9413],[2.51825,43.94112],[2.51792,43.94048],[2.51807,43.94015],[2.51838,43.93998],[2.51987,43.93971],[2.52141,43.93971],[2.52262,43.93942],[2.52355,43.93905],[2.52436,43.93894],[2.52504,43.93902],[2.52538,43.93897],[2.52603,43.93851],[2.52631,43.9378],[2.5267,43.93739],[2.5272,43.93718],[2.52858,43.93713],[2.53104,43.93666],[2.53234,43.93673],[2.53316,43.93668],[2.53426,43.93598],[2.53593,43.93395],[2.53663,43.93371],[2.53699,43.93371],[2.53725,43.9338],[2.53754,43.93382],[2.53797,43.93352],[2.53807,43.93284],[2.53796,43.93211],[2.53725,43.93081],[2.53665,43.93022],[2.53624,43.92964],[2.53556,43.92918],[2.53522,43.92866],[2.53498,43.92852],[2.53488,43.92829],[2.53505,43.92781],[2.53565,43.92754],[2.53592,43.92749],[2.53614,43.92726],[2.53613,43.92684],[2.53599,43.9265],[2.53616,43.92606],[2.53615,43.92585],[2.5371,43.92507],[2.53785,43.92486],[2.5394,43.92523],[2.54152,43.92667],[2.5422,43.92741],[2.54266,43.92777],[2.54329,43.92817],[2.54522,43.92912],[2.54553,43.92946],[2.54608,43.92964],[2.54647,43.92956],[2.54703,43.92923],[2.54713,43.92899],[2.54706,43.92863],[2.54689,43.92828],[2.54664,43.92803],[2.54493,43.92722],[2.54452,43.92672],[2.5443,43.92592],[2.54425,43.92495],[2.54437,43.92435],[2.5447,43.92398],[2.54524,43.92388],[2.54622,43.92401],[2.54688,43.92419],[2.54762,43.92478],[2.5482,43.92573],[2.5484,43.92584],[2.55017,43.92601],[2.55176,43.92597],[2.55236,43.92607],[2.55287,43.92604],[2.55307,43.92594],[2.55367,43.92528],[2.5537,43.92494],[2.55357,43.92462],[2.55296,43.92406],[2.55229,43.92403],[2.55134,43.92381],[2.55062,43.92342],[2.54951,43.92312],[2.54944,43.92302],[2.54952,43.92282],[2.54967,43.92271],[2.55077,43.92242],[2.55171,43.92208],[2.55285,43.92186],[2.5545,43.9218],[2.55463,43.92175],[2.55509,43.92115],[2.55542,43.92009],[2.55593,43.91935],[2.55665,43.9186],[2.55632,43.91729],[2.55612,43.91587],[2.55554,43.9152],[2.55495,43.91407],[2.55429,43.91334],[2.55382,43.91141],[2.55347,43.91104],[2.55279,43.90937],[2.55264,43.90883],[2.55269,43.90795],[2.55269,43.90703],[2.55241,43.90495],[2.55083,43.90188],[2.55094,43.90121],[2.55134,43.90063],[2.55145,43.89933],[2.55093,43.89927],[2.55063,43.89859],[2.55047,43.8985],[2.55057,43.89656],[2.55138,43.89324],[2.55121,43.89304],[2.55066,43.89291],[2.55033,43.89275],[2.55046,43.89236],[2.55269,43.89127],[2.55291,43.89094],[2.55458,43.88978],[2.55779,43.88776],[2.55862,43.88761],[2.56027,43.8871],[2.56163,43.8864],[2.5628,43.88633],[2.56376,43.88641],[2.56425,43.88597],[2.56476,43.88582],[2.56534,43.88548],[2.56672,43.88492],[2.57042,43.88396],[2.57077,43.88373],[2.57348,43.88255],[2.57544,43.88188],[2.57688,43.8815],[2.57876,43.88064],[2.57926,43.8803],[2.57948,43.88005],[2.58014,43.87882],[2.58024,43.87815],[2.58007,43.87735],[2.58,43.87618],[2.57979,43.87531],[2.57881,43.87328],[2.57817,43.87286],[2.57654,43.87221],[2.57479,43.87079],[2.57285,43.87008],[2.56905,43.86915],[2.5655,43.86794],[2.5648,43.86732],[2.56377,43.8656],[2.56367,43.86529],[2.56376,43.86488],[2.56377,43.8631],[2.56352,43.86207],[2.56352,43.86142],[2.56392,43.86029],[2.56446,43.85953],[2.56477,43.85853],[2.56539,43.85755],[2.56541,43.8572],[2.56515,43.85543],[2.56515,43.85332],[2.56444,43.85085],[2.56364,43.84965],[2.56337,43.84874],[2.56321,43.84738],[2.56279,43.84673],[2.5624,43.84637],[2.56206,43.84618],[2.5617,43.84619],[2.56163,43.84597],[2.56156,43.84563],[2.56167,43.84507],[2.56194,43.84451],[2.56235,43.84408],[2.56295,43.84364],[2.56331,43.84351],[2.56436,43.84287],[2.56455,43.843],[2.56503,43.84283],[2.56409,43.84241],[2.56391,43.84214],[2.56399,43.84154],[2.5673,43.83961],[2.56809,43.83924],[2.5696,43.83889],[2.57043,43.83856],[2.57139,43.83799],[2.5713,43.83735],[2.57182,43.83688],[2.57295,43.83731],[2.57474,43.8378],[2.57595,43.83677],[2.57675,43.83577],[2.57693,43.83447],[2.57689,43.83379],[2.57709,43.83288],[2.57746,43.83242],[2.58039,43.8304],[2.58144,43.82959],[2.58163,43.82924],[2.58162,43.82901],[2.58119,43.82831],[2.58118,43.82803],[2.5819,43.82714],[2.58391,43.82416],[2.58476,43.82322],[2.58691,43.82123],[2.5872,43.82052],[2.58763,43.82003],[2.58803,43.81977],[2.58809,43.81948],[2.58849,43.81913],[2.59046,43.81826],[2.59154,43.81778],[2.59197,43.81778],[2.59497,43.81858],[2.59614,43.8188],[2.59707,43.81899],[2.59736,43.81896],[2.59775,43.81879],[2.59912,43.81787],[2.59945,43.81747],[2.59967,43.817],[2.59973,43.81651],[2.59964,43.816],[2.59935,43.81524],[2.5988,43.81484],[2.59879,43.81418],[2.5993,43.81327],[2.60092,43.81101],[2.60188,43.81055],[2.60293,43.81028],[2.60338,43.81033],[2.60406,43.81068],[2.60497,43.81059],[2.60795,43.80962],[2.60852,43.80913],[2.60867,43.80875],[2.60892,43.80704],[2.60962,43.80615],[2.60959,43.80566],[2.60968,43.80529],[2.61079,43.80436],[2.61101,43.8037],[2.61203,43.80283],[2.61228,43.8024],[2.61229,43.80199],[2.61203,43.80154],[2.61144,43.80092],[2.61041,43.80026],[2.61016,43.79988],[2.61013,43.79965],[2.61045,43.79898],[2.61127,43.79835],[2.61249,43.7979],[2.61394,43.79745],[2.61478,43.79687],[2.61642,43.79522],[2.61845,43.7936],[2.61996,43.79274],[2.62151,43.79205],[2.62324,43.79107],[2.62398,43.79048],[2.62647,43.78805],[2.62652,43.78778],[2.62592,43.78396],[2.62617,43.78333],[2.62826,43.78161],[2.6291,43.78068],[2.62948,43.78042],[2.63012,43.77978],[2.6308,43.77944],[2.63126,43.77907],[2.63476,43.777],[2.63511,43.77647],[2.63541,43.77619],[2.6365,43.77566],[2.63744,43.77496],[2.63908,43.77354],[2.63991,43.77235],[2.64028,43.77203],[2.64237,43.77105],[2.6442,43.77006],[2.64592,43.76951],[2.64844,43.768],[2.64941,43.76776],[2.65033,43.76744],[2.65307,43.7662],[2.65358,43.76584],[2.65378,43.76558],[2.65397,43.76474],[2.65416,43.7645],[2.65468,43.76409],[2.6565,43.76334],[2.65664,43.76272],[2.65726,43.76092],[2.65723,43.7586],[2.65796,43.75797],[2.65814,43.75774],[2.65811,43.75758],[2.65846,43.75728],[2.65865,43.75691],[2.65975,43.75628],[2.66087,43.75584],[2.66153,43.7557],[2.6619,43.75551],[2.66252,43.75509],[2.66372,43.75401],[2.66441,43.75306],[2.6649,43.75275],[2.66601,43.7527],[2.66714,43.75243],[2.66804,43.7518],[2.66978,43.74981],[2.67046,43.74961],[2.67133,43.74949],[2.6718,43.74953],[2.67268,43.74981],[2.67312,43.74982],[2.67497,43.74901],[2.67543,43.74893],[2.67585,43.74876],[2.67684,43.74821],[2.67846,43.74709],[2.6794,43.74587],[2.68169,43.74382],[2.68096,43.74343],[2.68043,43.74339],[2.67711,43.74362],[2.67617,43.74425],[2.67496,43.7448],[2.6741,43.74533],[2.67307,43.74571],[2.67223,43.74577],[2.67009,43.74557],[2.66848,43.74481],[2.66772,43.74462],[2.66749,43.74462],[2.66639,43.74552],[2.66553,43.74587],[2.66526,43.7459],[2.66433,43.74577],[2.66355,43.74578],[2.6624,43.74592],[2.66186,43.74607],[2.66121,43.74647],[2.66091,43.74702],[2.66073,43.74717],[2.66038,43.74735],[2.65941,43.74763],[2.65903,43.74806],[2.6588,43.74819],[2.65766,43.74833],[2.65712,43.74852],[2.65622,43.74872],[2.65505,43.74926],[2.65442,43.74849],[2.65312,43.74779],[2.65286,43.74725],[2.6521,43.74617],[2.65185,43.74557],[2.65201,43.7446],[2.65149,43.74394],[2.65094,43.74251],[2.65103,43.74241],[2.65071,43.74186],[2.65066,43.74121],[2.65086,43.74014],[2.65064,43.73961],[2.65008,43.73921],[2.64815,43.73862],[2.64794,43.73838],[2.64776,43.73779],[2.64734,43.73717],[2.64727,43.73686],[2.64678,43.73661],[2.64619,43.73649],[2.64551,43.73624],[2.64474,43.73557],[2.64461,43.73536],[2.64456,43.73506],[2.64465,43.73458],[2.64528,43.73426],[2.64654,43.73207],[2.64748,43.73096],[2.64811,43.72921],[2.6488,43.72781],[2.6489,43.72689],[2.6486,43.7264],[2.64844,43.72552],[2.64812,43.72481],[2.64751,43.72404],[2.64634,43.72273],[2.64543,43.72278],[2.64402,43.72118],[2.64199,43.7212],[2.6403,43.72159],[2.63813,43.72155],[2.63604,43.7221],[2.63353,43.7223],[2.63201,43.72265],[2.63129,43.72269],[2.63089,43.72257],[2.63017,43.72291],[2.62946,43.72354],[2.6283,43.72427],[2.62664,43.72476],[2.62572,43.72484],[2.62445,43.72476],[2.62405,43.72485],[2.62325,43.72554],[2.62273,43.7258],[2.62228,43.72615],[2.62075,43.72689],[2.6182,43.72701],[2.61825,43.7269],[2.61622,43.72688],[2.61557,43.72717],[2.61406,43.72748],[2.6134,43.72745],[2.61189,43.72776],[2.61132,43.72774],[2.60942,43.72787],[2.60913,43.72805],[2.6088,43.72812],[2.60859,43.72813],[2.60857,43.72805],[2.60774,43.72806],[2.6072,43.72815],[2.60668,43.72804],[2.60616,43.72752],[2.60278,43.72695],[2.60237,43.72691],[2.60222,43.72707],[2.60155,43.72733],[2.60102,43.72734],[2.59952,43.72605],[2.59766,43.72595],[2.59542,43.72511],[2.59288,43.72295],[2.59214,43.72217],[2.59167,43.72183],[2.59109,43.72158],[2.59088,43.72126],[2.58993,43.72111],[2.58916,43.72115],[2.58893,43.72087],[2.58846,43.72053],[2.58779,43.72038],[2.58774,43.72016],[2.58601,43.72071],[2.58422,43.72091],[2.58324,43.72094],[2.5817,43.72181],[2.58014,43.72177],[2.57935,43.72192],[2.57765,43.72282],[2.57507,43.72376],[2.57401,43.724],[2.57256,43.7223],[2.57211,43.72162],[2.57139,43.72112],[2.57093,43.71961],[2.57058,43.71923],[2.56976,43.71891],[2.56835,43.71883],[2.56716,43.71847],[2.56579,43.71777],[2.56549,43.71754],[2.56482,43.71727],[2.56435,43.71606],[2.56372,43.7156],[2.56301,43.71549],[2.56172,43.7157],[2.56127,43.71561],[2.56066,43.71525],[2.55976,43.71434],[2.55902,43.71502],[2.55821,43.71563],[2.55771,43.71595],[2.5573,43.71611],[2.5564,43.71673],[2.55361,43.71783],[2.55355,43.71779],[2.54554,43.71809],[2.54524,43.7177],[2.54509,43.71693],[2.54485,43.71656],[2.54472,43.71609],[2.54415,43.71551],[2.54415,43.71439],[2.54372,43.71292],[2.54332,43.71259],[2.54313,43.71216],[2.54249,43.71139],[2.54213,43.7111],[2.54186,43.71107],[2.54189,43.71101],[2.54155,43.71079],[2.54123,43.7103],[2.54056,43.70985],[2.53995,43.70871],[2.53972,43.70847],[2.53941,43.70842],[2.53891,43.70848],[2.53827,43.70839],[2.53816,43.70846],[2.53756,43.70843],[2.53739,43.70849],[2.53673,43.70835],[2.53575,43.70834],[2.53549,43.70815],[2.5342,43.70788],[2.53376,43.70761],[2.53331,43.70747],[2.53166,43.70667],[2.53112,43.70675],[2.5311,43.7069],[2.5308,43.70716],[2.53035,43.70713],[2.53012,43.70722],[2.52999,43.70762],[2.52961,43.70789],[2.529,43.70862],[2.52865,43.70872],[2.52807,43.70874],[2.52688,43.70945],[2.52634,43.70964],[2.52579,43.70959],[2.52516,43.70924],[2.5243,43.70904],[2.52423,43.70894],[2.52452,43.70852],[2.52397,43.70808],[2.5233,43.70781],[2.52287,43.7078],[2.52261,43.70788],[2.52229,43.70817],[2.52217,43.709],[2.52162,43.70961],[2.52137,43.70974],[2.52063,43.70984],[2.52,43.70974],[2.52002,43.71008],[2.51915,43.71054],[2.51903,43.71068],[2.51868,43.71325],[2.51714,43.71526],[2.51538,43.71577],[2.5131,43.7153],[2.51123,43.71482],[2.50973,43.71458],[2.50858,43.71423],[2.50606,43.71362],[2.50098,43.71439],[2.50004,43.7155],[2.499,43.71467],[2.4989,43.71391],[2.49868,43.71359],[2.49822,43.71317],[2.49998,43.71174],[2.4991,43.70919],[2.49662,43.70914],[2.49661,43.70464],[2.50123,43.70401],[2.50151,43.70365],[2.50268,43.70258],[2.5023,43.70257],[2.5021,43.70242],[2.50204,43.70223],[2.50238,43.70169],[2.50239,43.70133],[2.50227,43.70101],[2.50183,43.70049],[2.50194,43.70018],[2.50111,43.70032],[2.50095,43.70056],[2.50101,43.70081],[2.50086,43.70087],[2.50074,43.70081],[2.50058,43.70054],[2.50002,43.70022],[2.49938,43.70007],[2.49911,43.70009],[2.49884,43.70022],[2.49851,43.7006],[2.49787,43.70104],[2.49649,43.70096],[2.49618,43.70109],[2.49557,43.70152],[2.49475,43.70169],[2.49434,43.70187],[2.49409,43.70213],[2.49413,43.70258],[2.49438,43.70301],[2.49434,43.7033],[2.4942,43.70359],[2.49386,43.70381],[2.49336,43.7037],[2.49313,43.70354],[2.493,43.70331],[2.49285,43.70325],[2.49244,43.70323],[2.49203,43.70342],[2.49139,43.70322],[2.49084,43.70327],[2.49037,43.70318],[2.48949,43.70331],[2.48889,43.70356],[2.48827,43.70362],[2.48765,43.70382],[2.48743,43.70365],[2.48742,43.7031],[2.48721,43.70292],[2.48699,43.70286],[2.48659,43.70304],[2.48614,43.70308],[2.48529,43.70268],[2.48453,43.70219],[2.48398,43.70206],[2.48341,43.70236],[2.48349,43.70248],[2.48341,43.70264],[2.48348,43.70284],[2.48333,43.70303],[2.4834,43.70322],[2.48335,43.70364],[2.48325,43.70384],[2.48282,43.70405],[2.48217,43.70396],[2.48136,43.70346],[2.48093,43.70358],[2.48057,43.70389],[2.4795,43.7042],[2.47894,43.70411],[2.47825,43.7037],[2.47783,43.70356],[2.47562,43.70392],[2.47441,43.70403],[2.47347,43.70402],[2.47293,43.70382],[2.47131,43.703],[2.47095,43.70297],[2.46911,43.70354],[2.46829,43.70352],[2.46772,43.70327],[2.46734,43.70326],[2.46457,43.70456],[2.46396,43.70456],[2.4636,43.70442],[2.46313,43.70395],[2.46293,43.70348],[2.46268,43.70333],[2.46238,43.70326],[2.46213,43.7033],[2.46171,43.70359],[2.46107,43.70354],[2.46082,43.703],[2.46036,43.70249],[2.46006,43.70251],[2.45981,43.70282],[2.45963,43.70292],[2.45905,43.70294],[2.45876,43.70271],[2.45871,43.70256],[2.4589,43.7024],[2.45918,43.70233],[2.45925,43.70184],[2.4597,43.70129],[2.45966,43.70101],[2.4589,43.7008],[2.45808,43.70074],[2.45759,43.70082],[2.4574,43.70094],[2.45724,43.70073],[2.45651,43.70023],[2.45605,43.69973],[2.45615,43.69901],[2.45711,43.69708],[2.45721,43.69615],[2.4574,43.69569],[2.4577,43.69534],[2.4588,43.69455],[2.45904,43.69431],[2.45924,43.69385],[2.46014,43.69293],[2.46029,43.6929],[2.4605,43.693],[2.46032,43.69242],[2.46139,43.69114],[2.46128,43.6909],[2.46127,43.69045],[2.46097,43.69028],[2.46058,43.69028],[2.46033,43.69015],[2.46001,43.69011],[2.45975,43.68981],[2.45945,43.68963],[2.45887,43.68953],[2.45851,43.68964],[2.45806,43.68951],[2.45755,43.68968],[2.45696,43.68971],[2.45674,43.68966],[2.45645,43.68945],[2.45541,43.6888],[2.45501,43.6887],[2.45427,43.68836],[2.45366,43.68829],[2.45225,43.68891],[2.45032,43.69042],[2.44815,43.69127],[2.44838,43.69109],[2.44724,43.68841],[2.44721,43.68766],[2.44188,43.6849],[2.44119,43.68517],[2.43968,43.68489],[2.43951,43.6847],[2.43929,43.68471],[2.43952,43.6837],[2.43953,43.68317],[2.43976,43.68257],[2.43969,43.68205],[2.43504,43.68274],[2.43301,43.67532],[2.43226,43.67517],[2.43207,43.67521],[2.43103,43.67558],[2.42883,43.6766],[2.42837,43.67671],[2.42807,43.67663],[2.42724,43.6769],[2.42649,43.67706],[2.42486,43.67717],[2.42398,43.67761],[2.42367,43.67788],[2.42304,43.67791],[2.4229,43.67801],[2.42275,43.6778],[2.42448,43.67367],[2.42421,43.67368],[2.42346,43.67317],[2.42294,43.67307],[2.42287,43.67341],[2.42191,43.67374],[2.41982,43.67398],[2.41843,43.67241],[2.41875,43.67196],[2.4231,43.66975],[2.42068,43.66856],[2.4183,43.66883],[2.41718,43.66837],[2.417,43.66776],[2.41712,43.66756],[2.41702,43.66749],[2.4171,43.66726],[2.41737,43.6667],[2.41782,43.66642],[2.41691,43.6651],[2.41583,43.6651],[2.41537,43.66514],[2.4144,43.66544],[2.41399,43.66593],[2.41359,43.66662],[2.41338,43.66728],[2.4131,43.66767]]]]},"properties":{"ID":"812","id":"812","NOM_MASSIF":"S\u00e9gala et Monts d'Alban","dept":"81"}},{"type":"Feature","id":4,"geometry":{"type":"MultiPolygon","coordinates":[[[[1.67362,44.06525],[1.67315,44.06386],[1.67305,44.06318],[1.6732,44.06159],[1.67307,44.0595],[1.67226,44.05959],[1.67205,44.05976],[1.67181,44.05953],[1.67129,44.05957],[1.67079,44.05996],[1.67027,44.06016],[1.67024,44.0604],[1.67038,44.06063],[1.67041,44.06105],[1.66988,44.06194],[1.6699,44.06245],[1.66835,44.06252],[1.66665,44.06475],[1.66565,44.0656],[1.66494,44.06604],[1.66357,44.06731],[1.66376,44.06792],[1.66416,44.06879],[1.66461,44.06942],[1.66495,44.07024],[1.66087,44.07137],[1.66109,44.07159],[1.66127,44.07167],[1.6619,44.07171],[1.66235,44.07199],[1.66255,44.07268],[1.66277,44.07303],[1.66288,44.07345],[1.66282,44.07371],[1.66336,44.0744],[1.66374,44.07464],[1.6651,44.07509],[1.66546,44.07527],[1.66576,44.07559],[1.6665,44.0765],[1.66654,44.07667],[1.66629,44.07696],[1.66627,44.07734],[1.66616,44.07749],[1.66536,44.07808],[1.66528,44.07853],[1.66566,44.07886],[1.66623,44.07906],[1.66615,44.07926],[1.66724,44.07977],[1.66823,44.0817],[1.66885,44.08207],[1.66947,44.08198],[1.66953,44.08205],[1.66966,44.08262],[1.66957,44.08282],[1.66902,44.08335],[1.66884,44.08378],[1.6691,44.08469],[1.66935,44.08489],[1.66955,44.0855],[1.66953,44.08602],[1.66983,44.08654],[1.66992,44.08707],[1.66967,44.08749],[1.67002,44.08777],[1.67029,44.08812],[1.67004,44.08914],[1.66951,44.08954],[1.6698,44.08949],[1.66939,44.08973],[1.66923,44.08974],[1.66895,44.08955],[1.66872,44.08954],[1.6672,44.08996],[1.66518,44.09017],[1.66196,44.09113],[1.66027,44.09196],[1.65845,44.09307],[1.65563,44.09459],[1.65308,44.09642],[1.65337,44.09694],[1.65348,44.09766],[1.6537,44.09822],[1.65411,44.09892],[1.65484,44.10082],[1.65485,44.10154],[1.65468,44.10197],[1.65423,44.10239],[1.65374,44.10355],[1.65311,44.10469],[1.65246,44.10677],[1.65256,44.10803],[1.65341,44.10998],[1.65366,44.11002],[1.65519,44.11291],[1.65711,44.11547],[1.65857,44.11684],[1.65961,44.11541],[1.66006,44.11509],[1.66165,44.11346],[1.66376,44.11502],[1.66464,44.11531],[1.66936,44.1161],[1.67152,44.11615],[1.67335,44.11606],[1.67801,44.11539],[1.68174,44.11503],[1.68388,44.11437],[1.68405,44.11418],[1.68456,44.11394],[1.68632,44.11267],[1.68699,44.11185],[1.6872,44.11141],[1.68811,44.11148],[1.69041,44.1119],[1.69156,44.11203],[1.69295,44.11238],[1.69399,44.11274],[1.69539,44.11336],[1.6966,44.1144],[1.69735,44.11486],[1.69995,44.11589],[1.70053,44.11608],[1.70594,44.11736],[1.70766,44.11713],[1.71131,44.11583],[1.71238,44.11567],[1.71302,44.11548],[1.71598,44.11511],[1.7169,44.11479],[1.72351,44.11454],[1.72667,44.11291],[1.72659,44.11334],[1.72583,44.11414],[1.72519,44.11457],[1.72356,44.11526],[1.72285,44.11571],[1.72268,44.11599],[1.72249,44.11715],[1.72217,44.11825],[1.72358,44.11816],[1.73087,44.11415],[1.7323,44.11038],[1.73291,44.11294],[1.73931,44.11477],[1.74047,44.11518],[1.74217,44.11603],[1.74363,44.11579],[1.74678,44.1168],[1.74692,44.11677],[1.7473,44.11634],[1.74748,44.11629],[1.74735,44.11616],[1.74876,44.11367],[1.75107,44.10911],[1.75705,44.10876],[1.76443,44.10795],[1.76463,44.10767],[1.76458,44.1076],[1.76575,44.10641],[1.76649,44.1055],[1.76712,44.10454],[1.76802,44.10373],[1.76888,44.10311],[1.76914,44.10274],[1.76924,44.10254],[1.7689,44.10166],[1.76897,44.10129],[1.76864,44.1002],[1.76867,44.09998],[1.77015,44.09807],[1.77036,44.09805],[1.77172,44.0976],[1.77247,44.09705],[1.77266,44.09725],[1.77373,44.09724],[1.77435,44.09716],[1.77444,44.09697],[1.77473,44.09692],[1.77512,44.09704],[1.77572,44.09696],[1.77703,44.09693],[1.77777,44.09679],[1.77784,44.09683],[1.77836,44.09705],[1.77896,44.09702],[1.77976,44.09719],[1.78035,44.09743],[1.78135,44.09757],[1.78175,44.09754],[1.78223,44.09784],[1.78238,44.09808],[1.78362,44.09856],[1.78401,44.09885],[1.78423,44.0989],[1.78437,44.09892],[1.78562,44.09847],[1.78702,44.09844],[1.78784,44.09857],[1.78836,44.09848],[1.78894,44.09821],[1.78927,44.09822],[1.79008,44.09895],[1.79216,44.09974],[1.7934,44.10037],[1.7942,44.10136],[1.79439,44.10215],[1.79329,44.10216],[1.79251,44.10228],[1.78854,44.10361],[1.7883,44.10379],[1.78833,44.10477],[1.78872,44.10513],[1.78883,44.10543],[1.78876,44.10644],[1.78831,44.10689],[1.7881,44.10795],[1.78813,44.10845],[1.78833,44.10885],[1.78712,44.10921],[1.78838,44.11084],[1.78923,44.1123],[1.79083,44.11306],[1.79116,44.1133],[1.79156,44.11376],[1.79276,44.11337],[1.79557,44.11514],[1.79636,44.11505],[1.7979,44.11679],[1.79833,44.11702],[1.79877,44.11698],[1.79878,44.11644],[1.80077,44.11627],[1.8012,44.11762],[1.80131,44.11893],[1.80117,44.12024],[1.80159,44.12311],[1.80391,44.12238],[1.80414,44.12284],[1.80456,44.12324],[1.80539,44.12475],[1.80583,44.12505],[1.80588,44.12524],[1.8061,44.12545],[1.80612,44.12576],[1.80594,44.12593],[1.806,44.12643],[1.80612,44.12638],[1.80687,44.12638],[1.8075,44.12593],[1.80806,44.12526],[1.80876,44.12481],[1.8094,44.12459],[1.8097,44.1237],[1.80918,44.12347],[1.81036,44.12192],[1.81104,44.12073],[1.81109,44.12045],[1.81235,44.11999],[1.81321,44.11923],[1.81455,44.11858],[1.81537,44.1181],[1.81625,44.11724],[1.81789,44.11613],[1.8193,44.11553],[1.81955,44.11491],[1.8207,44.11365],[1.82226,44.11316],[1.82295,44.1131],[1.82323,44.11273],[1.82338,44.11177],[1.82467,44.11104],[1.82496,44.11014],[1.82524,44.10964],[1.82522,44.10799],[1.82658,44.10778],[1.82755,44.10732],[1.83039,44.10668],[1.8314,44.107],[1.83199,44.10729],[1.83281,44.10646],[1.83408,44.10587],[1.83522,44.10556],[1.83595,44.10476],[1.83802,44.10307],[1.83727,44.1042],[1.83712,44.10572],[1.83672,44.107],[1.83687,44.10731],[1.83772,44.10784],[1.83861,44.10869],[1.83836,44.10954],[1.83859,44.11006],[1.83843,44.11054],[1.83844,44.11089],[1.83879,44.11141],[1.83886,44.11201],[1.83937,44.11287],[1.8401,44.11372],[1.84052,44.11405],[1.84052,44.11429],[1.84008,44.11505],[1.83956,44.1164],[1.83924,44.11694],[1.83645,44.12011],[1.83632,44.12011],[1.8358,44.12064],[1.83534,44.1208],[1.83479,44.12129],[1.83442,44.12144],[1.83428,44.12159],[1.8343,44.12259],[1.83408,44.12288],[1.83399,44.12324],[1.8321,44.12668],[1.83121,44.12798],[1.83121,44.12933],[1.8307,44.13032],[1.8305,44.13193],[1.82903,44.13342],[1.82971,44.1337],[1.83041,44.13416],[1.83424,44.13744],[1.83468,44.1383],[1.83491,44.13856],[1.83537,44.13884],[1.83552,44.13927],[1.83553,44.14044],[1.83531,44.1414],[1.83523,44.14247],[1.83569,44.14293],[1.83706,44.14381],[1.83761,44.14404],[1.83792,44.14425],[1.83859,44.14449],[1.83972,44.14467],[1.84026,44.14467],[1.84103,44.14448],[1.84205,44.14385],[1.84252,44.14335],[1.8432,44.14198],[1.84392,44.14119],[1.84405,44.13971],[1.84468,44.13854],[1.84525,44.13718],[1.84588,44.13637],[1.84689,44.13562],[1.84788,44.13518],[1.84882,44.13503],[1.85027,44.13507],[1.8512,44.1353],[1.85417,44.13659],[1.85523,44.13693],[1.85628,44.13744],[1.85717,44.13811],[1.85795,44.13887],[1.85903,44.14061],[1.85984,44.14219],[1.86047,44.14291],[1.86099,44.14329],[1.86179,44.14368],[1.86307,44.14401],[1.86382,44.14404],[1.86499,44.14396],[1.86687,44.14363],[1.86875,44.14311],[1.86918,44.1429],[1.87009,44.14182],[1.87096,44.14104],[1.87165,44.14062],[1.87242,44.14028],[1.87714,44.13936],[1.87812,44.13897],[1.88116,44.13829],[1.88447,44.13731],[1.88496,44.13723],[1.88588,44.13736],[1.88613,44.13746],[1.88658,44.13782],[1.88743,44.1389],[1.88844,44.1407],[1.88923,44.14142],[1.88992,44.14235],[1.89047,44.14278],[1.89114,44.14306],[1.89197,44.14321],[1.893,44.14323],[1.89335,44.14315],[1.8939,44.14294],[1.89517,44.14124],[1.89543,44.14063],[1.89595,44.13716],[1.89711,44.13525],[1.89772,44.134],[1.89724,44.13376],[1.89748,44.13353],[1.89782,44.13295],[1.89859,44.13216],[1.89968,44.13024],[1.89996,44.12947],[1.90096,44.12853],[1.90242,44.12773],[1.90313,44.12708],[1.90349,44.12691],[1.90478,44.1268],[1.90545,44.12648],[1.90605,44.12648],[1.90717,44.1263],[1.90759,44.12616],[1.90711,44.12598],[1.90728,44.12476],[1.90742,44.12439],[1.90814,44.12376],[1.90864,44.12294],[1.90869,44.12226],[1.90853,44.12179],[1.90852,44.12143],[1.90894,44.12036],[1.90904,44.11973],[1.90929,44.11981],[1.90949,44.11961],[1.90967,44.11965],[1.90986,44.11957],[1.91007,44.11963],[1.91027,44.11956],[1.91096,44.1196],[1.91131,44.11947],[1.91201,44.11939],[1.91209,44.11923],[1.91246,44.11918],[1.9126,44.11906],[1.91398,44.1192],[1.91438,44.11939],[1.91482,44.11947],[1.91572,44.11937],[1.91586,44.11918],[1.91638,44.11891],[1.9167,44.11848],[1.91684,44.11847],[1.91701,44.11864],[1.91769,44.11842],[1.91849,44.11829],[1.92089,44.11835],[1.92168,44.11864],[1.9228,44.11891],[1.92298,44.1192],[1.92321,44.11923],[1.92417,44.11907],[1.92492,44.11853],[1.92635,44.11831],[1.92672,44.11816],[1.92742,44.11804],[1.92824,44.11806],[1.92896,44.11781],[1.92963,44.1179],[1.93028,44.11787],[1.9308,44.11799],[1.93158,44.11803],[1.93163,44.11814],[1.93184,44.11821],[1.93185,44.11846],[1.93225,44.11874],[1.93251,44.11881],[1.93269,44.11876],[1.93281,44.11892],[1.93322,44.11902],[1.93432,44.11887],[1.93537,44.11894],[1.93578,44.11922],[1.93602,44.11926],[1.93627,44.11981],[1.93643,44.11992],[1.93674,44.1201],[1.93743,44.12026],[1.93816,44.12029],[1.93891,44.11999],[1.93921,44.11999],[1.9409,44.12073],[1.94312,44.1209],[1.9434,44.12081],[1.94411,44.12084],[1.94479,44.12101],[1.94573,44.12142],[1.94618,44.12152],[1.94686,44.12156],[1.94745,44.12172],[1.94758,44.12184],[1.94823,44.1218],[1.94872,44.12188],[1.94881,44.12186],[1.94885,44.12171],[1.94904,44.12167],[1.94944,44.12187],[1.94954,44.12229],[1.94958,44.12236],[1.9498,44.12239],[1.94981,44.12252],[1.95008,44.12251],[1.95028,44.12242],[1.95054,44.12254],[1.95114,44.1226],[1.95134,44.12252],[1.95195,44.12254],[1.95307,44.12272],[1.95341,44.12286],[1.95385,44.12322],[1.95476,44.12341],[1.95542,44.1234],[1.95561,44.12326],[1.95567,44.12293],[1.95587,44.12266],[1.95631,44.12251],[1.95651,44.12254],[1.95658,44.12276],[1.95717,44.12283],[1.95772,44.12286],[1.95807,44.12273],[1.95903,44.12263],[1.95978,44.12271],[1.9608,44.12296],[1.96168,44.12292],[1.96245,44.12277],[1.96259,44.12283],[1.96262,44.12306],[1.96275,44.12312],[1.96305,44.12308],[1.96325,44.12293],[1.9642,44.1228],[1.96482,44.12302],[1.96521,44.12328],[1.96548,44.12317],[1.96603,44.12325],[1.96679,44.12298],[1.96785,44.12314],[1.96812,44.12299],[1.9686,44.12308],[1.96875,44.12287],[1.96865,44.12279],[1.96838,44.12188],[1.96855,44.12177],[1.96882,44.12134],[1.96872,44.12101],[1.96884,44.11937],[1.97005,44.11718],[1.97042,44.11568],[1.97071,44.1152],[1.97323,44.11466],[1.97416,44.11434],[1.97506,44.11385],[1.97578,44.11337],[1.97628,44.11291],[1.97687,44.11233],[1.97773,44.11126],[1.97805,44.11103],[1.97895,44.11065],[1.97982,44.10969],[1.98087,44.10896],[1.98142,44.10842],[1.98184,44.1084],[1.98209,44.10848],[1.98308,44.10904],[1.98417,44.10841],[1.98485,44.10836],[1.98621,44.10788],[1.98683,44.10811],[1.98714,44.10757],[1.98837,44.10655],[1.98889,44.10636],[1.9895,44.10558],[1.98909,44.10435],[1.98918,44.10418],[1.98957,44.10389],[1.98988,44.10382],[1.98874,44.10325],[1.98841,44.10283],[1.98754,44.10224],[1.98666,44.10096],[1.98614,44.10048],[1.9857,44.10022],[1.9855,44.09989],[1.98532,44.09982],[1.9852,44.09925],[1.98487,44.0991],[1.98449,44.09853],[1.9836,44.09805],[1.9832,44.09769],[1.98247,44.09732],[1.98207,44.09686],[1.98201,44.09668],[1.98182,44.09654],[1.98194,44.09611],[1.98084,44.09533],[1.98068,44.09441],[1.98034,44.09414],[1.98009,44.09376],[1.9797,44.0935],[1.97958,44.0932],[1.97959,44.0925],[1.98002,44.09174],[1.9803,44.09074],[1.98028,44.09047],[1.98001,44.0902],[1.9798,44.08943],[1.97979,44.08742],[1.97992,44.08672],[1.98028,44.08612],[1.98005,44.08582],[1.98003,44.08556],[1.97945,44.08529],[1.97867,44.08515],[1.97794,44.0852],[1.97681,44.0856],[1.97618,44.08573],[1.97291,44.0851],[1.97268,44.08533],[1.9723,44.08538],[1.9717,44.08481],[1.97045,44.08468],[1.96995,44.08422],[1.96841,44.08328],[1.96817,44.08322],[1.96663,44.08399],[1.96651,44.08377],[1.96601,44.08372],[1.96595,44.08363],[1.9659,44.08255],[1.96796,44.08233],[1.96805,44.0772],[1.96782,44.07576],[1.9672,44.07319],[1.9666,44.07174],[1.96672,44.06957],[1.96692,44.06936],[1.96552,44.06911],[1.96504,44.06918],[1.96446,44.06936],[1.96384,44.06936],[1.96344,44.06921],[1.9627,44.06875],[1.96228,44.06876],[1.96199,44.069],[1.96182,44.06939],[1.96198,44.07068],[1.96146,44.07095],[1.96027,44.07075],[1.95859,44.07026],[1.95817,44.07028],[1.95774,44.06978],[1.95775,44.06933],[1.95793,44.0691],[1.95919,44.06839],[1.9596,44.06825],[1.95957,44.06804],[1.96016,44.0673],[1.96138,44.06512],[1.96227,44.06376],[1.96291,44.063],[1.96354,44.06273],[1.9642,44.0626],[1.96456,44.0627],[1.96626,44.06255],[1.96676,44.06243],[1.96797,44.06238],[1.96983,44.06247],[1.97447,44.06285],[1.97595,44.0629],[1.97608,44.06284],[1.97823,44.0628],[1.97914,44.06263],[1.98053,44.06256],[1.98242,44.06202],[1.98369,44.06189],[1.98573,44.06155],[1.98822,44.06142],[1.98979,44.06163],[1.99154,44.06196],[1.99242,44.06197],[1.99327,44.06187],[1.99463,44.06149],[1.99843,44.05971],[2.00075,44.05898],[2.00135,44.06199],[2.00136,44.06281],[2.00183,44.06564],[2.00426,44.06763],[2.00541,44.06738],[2.00588,44.0675],[2.00637,44.06748],[2.00741,44.0667],[2.00819,44.06655],[2.00915,44.06613],[2.01091,44.06614],[2.01326,44.06577],[2.01561,44.06531],[2.01943,44.06484],[2.02354,44.06473],[2.02399,44.0649],[2.02399,44.06477],[2.02301,44.06367],[2.02257,44.06336],[2.02188,44.06313],[2.02132,44.06309],[2.02071,44.06268],[2.01998,44.06199],[2.02036,44.06201],[2.02313,44.06163],[2.02434,44.06112],[2.02432,44.0609],[2.02449,44.06066],[2.0249,44.06054],[2.0265,44.06047],[2.0297,44.06095],[2.03096,44.06045],[2.03098,44.06024],[2.03082,44.05981],[2.03126,44.05921],[2.0322,44.05898],[2.03277,44.05848],[2.03396,44.05768],[2.03426,44.05769],[2.03469,44.05756],[2.03497,44.05619],[2.03573,44.05494],[2.03618,44.05465],[2.0376,44.05283],[2.03923,44.05396],[2.03946,44.05419],[2.03958,44.05451],[2.04337,44.05432],[2.04295,44.05653],[2.04297,44.05769],[2.04272,44.0584],[2.04279,44.05861],[2.04333,44.0592],[2.04334,44.06017],[2.04376,44.06073],[2.04481,44.06171],[2.04518,44.06217],[2.04622,44.0629],[2.04692,44.06371],[2.05323,44.06513],[2.05172,44.06625],[2.05154,44.06647],[2.05153,44.0669],[2.05172,44.06736],[2.05149,44.06772],[2.05125,44.06785],[2.05026,44.06812],[2.05005,44.06823],[2.05004,44.06843],[2.04974,44.0686],[2.04909,44.06883],[2.04879,44.06873],[2.04876,44.06895],[2.04856,44.06896],[2.04846,44.06904],[2.0486,44.06924],[2.0483,44.06957],[2.04875,44.07021],[2.04942,44.07073],[2.05065,44.07125],[2.05145,44.07173],[2.05308,44.07156],[2.05389,44.07122],[2.05484,44.07129],[2.05543,44.07085],[2.05601,44.07069],[2.05651,44.07066],[2.05786,44.07079],[2.05897,44.07067],[2.05928,44.0708],[2.05946,44.07121],[2.06041,44.07181],[2.06097,44.07236],[2.06165,44.07277],[2.06306,44.0742],[2.0634,44.07449],[2.06351,44.07497],[2.06371,44.07529],[2.06428,44.07573],[2.06452,44.07656],[2.06513,44.07702],[2.06563,44.07706],[2.06687,44.07643],[2.06706,44.07625],[2.06719,44.07597],[2.06716,44.07511],[2.06725,44.07484],[2.06863,44.07321],[2.06994,44.07194],[2.07034,44.07169],[2.07099,44.07161],[2.0716,44.07177],[2.07285,44.07242],[2.07308,44.0726],[2.07341,44.07304],[2.07359,44.07308],[2.0751,44.07286],[2.0761,44.07244],[2.07644,44.07246],[2.07777,44.07295],[2.0792,44.07319],[2.07974,44.07347],[2.08062,44.07421],[2.0809,44.07475],[2.08142,44.07509],[2.08146,44.07562],[2.08156,44.07578],[2.08269,44.07663],[2.08276,44.077],[2.0829,44.07707],[2.08301,44.07741],[2.08288,44.07824],[2.08305,44.07842],[2.08312,44.07874],[2.08364,44.0789],[2.08388,44.07918],[2.0837,44.07956],[2.08329,44.08005],[2.08332,44.0804],[2.08343,44.08047],[2.08513,44.08046],[2.08577,44.0803],[2.08704,44.08055],[2.08651,44.08222],[2.08617,44.08255],[2.08608,44.08277],[2.08603,44.0836],[2.0857,44.08401],[2.08595,44.08432],[2.08511,44.08571],[2.08466,44.08699],[2.08439,44.09009],[2.08497,44.09261],[2.08421,44.09404],[2.08323,44.09486],[2.08341,44.09589],[2.08403,44.09792],[2.08533,44.10043],[2.08536,44.10183],[2.08556,44.1028],[2.08426,44.10359],[2.08375,44.10341],[2.08135,44.1022],[2.08045,44.10205],[2.08066,44.10064],[2.08124,44.10007],[2.08203,44.09859],[2.08207,44.09808],[2.08192,44.09755],[2.08133,44.09684],[2.08097,44.0966],[2.08021,44.09543],[2.07988,44.0947],[2.07971,44.09373],[2.07928,44.09313],[2.07879,44.09271],[2.0783,44.09348],[2.07778,44.09397],[2.0771,44.09446],[2.076,44.09508],[2.07497,44.09546],[2.07418,44.09588],[2.07367,44.09656],[2.0733,44.09739],[2.07207,44.09812],[2.07128,44.09879],[2.07115,44.09909],[2.07112,44.09981],[2.07036,44.10008],[2.06912,44.10107],[2.06984,44.10164],[2.06967,44.10201],[2.06975,44.10268],[2.07007,44.10419],[2.07034,44.10451],[2.07239,44.10542],[2.07248,44.10563],[2.07345,44.10635],[2.07433,44.10655],[2.07552,44.10704],[2.07803,44.10787],[2.08036,44.10904],[2.08185,44.10959],[2.08142,44.11154],[2.08118,44.11219],[2.08241,44.11206],[2.08317,44.11285],[2.08575,44.11474],[2.08691,44.11576],[2.08762,44.11622],[2.08819,44.11694],[2.08902,44.11742],[2.08988,44.11825],[2.09147,44.11893],[2.09186,44.11973],[2.0919,44.12055],[2.09206,44.12109],[2.09199,44.12148],[2.09239,44.12181],[2.09262,44.12213],[2.09294,44.12301],[2.09292,44.12336],[2.09256,44.1237],[2.09198,44.12381],[2.09037,44.12314],[2.08994,44.12305],[2.08932,44.12316],[2.08877,44.12369],[2.0883,44.12441],[2.08766,44.125],[2.08731,44.12518],[2.08666,44.12524],[2.086,44.1252],[2.08562,44.12532],[2.08508,44.12569],[2.08475,44.12634],[2.08389,44.12696],[2.08429,44.12728],[2.08434,44.12746],[2.08432,44.12765],[2.08388,44.12838],[2.0839,44.12877],[2.08418,44.12884],[2.08549,44.12878],[2.08706,44.12912],[2.08792,44.12912],[2.08889,44.12885],[2.09018,44.12792],[2.09037,44.12785],[2.09065,44.12786],[2.09091,44.12805],[2.0911,44.12907],[2.09196,44.12986],[2.09202,44.13023],[2.09194,44.1305],[2.09156,44.13112],[2.09173,44.13144],[2.09201,44.13156],[2.09287,44.13161],[2.09491,44.13144],[2.09531,44.13149],[2.09695,44.13011],[2.09755,44.12846],[2.09899,44.12672],[2.09965,44.12473],[2.09948,44.12431],[2.09952,44.12418],[2.09981,44.12411],[2.10032,44.12452],[2.10101,44.12443],[2.10075,44.12256],[2.10087,44.12186],[2.10083,44.12074],[2.10095,44.12026],[2.10187,44.11879],[2.10443,44.11549],[2.10369,44.11402],[2.10346,44.11144],[2.10318,44.11023],[2.10294,44.10981],[2.1031,44.10944],[2.10321,44.10794],[2.10332,44.10783],[2.10344,44.10704],[2.10323,44.10614],[2.1035,44.10562],[2.1037,44.10422],[2.10293,44.10354],[2.10107,44.10076],[2.10047,44.09878],[2.10042,44.09764],[2.10072,44.09635],[2.10038,44.09513],[2.10008,44.09465],[2.09973,44.09119],[2.09909,44.08848],[2.09934,44.08748],[2.09939,44.08673],[2.09934,44.08645],[2.09909,44.08605],[2.09947,44.08552],[2.09963,44.08506],[2.10015,44.08469],[2.10038,44.08488],[2.10118,44.08655],[2.10146,44.08675],[2.1024,44.08698],[2.10278,44.08728],[2.10288,44.0877],[2.10284,44.08801],[2.10245,44.08888],[2.10244,44.08912],[2.10252,44.08918],[2.10333,44.08931],[2.1034,44.08958],[2.10361,44.08981],[2.10402,44.08983],[2.10576,44.08961],[2.10693,44.08937],[2.1079,44.08902],[2.10862,44.0884],[2.10894,44.08782],[2.10896,44.08749],[2.10874,44.08711],[2.10829,44.08673],[2.10811,44.08646],[2.10819,44.08622],[2.10852,44.08594],[2.10947,44.08575],[2.11053,44.08582],[2.1111,44.08595],[2.11156,44.08566],[2.11223,44.08467],[2.11254,44.08449],[2.11223,44.08396],[2.11206,44.08338],[2.11187,44.0823],[2.11256,44.08112],[2.11342,44.08003],[2.11371,44.08007],[2.11655,44.07963],[2.11628,44.07979],[2.11586,44.08149],[2.11594,44.08245],[2.11706,44.08357],[2.11759,44.08399],[2.11793,44.08385],[2.11873,44.08376],[2.11915,44.08385],[2.11986,44.08428],[2.12077,44.0845],[2.12299,44.08455],[2.12419,44.08437],[2.12492,44.08402],[2.12511,44.08378],[2.12479,44.08323],[2.12455,44.08209],[2.12449,44.08128],[2.12461,44.08029],[2.12949,44.08003],[2.13018,44.08084],[2.13061,44.08119],[2.13053,44.08139],[2.13122,44.08241],[2.13192,44.08274],[2.13354,44.08292],[2.13379,44.0831],[2.13428,44.08374],[2.13677,44.08397],[2.13669,44.08321],[2.13733,44.0831],[2.13941,44.08207],[2.14004,44.0819],[2.14285,44.08181],[2.14323,44.08196],[2.14372,44.08197],[2.14371,44.08222],[2.14486,44.08244],[2.14571,44.08223],[2.14533,44.08181],[2.14622,44.08161],[2.14753,44.08106],[2.1482,44.08092],[2.14883,44.08092],[2.14952,44.08128],[2.1501,44.08133],[2.1524,44.08117],[2.15278,44.08158],[2.15359,44.08155],[2.15404,44.08123],[2.15434,44.08062],[2.15477,44.08038],[2.15559,44.08037],[2.1557,44.08067],[2.15953,44.0812],[2.16015,44.0811],[2.16087,44.08117],[2.16289,44.08089],[2.16365,44.08062],[2.16423,44.08066],[2.16434,44.08037],[2.16561,44.07918],[2.16579,44.07881],[2.16594,44.0779],[2.16655,44.07699],[2.16687,44.07617],[2.16779,44.07515],[2.16794,44.07473],[2.16832,44.07411],[2.16965,44.07326],[2.17007,44.07312],[2.17103,44.07293],[2.17275,44.07315],[2.17302,44.07223],[2.17416,44.07259],[2.1766,44.07292],[2.1774,44.0731],[2.17883,44.07365],[2.17898,44.07405],[2.18006,44.07445],[2.18292,44.07489],[2.1832,44.07489],[2.1835,44.07476],[2.18358,44.07465],[2.18211,44.0739],[2.18256,44.07379],[2.18353,44.07305],[2.18466,44.0724],[2.18808,44.07148],[2.18845,44.0713],[2.18842,44.07093],[2.1887,44.07013],[2.18947,44.06905],[2.18912,44.06844],[2.18969,44.06788],[2.19005,44.06767],[2.19056,44.06755],[2.19088,44.06715],[2.19058,44.0668],[2.19017,44.06671],[2.18921,44.06674],[2.18847,44.06696],[2.18982,44.06592],[2.19202,44.06339],[2.19247,44.06305],[2.19897,44.06047],[2.20152,44.05933],[2.20285,44.05907],[2.20306,44.0589],[2.20391,44.05856],[2.20594,44.058],[2.20696,44.0576],[2.20924,44.05819],[2.21125,44.0585],[2.21254,44.0586],[2.21403,44.05853],[2.21413,44.05937],[2.21405,44.05982],[2.21307,44.06093],[2.21165,44.0623],[2.2121,44.06322],[2.21343,44.06388],[2.21393,44.0639],[2.21538,44.06362],[2.21592,44.0637],[2.21715,44.0642],[2.21869,44.06267],[2.2207,44.06103],[2.22208,44.06009],[2.22255,44.05962],[2.22299,44.0584],[2.22096,44.05842],[2.21925,44.05857],[2.21824,44.05845],[2.21916,44.05676],[2.21974,44.0563],[2.21977,44.05555],[2.22027,44.05499],[2.2199,44.05477],[2.21927,44.05402],[2.21873,44.05372],[2.21809,44.0529],[2.21748,44.05261],[2.21698,44.05261],[2.21666,44.05242],[2.21641,44.05242],[2.21591,44.05225],[2.21557,44.05201],[2.21496,44.05173],[2.21396,44.05166],[2.21326,44.05177],[2.2127,44.05166],[2.21218,44.05172],[2.21193,44.05167],[2.20984,44.05072],[2.20931,44.05031],[2.20901,44.04945],[2.20888,44.04939],[2.20869,44.0491],[2.2085,44.04859],[2.20848,44.04817],[2.20859,44.04787],[2.2092,44.047],[2.20929,44.04667],[2.20918,44.04521],[2.20932,44.04445],[2.20958,44.04393],[2.21023,44.04331],[2.20967,44.04278],[2.2094,44.04202],[2.20892,44.0415],[2.2096,44.04048],[2.21045,44.03649],[2.21087,44.03541],[2.20849,44.03421],[2.20829,44.0339],[2.20827,44.03345],[2.20783,44.03251],[2.20584,44.03196],[2.20665,44.03181],[2.2072,44.03155],[2.20727,44.03133],[2.20687,44.03066],[2.20691,44.03049],[2.20715,44.03027],[2.20894,44.02939],[2.2101,44.02834],[2.21095,44.02775],[2.21218,44.02712],[2.21237,44.02693],[2.21261,44.02634],[2.21352,44.02608],[2.21427,44.02545],[2.21248,44.02422],[2.21195,44.02356],[2.20823,44.02257],[2.20665,44.02229],[2.2068,44.02207],[2.20692,44.02157],[2.20722,44.02107],[2.20772,44.02055],[2.20784,44.02003],[2.20541,44.01867],[2.20359,44.01724],[2.2033,44.01693],[2.20421,44.0166],[2.20666,44.01598],[2.20572,44.01555],[2.2043,44.01529],[2.20353,44.01508],[2.20288,44.01421],[2.20281,44.01299],[2.20256,44.01239],[2.20306,44.01124],[2.20317,44.01031],[2.20347,44.00916],[2.20356,44.00746],[2.20473,44.00644],[2.20496,44.00606],[2.20567,44.00547],[2.2059,44.00505],[2.20568,44.00445],[2.2057,44.00366],[2.20547,44.00252],[2.20594,44.00122],[2.20598,44.00029],[2.20621,43.9997],[2.20657,43.99907],[2.20711,43.9986],[2.20744,43.99799],[2.20789,43.9976],[2.20883,43.99706],[2.20957,43.99691],[2.20993,43.99668],[2.20995,43.99598],[2.21004,43.99584],[2.21061,43.99548],[2.21093,43.99483],[2.21091,43.99459],[2.21054,43.99426],[2.21095,43.99397],[2.21098,43.99387],[2.21062,43.99365],[2.21053,43.99341],[2.21092,43.99305],[2.21087,43.99257],[2.21169,43.99071],[2.21159,43.99055],[2.21119,43.99026],[2.21102,43.98996],[2.21101,43.98975],[2.21127,43.98946],[2.21134,43.98917],[2.21121,43.98885],[2.21099,43.98889],[2.21074,43.98884],[2.21049,43.9886],[2.21003,43.98834],[2.20904,43.98792],[2.20885,43.98758],[2.20895,43.98711],[2.20881,43.98666],[2.20911,43.9866],[2.21028,43.98568],[2.21089,43.98534],[2.21125,43.98498],[2.2123,43.9834],[2.21283,43.98295],[2.21336,43.98229],[2.21346,43.982],[2.21409,43.98112],[2.21468,43.98066],[2.21577,43.97949],[2.21661,43.97808],[2.21429,43.97455],[2.21428,43.97418],[2.21468,43.97355],[2.21476,43.97319],[2.21453,43.97272],[2.21377,43.9721],[2.21313,43.97187],[2.20975,43.97136],[2.20526,43.96959],[2.20481,43.96956],[2.20358,43.96964],[2.20207,43.96959],[2.20172,43.96952],[2.2009,43.96892],[2.19968,43.9676],[2.19979,43.96684],[2.19963,43.9666],[2.19916,43.96651],[2.19837,43.96681],[2.19757,43.96681],[2.19704,43.9667],[2.19674,43.96648],[2.19666,43.96602],[2.19727,43.96528],[2.19734,43.96496],[2.19783,43.96478],[2.19852,43.96411],[2.19975,43.96372],[2.20071,43.96326],[2.201,43.96226],[2.20088,43.96215],[2.2001,43.96196],[2.19991,43.96185],[2.19981,43.96165],[2.19977,43.96094],[2.1996,43.96053],[2.19913,43.96043],[2.19837,43.95909],[2.19767,43.95847],[2.19725,43.95779],[2.19651,43.95703],[2.19641,43.95655],[2.19644,43.95612],[2.19626,43.95566],[2.19586,43.95506],[2.19591,43.95485],[2.19574,43.95459],[2.19581,43.95413],[2.19563,43.95376],[2.19546,43.95296],[2.19526,43.95251],[2.19528,43.95235],[2.19492,43.95171],[2.1939,43.95187],[2.19321,43.95179],[2.19227,43.95138],[2.19129,43.95056],[2.18928,43.94818],[2.18648,43.94325],[2.18603,43.94259],[2.18567,43.94224],[2.18677,43.94197],[2.18749,43.94236],[2.1881,43.94244],[2.18852,43.94261],[2.18878,43.94248],[2.18986,43.94242],[2.19002,43.94231],[2.19015,43.94207],[2.19102,43.94187],[2.19203,43.94098],[2.19243,43.94028],[2.19281,43.93987],[2.19389,43.93936],[2.1943,43.93889],[2.19501,43.93861],[2.19528,43.93794],[2.1957,43.93769],[2.1962,43.93722],[2.19625,43.93683],[2.19667,43.93626],[2.19679,43.9359],[2.19689,43.93507],[2.19703,43.93465],[2.19753,43.93428],[2.19814,43.93355],[2.19892,43.93312],[2.19908,43.93291],[2.19928,43.9328],[2.19988,43.9328],[2.20015,43.93265],[2.201,43.93102],[2.20105,43.93052],[2.20148,43.93011],[2.20154,43.92853],[2.20176,43.92855],[2.20301,43.92823],[2.20326,43.92649],[2.20319,43.9263],[2.20312,43.92633],[2.20306,43.924],[2.20297,43.92372],[2.20278,43.92353],[2.203,43.92328],[2.20308,43.92299],[2.20294,43.92282],[2.20276,43.92292],[2.20245,43.92272],[2.20152,43.92102],[2.19981,43.91956],[2.19799,43.9183],[2.19749,43.91852],[2.197,43.91817],[2.19695,43.91821],[2.19636,43.91782],[2.196,43.91734],[2.19437,43.91752],[2.19464,43.91601],[2.19507,43.9155],[2.19562,43.91506],[2.1989,43.91335],[2.20015,43.91243],[2.20038,43.91202],[2.2006,43.91114],[2.20102,43.91055],[2.20127,43.91046],[2.20164,43.91016],[2.20199,43.90959],[2.20281,43.90942],[2.20355,43.90894],[2.20428,43.90791],[2.20547,43.9068],[2.20586,43.90656],[2.20718,43.90404],[2.20721,43.90369],[2.20785,43.90303],[2.20872,43.90233],[2.21183,43.90106],[2.21012,43.89921],[2.20989,43.89882],[2.21009,43.89864],[2.20885,43.89757],[2.20776,43.89603],[2.20567,43.8965],[2.20409,43.89517],[2.20375,43.89445],[2.20383,43.89351],[2.20374,43.89336],[2.20402,43.89238],[2.20399,43.89155],[2.20369,43.89085],[2.20324,43.89037],[2.20273,43.89014],[2.20243,43.8901],[2.20142,43.88903],[2.20119,43.88918],[2.2008,43.88926],[2.19957,43.88998],[2.19743,43.89094],[2.19636,43.89175],[2.19577,43.89198],[2.19515,43.89246],[2.19361,43.89281],[2.19298,43.89303],[2.19254,43.89348],[2.19135,43.89431],[2.19069,43.89496],[2.18996,43.89551],[2.18978,43.89589],[2.18952,43.89598],[2.18939,43.89626],[2.18911,43.89628],[2.18858,43.89655],[2.18793,43.89672],[2.1878,43.89724],[2.18758,43.89737],[2.18729,43.89773],[2.18744,43.898],[2.18641,43.89907],[2.18621,43.89955],[2.18567,43.90156],[2.18508,43.90288],[2.18495,43.90341],[2.18507,43.9036],[2.18462,43.90426],[2.18474,43.90445],[2.1847,43.90464],[2.18479,43.90477],[2.18463,43.90518],[2.18481,43.90565],[2.18469,43.90575],[2.18469,43.90594],[2.18437,43.90599],[2.18433,43.90623],[2.18221,43.90648],[2.18128,43.90735],[2.17986,43.90807],[2.17855,43.90913],[2.17694,43.90992],[2.17513,43.91056],[2.17391,43.91137],[2.17251,43.91047],[2.17232,43.91064],[2.17113,43.91011],[2.17064,43.91059],[2.16988,43.9111],[2.16858,43.91022],[2.16762,43.9092],[2.16618,43.90839],[2.16581,43.90894],[2.16404,43.90783],[2.16351,43.90713],[2.16323,43.90699],[2.16239,43.90682],[2.16184,43.90643],[2.16167,43.90611],[2.16171,43.90521],[2.16149,43.90442],[2.16129,43.90407],[2.16117,43.90403],[2.16075,43.90413],[2.15996,43.90373],[2.15921,43.90406],[2.15822,43.90426],[2.15765,43.9043],[2.15705,43.90449],[2.15678,43.904],[2.15592,43.90382],[2.15599,43.90358],[2.15579,43.90219],[2.15471,43.90232],[2.15455,43.90149],[2.15395,43.9007],[2.15364,43.90112],[2.1525,43.89993],[2.15226,43.90004],[2.1513,43.89904],[2.15079,43.89866],[2.14934,43.898],[2.1468,43.89709],[2.1463,43.89668],[2.14571,43.89601],[2.14519,43.89572],[2.14258,43.89468],[2.1419,43.89392],[2.14259,43.89345],[2.14346,43.8919],[2.14271,43.89133],[2.14227,43.89064],[2.14131,43.88982],[2.14024,43.88847],[2.13992,43.88884],[2.13943,43.89019],[2.13814,43.89128],[2.13638,43.89214],[2.13292,43.89358],[2.12928,43.89599],[2.12872,43.89626],[2.12489,43.89768],[2.12429,43.89766],[2.12204,43.89806],[2.11845,43.89785],[2.11726,43.89759],[2.11793,43.89826],[2.11969,43.89952],[2.12019,43.89969],[2.12262,43.90011],[2.12271,43.90024],[2.12412,43.90086],[2.12378,43.90087],[2.12378,43.90094],[2.12411,43.90104],[2.12452,43.90132],[2.1252,43.90191],[2.12584,43.90366],[2.12622,43.90406],[2.12713,43.90472],[2.12769,43.9054],[2.1279,43.90603],[2.12788,43.90714],[2.12817,43.90839],[2.12912,43.90978],[2.13051,43.91208],[2.13147,43.91341],[2.13078,43.91376],[2.12951,43.9142],[2.1286,43.91464],[2.127,43.9152],[2.1267,43.91539],[2.12523,43.91575],[2.1246,43.91611],[2.12438,43.91637],[2.1236,43.91645],[2.1223,43.91698],[2.12188,43.917],[2.12065,43.91778],[2.12056,43.91795],[2.11967,43.9183],[2.11942,43.91871],[2.1129,43.91813],[2.1117,43.91809],[2.10864,43.91815],[2.10691,43.91796],[2.08925,43.91687],[2.08901,43.91634],[2.08878,43.91614],[2.08736,43.91567],[2.08548,43.91521],[2.08335,43.91439],[2.08283,43.91412],[2.08142,43.91316],[2.08095,43.91268],[2.07896,43.91167],[2.07656,43.91004],[2.07625,43.90919],[2.07592,43.9089],[2.07537,43.90861],[2.07507,43.9081],[2.07462,43.90763],[2.074,43.90708],[2.07375,43.90662],[2.07397,43.9059],[2.07402,43.90523],[2.07381,43.9038],[2.07283,43.90377],[2.07196,43.90363],[2.07145,43.90343],[2.07109,43.9031],[2.071,43.90254],[2.07086,43.90233],[2.0705,43.90214],[2.07018,43.90179],[2.06885,43.9009],[2.06837,43.90039],[2.06804,43.90033],[2.06735,43.9005],[2.06536,43.90076],[2.06392,43.90054],[2.0633,43.90035],[2.0624,43.8999],[2.06148,43.89961],[2.06029,43.89932],[2.05854,43.89907],[2.05696,43.89871],[2.05653,43.89835],[2.05514,43.89777],[2.05392,43.89667],[2.05388,43.8969],[2.05346,43.89686],[2.05288,43.89729],[2.05279,43.89755],[2.05294,43.89785],[2.05299,43.89862],[2.05364,43.8992],[2.05388,43.89954],[2.05431,43.89967],[2.05447,43.89978],[2.05472,43.90088],[2.0545,43.9014],[2.05502,43.90199],[2.05567,43.90387],[2.05652,43.90429],[2.05667,43.90537],[2.05717,43.90605],[2.05716,43.90666],[2.0598,43.90841],[2.06174,43.91118],[2.06316,43.91185],[2.06451,43.91292],[2.06535,43.91325],[2.06843,43.91308],[2.06986,43.91286],[2.071,43.91289],[2.07417,43.91349],[2.07665,43.91385],[2.08128,43.91515],[2.08293,43.91554],[2.08354,43.91579],[2.08692,43.91653],[2.08735,43.91684],[2.08971,43.91762],[2.0921,43.91858],[2.09106,43.92514],[2.08845,43.92527],[2.08786,43.92543],[2.08819,43.92671],[2.08813,43.92728],[2.08696,43.92758],[2.08613,43.92814],[2.08504,43.92926],[2.0845,43.93003],[2.08395,43.93112],[2.08279,43.93209],[2.08142,43.93256],[2.08011,43.93272],[2.07948,43.9327],[2.07877,43.93254],[2.07814,43.93224],[2.07737,43.93172],[2.0767,43.93109],[2.07599,43.93063],[2.07295,43.92989],[2.07094,43.92993],[2.06741,43.93037],[2.06361,43.93128],[2.06183,43.93135],[2.06083,43.9312],[2.05978,43.93085],[2.05745,43.92939],[2.05302,43.92717],[2.04706,43.92466],[2.04622,43.92425],[2.04226,43.92193],[2.03908,43.92084],[2.03713,43.92041],[2.03609,43.92036],[2.03199,43.92058],[2.03075,43.92052],[2.02913,43.92031],[2.02682,43.91991],[2.02521,43.9195],[2.02368,43.91925],[2.02245,43.9189],[2.02034,43.91805],[2.01965,43.91759],[2.01867,43.91635],[2.01786,43.91559],[2.01586,43.91407],[2.00754,43.90697],[2.00646,43.90621],[2.0046,43.90592],[2.00281,43.90631],[1.99483,43.90863],[1.99196,43.90952],[1.99094,43.90959],[1.99007,43.90954],[1.98929,43.90927],[1.98775,43.90839],[1.98674,43.90708],[1.98597,43.90534],[1.98556,43.90384],[1.98592,43.90151],[1.98698,43.89903],[1.98615,43.898],[1.98525,43.89732],[1.98382,43.89699],[1.98208,43.89693],[1.9801,43.89759],[1.97463,43.90048],[1.97151,43.9019],[1.96943,43.90271],[1.96681,43.90373],[1.96363,43.90513],[1.96221,43.90607],[1.96136,43.90685],[1.96079,43.90769],[1.96024,43.90809],[1.95904,43.9097],[1.95855,43.91018],[1.9576,43.91146],[1.95699,43.91256],[1.95616,43.91435],[1.95546,43.91521],[1.9546,43.91585],[1.95376,43.91618],[1.95275,43.91628],[1.95147,43.91617],[1.94974,43.91583],[1.94794,43.9153],[1.94581,43.91446],[1.94291,43.913],[1.94133,43.91229],[1.93776,43.91086],[1.93572,43.9103],[1.93228,43.90945],[1.92881,43.90878],[1.92793,43.90847],[1.92665,43.90776],[1.92572,43.90696],[1.92538,43.90647],[1.92414,43.90277],[1.92385,43.90232],[1.92349,43.90188],[1.92172,43.90039],[1.92077,43.8994],[1.91983,43.89826],[1.91939,43.89789],[1.91878,43.8975],[1.91741,43.89628],[1.91246,43.89266],[1.90934,43.8909],[1.90779,43.89013],[1.90707,43.88991],[1.90617,43.88971],[1.90539,43.88964],[1.90442,43.88961],[1.90339,43.88972],[1.90236,43.88993],[1.90137,43.89026],[1.89807,43.89155],[1.89736,43.89206],[1.89632,43.89365],[1.89592,43.89466],[1.89581,43.89579],[1.89531,43.89673],[1.89495,43.89723],[1.89387,43.89776],[1.8923,43.89809],[1.89174,43.89806],[1.89124,43.89793],[1.89068,43.89768],[1.89002,43.89703],[1.88951,43.89626],[1.88693,43.8929],[1.88392,43.89039],[1.88324,43.88935],[1.88311,43.88885],[1.88336,43.88755],[1.88397,43.88594],[1.88489,43.88381],[1.88623,43.88198],[1.88654,43.88136],[1.88681,43.88058],[1.88687,43.88006],[1.88678,43.87946],[1.88628,43.87774],[1.88558,43.87572],[1.88504,43.87324],[1.88482,43.87211],[1.88479,43.87032],[1.88469,43.86949],[1.88436,43.86877],[1.88387,43.868],[1.88323,43.86741],[1.88235,43.86677],[1.88136,43.86642],[1.88074,43.86632],[1.87983,43.86637],[1.87785,43.86664],[1.87486,43.86745],[1.87008,43.86895],[1.86824,43.86963],[1.8667,43.87035],[1.86507,43.87125],[1.86427,43.87181],[1.86324,43.87275],[1.86169,43.87459],[1.86134,43.87496],[1.86068,43.87537],[1.85938,43.87563],[1.85775,43.87567],[1.85682,43.87561],[1.8551,43.87521],[1.85388,43.87476],[1.85201,43.87306],[1.85017,43.87177],[1.84706,43.87047],[1.84575,43.87009],[1.84385,43.86973],[1.84134,43.86938],[1.83522,43.869],[1.83399,43.86881],[1.83299,43.86853],[1.83194,43.86811],[1.83019,43.86723],[1.82723,43.86542],[1.82348,43.86289],[1.81725,43.85978],[1.8164,43.85918],[1.81504,43.8575],[1.8139,43.85563],[1.81325,43.85434],[1.8129,43.85288],[1.81282,43.85211],[1.81289,43.85023],[1.81351,43.8485],[1.81476,43.84707],[1.81537,43.84667],[1.81869,43.8453],[1.81938,43.8449],[1.82059,43.84374],[1.82064,43.8434],[1.82054,43.84288],[1.82021,43.84236],[1.81888,43.84161],[1.8179,43.84133],[1.81571,43.84103],[1.81395,43.84064],[1.8128,43.8401],[1.81004,43.8385],[1.80891,43.83796],[1.807,43.83742],[1.80622,43.83724],[1.80472,43.83707],[1.80014,43.8368],[1.79558,43.83686],[1.79415,43.83681],[1.79179,43.83611],[1.78872,43.83454],[1.78705,43.83354],[1.78371,43.83221],[1.78156,43.83168],[1.77894,43.8312],[1.77574,43.83119],[1.77407,43.83138],[1.77205,43.83182],[1.77107,43.83231],[1.77051,43.83292],[1.76933,43.83585],[1.76851,43.83712],[1.76711,43.83817],[1.76639,43.83832],[1.76439,43.83848],[1.76288,43.83822],[1.76187,43.8379],[1.76072,43.83729],[1.75813,43.83549],[1.75684,43.83436],[1.75555,43.83344],[1.75482,43.83269],[1.7536,43.82983],[1.7535,43.82846],[1.75318,43.82723],[1.75261,43.82654],[1.75149,43.82595],[1.75026,43.82547],[1.74924,43.8252],[1.74817,43.82493],[1.74481,43.8245],[1.74346,43.82459],[1.74259,43.82488],[1.73732,43.82756],[1.73689,43.82767],[1.73541,43.82745],[1.73249,43.82601],[1.73147,43.82534],[1.73055,43.82449],[1.72772,43.82126],[1.7271,43.8203],[1.72434,43.81745],[1.72061,43.81477],[1.7193,43.81366],[1.71773,43.81252],[1.71639,43.81171],[1.71432,43.81084],[1.71129,43.80989],[1.70513,43.80774],[1.70401,43.807],[1.69998,43.80333],[1.69949,43.80274],[1.69658,43.79977],[1.69567,43.79867],[1.69391,43.79647],[1.69196,43.79206],[1.69153,43.79132],[1.69118,43.79081],[1.68991,43.78944],[1.68911,43.78873],[1.68834,43.78819],[1.68627,43.78693],[1.684,43.78582],[1.683,43.78549],[1.68164,43.78516],[1.67601,43.7844],[1.67194,43.78403],[1.67018,43.78412],[1.66785,43.78431],[1.66622,43.78429],[1.6654,43.7842],[1.66374,43.78386],[1.66225,43.7833],[1.66065,43.7824],[1.65677,43.77968],[1.65586,43.77894],[1.65358,43.77675],[1.65232,43.77597],[1.65157,43.77577],[1.65082,43.7756],[1.64997,43.77556],[1.64895,43.77564],[1.64831,43.77578],[1.64627,43.77652],[1.64276,43.77831],[1.64076,43.77905],[1.64163,43.77956],[1.64188,43.77982],[1.64209,43.78138],[1.64239,43.7826],[1.64244,43.783],[1.64229,43.78355],[1.64236,43.78422],[1.64202,43.78452],[1.64181,43.78488],[1.64158,43.78576],[1.64191,43.78708],[1.64219,43.78772],[1.64295,43.78848],[1.64416,43.78936],[1.64453,43.78995],[1.64537,43.79088],[1.64594,43.79131],[1.64631,43.79197],[1.64758,43.79297],[1.64823,43.79335],[1.64898,43.79413],[1.64995,43.79436],[1.65013,43.79451],[1.64981,43.79529],[1.6495,43.7956],[1.648,43.79622],[1.64755,43.79633],[1.6474,43.79648],[1.64763,43.79667],[1.64704,43.79714],[1.64477,43.79794],[1.64426,43.79825],[1.64438,43.79924],[1.64479,43.80024],[1.64106,43.8009],[1.63781,43.80097],[1.63527,43.80136],[1.63337,43.80222],[1.63193,43.80067],[1.63094,43.79981],[1.63052,43.79928],[1.6255,43.8018],[1.62568,43.80252],[1.62393,43.80345],[1.62154,43.80446],[1.62102,43.80438],[1.61948,43.80371],[1.61884,43.80451],[1.61794,43.80498],[1.61744,43.80537],[1.61724,43.80569],[1.61729,43.80596],[1.61614,43.80621],[1.61556,43.80651],[1.61488,43.80696],[1.61402,43.80788],[1.61339,43.808],[1.61283,43.80801],[1.61183,43.80703],[1.61159,43.8069],[1.61078,43.80621],[1.6094,43.80613],[1.60855,43.80639],[1.60835,43.80658],[1.60855,43.80686],[1.60728,43.80744],[1.60641,43.8077],[1.60598,43.80807],[1.60503,43.80927],[1.60433,43.80976],[1.6029,43.81039],[1.60265,43.81057],[1.60263,43.81135],[1.6001,43.81155],[1.59803,43.81194],[1.59023,43.81453],[1.59029,43.81489],[1.59125,43.81551],[1.58859,43.81718],[1.58857,43.81734],[1.58792,43.81792],[1.58829,43.81805],[1.58828,43.81948],[1.58792,43.82051],[1.58768,43.8209],[1.58866,43.82123],[1.58887,43.82139],[1.58905,43.82201],[1.58949,43.82195],[1.58993,43.82207],[1.59075,43.82261],[1.59115,43.82303],[1.59207,43.8235],[1.59215,43.82445],[1.59246,43.82503],[1.59285,43.82543],[1.59307,43.82556],[1.59299,43.82634],[1.59171,43.82731],[1.59063,43.82846],[1.59012,43.82915],[1.58942,43.83016],[1.58945,43.83124],[1.58921,43.83166],[1.5889,43.83185],[1.58668,43.83259],[1.58689,43.83275],[1.58886,43.83358],[1.59006,43.83422],[1.59109,43.83488],[1.59211,43.83534],[1.59249,43.83575],[1.59351,43.83825],[1.59348,43.83865],[1.59285,43.84011],[1.59245,43.84209],[1.59256,43.84252],[1.59321,43.84313],[1.59225,43.84325],[1.59123,43.84357],[1.59019,43.84399],[1.58914,43.8442],[1.58785,43.84462],[1.5873,43.84465],[1.58595,43.8445],[1.5845,43.84478],[1.58411,43.84497],[1.58354,43.84552],[1.5832,43.84571],[1.57783,43.8468],[1.5751,43.84782],[1.57337,43.84856],[1.57241,43.84885],[1.57249,43.84911],[1.57238,43.84966],[1.57209,43.85004],[1.57087,43.85123],[1.57059,43.85197],[1.56906,43.85296],[1.5687,43.85337],[1.56718,43.85442],[1.56682,43.85514],[1.56627,43.85567],[1.5661,43.8563],[1.56574,43.85651],[1.56535,43.85662],[1.56525,43.85657],[1.56394,43.85817],[1.56297,43.85913],[1.56177,43.86141],[1.56154,43.86225],[1.56085,43.86323],[1.56074,43.8643],[1.56056,43.86467],[1.5601,43.86518],[1.56006,43.86576],[1.55986,43.86615],[1.55957,43.86644],[1.55889,43.86678],[1.55837,43.86716],[1.55679,43.86754],[1.55512,43.86851],[1.55559,43.87031],[1.55552,43.87068],[1.55595,43.87064],[1.55782,43.86969],[1.55806,43.86955],[1.55823,43.86927],[1.55994,43.8688],[1.56155,43.86966],[1.56159,43.86989],[1.56333,43.87098],[1.56362,43.87138],[1.56425,43.87151],[1.56435,43.87158],[1.56163,43.87249],[1.56066,43.87306],[1.56009,43.87329],[1.55899,43.87403],[1.55786,43.87435],[1.55771,43.87462],[1.55701,43.87473],[1.55619,43.87498],[1.55602,43.87815],[1.55747,43.87813],[1.55927,43.87828],[1.56027,43.87847],[1.56147,43.87893],[1.56221,43.87905],[1.5605,43.88185],[1.55951,43.88219],[1.55901,43.88254],[1.55741,43.88333],[1.55411,43.8855],[1.55386,43.88579],[1.55365,43.88627],[1.55301,43.88663],[1.55179,43.88773],[1.55119,43.88865],[1.55028,43.88972],[1.55004,43.89064],[1.54919,43.8919],[1.54918,43.89226],[1.54885,43.89316],[1.54865,43.89422],[1.54874,43.8959],[1.54862,43.89658],[1.54816,43.89736],[1.54805,43.89804],[1.54726,43.89936],[1.54738,43.90055],[1.54688,43.90154],[1.54662,43.90243],[1.54665,43.90333],[1.54685,43.90409],[1.54753,43.90542],[1.54854,43.90708],[1.54887,43.90784],[1.5487,43.90835],[1.54897,43.90903],[1.54953,43.9096],[1.54963,43.91027],[1.54979,43.9106],[1.5505,43.91136],[1.55076,43.91154],[1.55091,43.91186],[1.55185,43.91218],[1.55292,43.91236],[1.55314,43.91246],[1.55528,43.91396],[1.55539,43.91414],[1.55573,43.91484],[1.55582,43.91534],[1.55602,43.91574],[1.55635,43.9161],[1.55674,43.91682],[1.55671,43.91699],[1.55647,43.91728],[1.55642,43.91765],[1.55592,43.91785],[1.55555,43.91786],[1.55579,43.91835],[1.55624,43.91825],[1.5574,43.9182],[1.55891,43.91791],[1.56065,43.91769],[1.56107,43.91775],[1.56409,43.91725],[1.56602,43.91707],[1.56694,43.91712],[1.56793,43.91775],[1.56806,43.91812],[1.56896,43.91816],[1.56898,43.91874],[1.56914,43.91877],[1.56956,43.91829],[1.57019,43.91827],[1.57025,43.91875],[1.5709,43.91866],[1.57113,43.91847],[1.57128,43.91803],[1.57249,43.91798],[1.57272,43.91791],[1.57269,43.91779],[1.57236,43.91755],[1.57294,43.9171],[1.57331,43.91695],[1.57401,43.91774],[1.57421,43.91815],[1.57437,43.91824],[1.57462,43.9196],[1.57437,43.92027],[1.57393,43.92093],[1.57357,43.9226],[1.57374,43.92364],[1.57428,43.9243],[1.57447,43.92466],[1.57457,43.92538],[1.57392,43.92647],[1.57277,43.92796],[1.57141,43.92921],[1.57232,43.93014],[1.57296,43.93055],[1.57328,43.93084],[1.57375,43.93216],[1.57374,43.93275],[1.57246,43.93605],[1.57382,43.93701],[1.57505,43.93738],[1.57527,43.93753],[1.57604,43.93768],[1.57645,43.93788],[1.5778,43.939],[1.57526,43.93921],[1.57332,43.93977],[1.57022,43.94089],[1.56997,43.94104],[1.56935,43.9418],[1.56854,43.94337],[1.56773,43.94383],[1.56691,43.94404],[1.56677,43.94415],[1.56616,43.94437],[1.56419,43.9444],[1.56202,43.94471],[1.56134,43.94459],[1.55949,43.94502],[1.559,43.9451],[1.55844,43.94506],[1.55805,43.94515],[1.55702,43.94512],[1.55622,43.945],[1.55573,43.9448],[1.55488,43.94463],[1.55298,43.94482],[1.55216,43.94497],[1.55088,43.94548],[1.55007,43.94569],[1.54962,43.94606],[1.54951,43.94609],[1.54931,43.94591],[1.5492,43.94593],[1.54867,43.94635],[1.54842,43.94633],[1.5482,43.94645],[1.54774,43.94649],[1.54722,43.94675],[1.54578,43.9468],[1.54539,43.94692],[1.54503,43.94628],[1.54491,43.94622],[1.54458,43.94638],[1.54403,43.94642],[1.54391,43.94642],[1.54373,43.94626],[1.54312,43.94632],[1.54239,43.94578],[1.54218,43.94571],[1.5414,43.94555],[1.54097,43.94558],[1.54067,43.94519],[1.53903,43.9462],[1.53839,43.94734],[1.53831,43.94826],[1.53805,43.94878],[1.53782,43.9497],[1.53791,43.9498],[1.53873,43.9497],[1.53951,43.94975],[1.53956,43.95014],[1.53924,43.95157],[1.53976,43.95206],[1.54148,43.95295],[1.54126,43.95298],[1.54074,43.95324],[1.54046,43.95383],[1.5401,43.95399],[1.53908,43.95467],[1.53774,43.95565],[1.53623,43.95704],[1.53618,43.95755],[1.53591,43.9579],[1.53531,43.95839],[1.53531,43.95915],[1.53519,43.95968],[1.53545,43.95967],[1.53662,43.96],[1.53675,43.96017],[1.53804,43.9606],[1.53824,43.96055],[1.53882,43.95996],[1.53915,43.95929],[1.53977,43.95841],[1.54058,43.95776],[1.54179,43.95736],[1.54246,43.95699],[1.54318,43.95678],[1.54351,43.95695],[1.54374,43.95693],[1.54455,43.9564],[1.54586,43.95587],[1.5465,43.95549],[1.54689,43.95505],[1.54717,43.95515],[1.5489,43.95537],[1.54995,43.95507],[1.54997,43.95516],[1.54921,43.95616],[1.54912,43.95682],[1.55034,43.957],[1.55102,43.95945],[1.55103,43.95974],[1.55033,43.96173],[1.5503,43.96241],[1.55123,43.96212],[1.55224,43.96218],[1.55245,43.96286],[1.55235,43.9631],[1.55437,43.96309],[1.55502,43.96321],[1.55619,43.96316],[1.55713,43.96322],[1.55767,43.96331],[1.55847,43.96367],[1.55964,43.96402],[1.56046,43.96412],[1.56398,43.96506],[1.5643,43.96508],[1.56499,43.96499],[1.56563,43.9652],[1.56674,43.96531],[1.56753,43.96515],[1.56856,43.96466],[1.57011,43.96467],[1.57091,43.96441],[1.57386,43.96469],[1.5759,43.96462],[1.57624,43.96452],[1.57768,43.96381],[1.57823,43.96366],[1.57908,43.96364],[1.5796,43.96352],[1.58167,43.96239],[1.58486,43.96127],[1.59135,43.96023],[1.59248,43.96019],[1.59405,43.9604],[1.59613,43.96044],[1.60401,43.95984],[1.60489,43.95989],[1.60594,43.9601],[1.60769,43.95967],[1.60952,43.95909],[1.61184,43.959],[1.61555,43.95922],[1.61816,43.95917],[1.61922,43.95923],[1.61971,43.95933],[1.62007,43.9595],[1.62153,43.96045],[1.62204,43.96057],[1.6227,43.96062],[1.62274,43.96072],[1.62302,43.96105],[1.62292,43.96188],[1.62294,43.96219],[1.62321,43.96253],[1.62327,43.96285],[1.62318,43.96312],[1.62242,43.96377],[1.62131,43.96423],[1.62039,43.96485],[1.61963,43.96547],[1.61939,43.96597],[1.61948,43.9675],[1.61889,43.96805],[1.61862,43.97104],[1.61887,43.97164],[1.61853,43.97276],[1.61871,43.97381],[1.61869,43.97417],[1.61883,43.97466],[1.6195,43.97595],[1.6197,43.97746],[1.62014,43.9778],[1.62017,43.97804],[1.62048,43.97858],[1.6207,43.97864],[1.62086,43.97887],[1.621,43.97983],[1.6222,43.9808],[1.62285,43.98119],[1.62423,43.98244],[1.62504,43.98265],[1.62588,43.98311],[1.62713,43.98352],[1.62844,43.98418],[1.62882,43.98464],[1.62878,43.98527],[1.62855,43.98564],[1.62842,43.98622],[1.62855,43.98709],[1.62895,43.98778],[1.6298,43.98862],[1.62979,43.98958],[1.63033,43.99025],[1.63134,43.9908],[1.63186,43.99096],[1.63266,43.99084],[1.6332,43.99068],[1.63357,43.99042],[1.63415,43.99035],[1.63629,43.9935],[1.63617,43.9938],[1.63629,43.99404],[1.63722,43.99478],[1.63963,43.99307],[1.64068,43.9926],[1.64149,43.99242],[1.64659,43.99181],[1.64755,43.99179],[1.64872,43.9921],[1.65061,43.99238],[1.65232,43.99335],[1.6526,43.99342],[1.65319,43.99336],[1.65442,43.993],[1.65472,43.99336],[1.65603,43.99387],[1.65772,43.99516],[1.6578,43.99538],[1.65809,43.9956],[1.65827,43.99658],[1.65855,43.99697],[1.65822,43.99789],[1.65785,43.99855],[1.65789,43.99872],[1.65686,44.00036],[1.65661,44.0012],[1.65616,44.00173],[1.65603,44.00184],[1.65549,44.00194],[1.65514,44.00212],[1.65318,44.00266],[1.65268,44.00289],[1.65234,44.0032],[1.65214,44.00386],[1.65204,44.00499],[1.65227,44.00582],[1.65213,44.00641],[1.6524,44.0068],[1.65257,44.00747],[1.65236,44.00775],[1.65212,44.00786],[1.65199,44.00818],[1.65163,44.00858],[1.65113,44.00873],[1.65076,44.009],[1.65037,44.0097],[1.64955,44.01077],[1.64943,44.01145],[1.64895,44.01191],[1.65122,44.01183],[1.65189,44.01202],[1.65303,44.01213],[1.65363,44.01204],[1.65409,44.01183],[1.65571,44.01342],[1.65732,44.01333],[1.6611,44.01285],[1.66135,44.01264],[1.66466,44.01152],[1.66531,44.0115],[1.67142,44.01066],[1.6717,44.01223],[1.67218,44.01342],[1.67192,44.0135],[1.67206,44.01457],[1.67152,44.01495],[1.6709,44.01507],[1.67042,44.0153],[1.66928,44.01619],[1.66852,44.01646],[1.66838,44.01666],[1.6684,44.017],[1.6689,44.01776],[1.66943,44.01796],[1.6699,44.01796],[1.6705,44.01772],[1.67148,44.01653],[1.67173,44.01634],[1.67422,44.01597],[1.6751,44.01611],[1.67539,44.01628],[1.67565,44.01657],[1.67596,44.01722],[1.67605,44.0177],[1.67576,44.01845],[1.67563,44.01857],[1.67442,44.01905],[1.6748,44.02018],[1.67522,44.02048],[1.67615,44.0209],[1.67682,44.02158],[1.67775,44.02186],[1.67816,44.02187],[1.67836,44.02179],[1.67902,44.02092],[1.68056,44.02134],[1.68226,44.02156],[1.6837,44.02125],[1.68582,44.02135],[1.68632,44.02142],[1.68747,44.02174],[1.68747,44.02191],[1.68769,44.02199],[1.6909,44.02245],[1.69181,44.02248],[1.69139,44.02434],[1.69178,44.0258],[1.69293,44.02828],[1.69295,44.0291],[1.69324,44.02977],[1.69532,44.0325],[1.6957,44.03288],[1.69573,44.03353],[1.6955,44.03549],[1.69878,44.04009],[1.70078,44.04185],[1.70278,44.04344],[1.70378,44.04413],[1.70439,44.04442],[1.69968,44.05096],[1.69704,44.05549],[1.69614,44.05831],[1.6958,44.05874],[1.69613,44.0591],[1.69557,44.05952],[1.69531,44.05984],[1.69335,44.06117],[1.69278,44.06165],[1.69253,44.06197],[1.69212,44.06302],[1.69105,44.06262],[1.68947,44.06227],[1.68702,44.06223],[1.68561,44.06244],[1.68441,44.06293],[1.68313,44.06364],[1.68142,44.0648],[1.68058,44.06522],[1.67825,44.06608],[1.67693,44.06649],[1.67649,44.06659],[1.67567,44.06661],[1.67495,44.06649],[1.67426,44.06621],[1.67399,44.06592],[1.67362,44.06525]]]]},"properties":{"ID":"811","id":"811","NOM_MASSIF":"Gr\u00e9signe et Causses","dept":"81"}},{"type":"Feature","id":5,"geometry":{"type":"MultiPolygon","coordinates":[[[[2.21895,43.54183],[2.21958,43.54067],[2.22,43.54036],[2.21953,43.53989],[2.21904,43.53911],[2.21852,43.53854],[2.2178,43.53695],[2.21687,43.53599],[2.21646,43.53519],[2.21543,43.53389],[2.21468,43.53332],[2.21339,43.53261],[2.21274,43.53151],[2.2115,43.53109],[2.21063,43.5305],[2.20979,43.5297],[2.20889,43.52943],[2.20877,43.52929],[2.20878,43.52889],[2.20866,43.52864],[2.20669,43.52677],[2.20697,43.52674],[2.20756,43.52635],[2.20772,43.52611],[2.20864,43.52569],[2.20914,43.52514],[2.20921,43.52492],[2.21017,43.52456],[2.21028,43.52443],[2.21338,43.52263],[2.21441,43.52226],[2.21418,43.52034],[2.2133,43.51901],[2.21286,43.51855],[2.21297,43.5185],[2.21047,43.51289],[2.2104,43.51263],[2.21091,43.51159],[2.21025,43.51137],[2.20871,43.51118],[2.20795,43.51131],[2.2064,43.51179],[2.20558,43.51104],[2.20536,43.51105],[2.20052,43.51411],[2.19719,43.51226],[2.19502,43.51121],[2.19382,43.51159],[2.19374,43.51187],[2.19328,43.51208],[2.18899,43.51177],[2.18879,43.51207],[2.18836,43.51217],[2.18356,43.51147],[2.18374,43.51166],[2.18407,43.51352],[2.18349,43.51425],[2.18351,43.51449],[2.18227,43.51602],[2.1822,43.51641],[2.18236,43.51662],[2.18252,43.5174],[2.18236,43.51811],[2.18091,43.51912],[2.18229,43.51969],[2.18016,43.52221],[2.17927,43.52328],[2.17857,43.52372],[2.17672,43.52548],[2.17653,43.52581],[2.17513,43.52729],[2.17262,43.52601],[2.17248,43.52614],[2.17258,43.52665],[2.17289,43.52703],[2.17267,43.52718],[2.17266,43.52737],[2.17233,43.52752],[2.17222,43.52783],[2.17206,43.52791],[2.17216,43.52819],[2.17201,43.52835],[2.17206,43.52867],[2.17238,43.52872],[2.17246,43.52887],[2.1724,43.52928],[2.1727,43.52942],[2.17233,43.52962],[2.17198,43.52994],[2.17229,43.53008],[2.17212,43.53046],[2.17182,43.53085],[2.17154,43.53097],[2.17169,43.5312],[2.17141,43.53147],[2.17154,43.53171],[2.17144,43.5318],[2.17094,43.53165],[2.16995,43.5315],[2.16814,43.53165],[2.16722,43.53158],[2.16537,43.53121],[2.16438,43.53085],[2.16412,43.53112],[2.16363,43.53087],[2.16253,43.52983],[2.16231,43.52982],[2.162,43.52927],[2.1572,43.53233],[2.15435,43.5337],[2.15343,43.53407],[2.15245,43.53431],[2.15112,43.53375],[2.14872,43.53246],[2.14833,43.5327],[2.14608,43.5334],[2.14554,43.53167],[2.14506,43.53241],[2.1447,43.53413],[2.14446,43.53439],[2.14311,43.53434],[2.1429,43.5346],[2.14304,43.53491],[2.14288,43.53508],[2.14062,43.53276],[2.13963,43.53237],[2.14006,43.53181],[2.13978,43.53053],[2.13962,43.53017],[2.13926,43.53002],[2.13892,43.53019],[2.13869,43.53002],[2.13794,43.53005],[2.13508,43.52981],[2.13406,43.5295],[2.13421,43.52934],[2.13317,43.52865],[2.13337,43.52846],[2.13271,43.528],[2.13222,43.5283],[2.13174,43.52789],[2.1304,43.52654],[2.13131,43.52608],[2.13291,43.52418],[2.13379,43.52331],[2.13804,43.51963],[2.14003,43.519],[2.14145,43.51693],[2.14209,43.51633],[2.14287,43.515],[2.13855,43.5128],[2.13879,43.51249],[2.13669,43.51157],[2.13676,43.5108],[2.13577,43.51019],[2.13461,43.51089],[2.13279,43.51165],[2.13212,43.51278],[2.13092,43.5142],[2.13075,43.51448],[2.13079,43.51461],[2.1291,43.51738],[2.12731,43.5187],[2.12524,43.51864],[2.12533,43.51843],[2.12529,43.51823],[2.12541,43.51802],[2.12455,43.51745],[2.12462,43.51689],[2.12495,43.51686],[2.1251,43.51672],[2.12539,43.51612],[2.12552,43.51602],[2.12552,43.51586],[2.12599,43.51566],[2.12624,43.51515],[2.12666,43.51477],[2.12685,43.51409],[2.12704,43.51383],[2.12732,43.51373],[2.12705,43.51348],[2.12673,43.51286],[2.1256,43.51125],[2.12552,43.51099],[2.12518,43.51073],[2.12505,43.51046],[2.12465,43.51044],[2.12461,43.51012],[2.12423,43.50962],[2.12419,43.50943],[2.12396,43.50928],[2.12385,43.50866],[2.12405,43.50823],[2.12333,43.50745],[2.12271,43.50706],[2.12323,43.50573],[2.12258,43.50524],[2.12252,43.50511],[2.12337,43.50381],[2.12464,43.50211],[2.12471,43.5008],[2.12464,43.50056],[2.12428,43.50011],[2.1227,43.50011],[2.1222,43.50019],[2.12293,43.49922],[2.12377,43.49857],[2.12389,43.4986],[2.12492,43.49709],[2.12595,43.4964],[2.1258,43.49606],[2.12441,43.49545],[2.12455,43.49519],[2.12263,43.49386],[2.11859,43.49085],[2.1189,43.49043],[2.11697,43.48981],[2.11743,43.48936],[2.11433,43.48796],[2.11422,43.48807],[2.11304,43.48794],[2.11258,43.48786],[2.11211,43.48797],[2.11124,43.48892],[2.10983,43.49096],[2.10931,43.49154],[2.10769,43.493],[2.10693,43.49386],[2.10697,43.49408],[2.10655,43.49425],[2.10597,43.49402],[2.10211,43.49102],[2.09935,43.4891],[2.09739,43.48721],[2.09513,43.4856],[2.09506,43.48555],[2.09514,43.48546],[2.09529,43.48543],[2.0963,43.48465],[2.09717,43.48385],[2.09742,43.4833],[2.09862,43.48293],[2.09931,43.48222],[2.1003,43.48216],[2.10229,43.48087],[2.10433,43.48028],[2.10215,43.47804],[2.10355,43.47713],[2.10381,43.47686],[2.10369,43.47681],[2.10273,43.47585],[2.09975,43.47732],[2.09947,43.47719],[2.09628,43.47644],[2.09509,43.4762],[2.09367,43.47579],[2.09359,43.47543],[2.09325,43.47507],[2.09287,43.47481],[2.09063,43.47142],[2.08996,43.47088],[2.08905,43.47032],[2.08783,43.46897],[2.08754,43.46834],[2.08725,43.46574],[2.08704,43.46502],[2.08753,43.46442],[2.0859,43.46408],[2.08622,43.46378],[2.08489,43.46317],[2.08242,43.46322],[2.0819,43.46317],[2.08146,43.46305],[2.08046,43.46235],[2.07519,43.46483],[2.07157,43.46683],[2.06975,43.46769],[2.06872,43.46867],[2.06785,43.4698],[2.06648,43.47042],[2.06664,43.47072],[2.06663,43.47198],[2.06375,43.47327],[2.05949,43.47426],[2.05924,43.47439],[2.05786,43.47539],[2.05739,43.47584],[2.05666,43.4771],[2.05515,43.47869],[2.05307,43.47935],[2.05203,43.4802],[2.05195,43.48035],[2.05209,43.48172],[2.04831,43.4855],[2.04651,43.48668],[2.04486,43.48811],[2.0447,43.48837],[2.04464,43.48906],[2.04426,43.48965],[2.04391,43.48995],[2.04393,43.49012],[2.04379,43.49032],[2.04386,43.49053],[2.04365,43.49084],[2.04345,43.49092],[2.04249,43.4909],[2.04239,43.49141],[2.04249,43.4917],[2.04244,43.49201],[2.04408,43.49225],[2.04561,43.49304],[2.04604,43.49336],[2.04633,43.49346],[2.04645,43.49408],[2.04686,43.49457],[2.04775,43.4953],[2.04793,43.49565],[2.04783,43.49726],[2.04805,43.49824],[2.0468,43.49967],[2.04702,43.49982],[2.04693,43.50017],[2.0472,43.50308],[2.04687,43.5037],[2.04635,43.50516],[2.0457,43.50608],[2.04535,43.50722],[2.04493,43.50815],[2.04505,43.50903],[2.04396,43.51028],[2.04366,43.51092],[2.04322,43.51141],[2.04243,43.51206],[2.04127,43.5125],[2.04046,43.51304],[2.04021,43.51244],[2.03979,43.51088],[2.03983,43.51012],[2.04011,43.50955],[2.03991,43.50898],[2.03935,43.50872],[2.03874,43.50859],[2.0384,43.50838],[2.03807,43.50811],[2.03779,43.50748],[2.03756,43.50724],[2.03763,43.5062],[2.03839,43.50487],[2.03891,43.50418],[2.03909,43.50369],[2.03985,43.50295],[2.04087,43.50214],[2.04115,43.50168],[2.0409,43.50064],[2.0411,43.50028],[2.0376,43.49931],[2.0336,43.49959],[2.03265,43.49942],[2.03167,43.49912],[2.02901,43.50435],[2.02971,43.50594],[2.02459,43.50688],[2.02331,43.5074],[2.02262,43.50779],[2.0226,43.50796],[2.02062,43.50771],[2.02057,43.50753],[2.01916,43.50793],[2.019,43.50776],[2.01746,43.50876],[2.01556,43.50954],[2.0136,43.50758],[2.01244,43.50728],[2.01371,43.50626],[2.01344,43.50599],[2.01508,43.50486],[2.01472,43.50393],[2.01481,43.50387],[2.0146,43.50333],[2.01469,43.50328],[2.01401,43.50179],[2.01419,43.50131],[2.01427,43.50003],[2.01385,43.49603],[2.01303,43.49459],[2.01435,43.48994],[2.0151,43.48828],[2.01612,43.48763],[2.01373,43.48559],[2.01265,43.48442],[2.01208,43.48381],[2.01093,43.48281],[2.00859,43.48005],[2.00721,43.48049],[2.00576,43.48114],[2.00515,43.4813],[2.00398,43.48135],[2.00145,43.48104],[2.0002,43.48114],[1.99861,43.48163],[1.99539,43.48286],[1.99359,43.48132],[1.99303,43.48053],[1.99174,43.47976],[1.99149,43.47945],[1.99128,43.47878],[1.99042,43.47806],[1.99046,43.47789],[1.99021,43.47783],[1.98988,43.47757],[1.98865,43.47818],[1.98824,43.47825],[1.98646,43.47906],[1.98581,43.47951],[1.98472,43.48052],[1.98412,43.48073],[1.9838,43.48091],[1.98315,43.48185],[1.98267,43.48229],[1.98158,43.48239],[1.98108,43.48328],[1.97976,43.4842],[1.97905,43.48494],[1.97836,43.48549],[1.97853,43.48564],[1.97827,43.48578],[1.97787,43.48634],[1.97694,43.48682],[1.9762,43.48742],[1.97572,43.48768],[1.97305,43.48784],[1.9681,43.49077],[1.96411,43.49192],[1.96231,43.49259],[1.95977,43.49279],[1.95844,43.49321],[1.95811,43.4931],[1.95589,43.49403],[1.95285,43.49059],[1.95243,43.49056],[1.95125,43.49113],[1.95027,43.49143],[1.94934,43.49227],[1.9492,43.49214],[1.94766,43.49318],[1.94774,43.49329],[1.94337,43.49547],[1.94113,43.49441],[1.93779,43.49839],[1.93733,43.49858],[1.93599,43.49938],[1.93501,43.49984],[1.93429,43.50124],[1.93303,43.50243],[1.93207,43.50255],[1.93152,43.50211],[1.93112,43.50163],[1.9309,43.50149],[1.92998,43.50121],[1.92978,43.50104],[1.92621,43.50088],[1.92544,43.50145],[1.92381,43.5024],[1.92303,43.50295],[1.92168,43.50453],[1.92054,43.50524],[1.91967,43.5044],[1.91724,43.50168],[1.91553,43.50253],[1.91447,43.50283],[1.9132,43.50309],[1.91401,43.50427],[1.90929,43.50598],[1.90556,43.50807],[1.90428,43.50894],[1.90408,43.50878],[1.90223,43.50956],[1.90168,43.50898],[1.89949,43.50983],[1.89763,43.51078],[1.89741,43.51056],[1.89394,43.51193],[1.89258,43.51159],[1.89235,43.51189],[1.89179,43.51231],[1.89272,43.51328],[1.89294,43.51376],[1.89191,43.51454],[1.89138,43.51393],[1.89068,43.51434],[1.89178,43.51541],[1.89119,43.51565],[1.88949,43.5161],[1.88909,43.51637],[1.88807,43.51673],[1.88807,43.51686],[1.88745,43.51687],[1.88631,43.51801],[1.88595,43.51892],[1.88508,43.51907],[1.88416,43.51888],[1.88293,43.51843],[1.8829,43.51947],[1.88261,43.52148],[1.88259,43.52317],[1.88266,43.52336],[1.88251,43.52349],[1.88249,43.52413],[1.88228,43.52435],[1.88174,43.52535],[1.87998,43.52665],[1.88018,43.52688],[1.8799,43.52715],[1.88002,43.52864],[1.87884,43.52904],[1.87934,43.53024],[1.87689,43.53097],[1.8763,43.53103],[1.87581,43.53098],[1.8757,43.53139],[1.87503,43.53188],[1.87426,43.53198],[1.8743,43.53368],[1.87114,43.53443],[1.87335,43.53714],[1.87363,43.53737],[1.87408,43.5376],[1.87572,43.5381],[1.87607,43.53844],[1.87697,43.53892],[1.87738,43.539],[1.87789,43.53896],[1.87834,43.53902],[1.87909,43.53892],[1.87937,43.53949],[1.87998,43.54025],[1.87677,43.54133],[1.87555,43.54163],[1.87317,43.54208],[1.8699,43.54303],[1.86972,43.54301],[1.86715,43.54389],[1.86608,43.54417],[1.86504,43.54463],[1.86434,43.54507],[1.86409,43.54527],[1.8629,43.54575],[1.8615,43.54601],[1.86083,43.54621],[1.85974,43.54628],[1.85918,43.54642],[1.85934,43.54653],[1.8564,43.54824],[1.85351,43.54909],[1.85255,43.54923],[1.85113,43.54928],[1.85053,43.54941],[1.85258,43.55349],[1.85339,43.5539],[1.85339,43.5542],[1.8533,43.55443],[1.85303,43.55462],[1.85241,43.55473],[1.85171,43.5547],[1.85132,43.5548],[1.85266,43.55618],[1.85038,43.55902],[1.84932,43.56057],[1.84926,43.56115],[1.84956,43.56197],[1.84949,43.56246],[1.84945,43.56754],[1.84945,43.56766],[1.84879,43.5677],[1.84589,43.56976],[1.8459,43.56996],[1.84616,43.5705],[1.84226,43.57183],[1.84115,43.57288],[1.83923,43.57512],[1.83875,43.5754],[1.83958,43.57731],[1.83987,43.57754],[1.84021,43.57761],[1.8401,43.57771],[1.83887,43.57797],[1.83785,43.5785],[1.83727,43.57813],[1.83699,43.57771],[1.83638,43.57764],[1.83616,43.57783],[1.83613,43.57826],[1.83604,43.57835],[1.83524,43.57812],[1.83434,43.57823],[1.83353,43.57806],[1.83342,43.57809],[1.83333,43.57834],[1.83295,43.5783],[1.83252,43.57881],[1.83218,43.57889],[1.8319,43.57881],[1.83183,43.57855],[1.83129,43.57807],[1.83077,43.57816],[1.83052,43.57782],[1.83017,43.57806],[1.82996,43.57804],[1.82794,43.57856],[1.82781,43.57897],[1.82753,43.57897],[1.82718,43.5788],[1.82702,43.57909],[1.82699,43.57954],[1.82733,43.57963],[1.82719,43.58017],[1.82709,43.58024],[1.82663,43.58035],[1.82613,43.58024],[1.82581,43.58028],[1.82539,43.58047],[1.82492,43.58085],[1.82456,43.58104],[1.82257,43.58145],[1.82164,43.58122],[1.82044,43.58086],[1.81959,43.58074],[1.81506,43.58213],[1.81329,43.58246],[1.8126,43.58246],[1.81272,43.58199],[1.81244,43.5817],[1.81264,43.58159],[1.81256,43.58133],[1.81116,43.57943],[1.8098,43.5779],[1.80814,43.57857],[1.80366,43.58016],[1.80338,43.5808],[1.80165,43.58159],[1.80152,43.58202],[1.80093,43.58206],[1.80055,43.58235],[1.79994,43.58231],[1.79868,43.58253],[1.79704,43.58288],[1.79731,43.58371],[1.79787,43.58365],[1.7982,43.5846],[1.79676,43.5847],[1.79603,43.58459],[1.79567,43.58446],[1.79551,43.58462],[1.79543,43.58489],[1.79562,43.58515],[1.79544,43.58515],[1.79509,43.58495],[1.7946,43.58486],[1.79469,43.58454],[1.79462,43.5841],[1.79313,43.58357],[1.79303,43.58353],[1.79308,43.58347],[1.79301,43.58329],[1.79266,43.58353],[1.79188,43.58344],[1.79172,43.58357],[1.79165,43.58391],[1.79154,43.58401],[1.79136,43.58405],[1.7912,43.58395],[1.79116,43.58372],[1.79152,43.58336],[1.79151,43.58328],[1.79128,43.58319],[1.79003,43.58329],[1.79004,43.58391],[1.78995,43.58403],[1.78942,43.58383],[1.78916,43.58348],[1.78901,43.58353],[1.78836,43.58382],[1.78851,43.58439],[1.78843,43.58454],[1.78789,43.58439],[1.78769,43.58416],[1.7871,43.58443],[1.78548,43.58492],[1.78415,43.58552],[1.78263,43.58606],[1.78211,43.58658],[1.78103,43.58727],[1.78105,43.58737],[1.78143,43.58749],[1.78121,43.58765],[1.7808,43.58762],[1.78064,43.58755],[1.78056,43.58735],[1.77999,43.58721],[1.77965,43.58701],[1.77901,43.58702],[1.77843,43.58753],[1.77853,43.58768],[1.77898,43.58777],[1.779,43.5879],[1.77878,43.58813],[1.77835,43.58821],[1.77793,43.58816],[1.77783,43.58858],[1.77799,43.58899],[1.77803,43.58943],[1.77751,43.59034],[1.7772,43.59048],[1.77672,43.59035],[1.77589,43.58974],[1.77554,43.58989],[1.77541,43.59014],[1.77541,43.59035],[1.77564,43.59061],[1.77525,43.59079],[1.77462,43.59072],[1.77428,43.59026],[1.77413,43.59039],[1.77413,43.59058],[1.77458,43.59124],[1.77466,43.59155],[1.77528,43.59148],[1.77426,43.59198],[1.77395,43.59192],[1.77368,43.59174],[1.77368,43.59115],[1.77344,43.59103],[1.77309,43.591],[1.7729,43.59116],[1.77267,43.59156],[1.77309,43.59193],[1.77326,43.59226],[1.77267,43.5923],[1.77205,43.59279],[1.77247,43.59296],[1.77255,43.59326],[1.77279,43.59343],[1.77232,43.59382],[1.77295,43.59419],[1.77351,43.59498],[1.77379,43.59519],[1.77293,43.59541],[1.77249,43.59541],[1.77196,43.59562],[1.77116,43.59542],[1.77281,43.59887],[1.77238,43.59909],[1.77239,43.59923],[1.77206,43.59943],[1.769,43.60094],[1.76922,43.60123],[1.76848,43.60122],[1.76855,43.60163],[1.76741,43.60178],[1.76748,43.60187],[1.76648,43.6025],[1.76661,43.60263],[1.76577,43.60307],[1.76402,43.60352],[1.76359,43.60316],[1.7625,43.60167],[1.76132,43.60293],[1.76103,43.60351],[1.76011,43.60227],[1.75974,43.60245],[1.7594,43.60188],[1.75756,43.60253],[1.75516,43.60364],[1.75418,43.60481],[1.7522,43.60394],[1.75144,43.60376],[1.7525,43.60295],[1.75224,43.60289],[1.7519,43.60227],[1.75145,43.60246],[1.75078,43.60135],[1.7505,43.60142],[1.75011,43.60141],[1.74962,43.60124],[1.74925,43.6012],[1.74894,43.60145],[1.74887,43.60181],[1.74898,43.60199],[1.74952,43.60235],[1.74955,43.60248],[1.74923,43.60263],[1.74836,43.60267],[1.74832,43.60292],[1.74843,43.60321],[1.74717,43.60332],[1.74641,43.60222],[1.74623,43.60224],[1.74603,43.60233],[1.74597,43.60247],[1.74524,43.60267],[1.74568,43.60331],[1.74497,43.60343],[1.74488,43.60398],[1.74428,43.60456],[1.74412,43.60466],[1.74389,43.60466],[1.74334,43.60441],[1.74216,43.60426],[1.74148,43.60455],[1.74131,43.60498],[1.74128,43.60552],[1.74075,43.60597],[1.74057,43.60629],[1.7394,43.60612],[1.73793,43.60624],[1.73747,43.60612],[1.73428,43.60713],[1.73451,43.60743],[1.73315,43.6077],[1.73279,43.60768],[1.73221,43.60815],[1.73201,43.60857],[1.73181,43.60854],[1.7316,43.60835],[1.73152,43.60836],[1.7316,43.60867],[1.73153,43.60878],[1.731,43.60892],[1.73056,43.60913],[1.73049,43.60962],[1.72998,43.60961],[1.72965,43.61003],[1.7287,43.60981],[1.72865,43.60935],[1.72854,43.60922],[1.72818,43.60919],[1.72789,43.60928],[1.72783,43.6094],[1.72788,43.60998],[1.72763,43.61004],[1.7272,43.60996],[1.72712,43.61052],[1.72666,43.61047],[1.72651,43.61051],[1.72616,43.61093],[1.726,43.61137],[1.7261,43.61203],[1.72519,43.612],[1.72388,43.61239],[1.72352,43.61276],[1.72327,43.61366],[1.72294,43.61381],[1.72307,43.61383],[1.7246,43.6159],[1.72287,43.61677],[1.7208,43.61781],[1.71928,43.61836],[1.7151,43.61972],[1.7119,43.62042],[1.71079,43.62077],[1.70994,43.6212],[1.70784,43.62272],[1.70701,43.62181],[1.70552,43.62059],[1.7053,43.61976],[1.70427,43.61916],[1.70468,43.61885],[1.7043,43.61866],[1.70435,43.61857],[1.70464,43.61848],[1.70446,43.61818],[1.70453,43.6179],[1.70235,43.61846],[1.70012,43.61944],[1.69865,43.61985],[1.69786,43.62023],[1.69799,43.6205],[1.69727,43.62102],[1.69699,43.62138],[1.69691,43.6216],[1.6971,43.62179],[1.69699,43.62188],[1.69635,43.62215],[1.69617,43.62214],[1.69587,43.62196],[1.69561,43.62195],[1.69544,43.62214],[1.69545,43.62259],[1.69538,43.62287],[1.69527,43.62295],[1.69452,43.62277],[1.69426,43.6228],[1.69419,43.623],[1.69454,43.62336],[1.69446,43.62355],[1.69308,43.62371],[1.69264,43.62326],[1.69239,43.6232],[1.69215,43.62328],[1.692,43.62398],[1.69232,43.62431],[1.6917,43.62475],[1.69124,43.62454],[1.69106,43.62457],[1.69102,43.62518],[1.69131,43.62543],[1.69131,43.62559],[1.69112,43.62569],[1.69054,43.62574],[1.69037,43.62602],[1.68996,43.62608],[1.68987,43.62626],[1.6901,43.62641],[1.69043,43.62649],[1.69059,43.62677],[1.68974,43.62752],[1.6892,43.62788],[1.68841,43.62814],[1.68824,43.62828],[1.68828,43.62842],[1.68865,43.62873],[1.68868,43.62907],[1.68856,43.62946],[1.68777,43.6307],[1.68844,43.63077],[1.68876,43.63066],[1.68925,43.6311],[1.69002,43.63161],[1.69053,43.63154],[1.69082,43.63166],[1.69099,43.63185],[1.69076,43.63253],[1.69099,43.63446],[1.69114,43.63495],[1.69145,43.63497],[1.6915,43.6351],[1.69148,43.63631],[1.69117,43.63664],[1.69146,43.63734],[1.69136,43.63751],[1.69141,43.63786],[1.6913,43.63802],[1.69142,43.6384],[1.69122,43.63863],[1.69148,43.6391],[1.69155,43.63947],[1.69177,43.63972],[1.69177,43.64001],[1.69154,43.64016],[1.69171,43.64052],[1.69173,43.64109],[1.69207,43.64141],[1.69209,43.64184],[1.69255,43.64218],[1.69334,43.64254],[1.69371,43.6426],[1.69432,43.64299],[1.69509,43.64323],[1.69528,43.64356],[1.69568,43.64355],[1.696,43.64369],[1.69659,43.64367],[1.69686,43.64384],[1.69695,43.64393],[1.69689,43.64413],[1.69714,43.64431],[1.69738,43.64468],[1.69795,43.645],[1.69858,43.64556],[1.69892,43.64665],[1.69906,43.6468],[1.69925,43.64737],[1.69895,43.64818],[1.69894,43.64849],[1.69973,43.64914],[1.70119,43.64984],[1.70166,43.64993],[1.70211,43.65023],[1.70356,43.65096],[1.70341,43.65118],[1.70366,43.65136],[1.70379,43.65139],[1.70401,43.65123],[1.70536,43.65181],[1.7055,43.65198],[1.70564,43.65256],[1.70616,43.65292],[1.70634,43.65297],[1.70666,43.65274],[1.70712,43.65285],[1.70729,43.65297],[1.7078,43.65304],[1.70842,43.65307],[1.70864,43.65287],[1.70895,43.65297],[1.70931,43.65288],[1.70966,43.65306],[1.71046,43.65313],[1.71126,43.65337],[1.71293,43.65356],[1.71411,43.65387],[1.71538,43.65385],[1.71615,43.654],[1.71779,43.65414],[1.7197,43.65464],[1.72049,43.6551],[1.72052,43.65534],[1.72177,43.65631],[1.72288,43.65658],[1.72436,43.65666],[1.72501,43.65667],[1.72579,43.65658],[1.72612,43.65683],[1.72753,43.65704],[1.72801,43.65699],[1.72833,43.65704],[1.72923,43.65689],[1.72957,43.65704],[1.73042,43.65721],[1.73096,43.65753],[1.73106,43.65771],[1.73084,43.658],[1.73066,43.65862],[1.73094,43.6591],[1.73123,43.65988],[1.73029,43.66112],[1.73123,43.66272],[1.73076,43.66377],[1.72999,43.66454],[1.72917,43.66567],[1.72923,43.66743],[1.72869,43.66861],[1.72758,43.66959],[1.72725,43.66993],[1.72733,43.66996],[1.7266,43.67046],[1.72456,43.67229],[1.72006,43.67435],[1.72036,43.67582],[1.72116,43.6768],[1.72118,43.67694],[1.72018,43.67786],[1.71947,43.6787],[1.71919,43.67954],[1.71962,43.68043],[1.71897,43.68262],[1.71878,43.68298],[1.71862,43.68393],[1.71877,43.68511],[1.71941,43.68675],[1.7208,43.68833],[1.71964,43.68879],[1.71791,43.68904],[1.71607,43.68943],[1.71489,43.68947],[1.71436,43.68957],[1.71322,43.68965],[1.71215,43.68968],[1.71132,43.69004],[1.71017,43.69038],[1.70962,43.69035],[1.70924,43.69044],[1.70732,43.69058],[1.7065,43.69055],[1.70544,43.69087],[1.70497,43.69111],[1.70426,43.691],[1.70275,43.69116],[1.70172,43.69147],[1.70113,43.69149],[1.70045,43.69163],[1.69699,43.69261],[1.69617,43.69252],[1.69559,43.69229],[1.69503,43.69217],[1.6936,43.69204],[1.6912,43.69218],[1.69048,43.69232],[1.69028,43.69224],[1.68954,43.69221],[1.68938,43.69211],[1.68907,43.6921],[1.68775,43.69175],[1.68412,43.69225],[1.68202,43.69227],[1.68135,43.6921],[1.6808,43.69208],[1.67883,43.69224],[1.67655,43.69266],[1.67565,43.69313],[1.67431,43.6935],[1.67378,43.69358],[1.67261,43.69363],[1.67164,43.69322],[1.67133,43.69319],[1.67045,43.6936],[1.66928,43.69388],[1.66922,43.69407],[1.66899,43.69415],[1.6684,43.6939],[1.66786,43.69389],[1.66579,43.69362],[1.66497,43.69354],[1.66435,43.69369],[1.66352,43.69599],[1.66351,43.69673],[1.66417,43.69766],[1.66459,43.69851],[1.6648,43.69986],[1.66509,43.70074],[1.6655,43.7013],[1.66622,43.70182],[1.66597,43.70242],[1.66549,43.703],[1.66515,43.70318],[1.66443,43.70377],[1.66081,43.70568],[1.66251,43.70568],[1.66305,43.70562],[1.66597,43.70498],[1.6673,43.70454],[1.66844,43.70432],[1.66888,43.70416],[1.66975,43.7036],[1.67172,43.70286],[1.67333,43.7018],[1.67413,43.70141],[1.67514,43.70109],[1.67718,43.7008],[1.67996,43.70095],[1.68181,43.70068],[1.68209,43.70141],[1.68283,43.70647],[1.6852,43.70779],[1.68545,43.70753],[1.68726,43.70808],[1.68793,43.70767],[1.68965,43.70825],[1.68972,43.7082],[1.69149,43.70872],[1.69445,43.70943],[1.69411,43.71033],[1.69402,43.7111],[1.6941,43.71138],[1.69331,43.71215],[1.6933,43.71229],[1.69349,43.71237],[1.69386,43.71225],[1.69462,43.71181],[1.6962,43.7112],[1.69694,43.71095],[1.69763,43.71086],[1.69916,43.71022],[1.70096,43.70974],[1.70163,43.7093],[1.70194,43.70961],[1.70245,43.70978],[1.70325,43.7098],[1.7035,43.70989],[1.70482,43.71083],[1.7069,43.71253],[1.7049,43.71369],[1.7066,43.71649],[1.70568,43.71675],[1.70535,43.71762],[1.70426,43.71833],[1.70281,43.71967],[1.7025,43.72038],[1.70152,43.72209],[1.70106,43.7234],[1.69992,43.72547],[1.69949,43.72581],[1.69884,43.72652],[1.69311,43.72967],[1.69071,43.72895],[1.68959,43.7279],[1.68945,43.72801],[1.6897,43.72833],[1.6896,43.72856],[1.68907,43.72905],[1.68832,43.72951],[1.68727,43.73001],[1.68667,43.73009],[1.6858,43.73059],[1.6843,43.73167],[1.68272,43.733],[1.68198,43.73387],[1.68188,43.7341],[1.68185,43.73475],[1.68128,43.73582],[1.68127,43.73635],[1.6809,43.73668],[1.68044,43.7363],[1.67957,43.73612],[1.67807,43.73565],[1.67769,43.73543],[1.67762,43.73552],[1.67739,43.73537],[1.67681,43.73521],[1.67579,43.73541],[1.67317,43.73535],[1.67191,43.73619],[1.67248,43.73673],[1.67111,43.73764],[1.67146,43.73791],[1.66988,43.73909],[1.66954,43.73892],[1.66817,43.74018],[1.66578,43.74096],[1.66482,43.74155],[1.66352,43.74248],[1.66321,43.74262],[1.66144,43.74245],[1.66082,43.74191],[1.66021,43.74221],[1.65972,43.74261],[1.65973,43.74282],[1.65801,43.74352],[1.65803,43.74441],[1.65815,43.74519],[1.65812,43.74596],[1.65706,43.74853],[1.65661,43.74925],[1.65606,43.7496],[1.65558,43.74976],[1.6541,43.74995],[1.65291,43.74993],[1.652,43.75012],[1.65056,43.75101],[1.65009,43.7516],[1.64996,43.75184],[1.65037,43.75229],[1.65043,43.75289],[1.65073,43.75362],[1.65151,43.75474],[1.65175,43.75471],[1.65182,43.75536],[1.65117,43.75551],[1.65162,43.75622],[1.65215,43.75609],[1.65267,43.75786],[1.65346,43.75876],[1.65427,43.76111],[1.65547,43.76384],[1.65561,43.76431],[1.65596,43.76791],[1.65562,43.76906],[1.65536,43.76934],[1.65484,43.77017],[1.65472,43.77068],[1.65417,43.77131],[1.65417,43.77158],[1.65363,43.77194],[1.65313,43.77296],[1.65284,43.77325],[1.65301,43.77348],[1.65299,43.77371],[1.65282,43.77378],[1.65267,43.77408],[1.65241,43.77428],[1.65241,43.77458],[1.65195,43.77483],[1.65194,43.77512],[1.65157,43.77577],[1.65232,43.77597],[1.65358,43.77675],[1.65586,43.77894],[1.65677,43.77968],[1.66065,43.7824],[1.66225,43.7833],[1.66374,43.78386],[1.6654,43.7842],[1.66622,43.78429],[1.66785,43.78431],[1.67018,43.78412],[1.67194,43.78403],[1.67601,43.7844],[1.68164,43.78516],[1.683,43.78549],[1.684,43.78582],[1.68627,43.78693],[1.68834,43.78819],[1.68911,43.78873],[1.68991,43.78944],[1.69118,43.79081],[1.69153,43.79132],[1.69196,43.79206],[1.69391,43.79647],[1.69567,43.79867],[1.69658,43.79977],[1.69949,43.80274],[1.69998,43.80333],[1.70401,43.807],[1.70513,43.80774],[1.71129,43.80989],[1.71432,43.81084],[1.71639,43.81171],[1.71773,43.81252],[1.7193,43.81366],[1.72061,43.81477],[1.72434,43.81745],[1.7271,43.8203],[1.72772,43.82126],[1.73055,43.82449],[1.73147,43.82534],[1.73249,43.82601],[1.73541,43.82745],[1.73689,43.82767],[1.73732,43.82756],[1.74259,43.82488],[1.74346,43.82459],[1.74481,43.8245],[1.74817,43.82493],[1.74924,43.8252],[1.75026,43.82547],[1.75149,43.82595],[1.75261,43.82654],[1.75318,43.82723],[1.7535,43.82846],[1.7536,43.82983],[1.75482,43.83269],[1.75555,43.83344],[1.75684,43.83436],[1.75813,43.83549],[1.76072,43.83729],[1.76187,43.8379],[1.76288,43.83822],[1.76439,43.83848],[1.76639,43.83832],[1.76711,43.83817],[1.76851,43.83712],[1.76933,43.83585],[1.77051,43.83292],[1.77107,43.83231],[1.77205,43.83182],[1.77407,43.83138],[1.77574,43.83119],[1.77894,43.8312],[1.78156,43.83168],[1.78371,43.83221],[1.78705,43.83354],[1.78872,43.83454],[1.79179,43.83611],[1.79415,43.83681],[1.79558,43.83686],[1.80014,43.8368],[1.80472,43.83707],[1.80622,43.83724],[1.807,43.83742],[1.80891,43.83796],[1.81004,43.8385],[1.8128,43.8401],[1.81395,43.84064],[1.81571,43.84103],[1.8179,43.84133],[1.81888,43.84161],[1.82021,43.84236],[1.82054,43.84288],[1.82064,43.8434],[1.82059,43.84374],[1.81938,43.8449],[1.81869,43.8453],[1.81537,43.84667],[1.81476,43.84707],[1.81351,43.8485],[1.81289,43.85023],[1.81282,43.85211],[1.8129,43.85288],[1.81325,43.85434],[1.8139,43.85563],[1.81504,43.8575],[1.8164,43.85918],[1.81725,43.85978],[1.82348,43.86289],[1.82723,43.86542],[1.83019,43.86723],[1.83194,43.86811],[1.83299,43.86853],[1.83399,43.86881],[1.83522,43.869],[1.84134,43.86938],[1.84385,43.86973],[1.84575,43.87009],[1.84706,43.87047],[1.85017,43.87177],[1.85201,43.87306],[1.85388,43.87476],[1.8551,43.87521],[1.85682,43.87561],[1.85775,43.87567],[1.85938,43.87563],[1.86068,43.87537],[1.86134,43.87496],[1.86169,43.87459],[1.86324,43.87275],[1.86427,43.87181],[1.86507,43.87125],[1.8667,43.87035],[1.86824,43.86963],[1.87008,43.86895],[1.87486,43.86745],[1.87785,43.86664],[1.87983,43.86637],[1.88074,43.86632],[1.88136,43.86642],[1.88235,43.86677],[1.88323,43.86741],[1.88387,43.868],[1.88436,43.86877],[1.88469,43.86949],[1.88479,43.87032],[1.88482,43.87211],[1.88504,43.87324],[1.88558,43.87572],[1.88628,43.87774],[1.88678,43.87946],[1.88687,43.88006],[1.88681,43.88058],[1.88654,43.88136],[1.88623,43.88198],[1.88489,43.88381],[1.88397,43.88594],[1.88336,43.88755],[1.88311,43.88885],[1.88324,43.88935],[1.88392,43.89039],[1.88693,43.8929],[1.88951,43.89626],[1.89002,43.89703],[1.89068,43.89768],[1.89124,43.89793],[1.89174,43.89806],[1.8923,43.89809],[1.89387,43.89776],[1.89495,43.89723],[1.89531,43.89673],[1.89581,43.89579],[1.89592,43.89466],[1.89632,43.89365],[1.89736,43.89206],[1.89807,43.89155],[1.90137,43.89026],[1.90236,43.88993],[1.90339,43.88972],[1.90442,43.88961],[1.90539,43.88964],[1.90617,43.88971],[1.90707,43.88991],[1.90779,43.89013],[1.90934,43.8909],[1.91246,43.89266],[1.91741,43.89628],[1.91878,43.8975],[1.91939,43.89789],[1.91983,43.89826],[1.92077,43.8994],[1.92172,43.90039],[1.92349,43.90188],[1.92385,43.90232],[1.92414,43.90277],[1.92538,43.90647],[1.92572,43.90696],[1.92665,43.90776],[1.92793,43.90847],[1.92881,43.90878],[1.93228,43.90945],[1.93572,43.9103],[1.93776,43.91086],[1.94133,43.91229],[1.94291,43.913],[1.94581,43.91446],[1.94794,43.9153],[1.94974,43.91583],[1.95147,43.91617],[1.95275,43.91628],[1.95376,43.91618],[1.9546,43.91585],[1.95546,43.91521],[1.95616,43.91435],[1.95699,43.91256],[1.9576,43.91146],[1.95855,43.91018],[1.95904,43.9097],[1.96024,43.90809],[1.96079,43.90769],[1.96136,43.90685],[1.96221,43.90607],[1.96363,43.90513],[1.96681,43.90373],[1.96943,43.90271],[1.97151,43.9019],[1.97463,43.90048],[1.9801,43.89759],[1.98208,43.89693],[1.98382,43.89699],[1.98525,43.89732],[1.98615,43.898],[1.98698,43.89903],[1.98592,43.90151],[1.98556,43.90384],[1.98597,43.90534],[1.98674,43.90708],[1.98775,43.90839],[1.98929,43.90927],[1.99007,43.90954],[1.99094,43.90959],[1.99196,43.90952],[1.99483,43.90863],[2.00281,43.90631],[2.0046,43.90592],[2.00646,43.90621],[2.00754,43.90697],[2.01586,43.91407],[2.01786,43.91559],[2.01867,43.91635],[2.01965,43.91759],[2.02034,43.91805],[2.02245,43.9189],[2.02368,43.91925],[2.02521,43.9195],[2.02682,43.91991],[2.02913,43.92031],[2.03075,43.92052],[2.03199,43.92058],[2.03609,43.92036],[2.03713,43.92041],[2.03908,43.92084],[2.04226,43.92193],[2.04622,43.92425],[2.04706,43.92466],[2.05302,43.92717],[2.05745,43.92939],[2.05978,43.93085],[2.06083,43.9312],[2.06183,43.93135],[2.06361,43.93128],[2.06741,43.93037],[2.07094,43.92993],[2.07295,43.92989],[2.07599,43.93063],[2.0767,43.93109],[2.07737,43.93172],[2.07814,43.93224],[2.07877,43.93254],[2.07948,43.9327],[2.08011,43.93272],[2.08142,43.93256],[2.08279,43.93209],[2.08395,43.93112],[2.0845,43.93003],[2.08504,43.92926],[2.08613,43.92814],[2.08696,43.92758],[2.08813,43.92728],[2.08819,43.92671],[2.08786,43.92543],[2.08845,43.92527],[2.09106,43.92514],[2.0921,43.91858],[2.08971,43.91762],[2.08735,43.91684],[2.08692,43.91653],[2.08354,43.91579],[2.08293,43.91554],[2.08128,43.91515],[2.07665,43.91385],[2.07417,43.91349],[2.071,43.91289],[2.06986,43.91286],[2.06843,43.91308],[2.06535,43.91325],[2.06451,43.91292],[2.06316,43.91185],[2.06174,43.91118],[2.0598,43.90841],[2.05716,43.90666],[2.05717,43.90605],[2.05667,43.90537],[2.05652,43.90429],[2.05567,43.90387],[2.05502,43.90199],[2.0545,43.9014],[2.05472,43.90088],[2.05447,43.89978],[2.05431,43.89967],[2.05388,43.89954],[2.05364,43.8992],[2.05299,43.89862],[2.05294,43.89785],[2.05279,43.89755],[2.05288,43.89729],[2.05346,43.89686],[2.05388,43.8969],[2.05392,43.89667],[2.05514,43.89777],[2.05653,43.89835],[2.05696,43.89871],[2.05854,43.89907],[2.06029,43.89932],[2.06148,43.89961],[2.0624,43.8999],[2.0633,43.90035],[2.06392,43.90054],[2.06536,43.90076],[2.06735,43.9005],[2.06804,43.90033],[2.06837,43.90039],[2.06885,43.9009],[2.07018,43.90179],[2.0705,43.90214],[2.07086,43.90233],[2.071,43.90254],[2.07109,43.9031],[2.07145,43.90343],[2.07196,43.90363],[2.07283,43.90377],[2.07381,43.9038],[2.07402,43.90523],[2.07397,43.9059],[2.07375,43.90662],[2.074,43.90708],[2.07462,43.90763],[2.07507,43.9081],[2.07537,43.90861],[2.07592,43.9089],[2.07625,43.90919],[2.07656,43.91004],[2.07896,43.91167],[2.08095,43.91268],[2.08142,43.91316],[2.08283,43.91412],[2.08335,43.91439],[2.08548,43.91521],[2.08736,43.91567],[2.08878,43.91614],[2.08901,43.91634],[2.08925,43.91687],[2.10691,43.91796],[2.10864,43.91815],[2.1117,43.91809],[2.1129,43.91813],[2.11942,43.91871],[2.11967,43.9183],[2.12056,43.91795],[2.12065,43.91778],[2.12188,43.917],[2.1223,43.91698],[2.1236,43.91645],[2.12438,43.91637],[2.1246,43.91611],[2.12523,43.91575],[2.1267,43.91539],[2.127,43.9152],[2.1286,43.91464],[2.12951,43.9142],[2.13078,43.91376],[2.13147,43.91341],[2.13051,43.91208],[2.12912,43.90978],[2.12817,43.90839],[2.12788,43.90714],[2.1279,43.90603],[2.12769,43.9054],[2.12713,43.90472],[2.12622,43.90406],[2.12584,43.90366],[2.1252,43.90191],[2.12452,43.90132],[2.12411,43.90104],[2.12378,43.90094],[2.12378,43.90087],[2.12412,43.90086],[2.12271,43.90024],[2.12262,43.90011],[2.12019,43.89969],[2.11969,43.89952],[2.11793,43.89826],[2.11726,43.89759],[2.11845,43.89785],[2.12204,43.89806],[2.12429,43.89766],[2.12489,43.89768],[2.12872,43.89626],[2.12928,43.89599],[2.13292,43.89358],[2.13638,43.89214],[2.13814,43.89128],[2.13943,43.89019],[2.13992,43.88884],[2.14024,43.88847],[2.14131,43.88982],[2.14227,43.89064],[2.14271,43.89133],[2.14346,43.8919],[2.14259,43.89345],[2.1419,43.89392],[2.14258,43.89468],[2.14519,43.89572],[2.14571,43.89601],[2.1463,43.89668],[2.1468,43.89709],[2.14934,43.898],[2.15079,43.89866],[2.1513,43.89904],[2.15226,43.90004],[2.1525,43.89993],[2.15364,43.90112],[2.15395,43.9007],[2.15455,43.90149],[2.15471,43.90232],[2.15579,43.90219],[2.15599,43.90358],[2.15592,43.90382],[2.15678,43.904],[2.15705,43.90449],[2.15765,43.9043],[2.15822,43.90426],[2.15921,43.90406],[2.15996,43.90373],[2.16075,43.90413],[2.16117,43.90403],[2.16129,43.90407],[2.16149,43.90442],[2.16171,43.90521],[2.16167,43.90611],[2.16184,43.90643],[2.16239,43.90682],[2.16323,43.90699],[2.16351,43.90713],[2.16404,43.90783],[2.16581,43.90894],[2.16618,43.90839],[2.16762,43.9092],[2.16858,43.91022],[2.16988,43.9111],[2.17064,43.91059],[2.17113,43.91011],[2.17232,43.91064],[2.17251,43.91047],[2.17391,43.91137],[2.17513,43.91056],[2.17694,43.90992],[2.17855,43.90913],[2.17986,43.90807],[2.18128,43.90735],[2.18221,43.90648],[2.18433,43.90623],[2.18437,43.90599],[2.18469,43.90594],[2.18469,43.90575],[2.18481,43.90565],[2.18463,43.90518],[2.18479,43.90477],[2.1847,43.90464],[2.18474,43.90445],[2.18462,43.90426],[2.18507,43.9036],[2.18495,43.90341],[2.18508,43.90288],[2.18567,43.90156],[2.18621,43.89955],[2.18641,43.89907],[2.18744,43.898],[2.18729,43.89773],[2.18758,43.89737],[2.1878,43.89724],[2.18793,43.89672],[2.18858,43.89655],[2.18911,43.89628],[2.18939,43.89626],[2.18952,43.89598],[2.18978,43.89589],[2.18996,43.89551],[2.19069,43.89496],[2.19135,43.89431],[2.19254,43.89348],[2.19298,43.89303],[2.19361,43.89281],[2.19515,43.89246],[2.19577,43.89198],[2.19636,43.89175],[2.19743,43.89094],[2.19957,43.88998],[2.2008,43.88926],[2.20119,43.88918],[2.20142,43.88903],[2.20243,43.8901],[2.20273,43.89014],[2.20324,43.89037],[2.20369,43.89085],[2.20399,43.89155],[2.20402,43.89238],[2.20374,43.89336],[2.20383,43.89351],[2.20375,43.89445],[2.20409,43.89517],[2.20567,43.8965],[2.20776,43.89603],[2.20885,43.89757],[2.21009,43.89864],[2.20989,43.89882],[2.21012,43.89921],[2.21183,43.90106],[2.20872,43.90233],[2.20785,43.90303],[2.20721,43.90369],[2.20718,43.90404],[2.20586,43.90656],[2.20547,43.9068],[2.20428,43.90791],[2.20355,43.90894],[2.20281,43.90942],[2.20199,43.90959],[2.20164,43.91016],[2.20127,43.91046],[2.20102,43.91055],[2.2006,43.91114],[2.20038,43.91202],[2.20015,43.91243],[2.1989,43.91335],[2.19562,43.91506],[2.19507,43.9155],[2.19464,43.91601],[2.19437,43.91752],[2.196,43.91734],[2.19636,43.91782],[2.19695,43.91821],[2.197,43.91817],[2.19749,43.91852],[2.19799,43.9183],[2.19981,43.91956],[2.20152,43.92102],[2.20245,43.92272],[2.20276,43.92292],[2.20294,43.92282],[2.20308,43.92299],[2.203,43.92328],[2.20278,43.92353],[2.20297,43.92372],[2.20306,43.924],[2.20312,43.92633],[2.20319,43.9263],[2.20326,43.92649],[2.20301,43.92823],[2.20284,43.92944],[2.203,43.92984],[2.20346,43.93017],[2.20452,43.93177],[2.20515,43.93256],[2.20666,43.93403],[2.20732,43.93519],[2.20739,43.93549],[2.20716,43.93664],[2.20714,43.93724],[2.20744,43.93981],[2.20797,43.94017],[2.20897,43.94033],[2.20978,43.94027],[2.21087,43.93987],[2.21126,43.93957],[2.21186,43.93932],[2.21331,43.93834],[2.2135,43.93854],[2.21438,43.93897],[2.21538,43.9399],[2.21567,43.94007],[2.21612,43.9402],[2.21708,43.94033],[2.21804,43.94],[2.21933,43.93985],[2.22008,43.93955],[2.22048,43.93847],[2.22091,43.93806],[2.22158,43.93769],[2.22228,43.93749],[2.22366,43.9369],[2.22433,43.93671],[2.22532,43.93623],[2.22594,43.93612],[2.22642,43.93621],[2.22838,43.93627],[2.22934,43.93622],[2.22969,43.93612],[2.22987,43.93592],[2.23034,43.93573],[2.2315,43.93496],[2.23222,43.93437],[2.23258,43.93421],[2.23273,43.93394],[2.23299,43.93391],[2.23338,43.93372],[2.23613,43.93375],[2.23833,43.93356],[2.24006,43.93184],[2.24007,43.9316],[2.24057,43.93102],[2.24086,43.93087],[2.24148,43.93073],[2.24209,43.92977],[2.24255,43.92865],[2.24287,43.9274],[2.24398,43.92566],[2.24389,43.92496],[2.24332,43.92362],[2.24478,43.92349],[2.2455,43.92355],[2.24809,43.92419],[2.24923,43.9244],[2.24962,43.92434],[2.25214,43.92221],[2.2547,43.91946],[2.25899,43.91993],[2.26051,43.9199],[2.26197,43.91972],[2.26338,43.91925],[2.26802,43.91726],[2.26878,43.917],[2.2692,43.91689],[2.26834,43.91544],[2.26792,43.91418],[2.26757,43.91423],[2.26705,43.91458],[2.26668,43.91467],[2.26527,43.91455],[2.26431,43.91472],[2.26147,43.91484],[2.26045,43.91516],[2.25982,43.91558],[2.25939,43.916],[2.25895,43.91621],[2.25837,43.91627],[2.25673,43.91594],[2.256,43.91607],[2.25468,43.9165],[2.25415,43.91643],[2.25298,43.91642],[2.25278,43.91634],[2.25271,43.91609],[2.25139,43.91605],[2.25034,43.91585],[2.2487,43.91581],[2.24664,43.91531],[2.24607,43.91483],[2.24571,43.91436],[2.24472,43.91394],[2.24332,43.91372],[2.24294,43.91354],[2.24317,43.91318],[2.24408,43.91232],[2.24483,43.9112],[2.24457,43.91018],[2.24398,43.90849],[2.24261,43.90774],[2.2422,43.90732],[2.24145,43.90611],[2.24169,43.9057],[2.24389,43.9048],[2.24384,43.90384],[2.24361,43.9034],[2.24333,43.90135],[2.24329,43.90026],[2.24355,43.89922],[2.24492,43.89763],[2.24547,43.89675],[2.24599,43.89556],[2.2465,43.89488],[2.24734,43.89418],[2.24775,43.8937],[2.249,43.89284],[2.25019,43.89216],[2.24857,43.89049],[2.2469,43.889],[2.2469,43.88891],[2.24722,43.88864],[2.24727,43.88797],[2.24709,43.88712],[2.24684,43.88698],[2.24584,43.88702],[2.24492,43.88635],[2.24576,43.88559],[2.24704,43.88473],[2.24784,43.884],[2.24929,43.8834],[2.24891,43.88308],[2.25099,43.88136],[2.25158,43.881],[2.25325,43.87951],[2.25364,43.87884],[2.25363,43.87782],[2.2539,43.8774],[2.25588,43.87573],[2.2568,43.8748],[2.25942,43.87615],[2.26119,43.87683],[2.26202,43.87725],[2.26259,43.87672],[2.26305,43.87658],[2.26318,43.87625],[2.26271,43.87596],[2.26236,43.87514],[2.26138,43.87484],[2.26072,43.87441],[2.26,43.87368],[2.25914,43.87318],[2.25861,43.87296],[2.25826,43.8727],[2.25798,43.87238],[2.25774,43.87189],[2.25733,43.87061],[2.256,43.86976],[2.25583,43.86952],[2.25575,43.86912],[2.25539,43.86859],[2.25558,43.86741],[2.25543,43.8672],[2.25486,43.86677],[2.25469,43.86638],[2.25459,43.866],[2.25467,43.86512],[2.25452,43.8646],[2.2534,43.86332],[2.25301,43.86252],[2.25305,43.86205],[2.2538,43.86066],[2.25376,43.86009],[2.25426,43.85906],[2.25229,43.85835],[2.2521,43.85806],[2.24999,43.85805],[2.24972,43.85786],[2.24959,43.85785],[2.24865,43.85806],[2.24845,43.85832],[2.24832,43.8584],[2.24811,43.85841],[2.24786,43.85838],[2.24779,43.85805],[2.24755,43.85792],[2.24692,43.85789],[2.24633,43.85776],[2.24606,43.8576],[2.24471,43.85785],[2.24436,43.85776],[2.24388,43.85779],[2.24374,43.85758],[2.24335,43.85754],[2.24326,43.85747],[2.24331,43.8573],[2.24291,43.85698],[2.24212,43.85689],[2.24233,43.85655],[2.24218,43.85649],[2.24221,43.85617],[2.24183,43.85594],[2.24177,43.85607],[2.24154,43.85626],[2.24136,43.85624],[2.24122,43.8556],[2.24101,43.85587],[2.24061,43.85609],[2.24033,43.85588],[2.23981,43.85585],[2.23919,43.85553],[2.23917,43.85543],[2.23958,43.85497],[2.23943,43.85487],[2.23879,43.85488],[2.23895,43.85429],[2.23887,43.85414],[2.23869,43.85399],[2.23762,43.8534],[2.23687,43.85327],[2.23668,43.85306],[2.23662,43.85281],[2.23643,43.8528],[2.23615,43.85295],[2.23608,43.85327],[2.23598,43.85335],[2.23524,43.85334],[2.23453,43.85257],[2.23353,43.85195],[2.23365,43.85163],[2.2336,43.8514],[2.23301,43.85116],[2.23275,43.85143],[2.2321,43.85124],[2.23201,43.85101],[2.23212,43.85088],[2.23251,43.85081],[2.23259,43.85065],[2.23255,43.85047],[2.23048,43.84948],[2.2292,43.84841],[2.22904,43.84838],[2.22887,43.84857],[2.22867,43.84856],[2.22779,43.84806],[2.22782,43.84752],[2.22961,43.84774],[2.22967,43.84722],[2.22946,43.84681],[2.22954,43.84655],[2.23228,43.84472],[2.23245,43.84453],[2.23273,43.8439],[2.23335,43.84345],[2.2326,43.84291],[2.23263,43.84256],[2.23288,43.8423],[2.23311,43.84171],[2.23376,43.84161],[2.23443,43.84137],[2.23447,43.84124],[2.23416,43.8412],[2.23369,43.84123],[2.23245,43.84097],[2.23219,43.84089],[2.23209,43.84064],[2.23298,43.83877],[2.23329,43.83751],[2.23337,43.83675],[2.23367,43.83616],[2.23604,43.83283],[2.23779,43.83148],[2.23742,43.83085],[2.23642,43.82991],[2.23539,43.82856],[2.23542,43.82786],[2.23568,43.82738],[2.23261,43.82653],[2.23213,43.82618],[2.23165,43.82597],[2.23135,43.82598],[2.2302,43.82625],[2.22921,43.82656],[2.22831,43.82693],[2.22778,43.82694],[2.22772,43.82732],[2.22718,43.82828],[2.2272,43.82862],[2.22703,43.82936],[2.22644,43.8305],[2.22568,43.83118],[2.22502,43.83143],[2.22419,43.83146],[2.22369,43.83163],[2.22299,43.83168],[2.22264,43.83177],[2.22213,43.83176],[2.22127,43.83197],[2.22024,43.83196],[2.21835,43.83267],[2.21734,43.8328],[2.21675,43.83323],[2.21633,43.83339],[2.21643,43.83421],[2.21603,43.8346],[2.21532,43.83498],[2.21483,43.83548],[2.21432,43.83472],[2.21438,43.83435],[2.21468,43.83364],[2.21447,43.83317],[2.21387,43.83262],[2.21354,43.83252],[2.21347,43.83244],[2.21345,43.83188],[2.21361,43.83151],[2.21345,43.83126],[2.21356,43.83111],[2.21358,43.83088],[2.21397,43.83046],[2.21387,43.82961],[2.21395,43.82942],[2.21297,43.82724],[2.21285,43.82665],[2.2129,43.82627],[2.21216,43.82555],[2.21094,43.82495],[2.21043,43.82485],[2.20959,43.82429],[2.20894,43.82354],[2.20882,43.82315],[2.20873,43.82218],[2.20941,43.82044],[2.21025,43.81893],[2.21077,43.81839],[2.21179,43.81757],[2.2116,43.81746],[2.21123,43.81742],[2.20993,43.81756],[2.20976,43.81779],[2.20879,43.81787],[2.20829,43.81777],[2.20722,43.81687],[2.20654,43.81647],[2.20464,43.81713],[2.20315,43.81736],[2.20273,43.81733],[2.20248,43.81726],[2.2017,43.81676],[2.2014,43.81605],[2.19986,43.81523],[2.19885,43.81565],[2.19855,43.81559],[2.19824,43.81548],[2.19782,43.81454],[2.19713,43.8135],[2.1971,43.81268],[2.19688,43.81248],[2.19692,43.81206],[2.19646,43.81205],[2.19498,43.81132],[2.19417,43.81048],[2.19373,43.81022],[2.19333,43.80939],[2.19329,43.80888],[2.19226,43.80789],[2.19243,43.80728],[2.19225,43.8061],[2.19213,43.80589],[2.19177,43.80563],[2.19138,43.8051],[2.19022,43.80434],[2.18955,43.80372],[2.18903,43.80258],[2.18897,43.80177],[2.18874,43.80087],[2.18761,43.79767],[2.18919,43.79727],[2.19523,43.79476],[2.19685,43.7935],[2.19753,43.7931],[2.20016,43.79188],[2.20161,43.79161],[2.20291,43.79147],[2.20403,43.79157],[2.20627,43.79131],[2.2073,43.79112],[2.20817,43.79119],[2.20864,43.7913],[2.20915,43.79162],[2.2143,43.79379],[2.21483,43.79419],[2.21491,43.7935],[2.21481,43.79223],[2.21507,43.79167],[2.21549,43.79132],[2.2155,43.79027],[2.21596,43.78934],[2.21608,43.78815],[2.21675,43.78781],[2.21677,43.78728],[2.21712,43.78658],[2.21709,43.7862],[2.21685,43.78553],[2.21692,43.78537],[2.2184,43.78395],[2.22029,43.78276],[2.22183,43.78149],[2.2222,43.78128],[2.22346,43.78087],[2.22353,43.78039],[2.22394,43.78006],[2.22421,43.77962],[2.22447,43.77937],[2.22424,43.77905],[2.22427,43.77859],[2.22417,43.77838],[2.22378,43.77813],[2.22365,43.77778],[2.22247,43.77698],[2.22215,43.77658],[2.22216,43.77645],[2.22316,43.77555],[2.22337,43.77511],[2.2234,43.77484],[2.22317,43.77435],[2.22054,43.7723],[2.21917,43.77079],[2.21818,43.77002],[2.21778,43.77],[2.2168,43.7703],[2.21709,43.76992],[2.21723,43.76909],[2.21739,43.76879],[2.21767,43.76839],[2.21939,43.76657],[2.21973,43.76607],[2.21946,43.76583],[2.2192,43.7654],[2.21917,43.7645],[2.21962,43.7637],[2.21969,43.76327],[2.22079,43.76048],[2.22187,43.75874],[2.22202,43.75786],[2.22201,43.75739],[2.22189,43.75714],[2.22116,43.75603],[2.22088,43.75597],[2.22073,43.75584],[2.22027,43.75487],[2.22009,43.75433],[2.22003,43.75374],[2.21939,43.75192],[2.21974,43.74899],[2.22062,43.74599],[2.22055,43.74459],[2.22063,43.74393],[2.22245,43.73998],[2.22266,43.73894],[2.22259,43.73769],[2.22267,43.73706],[2.22426,43.73451],[2.22485,43.73321],[2.22553,43.73207],[2.22594,43.72967],[2.226,43.72904],[2.22592,43.72843],[2.22646,43.72791],[2.22701,43.72718],[2.22822,43.72493],[2.22832,43.72395],[2.22851,43.72334],[2.22969,43.72165],[2.23063,43.72126],[2.23207,43.72044],[2.23315,43.71957],[2.23691,43.71782],[2.23838,43.7168],[2.24067,43.7163],[2.2414,43.71602],[2.24384,43.71381],[2.24556,43.71253],[2.24702,43.71113],[2.24962,43.70971],[2.25199,43.70858],[2.25425,43.70725],[2.25551,43.70585],[2.25629,43.70515],[2.25743,43.70346],[2.25821,43.70259],[2.24895,43.69819],[2.24739,43.69756],[2.24274,43.69329],[2.24419,43.69111],[2.24441,43.68963],[2.24463,43.68913],[2.2456,43.68796],[2.24675,43.68631],[2.24694,43.68589],[2.24696,43.68553],[2.24684,43.6853],[2.24527,43.68389],[2.24548,43.6836],[2.24692,43.68239],[2.25011,43.67872],[2.25047,43.67791],[2.25055,43.67719],[2.25051,43.67673],[2.25014,43.6757],[2.24923,43.67602],[2.24898,43.67629],[2.24751,43.67657],[2.24337,43.67369],[2.24379,43.67294],[2.24472,43.67177],[2.23977,43.6709],[2.23959,43.67092],[2.2383,43.67146],[2.23611,43.6713],[2.23491,43.67135],[2.23458,43.67098],[2.23434,43.67036],[2.23519,43.66984],[2.23552,43.66952],[2.23582,43.66908],[2.23585,43.66861],[2.23667,43.66815],[2.23717,43.66801],[2.23863,43.66718],[2.23959,43.66688],[2.24077,43.66623],[2.24206,43.66573],[2.24301,43.66516],[2.24417,43.66503],[2.24517,43.66467],[2.24582,43.66459],[2.24661,43.66393],[2.24702,43.66369],[2.2473,43.66358],[2.2477,43.66362],[2.24784,43.66355],[2.24822,43.66282],[2.24849,43.66266],[2.24943,43.6623],[2.25091,43.6619],[2.25424,43.66146],[2.25487,43.66161],[2.25519,43.66151],[2.2558,43.66155],[2.2573,43.66137],[2.25846,43.66093],[2.25902,43.6605],[2.25989,43.66004],[2.26032,43.65939],[2.26061,43.65926],[2.26151,43.65909],[2.26213,43.65885],[2.26315,43.65784],[2.26439,43.65743],[2.26595,43.65714],[2.26707,43.65659],[2.26829,43.65626],[2.26923,43.65589],[2.26945,43.65575],[2.26975,43.65495],[2.27033,43.65444],[2.27121,43.65426],[2.27244,43.65423],[2.27324,43.65448],[2.2735,43.65387],[2.27358,43.65323],[2.27375,43.65285],[2.27332,43.65156],[2.27383,43.65012],[2.27378,43.64987],[2.27326,43.64895],[2.27311,43.64823],[2.27379,43.64622],[2.2742,43.64547],[2.27468,43.64491],[2.27435,43.64455],[2.27485,43.64408],[2.27502,43.64354],[2.27554,43.64158],[2.27553,43.64102],[2.27504,43.63966],[2.27527,43.63856],[2.27517,43.63826],[2.27526,43.63675],[2.27485,43.63587],[2.27508,43.63475],[2.27538,43.63413],[2.27535,43.63363],[2.27449,43.63229],[2.27389,43.63163],[2.27555,43.63139],[2.27619,43.63137],[2.27832,43.63155],[2.2802,43.6312],[2.28523,43.63074],[2.28715,43.63059],[2.2893,43.63056],[2.29004,43.63028],[2.2906,43.63023],[2.29108,43.63024],[2.29176,43.63039],[2.29245,43.62994],[2.29241,43.62978],[2.29271,43.62971],[2.29209,43.62897],[2.29183,43.62827],[2.29206,43.62823],[2.29146,43.62685],[2.30273,43.62054],[2.30347,43.62018],[2.30502,43.61959],[2.30439,43.61847],[2.30685,43.61685],[2.30807,43.61635],[2.30676,43.61318],[2.30868,43.61172],[2.30984,43.61112],[2.31034,43.61095],[2.31127,43.61079],[2.31291,43.61019],[2.31505,43.60905],[2.31622,43.60873],[2.31729,43.60856],[2.31626,43.60657],[2.31575,43.60504],[2.31755,43.6048],[2.31837,43.60451],[2.31915,43.60456],[2.32022,43.60448],[2.32045,43.60434],[2.32124,43.60434],[2.32255,43.60381],[2.32315,43.60377],[2.32337,43.60418],[2.32386,43.60457],[2.32491,43.60503],[2.32784,43.60739],[2.3282,43.60716],[2.32918,43.60618],[2.32965,43.60593],[2.33222,43.60532],[2.33308,43.60525],[2.33328,43.6053],[2.33276,43.60006],[2.33255,43.5994],[2.33223,43.59884],[2.33171,43.59544],[2.33157,43.59388],[2.33065,43.5928],[2.33035,43.59169],[2.32999,43.59097],[2.32995,43.59003],[2.32984,43.58985],[2.32962,43.58853],[2.32965,43.58535],[2.3267,43.58505],[2.32596,43.58533],[2.32534,43.58533],[2.32435,43.58556],[2.3239,43.5856],[2.32247,43.58618],[2.32216,43.58619],[2.32161,43.58598],[2.32106,43.58592],[2.32037,43.58613],[2.31973,43.58653],[2.31941,43.58662],[2.31847,43.58634],[2.31764,43.58577],[2.31745,43.5854],[2.3175,43.58454],[2.31761,43.58441],[2.31826,43.58399],[2.31875,43.58384],[2.3195,43.58411],[2.32012,43.58418],[2.32047,43.58367],[2.32116,43.58353],[2.32116,43.58295],[2.32129,43.58272],[2.32161,43.58243],[2.32183,43.58201],[2.32324,43.58208],[2.32757,43.58019],[2.32841,43.57896],[2.3308,43.57779],[2.33053,43.57735],[2.33037,43.57674],[2.32765,43.57306],[2.32653,43.57315],[2.32609,43.57076],[2.32564,43.57071],[2.32539,43.57058],[2.32524,43.57045],[2.32512,43.57006],[2.32494,43.57001],[2.32455,43.57015],[2.32412,43.56999],[2.32376,43.56999],[2.32335,43.57013],[2.32302,43.57036],[2.32182,43.57072],[2.32114,43.57083],[2.32054,43.57074],[2.32018,43.57024],[2.31911,43.57029],[2.31858,43.57117],[2.31833,43.57131],[2.31798,43.57133],[2.31751,43.57109],[2.31709,43.57112],[2.31697,43.57103],[2.31696,43.57084],[2.31658,43.57068],[2.31612,43.57055],[2.31559,43.57056],[2.31563,43.5702],[2.31505,43.56997],[2.31938,43.565],[2.32052,43.56198],[2.32076,43.56046],[2.32039,43.55993],[2.32047,43.55954],[2.32058,43.55932],[2.32171,43.55832],[2.32301,43.55685],[2.32302,43.55645],[2.32288,43.55602],[2.32234,43.55538],[2.32218,43.55504],[2.32221,43.55347],[2.32192,43.55324],[2.32186,43.55308],[2.32194,43.5525],[2.32217,43.5518],[2.32282,43.55095],[2.32332,43.55006],[2.32381,43.54987],[2.32402,43.54949],[2.3253,43.54687],[2.32571,43.54555],[2.32595,43.54513],[2.32651,43.54432],[2.3269,43.54407],[2.32763,43.54334],[2.32782,43.54228],[2.3279,43.54028],[2.32806,43.53969],[2.32824,43.53955],[2.33539,43.5384],[2.33619,43.53797],[2.33761,43.53688],[2.33848,43.53607],[2.34009,43.53475],[2.33774,43.53226],[2.34036,43.53236],[2.34034,43.532],[2.33862,43.53156],[2.33831,43.5314],[2.33828,43.53122],[2.3374,43.53002],[2.33683,43.52943],[2.33548,43.52937],[2.3328,43.52989],[2.33256,43.52974],[2.33646,43.52737],[2.33512,43.52677],[2.33521,43.52652],[2.33483,43.52624],[2.33434,43.52565],[2.33429,43.52545],[2.33121,43.52549],[2.32933,43.52494],[2.32876,43.52458],[2.32849,43.52455],[2.32761,43.52342],[2.32656,43.52277],[2.3264,43.52152],[2.32483,43.52145],[2.32341,43.52105],[2.32247,43.52054],[2.32151,43.51976],[2.32071,43.5193],[2.3203,43.51925],[2.31949,43.51933],[2.31749,43.51966],[2.31695,43.51966],[2.31681,43.51958],[2.31662,43.51908],[2.3163,43.51869],[2.31592,43.5185],[2.3155,43.51841],[2.31507,43.51856],[2.31407,43.51926],[2.31362,43.51968],[2.31313,43.52051],[2.31309,43.5209],[2.31292,43.52124],[2.31124,43.52061],[2.31099,43.52045],[2.31041,43.51963],[2.30938,43.51781],[2.3061,43.51888],[2.30768,43.52321],[2.30689,43.52298],[2.30504,43.52223],[2.30258,43.52199],[2.30181,43.52176],[2.30067,43.52122],[2.30029,43.52129],[2.3001,43.52146],[2.29996,43.52173],[2.29996,43.52256],[2.29965,43.52319],[2.29846,43.52387],[2.2972,43.52492],[2.29589,43.52618],[2.29381,43.52709],[2.29331,43.52744],[2.29296,43.52784],[2.29296,43.52829],[2.2939,43.53176],[2.29429,43.53231],[2.29524,43.53325],[2.29555,43.53366],[2.29572,43.53414],[2.2955,43.53452],[2.29505,43.53498],[2.29426,43.53554],[2.29367,43.53572],[2.29289,43.53621],[2.29219,43.53653],[2.29122,43.53667],[2.29057,43.53658],[2.28966,43.53663],[2.28779,43.53718],[2.28795,43.53736],[2.2879,43.53768],[2.28836,43.53792],[2.28913,43.53861],[2.28932,43.53888],[2.29053,43.53965],[2.29046,43.53998],[2.29066,43.54026],[2.29208,43.54139],[2.2924,43.5421],[2.29284,43.54427],[2.29155,43.54921],[2.29138,43.55203],[2.29092,43.55523],[2.29034,43.55541],[2.28919,43.55662],[2.28811,43.55602],[2.28655,43.55641],[2.28494,43.55663],[2.28439,43.55657],[2.28424,43.55645],[2.28365,43.55648],[2.28165,43.55744],[2.27891,43.55795],[2.27566,43.55895],[2.27453,43.55954],[2.27411,43.55991],[2.2737,43.56006],[2.27346,43.56024],[2.2728,43.56022],[2.27215,43.56006],[2.27192,43.55992],[2.27186,43.55961],[2.27125,43.55934],[2.2705,43.5592],[2.27008,43.55898],[2.26991,43.55871],[2.26969,43.55863],[2.26941,43.55864],[2.26913,43.55968],[2.26878,43.56023],[2.26802,43.56086],[2.26711,43.56145],[2.26558,43.56226],[2.26439,43.56269],[2.2634,43.56293],[2.26204,43.56383],[2.26144,43.56404],[2.2608,43.56415],[2.25964,43.564],[2.2593,43.56371],[2.25906,43.56305],[2.25916,43.56258],[2.25975,43.56197],[2.26085,43.55999],[2.2618,43.55877],[2.26196,43.55842],[2.262,43.55818],[2.26187,43.55771],[2.26118,43.55695],[2.26002,43.55669],[2.25937,43.55667],[2.25883,43.55679],[2.25798,43.55713],[2.25718,43.55763],[2.2569,43.55768],[2.25653,43.55764],[2.25298,43.55673],[2.25195,43.55669],[2.25111,43.55686],[2.2501,43.55739],[2.24824,43.55914],[2.24675,43.5602],[2.24563,43.56149],[2.24474,43.56219],[2.24401,43.5624],[2.24315,43.56239],[2.24269,43.56247],[2.2421,43.56274],[2.24159,43.56249],[2.24089,43.56239],[2.24048,43.56223],[2.23997,43.56224],[2.23984,43.56217],[2.23892,43.56231],[2.23875,43.56214],[2.23859,43.56211],[2.23458,43.5615],[2.23346,43.56123],[2.23286,43.56052],[2.23218,43.56012],[2.23282,43.55884],[2.23167,43.55672],[2.23234,43.55657],[2.23476,43.5553],[2.23551,43.55484],[2.2358,43.55442],[2.23714,43.55413],[2.23828,43.5537],[2.23875,43.55358],[2.239,43.5536],[2.2398,43.55334],[2.24033,43.55282],[2.24271,43.55182],[2.24353,43.55164],[2.24349,43.55153],[2.24289,43.5515],[2.24007,43.55228],[2.23892,43.55105],[2.23876,43.5506],[2.23336,43.54719],[2.23004,43.54621],[2.22931,43.5463],[2.22889,43.54566],[2.22606,43.54623],[2.22454,43.54533],[2.22331,43.54578],[2.2232,43.54567],[2.2201,43.54689],[2.21961,43.54629],[2.2194,43.54631],[2.21918,43.5455],[2.21863,43.54466],[2.21829,43.54379],[2.21843,43.54356],[2.2186,43.54212],[2.2187,43.54197],[2.21895,43.54183]]]]},"properties":{"ID":"816","id":"816","NOM_MASSIF":"Plaines","dept":"81"}}]}