{"type":"FeatureCollection","features":[{"type":"Feature","id":0,"geometry":{"type":"MultiPolygon","coordinates":[[[[2.63615,43.00841],[2.63629,43.00836],[2.6365,43.00832],[2.63688,43.00822],[2.63721,43.00812],[2.6373,43.00809],[2.63752,43.008],[2.63785,43.0078],[2.63811,43.0077],[2.63832,43.00765],[2.6385,43.00764],[2.63885,43.00755],[2.63917,43.0075],[2.63971,43.00743],[2.64008,43.00742],[2.64041,43.00749],[2.64073,43.00757],[2.64091,43.00762],[2.64108,43.00765],[2.64122,43.00765],[2.64134,43.00758],[2.6414,43.00752],[2.64144,43.00741],[2.6415,43.0073],[2.64162,43.00722],[2.64179,43.0072],[2.64207,43.00722],[2.64271,43.00724],[2.64326,43.00724],[2.64382,43.0072],[2.6447,43.00715],[2.6449,43.00718],[2.64546,43.00724],[2.64627,43.00726],[2.64664,43.00731],[2.64718,43.00735],[2.64731,43.00734],[2.64759,43.00734],[2.64812,43.00735],[2.64865,43.00702],[2.6493,43.00687],[2.64959,43.00688],[2.65008,43.00668],[2.65082,43.00658],[2.65163,43.00654],[2.65202,43.00646],[2.65279,43.00652],[2.65332,43.0065],[2.65371,43.00638],[2.65416,43.00635],[2.65438,43.006],[2.65475,43.00599],[2.65503,43.00597],[2.65529,43.00603],[2.65639,43.00575],[2.65704,43.0057],[2.65816,43.00579],[2.65898,43.00561],[2.65937,43.00551],[2.65952,43.00559],[2.65963,43.00588],[2.66004,43.00596],[2.66075,43.00599],[2.66117,43.00618],[2.66156,43.00629],[2.662,43.00623],[2.6623,43.00618],[2.66264,43.00617],[2.66295,43.00639],[2.66315,43.00648],[2.66353,43.00636],[2.66383,43.00638],[2.66421,43.00668],[2.66442,43.00671],[2.66477,43.00645],[2.66501,43.00664],[2.66514,43.00673],[2.66537,43.00655],[2.66559,43.00643],[2.66595,43.00662],[2.6665,43.00686],[2.66679,43.00724],[2.66711,43.00736],[2.66736,43.00733],[2.66769,43.00753],[2.66799,43.00765],[2.66816,43.00781],[2.6687,43.00801],[2.66894,43.00827],[2.66941,43.00844],[2.66973,43.00886],[2.67012,43.00905],[2.67059,43.00917],[2.67103,43.0091],[2.67127,43.00874],[2.67162,43.00786],[2.67201,43.00783],[2.67251,43.0081],[2.67285,43.00801],[2.6732,43.00784],[2.67364,43.00783],[2.67411,43.00785],[2.67429,43.00805],[2.67466,43.00829],[2.67539,43.00855],[2.67642,43.00921],[2.67677,43.00946],[2.67705,43.00922],[2.67734,43.00868],[2.67841,43.00824],[2.67949,43.00796],[2.68007,43.00817],[2.68044,43.00815],[2.68124,43.008],[2.6815,43.00777],[2.68174,43.00769],[2.68221,43.00737],[2.68309,43.00731],[2.68478,43.00706],[2.68523,43.00713],[2.68554,43.007],[2.68669,43.00648],[2.68728,43.00629],[2.68791,43.00618],[2.6883,43.00597],[2.68851,43.00606],[2.68879,43.00596],[2.68931,43.00576],[2.68971,43.00545],[2.69007,43.00548],[2.69043,43.00526],[2.69088,43.00512],[2.69098,43.00509],[2.6913,43.00491],[2.69171,43.00474],[2.69205,43.00458],[2.69393,43.00406],[2.69471,43.00361],[2.69512,43.00347],[2.69557,43.00351],[2.69637,43.0036],[2.69692,43.00387],[2.6974,43.00399],[2.69773,43.00308],[2.69886,43.00265],[2.70006,43.00263],[2.70106,43.00266],[2.70207,43.00276],[2.70294,43.00283],[2.70375,43.00276],[2.70447,43.00288],[2.70544,43.00293],[2.70618,43.00296],[2.70709,43.00315],[2.70797,43.00304],[2.70871,43.00297],[2.70953,43.00259],[2.7103,43.00252],[2.71102,43.0024],[2.71199,43.00243],[2.71283,43.00264],[2.71322,43.00276],[2.71371,43.00269],[2.71426,43.00279],[2.71471,43.00286],[2.71526,43.00284],[2.71575,43.0032],[2.71649,43.00303],[2.71692,43.00251],[2.71805,43.0023],[2.71857,43.00237],[2.71919,43.00233],[2.71977,43.00223],[2.72045,43.0024],[2.72152,43.00274],[2.72217,43.00269],[2.72278,43.00274],[2.72337,43.00255],[2.72418,43.0022],[2.7246,43.00208],[2.72529,43.0017],[2.7259,43.0017],[2.72652,43.00139],[2.72724,43.00083],[2.72759,43.00064],[2.7284,43.0008],[2.72892,43.00095],[2.72963,43.00078],[2.73025,43.00074],[2.732,43.00062],[2.73268,43.00024],[2.73346,43.00001],[2.73411,42.99987],[2.73472,42.99982],[2.73454,43.00029],[2.73413,43.00108],[2.73434,43.00112],[2.73477,43.0012],[2.73542,43.00119],[2.73586,43.00143],[2.73638,43.0017],[2.73638,43.00206],[2.73618,43.0024],[2.73597,43.00251],[2.7356,43.00253],[2.73478,43.00338],[2.73463,43.0039],[2.73437,43.00395],[2.73419,43.00415],[2.73398,43.00437],[2.73416,43.00477],[2.73513,43.00494],[2.73596,43.00518],[2.73633,43.00533],[2.73652,43.00581],[2.73689,43.0068],[2.73731,43.00694],[2.73802,43.00704],[2.73838,43.00725],[2.73872,43.00728],[2.73903,43.00733],[2.73943,43.00755],[2.74005,43.00766],[2.74065,43.00771],[2.74099,43.00776],[2.74123,43.00769],[2.74152,43.0077],[2.74184,43.00788],[2.7421,43.00787],[2.74248,43.0079],[2.74282,43.00802],[2.74316,43.00801],[2.74348,43.00803],[2.74406,43.00808],[2.74434,43.00811],[2.74497,43.00839],[2.74546,43.00848],[2.74588,43.00845],[2.74616,43.00828],[2.74682,43.00849],[2.74747,43.00843],[2.74826,43.00843],[2.74899,43.00854],[2.74962,43.00861],[2.75022,43.00861],[2.75065,43.00852],[2.75108,43.00846],[2.75178,43.00859],[2.75249,43.00859],[2.75309,43.00873],[2.75385,43.00876],[2.75439,43.00887],[2.75513,43.00891],[2.75567,43.00905],[2.75632,43.0091],[2.75695,43.00921],[2.75734,43.00938],[2.75774,43.0093],[2.75839,43.00931],[2.75865,43.00948],[2.7597,43.00974],[2.76231,43.00994],[2.76251,43.01008],[2.76424,43.01012],[2.76555,43.01019],[2.76582,43.00986],[2.76582,43.00986],[2.76585,43.0098],[2.76585,43.00952],[2.76611,43.00942],[2.76617,43.00915],[2.76658,43.00925],[2.76734,43.0093],[2.76791,43.00935],[2.76895,43.00955],[2.76878,43.00973],[2.76869,43.00981],[2.76871,43.00992],[2.76895,43.01023],[2.76914,43.01039],[2.76902,43.01104],[2.76934,43.01109],[2.76986,43.01102],[2.77004,43.01086],[2.77038,43.01071],[2.77113,43.01051],[2.77177,43.01046],[2.77254,43.01044],[2.77381,43.01053],[2.77457,43.01083],[2.77542,43.011],[2.77733,43.0116],[2.77835,43.01207],[2.77874,43.01211],[2.77934,43.0123],[2.77972,43.01242],[2.77997,43.01239],[2.78029,43.01242],[2.78096,43.01222],[2.78165,43.0124],[2.78194,43.01241],[2.78201,43.01249],[2.78237,43.01251],[2.78268,43.01256],[2.78328,43.01251],[2.78363,43.01241],[2.78435,43.0123],[2.78461,43.01217],[2.78514,43.01181],[2.78646,43.01148],[2.78756,43.01108],[2.78785,43.01106],[2.78824,43.01084],[2.78846,43.01082],[2.78913,43.01069],[2.78933,43.01041],[2.78994,43.0104],[2.79034,43.01027],[2.7906,43.01035],[2.7911,43.0103],[2.79141,43.00985],[2.79295,43.00961],[2.79324,43.00947],[2.79365,43.00945],[2.79439,43.00924],[2.79447,43.00902],[2.79466,43.00882],[2.79492,43.00814],[2.79469,43.00805],[2.7945,43.00777],[2.79446,43.00752],[2.79442,43.00736],[2.79429,43.00724],[2.79409,43.00725],[2.79392,43.00728],[2.79358,43.00722],[2.79322,43.00721],[2.7926,43.00711],[2.79212,43.00716],[2.79155,43.00708],[2.79123,43.00679],[2.79119,43.00646],[2.79125,43.00603],[2.79159,43.00579],[2.79181,43.00559],[2.79235,43.0055],[2.79293,43.00539],[2.79369,43.00555],[2.79438,43.00544],[2.79465,43.005],[2.7944,43.00461],[2.79472,43.00437],[2.79531,43.00348],[2.79594,43.00332],[2.79617,43.0031],[2.79653,43.00277],[2.79698,43.00262],[2.79761,43.00275],[2.79798,43.00262],[2.79873,43.00245],[2.79954,43.00223],[2.79982,43.00216],[2.80027,43.00194],[2.80073,43.00187],[2.8012,43.00195],[2.80199,43.00191],[2.80238,43.00155],[2.80323,43.00132],[2.80368,43.00084],[2.80427,43.00051],[2.80482,43.00008],[2.80589,42.99973],[2.80622,42.99942],[2.80593,42.99906],[2.80596,42.99849],[2.80668,42.99825],[2.80755,42.99783],[2.80869,42.99709],[2.80931,42.99683],[2.80979,42.99683],[2.81028,42.99645],[2.81035,42.99579],[2.81074,42.99545],[2.81125,42.99567],[2.81181,42.99553],[2.81202,42.99522],[2.81193,42.99509],[2.81186,42.99494],[2.81182,42.99473],[2.81177,42.99463],[2.81175,42.99452],[2.81177,42.99433],[2.8118,42.99409],[2.81185,42.99372],[2.81145,42.99364],[2.81083,42.99356],[2.80947,42.99348],[2.80853,42.99336],[2.80597,42.99318],[2.805,42.99313],[2.80445,42.99327],[2.80406,42.99343],[2.80351,42.99352],[2.80194,42.99312],[2.80194,42.99312],[2.79898,42.99292],[2.79809,42.99267],[2.79497,42.99292],[2.79434,42.99306],[2.79211,42.99413],[2.79107,42.99439],[2.79072,42.99456],[2.7902,42.99465],[2.78987,42.99453],[2.78932,42.99445],[2.78874,42.9945],[2.78817,42.9939],[2.7881,42.99325],[2.78836,42.99278],[2.78867,42.99122],[2.78918,42.99044],[2.78958,42.99023],[2.78974,42.99007],[2.78976,42.98964],[2.78941,42.98927],[2.78789,42.98839],[2.78768,42.98776],[2.78763,42.98748],[2.78757,42.98713],[2.78773,42.98675],[2.7883,42.98656],[2.78853,42.9864],[2.78868,42.98486],[2.78845,42.98469],[2.78797,42.98428],[2.78751,42.98409],[2.78721,42.98398],[2.78669,42.98409],[2.78627,42.98409],[2.78601,42.98395],[2.78559,42.9838],[2.7851,42.98371],[2.7846,42.98356],[2.78429,42.98351],[2.78382,42.98306],[2.7834,42.98301],[2.78206,42.98242],[2.78148,42.98174],[2.78135,42.98135],[2.78125,42.98109],[2.78119,42.98085],[2.78109,42.9804],[2.78093,42.98002],[2.78053,42.97939],[2.78013,42.97891],[2.77946,42.9785],[2.77926,42.97815],[2.77687,42.97853],[2.77519,42.9771],[2.77448,42.97657],[2.77533,42.97544],[2.7758,42.97493],[2.77629,42.97412],[2.77621,42.97319],[2.77617,42.97267],[2.77614,42.97225],[2.77622,42.97182],[2.77636,42.97135],[2.77608,42.97119],[2.77569,42.97111],[2.77485,42.97114],[2.77446,42.97096],[2.77424,42.97071],[2.77421,42.97039],[2.77452,42.96982],[2.77505,42.96948],[2.7753,42.96913],[2.77552,42.96855],[2.7766,42.96791],[2.77674,42.96782],[2.7764,42.96735],[2.77621,42.96722],[2.77558,42.96683],[2.77506,42.96665],[2.77408,42.96601],[2.77286,42.96534],[2.77236,42.96511],[2.77188,42.96495],[2.77049,42.96434],[2.76958,42.96417],[2.76913,42.96387],[2.76922,42.96324],[2.76882,42.96263],[2.76815,42.96238],[2.76754,42.96213],[2.76681,42.96153],[2.76654,42.96132],[2.76605,42.96094],[2.76565,42.96071],[2.76545,42.96047],[2.76523,42.96038],[2.7651,42.96028],[2.76476,42.96021],[2.76468,42.9601],[2.76449,42.95991],[2.76428,42.95958],[2.76434,42.95935],[2.76465,42.95874],[2.76488,42.95816],[2.76512,42.95772],[2.76535,42.95725],[2.76554,42.95706],[2.76581,42.95668],[2.76589,42.95656],[2.7659,42.95628],[2.76579,42.95606],[2.76542,42.95563],[2.76513,42.95515],[2.7648,42.95463],[2.76432,42.95421],[2.76331,42.95375],[2.76321,42.95349],[2.76322,42.95312],[2.76313,42.95263],[2.7631,42.95244],[2.76298,42.95205],[2.76267,42.95179],[2.76234,42.95164],[2.76166,42.95148],[2.76116,42.9514],[2.76041,42.95132],[2.75997,42.9511],[2.7595,42.95088],[2.75927,42.95048],[2.75932,42.95013],[2.7593,42.94995],[2.75886,42.94958],[2.75833,42.94939],[2.75796,42.94905],[2.75767,42.94869],[2.75751,42.94833],[2.75772,42.9479],[2.75798,42.94749],[2.7583,42.94702],[2.75851,42.94672],[2.75848,42.94647],[2.75822,42.94619],[2.75805,42.94605],[2.7578,42.94584],[2.75756,42.94567],[2.7574,42.94552],[2.75738,42.94526],[2.75742,42.94477],[2.75726,42.94456],[2.75706,42.94445],[2.75678,42.94446],[2.75663,42.94427],[2.7564,42.94373],[2.75673,42.94268],[2.75729,42.94144],[2.75754,42.94081],[2.75761,42.94046],[2.75791,42.94013],[2.75811,42.93968],[2.75824,42.93941],[2.75866,42.93865],[2.75859,42.93843],[2.75847,42.93818],[2.75837,42.93771],[2.75829,42.93749],[2.75792,42.93704],[2.75748,42.9365],[2.75699,42.93632],[2.75656,42.93602],[2.75601,42.93578],[2.75495,42.93449],[2.7548,42.93385],[2.75487,42.93354],[2.75489,42.93317],[2.75463,42.93289],[2.75434,42.93267],[2.7544,42.93255],[2.75432,42.93246],[2.75423,42.93236],[2.75418,42.93226],[2.75413,42.93215],[2.75409,42.93204],[2.75408,42.93186],[2.75408,42.93171],[2.75409,42.93162],[2.75413,42.93147],[2.7542,42.93134],[2.75434,42.93114],[2.75455,42.93085],[2.75473,42.93058],[2.75477,42.93047],[2.75477,42.93037],[2.75477,42.93024],[2.75495,42.93013],[2.75484,42.9296],[2.75439,42.92866],[2.75436,42.92838],[2.75404,42.9282],[2.75327,42.928],[2.75291,42.92777],[2.75262,42.92738],[2.75212,42.92683],[2.7518,42.92621],[2.7519,42.92594],[2.75174,42.92565],[2.75156,42.92481],[2.75108,42.92375],[2.75049,42.92266],[2.75039,42.92235],[2.75057,42.92197],[2.75066,42.921],[2.75053,42.92083],[2.75003,42.92052],[2.74946,42.92002],[2.7494,42.91979],[2.74919,42.91954],[2.7489,42.91933],[2.74842,42.91878],[2.74824,42.91845],[2.74778,42.9172],[2.74765,42.91699],[2.74689,42.91613],[2.74683,42.91588],[2.74672,42.91543],[2.74672,42.91494],[2.74695,42.9142],[2.74703,42.91336],[2.74694,42.91296],[2.74681,42.91185],[2.74685,42.91154],[2.7466,42.91099],[2.7458,42.90834],[2.74585,42.90787],[2.74595,42.90758],[2.74644,42.90702],[2.74636,42.90673],[2.74558,42.90617],[2.74534,42.90575],[2.74508,42.90543],[2.74478,42.90536],[2.74445,42.90518],[2.74402,42.90492],[2.74353,42.90468],[2.74341,42.90437],[2.74328,42.90391],[2.74331,42.90331],[2.74328,42.90283],[2.74307,42.90223],[2.74288,42.90173],[2.74284,42.90043],[2.74242,42.90058],[2.7424,42.9001],[2.74239,42.89966],[2.74212,42.89926],[2.74185,42.89905],[2.74191,42.89883],[2.74185,42.89858],[2.74208,42.89811],[2.74189,42.89711],[2.74156,42.89686],[2.74024,42.89679],[2.73979,42.89672],[2.73924,42.89648],[2.73872,42.89615],[2.7383,42.89574],[2.73779,42.89524],[2.73779,42.89453],[2.73698,42.89293],[2.73675,42.89207],[2.73608,42.89148],[2.7355,42.89109],[2.73466,42.89078],[2.73391,42.89061],[2.73362,42.89037],[2.73301,42.88973],[2.73285,42.88909],[2.7324,42.88821],[2.73224,42.88754],[2.73225,42.88687],[2.73319,42.88616],[2.73309,42.88578],[2.73336,42.88459],[2.7342,42.88386],[2.73456,42.88326],[2.73275,42.88233],[2.73246,42.88178],[2.73289,42.88074],[2.73267,42.88012],[2.73293,42.87967],[2.73439,42.87886],[2.73485,42.8766],[2.73405,42.87584],[2.73328,42.87388],[2.7334,42.86874],[2.73365,42.86785],[2.73467,42.86796],[2.73564,42.86742],[2.73666,42.86668],[2.73735,42.86443],[2.73823,42.86265],[2.74028,42.8613],[2.73994,42.86069],[2.74213,42.85816],[2.74238,42.85748],[2.74214,42.85709],[2.74326,42.85702],[2.74413,42.8567],[2.74433,42.85588],[2.7454,42.85556],[2.74968,42.85268],[2.74987,42.852],[2.749,42.85132],[2.74896,42.85054],[2.7476,42.84961],[2.74581,42.84957],[2.74513,42.84882],[2.74504,42.84803],[2.74627,42.84662],[2.74833,42.84453],[2.74691,42.8441],[2.74631,42.84215],[2.74524,42.84141],[2.74424,42.84067],[2.74434,42.84004],[2.74393,42.83967],[2.74346,42.83955],[2.74247,42.83946],[2.74233,42.83929],[2.74265,42.83907],[2.74267,42.8389],[2.74222,42.83858],[2.7411,42.8387],[2.74146,42.83798],[2.74117,42.83775],[2.74059,42.8378],[2.73994,42.83745],[2.73925,42.83672],[2.73854,42.83643],[2.73819,42.83604],[2.73782,42.83568],[2.73674,42.8355],[2.73589,42.83556],[2.73518,42.83579],[2.73462,42.83564],[2.73389,42.83568],[2.73343,42.83623],[2.73296,42.83665],[2.73266,42.83598],[2.73156,42.83528],[2.72942,42.83461],[2.72583,42.83439],[2.72557,42.83429],[2.71785,42.83393],[2.715,42.83436],[2.71414,42.83458],[2.71332,42.83487],[2.71256,42.83522],[2.71188,42.83566],[2.71131,42.83617],[2.70965,42.8358],[2.7094,42.83534],[2.70906,42.83491],[2.7086,42.83456],[2.70802,42.83431],[2.70737,42.83421],[2.70677,42.83399],[2.70623,42.83371],[2.70573,42.83339],[2.70475,42.83233],[2.70385,42.83224],[2.70256,42.83161],[2.69994,42.83133],[2.6991,42.83102],[2.69821,42.8308],[2.69728,42.83066],[2.69634,42.83057],[2.68894,42.83129],[2.68021,42.83069],[2.67469,42.83248],[2.66504,42.83663],[2.63994,42.83835],[2.63906,42.83814],[2.63817,42.83798],[2.63724,42.83789],[2.63631,42.83786],[2.6354,42.83794],[2.63452,42.83815],[2.63373,42.83851],[2.62845,42.83823],[2.62509,42.83718],[2.611,42.83572],[2.60982,42.83604],[2.60452,42.83585],[2.60101,42.83698],[2.59822,42.83665],[2.58615,42.83999],[2.58282,42.84057],[2.58138,42.84166],[2.57461,42.84248],[2.57227,42.84331],[2.57113,42.84334],[2.56998,42.84339],[2.56883,42.84346],[2.56767,42.84357],[2.56654,42.84372],[2.56542,42.84391],[2.56432,42.84417],[2.56327,42.84452],[2.56227,42.84496],[2.55839,42.84555],[2.551,42.84667],[2.55204,42.84487],[2.55131,42.84383],[2.54561,42.84508],[2.54,42.84524],[2.53847,42.84534],[2.53696,42.84528],[2.53547,42.84508],[2.53401,42.84476],[2.5326,42.84436],[2.53123,42.84388],[2.52991,42.84333],[2.52547,42.84428],[2.51978,42.84425],[2.51645,42.84236],[2.51527,42.84569],[2.51247,42.84767],[2.51163,42.84832],[2.51075,42.84894],[2.50982,42.84951],[2.50885,42.85004],[2.50781,42.85049],[2.50671,42.85087],[2.50556,42.85115],[2.50066,42.8506],[2.50066,42.8506],[2.47679,42.86912],[2.46638,42.89032],[2.46576,42.89037],[2.47672,42.89552],[2.48844,42.902],[2.49516,42.90416],[2.49574,42.90437],[2.49594,42.90454],[2.50063,42.90622],[2.50426,42.90752],[2.52081,42.90806],[2.51822,42.91245],[2.51972,42.91443],[2.52,42.91591],[2.52178,42.91648],[2.52453,42.91657],[2.52852,42.91977],[2.52158,42.92467],[2.52279,42.93469],[2.52716,42.93918],[2.53533,42.94503],[2.54895,42.95626],[2.55266,42.9623],[2.55334,42.96223],[2.55378,42.96205],[2.55438,42.96201],[2.55498,42.96213],[2.55548,42.96219],[2.55645,42.96193],[2.55809,42.96134],[2.55883,42.96078],[2.55891,42.96057],[2.55962,42.96045],[2.56021,42.96044],[2.56081,42.96034],[2.56126,42.95998],[2.56162,42.95961],[2.56229,42.95921],[2.56289,42.95888],[2.56386,42.95855],[2.56429,42.9581],[2.56462,42.95767],[2.56473,42.95735],[2.56444,42.95691],[2.56443,42.95656],[2.56466,42.95623],[2.56489,42.95609],[2.56505,42.95595],[2.56556,42.95616],[2.5657,42.95626],[2.56587,42.95632],[2.56598,42.95633],[2.56618,42.95635],[2.56635,42.95639],[2.56652,42.95646],[2.56665,42.95655],[2.5668,42.95682],[2.56695,42.95729],[2.56692,42.95749],[2.56696,42.95767],[2.56708,42.95782],[2.56721,42.95792],[2.56745,42.95812],[2.56781,42.95822],[2.56803,42.9583],[2.56847,42.95832],[2.56911,42.95859],[2.56952,42.95882],[2.56974,42.95908],[2.56995,42.95964],[2.57016,42.95992],[2.57106,42.95995],[2.57129,42.96011],[2.57126,42.96049],[2.57103,42.96061],[2.57063,42.9608],[2.57048,42.96106],[2.57044,42.96138],[2.57025,42.9618],[2.57029,42.96211],[2.57056,42.96252],[2.57077,42.96272],[2.57106,42.96281],[2.57135,42.96283],[2.57161,42.96293],[2.57272,42.96303],[2.57365,42.96337],[2.57473,42.96353],[2.57488,42.96362],[2.57502,42.96376],[2.57556,42.96445],[2.5759,42.96498],[2.57651,42.96528],[2.57704,42.96546],[2.57753,42.96562],[2.57804,42.9659],[2.57881,42.96629],[2.57918,42.96653],[2.57956,42.96697],[2.57954,42.96724],[2.57949,42.96743],[2.57913,42.96784],[2.57894,42.96805],[2.5788,42.96861],[2.57851,42.96913],[2.5784,42.96952],[2.57841,42.9699],[2.57851,42.97037],[2.57847,42.97068],[2.57799,42.97106],[2.57786,42.97123],[2.57798,42.97159],[2.57919,42.97227],[2.57992,42.97298],[2.58005,42.97334],[2.5801,42.97389],[2.57928,42.97496],[2.58054,42.97575],[2.58157,42.97699],[2.58302,42.9784],[2.58418,42.97917],[2.58489,42.97977],[2.58556,42.98091],[2.58633,42.98182],[2.58697,42.98268],[2.58878,42.9834],[2.58956,42.98373],[2.5902,42.98405],[2.59108,42.98417],[2.5917,42.98379],[2.5928,42.9836],[2.59361,42.98404],[2.59426,42.98409],[2.59591,42.98442],[2.59684,42.98471],[2.59766,42.98462],[2.59837,42.98467],[2.59892,42.98482],[2.5993,42.9851],[2.59986,42.98511],[2.60031,42.98542],[2.60115,42.98537],[2.60157,42.98587],[2.60234,42.98621],[2.60312,42.98633],[2.60392,42.98731],[2.60496,42.98736],[2.60561,42.98755],[2.60652,42.98765],[2.6069,42.98789],[2.60829,42.98878],[2.60865,42.98871],[2.60862,42.98845],[2.60901,42.98838],[2.60995,42.98845],[2.61066,42.98855],[2.61238,42.98853],[2.61293,42.98851],[2.61341,42.98827],[2.61405,42.98889],[2.61403,42.98908],[2.61398,42.98963],[2.61402,42.98993],[2.6143,42.98998],[2.61449,42.98993],[2.61465,42.99006],[2.61477,42.99019],[2.61494,42.99038],[2.61515,42.99053],[2.61537,42.99061],[2.61548,42.99067],[2.61567,42.99091],[2.61603,42.99103],[2.61638,42.99117],[2.61713,42.99132],[2.61769,42.99137],[2.61837,42.99143],[2.61934,42.99161],[2.6203,42.99176],[2.62062,42.99194],[2.62096,42.99221],[2.62112,42.9925],[2.6213,42.99284],[2.62142,42.99314],[2.62157,42.99371],[2.62167,42.9938],[2.62182,42.99389],[2.6219,42.99413],[2.62196,42.99435],[2.622,42.99451],[2.622,42.99462],[2.622,42.99474],[2.62196,42.99488],[2.62191,42.99512],[2.62188,42.99529],[2.62187,42.99541],[2.62193,42.99556],[2.622,42.99563],[2.62211,42.99571],[2.62225,42.99577],[2.62269,42.9958],[2.62314,42.99581],[2.62343,42.99596],[2.62379,42.99634],[2.6248,42.99708],[2.62522,42.99754],[2.62582,42.99781],[2.62611,42.99806],[2.62617,42.99834],[2.62582,42.9986],[2.62555,42.99918],[2.62545,42.99971],[2.62522,43.00053],[2.62504,43.00089],[2.62505,43.00143],[2.62528,43.00141],[2.62528,43.00141],[2.62554,43.00164],[2.62565,43.00207],[2.62592,43.00236],[2.62589,43.00257],[2.62582,43.00267],[2.62569,43.0029],[2.62561,43.00313],[2.62538,43.00347],[2.6253,43.00386],[2.62546,43.00424],[2.62646,43.00497],[2.62759,43.00543],[2.62812,43.00559],[2.62829,43.00571],[2.62845,43.00587],[2.62859,43.00605],[2.62876,43.00623],[2.62895,43.00635],[2.62917,43.00644],[2.62939,43.00651],[2.62965,43.00656],[2.6299,43.0066],[2.63016,43.00661],[2.63048,43.00664],[2.63105,43.00687],[2.63207,43.00695],[2.63296,43.00715],[2.63492,43.00775],[2.63576,43.00821],[2.63615,43.00841]]]]},"properties":{"ID":"1110","id":"1110","NOM_MASSIF":"CORBIERES CENTRALES","dept":"11"}},{"type":"Feature","id":1,"geometry":{"type":"MultiPolygon","coordinates":[[[[2.55616,43.12538],[2.55679,43.12606],[2.5582,43.12646],[2.55912,43.12611],[2.56238,43.12716],[2.56339,43.12873],[2.56495,43.12909],[2.56665,43.12982],[2.5684,43.13018],[2.56938,43.1299],[2.57045,43.13026],[2.5742,43.13074],[2.57605,43.13089],[2.57966,43.13062],[2.58088,43.12994],[2.58229,43.13063],[2.58384,43.13167],[2.58457,43.13178],[2.58574,43.13232],[2.58754,43.13239],[2.58894,43.13266],[2.58972,43.13276],[2.59014,43.13267],[2.59067,43.13224],[2.59115,43.132],[2.59197,43.1321],[2.59314,43.13154],[2.59451,43.13135],[2.59499,43.1314],[2.59556,43.13149],[2.59628,43.13149],[2.59691,43.13157],[2.59726,43.13184],[2.59762,43.13216],[2.59819,43.13231],[2.5997,43.132],[2.60128,43.13173],[2.60245,43.1313],[2.60341,43.13077],[2.60364,43.13057],[2.60372,43.13017],[2.60356,43.12993],[2.60353,43.12971],[2.60363,43.12927],[2.6045,43.1289],[2.6058,43.12869],[2.60624,43.12869],[2.60681,43.12869],[2.60715,43.12892],[2.60754,43.12887],[2.60826,43.12867],[2.60898,43.12863],[2.61033,43.12871],[2.61057,43.12868],[2.61074,43.12853],[2.61067,43.1283],[2.61029,43.12795],[2.61001,43.12787],[2.60978,43.12785],[2.60933,43.12797],[2.609,43.12792],[2.60883,43.12776],[2.60872,43.12747],[2.60861,43.12602],[2.60883,43.12566],[2.60921,43.12533],[2.60979,43.12513],[2.6103,43.12482],[2.61074,43.12436],[2.61081,43.12409],[2.61105,43.12374],[2.61142,43.12357],[2.61181,43.12355],[2.61215,43.12385],[2.61239,43.12427],[2.61254,43.12478],[2.61281,43.12519],[2.61298,43.12543],[2.61356,43.12587],[2.61527,43.12644],[2.61557,43.12635],[2.61598,43.12562],[2.61625,43.125],[2.61666,43.12451],[2.6167,43.12431],[2.61647,43.12388],[2.6161,43.12373],[2.61612,43.12351],[2.61729,43.12325],[2.61729,43.12325],[2.61822,43.12291],[2.61913,43.12246],[2.61954,43.12214],[2.61982,43.12112],[2.62024,43.12113],[2.62083,43.12178],[2.62117,43.12197],[2.62188,43.12186],[2.62302,43.12151],[2.62328,43.12119],[2.62403,43.11892],[2.62387,43.11847],[2.62269,43.11849],[2.62113,43.1181],[2.62058,43.11777],[2.61964,43.11781],[2.6188,43.1174],[2.61769,43.1173],[2.61779,43.11333],[2.61807,43.11012],[2.61827,43.109],[2.61835,43.10691],[2.61739,43.10704],[2.61684,43.10709],[2.61645,43.10702],[2.61625,43.10673],[2.61626,43.10612],[2.6175,43.10503],[2.61739,43.10439],[2.61812,43.10384],[2.61921,43.10337],[2.62184,43.10302],[2.62292,43.10252],[2.62317,43.10163],[2.62158,43.09927],[2.61959,43.09744],[2.61682,43.09682],[2.6119,43.09638],[2.6099,43.09673],[2.60862,43.09672],[2.60752,43.09633],[2.60772,43.09519],[2.60867,43.09361],[2.60931,43.09302],[2.60993,43.09213],[2.6105,43.09165],[2.61121,43.09134],[2.6137,43.09178],[2.61646,43.09286],[2.61752,43.09361],[2.61888,43.09383],[2.61947,43.09344],[2.61846,43.09248],[2.61797,43.09155],[2.61827,43.09033],[2.61848,43.08823],[2.61766,43.08744],[2.61625,43.08658],[2.61534,43.08469],[2.61419,43.08371],[2.61176,43.08081],[2.61065,43.07971],[2.61018,43.07941],[2.60841,43.07903],[2.60559,43.07969],[2.60287,43.07871],[2.60266,43.078],[2.60268,43.07728],[2.60362,43.075],[2.60484,43.07461],[2.60548,43.07433],[2.60646,43.07326],[2.60651,43.07237],[2.60639,43.07111],[2.60836,43.07078],[2.61011,43.07057],[2.61065,43.0716],[2.61104,43.07169],[2.61144,43.0717],[2.6118,43.07172],[2.61261,43.07156],[2.61357,43.07154],[2.61535,43.07148],[2.61673,43.0716],[2.61732,43.07138],[2.61768,43.07134],[2.61813,43.07152],[2.62001,43.07172],[2.62032,43.07182],[2.62105,43.07231],[2.62134,43.07264],[2.62189,43.07277],[2.62323,43.07291],[2.62416,43.07309],[2.62508,43.07296],[2.62544,43.07315],[2.62585,43.07329],[2.62616,43.07332],[2.62698,43.07332],[2.62828,43.07331],[2.62992,43.07543],[2.63953,43.07916],[2.64296,43.07879],[2.64533,43.079],[2.64781,43.07883],[2.6498,43.07926],[2.65131,43.07945],[2.65446,43.08011],[2.65848,43.08223],[2.65926,43.08214],[2.6604,43.08219],[2.66082,43.0824],[2.6617,43.08245],[2.66485,43.08237],[2.66595,43.08197],[2.66686,43.0819],[2.66877,43.08236],[2.67056,43.08267],[2.67235,43.08325],[2.67596,43.0843],[2.67752,43.08449],[2.67866,43.08419],[2.67905,43.08438],[2.67989,43.0844],[2.68089,43.0856],[2.68135,43.08562],[2.68346,43.08534],[2.68404,43.08582],[2.68492,43.08582],[2.6856,43.08554],[2.68622,43.08554],[2.68735,43.08578],[2.688,43.08616],[2.68871,43.08631],[2.6893,43.08619],[2.69053,43.08636],[2.69157,43.08622],[2.69299,43.08715],[2.69403,43.08806],[2.69484,43.08868],[2.69542,43.08897],[2.69516,43.08968],[2.6961,43.08973],[2.69665,43.09002],[2.69768,43.09083],[2.69801,43.09062],[2.6984,43.0901],[2.69892,43.0901],[2.69921,43.091],[2.69875,43.09136],[2.69881,43.09164],[2.69953,43.09208],[2.70054,43.09117],[2.70116,43.09034],[2.70094,43.08875],[2.70036,43.08777],[2.69972,43.08686],[2.69855,43.08567],[2.69811,43.08427],[2.69814,43.08327],[2.69812,43.08086],[2.69684,43.0786],[2.69548,43.07802],[2.69574,43.07707],[2.69539,43.07602],[2.69348,43.07592],[2.69211,43.07592],[2.6906,43.07423],[2.69031,43.07287],[2.68983,43.07268],[2.68898,43.07253],[2.6872,43.07265],[2.68525,43.07259],[2.68417,43.07314],[2.68181,43.0722],[2.67996,43.07141],[2.67886,43.07117],[2.67812,43.07088],[2.67751,43.0704],[2.67718,43.06993],[2.67745,43.06934],[2.6781,43.06864],[2.67914,43.06796],[2.67934,43.06729],[2.67876,43.06662],[2.67801,43.06619],[2.67717,43.06574],[2.67617,43.06552],[2.67537,43.06562],[2.67468,43.06578],[2.67383,43.06598],[2.67322,43.06582],[2.67317,43.06537],[2.67335,43.06521],[2.67382,43.065],[2.67434,43.0649],[2.67447,43.06472],[2.67426,43.0643],[2.67365,43.0638],[2.673,43.06342],[2.67255,43.06311],[2.67232,43.06296],[2.67193,43.06296],[2.67041,43.06327],[2.66995,43.06343],[2.6694,43.06348],[2.66862,43.06331],[2.66807,43.063],[2.66721,43.06352],[2.66646,43.06382],[2.66588,43.0637],[2.66563,43.06318],[2.66577,43.06268],[2.66624,43.06232],[2.66697,43.06204],[2.66743,43.06167],[2.66761,43.06098],[2.66739,43.06005],[2.66722,43.0594],[2.66724,43.05875],[2.66731,43.05809],[2.66723,43.05776],[2.66679,43.05734],[2.6666,43.05709],[2.6666,43.0567],[2.66649,43.05608],[2.66622,43.05577],[2.66596,43.05493],[2.666,43.05473],[2.66518,43.05414],[2.66399,43.05404],[2.66275,43.05424],[2.66236,43.05354],[2.66187,43.05167],[2.66184,43.05151],[2.66086,43.05121],[2.66046,43.05109],[2.66013,43.051],[2.65996,43.05098],[2.65907,43.05089],[2.65841,43.05082],[2.65747,43.05075],[2.65651,43.05065],[2.65629,43.05061],[2.65602,43.05049],[2.65543,43.05015],[2.65495,43.04987],[2.65445,43.04964],[2.65392,43.04945],[2.65347,43.04925],[2.65307,43.04898],[2.65286,43.04885],[2.6527,43.04877],[2.65253,43.04873],[2.65237,43.04873],[2.65221,43.04876],[2.65181,43.04886],[2.65164,43.04889],[2.65149,43.04888],[2.65137,43.04886],[2.65115,43.04876],[2.65096,43.04864],[2.65079,43.04847],[2.65045,43.0481],[2.65026,43.04793],[2.6501,43.04781],[2.64997,43.04775],[2.64983,43.0477],[2.64965,43.04767],[2.64929,43.04763],[2.64902,43.04757],[2.64878,43.04745],[2.64865,43.04731],[2.64862,43.04723],[2.64859,43.04713],[2.64859,43.04704],[2.6487,43.0466],[2.64887,43.04586],[2.64903,43.04517],[2.64907,43.04501],[2.64909,43.0449],[2.64907,43.04481],[2.64897,43.04461],[2.64869,43.04425],[2.6484,43.04392],[2.64822,43.0437],[2.64809,43.04358],[2.64795,43.04346],[2.64759,43.04326],[2.64727,43.04312],[2.64715,43.04303],[2.64705,43.04294],[2.647,43.04277],[2.64697,43.04267],[2.647,43.04257],[2.647,43.04222],[2.64703,43.04193],[2.64704,43.04179],[2.64703,43.04167],[2.64702,43.04158],[2.64691,43.04139],[2.64675,43.04125],[2.64664,43.04117],[2.6464,43.04106],[2.64615,43.04097],[2.64579,43.04083],[2.6454,43.04068],[2.64508,43.0406],[2.64486,43.04053],[2.64466,43.04051],[2.64448,43.04052],[2.64432,43.04053],[2.64417,43.0405],[2.64402,43.04041],[2.64397,43.04029],[2.64408,43.03997],[2.64412,43.03982],[2.64413,43.03963],[2.64409,43.03914],[2.64404,43.03879],[2.64398,43.03859],[2.6439,43.03841],[2.6438,43.03825],[2.64371,43.03814],[2.64362,43.03807],[2.64347,43.03796],[2.64315,43.03782],[2.64299,43.03773],[2.64291,43.03765],[2.64281,43.03754],[2.64276,43.03739],[2.64273,43.03722],[2.64272,43.03704],[2.64269,43.03691],[2.64264,43.03678],[2.64258,43.03669],[2.6425,43.03661],[2.6424,43.03653],[2.64223,43.03645],[2.64209,43.03639],[2.64192,43.03627],[2.64183,43.03619],[2.64177,43.03611],[2.6417,43.03595],[2.64152,43.03559],[2.64133,43.03518],[2.64105,43.03461],[2.64095,43.03439],[2.64089,43.03425],[2.64085,43.03404],[2.64083,43.03385],[2.64079,43.03374],[2.64073,43.0336],[2.64059,43.03345],[2.64031,43.03319],[2.64024,43.03308],[2.64018,43.03296],[2.64014,43.03284],[2.64009,43.0326],[2.64004,43.03243],[2.63998,43.03232],[2.6398,43.03215],[2.63957,43.03202],[2.63919,43.03169],[2.63897,43.03153],[2.63855,43.03112],[2.63809,43.03067],[2.63766,43.03024],[2.63737,43.02995],[2.63724,43.0298],[2.63712,43.02962],[2.63702,43.02942],[2.63694,43.0293],[2.63682,43.02917],[2.63674,43.02912],[2.63657,43.02902],[2.63603,43.02886],[2.63546,43.02871],[2.63517,43.02862],[2.63494,43.02851],[2.63478,43.0284],[2.63463,43.0283],[2.63453,43.02825],[2.63433,43.02817],[2.63403,43.02813],[2.63362,43.02813],[2.63337,43.0281],[2.63291,43.02796],[2.63264,43.02786],[2.63246,43.02771],[2.6324,43.02763],[2.63235,43.02752],[2.6323,43.02737],[2.63227,43.02713],[2.63225,43.02697],[2.6322,43.02684],[2.6321,43.0267],[2.6319,43.02648],[2.63173,43.02628],[2.63165,43.02612],[2.6316,43.02594],[2.63162,43.02578],[2.63165,43.02562],[2.63176,43.02542],[2.63193,43.02526],[2.63215,43.02512],[2.63249,43.02499],[2.63348,43.02464],[2.63394,43.02447],[2.63429,43.02435],[2.6348,43.02417],[2.63494,43.02409],[2.63506,43.02401],[2.63514,43.0239],[2.63534,43.02364],[2.63545,43.02355],[2.63558,43.0235],[2.63569,43.02346],[2.63599,43.02347],[2.63632,43.02351],[2.63662,43.02352],[2.63687,43.02348],[2.63698,43.02343],[2.6371,43.02337],[2.63721,43.02329],[2.63732,43.02315],[2.63766,43.02268],[2.63817,43.02196],[2.63837,43.0217],[2.63848,43.02158],[2.63878,43.02124],[2.63894,43.02105],[2.639,43.02094],[2.63906,43.02078],[2.63908,43.02065],[2.63914,43.02026],[2.63918,43.01998],[2.6392,43.01982],[2.63921,43.01971],[2.63919,43.01955],[2.63913,43.01944],[2.63898,43.01917],[2.63871,43.01878],[2.63859,43.01868],[2.63851,43.01861],[2.63836,43.01855],[2.63817,43.0185],[2.63798,43.01848],[2.63785,43.0185],[2.63768,43.01853],[2.63753,43.01858],[2.63738,43.01867],[2.63719,43.01878],[2.63692,43.01895],[2.63672,43.01902],[2.63661,43.01905],[2.63649,43.01908],[2.63628,43.01908],[2.63616,43.01906],[2.63604,43.01901],[2.63568,43.01879],[2.63513,43.01843],[2.63496,43.01831],[2.63489,43.01821],[2.63487,43.01809],[2.63489,43.01797],[2.63494,43.01783],[2.63503,43.01771],[2.63514,43.01761],[2.63533,43.01746],[2.63547,43.01736],[2.63556,43.01724],[2.63562,43.01709],[2.63566,43.01691],[2.63566,43.01673],[2.63565,43.01663],[2.63555,43.01647],[2.63528,43.01626],[2.63514,43.01618],[2.63502,43.01614],[2.63488,43.01612],[2.63448,43.01608],[2.6343,43.01606],[2.63416,43.01603],[2.63405,43.01599],[2.63394,43.01593],[2.63384,43.01586],[2.63374,43.01567],[2.63366,43.01543],[2.63357,43.01512],[2.63351,43.01496],[2.63346,43.01485],[2.63336,43.01472],[2.6332,43.01456],[2.63306,43.0144],[2.63299,43.01428],[2.63295,43.01419],[2.63293,43.01408],[2.63294,43.01398],[2.63296,43.01388],[2.63302,43.01378],[2.6331,43.0137],[2.63324,43.01356],[2.63346,43.01344],[2.63369,43.01335],[2.63398,43.01327],[2.63433,43.0132],[2.6346,43.01313],[2.63475,43.01305],[2.63486,43.01299],[2.63494,43.01292],[2.63501,43.01283],[2.63507,43.01273],[2.63514,43.0126],[2.6352,43.01245],[2.63529,43.01219],[2.63543,43.01184],[2.63562,43.0113],[2.63588,43.01063],[2.63601,43.01044],[2.6364,43.01004],[2.63661,43.00982],[2.63675,43.00964],[2.63682,43.00951],[2.63687,43.00934],[2.63687,43.00919],[2.63683,43.00906],[2.63678,43.00893],[2.63668,43.00882],[2.63651,43.00867],[2.63633,43.00854],[2.63615,43.00841],[2.63576,43.00821],[2.63492,43.00775],[2.63296,43.00715],[2.63207,43.00695],[2.63105,43.00687],[2.63105,43.00687],[2.63105,43.00687],[2.63105,43.00687],[2.63105,43.00687],[2.63048,43.00664],[2.63016,43.00661],[2.6299,43.0066],[2.62965,43.00656],[2.62939,43.00651],[2.62917,43.00644],[2.62895,43.00635],[2.62876,43.00623],[2.62859,43.00605],[2.62845,43.00587],[2.62829,43.00571],[2.62812,43.00559],[2.62759,43.00543],[2.62646,43.00497],[2.62546,43.00424],[2.62546,43.00424],[2.6253,43.00386],[2.6253,43.00386],[2.62538,43.00347],[2.62561,43.00313],[2.62569,43.0029],[2.62582,43.00267],[2.62589,43.00257],[2.62592,43.00236],[2.62592,43.00236],[2.62565,43.00207],[2.62554,43.00164],[2.62528,43.00141],[2.62505,43.00143],[2.62504,43.00089],[2.62522,43.00053],[2.62545,42.99971],[2.62555,42.99918],[2.62582,42.9986],[2.62617,42.99834],[2.62611,42.99806],[2.62582,42.99781],[2.62522,42.99754],[2.6248,42.99708],[2.62382,42.99637],[2.62344,42.99596],[2.62314,42.99581],[2.62269,42.9958],[2.62225,42.99577],[2.62211,42.99571],[2.622,42.99563],[2.62193,42.99556],[2.62187,42.99541],[2.62188,42.99529],[2.62196,42.99488],[2.622,42.99474],[2.622,42.99451],[2.62197,42.99439],[2.62182,42.99389],[2.62167,42.9938],[2.62157,42.99371],[2.62142,42.99312],[2.6213,42.99284],[2.62123,42.99271],[2.62112,42.9925],[2.62096,42.99221],[2.62062,42.99194],[2.6203,42.99176],[2.61934,42.99161],[2.61837,42.99143],[2.61713,42.99132],[2.61638,42.99117],[2.61603,42.99103],[2.61567,42.99091],[2.61548,42.99067],[2.61537,42.99061],[2.61516,42.99053],[2.61494,42.99038],[2.61465,42.99006],[2.61449,42.98993],[2.6143,42.98998],[2.61402,42.98993],[2.61398,42.98963],[2.61405,42.98889],[2.61346,42.98832],[2.61341,42.98827],[2.61293,42.98851],[2.61238,42.98853],[2.61066,42.98855],[2.60995,42.98845],[2.60901,42.98838],[2.60862,42.98845],[2.60865,42.98871],[2.60829,42.98878],[2.60652,42.98765],[2.60652,42.98765],[2.60561,42.98755],[2.60496,42.98736],[2.60392,42.98731],[2.60312,42.98633],[2.60234,42.98621],[2.60157,42.98587],[2.60115,42.98537],[2.60031,42.98542],[2.59986,42.98511],[2.5993,42.9851],[2.59892,42.98482],[2.59837,42.98467],[2.59766,42.98462],[2.59684,42.98471],[2.59591,42.98442],[2.59426,42.98409],[2.59361,42.98404],[2.5928,42.9836],[2.5917,42.98379],[2.5917,42.98379],[2.59108,42.98417],[2.5902,42.98405],[2.58956,42.98373],[2.58878,42.9834],[2.58697,42.98268],[2.58633,42.98182],[2.586,42.98143],[2.58556,42.98091],[2.58489,42.97977],[2.58418,42.97917],[2.58302,42.9784],[2.58158,42.977],[2.58054,42.97575],[2.57928,42.97496],[2.5801,42.97389],[2.58005,42.97334],[2.57992,42.97298],[2.57919,42.97227],[2.57798,42.97159],[2.57786,42.97123],[2.57799,42.97106],[2.57847,42.97068],[2.57851,42.97038],[2.57841,42.9699],[2.5784,42.96952],[2.57851,42.96913],[2.5788,42.96861],[2.57894,42.96805],[2.57949,42.96743],[2.57954,42.96724],[2.57956,42.96697],[2.57918,42.96653],[2.57881,42.96629],[2.57804,42.9659],[2.57753,42.96562],[2.57753,42.96562],[2.57704,42.96546],[2.57651,42.96528],[2.5759,42.96498],[2.57556,42.96445],[2.57502,42.96376],[2.57488,42.96362],[2.57473,42.96353],[2.57365,42.96337],[2.57272,42.96303],[2.57161,42.96293],[2.57135,42.96283],[2.57106,42.96281],[2.57077,42.96272],[2.57056,42.96252],[2.57029,42.96211],[2.57025,42.9618],[2.57044,42.96138],[2.57048,42.96106],[2.57063,42.9608],[2.57126,42.96049],[2.57129,42.96011],[2.57106,42.95995],[2.57016,42.95992],[2.56995,42.95964],[2.56974,42.95908],[2.56952,42.95882],[2.56911,42.95859],[2.56847,42.95832],[2.56803,42.9583],[2.56781,42.95822],[2.56745,42.95812],[2.56721,42.95792],[2.56708,42.95782],[2.56696,42.95767],[2.56692,42.95749],[2.56695,42.95729],[2.5668,42.95682],[2.56665,42.95655],[2.56652,42.95646],[2.56635,42.95639],[2.56618,42.95635],[2.56598,42.95633],[2.56587,42.95632],[2.5657,42.95626],[2.56556,42.95616],[2.56505,42.95595],[2.56489,42.95609],[2.56466,42.95623],[2.56443,42.95656],[2.56444,42.95691],[2.56473,42.95735],[2.56473,42.95735],[2.56462,42.95767],[2.56462,42.95767],[2.56429,42.9581],[2.56386,42.95855],[2.56289,42.95888],[2.56256,42.95906],[2.56212,42.95931],[2.56162,42.95961],[2.56126,42.95998],[2.56081,42.96034],[2.56021,42.96044],[2.55962,42.96045],[2.55891,42.96057],[2.55883,42.96078],[2.55809,42.96134],[2.55809,42.96134],[2.55645,42.96193],[2.55548,42.96219],[2.55498,42.96213],[2.55438,42.96201],[2.55378,42.96205],[2.55334,42.96223],[2.55266,42.9623],[2.54895,42.95626],[2.54895,42.95626],[2.54215,42.95066],[2.53533,42.94503],[2.52716,42.93918],[2.52627,42.94005],[2.52558,42.94098],[2.52324,42.9419],[2.52076,42.94238],[2.51593,42.94472],[2.51451,42.94593],[2.51163,42.94695],[2.5035,42.95056],[2.50203,42.95265],[2.49806,42.95408],[2.49761,42.95429],[2.49577,42.95395],[2.49459,42.95521],[2.49456,42.95541],[2.49475,42.95536],[2.49533,42.9555],[2.49539,42.95559],[2.49531,42.95607],[2.49539,42.95637],[2.49552,42.95674],[2.4955,42.95686],[2.49526,42.95727],[2.49502,42.95757],[2.49493,42.95766],[2.49488,42.95776],[2.49486,42.95785],[2.49491,42.95793],[2.49501,42.95805],[2.49501,42.95816],[2.49501,42.95825],[2.49487,42.95833],[2.4947,42.95837],[2.49455,42.95835],[2.49441,42.95831],[2.49419,42.95822],[2.49406,42.95824],[2.49397,42.95828],[2.49382,42.95839],[2.4935,42.95866],[2.49326,42.95898],[2.49311,42.95926],[2.49291,42.95979],[2.49287,42.95993],[2.49287,42.96003],[2.49292,42.96027],[2.49296,42.96062],[2.49298,42.96073],[2.49299,42.96082],[2.49304,42.96093],[2.49345,42.96178],[2.49355,42.96195],[2.49366,42.96207],[2.49395,42.96235],[2.49405,42.96243],[2.49421,42.96252],[2.49463,42.96273],[2.49537,42.96313],[2.49546,42.96319],[2.49545,42.96328],[2.49537,42.96336],[2.49525,42.96343],[2.49515,42.96346],[2.49485,42.96347],[2.49469,42.96347],[2.49452,42.96354],[2.49442,42.96362],[2.49429,42.96377],[2.49414,42.96387],[2.49387,42.96404],[2.49365,42.96415],[2.49348,42.96422],[2.49331,42.96427],[2.49316,42.9643],[2.49305,42.9643],[2.49288,42.96422],[2.49264,42.96412],[2.49238,42.96398],[2.49217,42.96398],[2.49158,42.9641],[2.49075,42.96425],[2.49058,42.9643],[2.49041,42.96439],[2.49024,42.96452],[2.48997,42.96471],[2.48987,42.96475],[2.48961,42.96481],[2.48879,42.96498],[2.48836,42.96506],[2.48804,42.96508],[2.48747,42.9651],[2.48722,42.96508],[2.48685,42.96503],[2.48643,42.96494],[2.48617,42.96486],[2.48606,42.9648],[2.48569,42.96469],[2.48558,42.96469],[2.4854,42.96475],[2.4853,42.96484],[2.48519,42.96498],[2.48502,42.96519],[2.48479,42.96546],[2.48464,42.96567],[2.48443,42.96599],[2.48426,42.96627],[2.48412,42.96656],[2.48398,42.96683],[2.48391,42.96694],[2.48381,42.96705],[2.48372,42.96714],[2.48357,42.96726],[2.48352,42.96734],[2.48334,42.96762],[2.48315,42.96792],[2.48297,42.96826],[2.48279,42.96849],[2.48256,42.96873],[2.48244,42.96891],[2.48237,42.96905],[2.48233,42.9692],[2.48233,42.96931],[2.48233,42.9695],[2.48235,42.96972],[2.4824,42.96997],[2.48249,42.97014],[2.48252,42.97025],[2.48255,42.97033],[2.48251,42.9706],[2.48243,42.97109],[2.48238,42.97132],[2.48234,42.9714],[2.48221,42.97149],[2.48209,42.9715],[2.48192,42.97144],[2.48163,42.97129],[2.4814,42.97132],[2.48106,42.97142],[2.48091,42.97146],[2.48048,42.97154],[2.48029,42.97163],[2.48,42.97183],[2.4798,42.972],[2.47973,42.97211],[2.47973,42.9722],[2.47978,42.97236],[2.47991,42.9726],[2.48005,42.97271],[2.48019,42.9728],[2.48041,42.97288],[2.48075,42.97298],[2.48082,42.97306],[2.48083,42.97317],[2.48076,42.97328],[2.48061,42.97335],[2.47987,42.97338],[2.47972,42.97335],[2.47947,42.97326],[2.47922,42.97316],[2.47909,42.97314],[2.47892,42.97313],[2.47875,42.97314],[2.47859,42.97316],[2.4783,42.97325],[2.47786,42.97332],[2.47758,42.97339],[2.47731,42.97356],[2.47698,42.97376],[2.47651,42.97394],[2.4762,42.9741],[2.47606,42.97424],[2.47599,42.97437],[2.47597,42.97447],[2.47594,42.97462],[2.47599,42.97494],[2.47603,42.97506],[2.47619,42.97523],[2.47652,42.97552],[2.47686,42.97573],[2.47701,42.97584],[2.47707,42.97601],[2.47716,42.97623],[2.47706,42.97629],[2.47694,42.97627],[2.47661,42.97613],[2.47636,42.97609],[2.47613,42.97612],[2.47602,42.97615],[2.47564,42.97648],[2.47562,42.97661],[2.47559,42.97678],[2.47554,42.97686],[2.47546,42.97705],[2.47545,42.97714],[2.47543,42.97732],[2.47545,42.9774],[2.47551,42.97748],[2.47558,42.97757],[2.47567,42.97774],[2.47569,42.97782],[2.47572,42.97797],[2.47571,42.97807],[2.47567,42.9782],[2.47562,42.97829],[2.47556,42.97842],[2.47555,42.97851],[2.47552,42.97864],[2.47545,42.97873],[2.47536,42.9788],[2.47527,42.97885],[2.47519,42.97898],[2.47514,42.97914],[2.4751,42.97927],[2.47503,42.97933],[2.46358,42.97898],[2.4649,42.99002],[2.4661,42.99724],[2.45517,43.00639],[2.45183,43.02062],[2.45356,43.02521],[2.45496,43.02866],[2.45568,43.031],[2.46609,43.03086],[2.47022,43.035],[2.47142,43.04654],[2.46554,43.0505],[2.46294,43.05108],[2.45847,43.0527],[2.45444,43.05258],[2.44989,43.05342],[2.4457,43.05697],[2.44362,43.05815],[2.44483,43.06034],[2.45348,43.06514],[2.45593,43.0673],[2.45936,43.06812],[2.46317,43.0699],[2.46528,43.07406],[2.46659,43.0793],[2.46708,43.07934],[2.46914,43.07852],[2.46982,43.0785],[2.47013,43.07923],[2.47076,43.07944],[2.47086,43.0798],[2.47144,43.08004],[2.47228,43.07983],[2.47349,43.07941],[2.47547,43.0792],[2.47588,43.07935],[2.47641,43.07984],[2.47675,43.08008],[2.47736,43.08039],[2.47788,43.08069],[2.47809,43.08111],[2.47831,43.08121],[2.47878,43.08179],[2.47871,43.08209],[2.47866,43.08236],[2.47874,43.08262],[2.47855,43.08284],[2.47863,43.0829],[2.47881,43.08295],[2.4791,43.08272],[2.47976,43.08247],[2.48186,43.08227],[2.48223,43.0822],[2.48278,43.08224],[2.4833,43.08225],[2.48386,43.08229],[2.48394,43.08248],[2.48358,43.08265],[2.48328,43.08329],[2.48433,43.08367],[2.48475,43.0837],[2.48506,43.08353],[2.48524,43.08309],[2.48525,43.08269],[2.48577,43.08195],[2.48623,43.08177],[2.48678,43.08188],[2.48744,43.08222],[2.48747,43.08264],[2.48771,43.08284],[2.48833,43.08309],[2.48959,43.08312],[2.49019,43.08341],[2.49051,43.08477],[2.49128,43.08498],[2.49233,43.0848],[2.49324,43.08433],[2.4937,43.08381],[2.49549,43.08334],[2.49714,43.08313],[2.49818,43.08328],[2.49883,43.08326],[2.49926,43.08278],[2.4997,43.08228],[2.5006,43.08238],[2.50096,43.08281],[2.50164,43.08316],[2.50226,43.08312],[2.50304,43.08337],[2.503,43.08395],[2.50284,43.08518],[2.5026,43.08555],[2.50226,43.08652],[2.50198,43.08706],[2.50203,43.08834],[2.5019,43.08886],[2.50268,43.08939],[2.50638,43.09274],[2.50693,43.09297],[2.50764,43.0938],[2.50872,43.09469],[2.51204,43.09729],[2.51587,43.09914],[2.51652,43.09887],[2.51667,43.09921],[2.517,43.09922],[2.51749,43.09971],[2.51836,43.10096],[2.51953,43.1018],[2.51965,43.10209],[2.51921,43.10303],[2.52009,43.10276],[2.52078,43.10276],[2.52142,43.10272],[2.52239,43.10251],[2.52307,43.10208],[2.52356,43.10272],[2.52436,43.10333],[2.52504,43.10429],[2.52602,43.10652],[2.52649,43.10675],[2.52524,43.10818],[2.52398,43.10935],[2.52309,43.1103],[2.52392,43.11061],[2.52489,43.11112],[2.5259,43.11165],[2.52685,43.11216],[2.52699,43.11219],[2.52714,43.11216],[2.52748,43.11255],[2.52884,43.11343],[2.52909,43.1145],[2.52986,43.11508],[2.52999,43.11518],[2.53116,43.1161],[2.53369,43.11708],[2.53394,43.11734],[2.53604,43.11766],[2.53829,43.1176],[2.5412,43.11914],[2.5442,43.12087],[2.54672,43.12259],[2.55017,43.12411],[2.55208,43.12394],[2.55364,43.12352],[2.55481,43.12352],[2.55539,43.12409],[2.55533,43.12488],[2.55616,43.12538]]]]},"properties":{"ID":"1111","id":"1111","NOM_MASSIF":"VALLEE DE L'ORBIEU","dept":"11"}},{"type":"Feature","id":2,"geometry":{"type":"MultiPolygon","coordinates":[[[[2.74659,42.91096],[2.7466,42.91099],[2.74685,42.91154],[2.74681,42.91185],[2.74694,42.91296],[2.74703,42.91336],[2.74695,42.9142],[2.74672,42.91494],[2.74672,42.91543],[2.74689,42.91613],[2.74765,42.91699],[2.74778,42.9172],[2.74824,42.91845],[2.74842,42.91878],[2.7489,42.91933],[2.74919,42.91954],[2.7494,42.91979],[2.74946,42.92002],[2.75003,42.92052],[2.75053,42.92083],[2.75066,42.921],[2.75057,42.92197],[2.75039,42.92235],[2.75049,42.92266],[2.75108,42.92375],[2.75156,42.92481],[2.75174,42.92565],[2.7519,42.92594],[2.7518,42.92621],[2.75212,42.92683],[2.75262,42.92738],[2.75294,42.9278],[2.75327,42.928],[2.75404,42.9282],[2.75436,42.92838],[2.75439,42.92866],[2.75484,42.9296],[2.75495,42.93013],[2.75477,42.93024],[2.75477,42.93047],[2.75473,42.93058],[2.75455,42.93085],[2.75434,42.93114],[2.7542,42.93134],[2.75413,42.93147],[2.75409,42.93162],[2.75408,42.93171],[2.75408,42.93186],[2.75409,42.93204],[2.75413,42.93215],[2.75418,42.93226],[2.75423,42.93236],[2.75432,42.93246],[2.7544,42.93255],[2.75434,42.93267],[2.75463,42.93289],[2.75489,42.93317],[2.75487,42.93354],[2.7548,42.93385],[2.75495,42.93449],[2.75601,42.93578],[2.75604,42.93579],[2.75644,42.93597],[2.75657,42.93603],[2.75699,42.93632],[2.75748,42.9365],[2.75829,42.93749],[2.75837,42.93771],[2.7584,42.93784],[2.75847,42.93818],[2.75859,42.93843],[2.75866,42.93865],[2.75824,42.93941],[2.75791,42.94012],[2.75761,42.94046],[2.75754,42.94081],[2.75729,42.94144],[2.75673,42.94268],[2.7564,42.94373],[2.75663,42.94427],[2.75678,42.94446],[2.75706,42.94445],[2.75726,42.94456],[2.75742,42.94477],[2.75738,42.94526],[2.7574,42.94552],[2.75756,42.94567],[2.7578,42.94584],[2.75822,42.94619],[2.75834,42.94632],[2.75848,42.94647],[2.75851,42.94672],[2.7583,42.94702],[2.75798,42.94749],[2.75789,42.94763],[2.75772,42.9479],[2.75751,42.94833],[2.75767,42.94869],[2.75796,42.94905],[2.75833,42.94939],[2.75886,42.94958],[2.7593,42.94995],[2.75932,42.95013],[2.75927,42.95048],[2.75927,42.95048],[2.7595,42.95088],[2.75997,42.9511],[2.76041,42.95132],[2.76116,42.9514],[2.76166,42.95148],[2.76181,42.95152],[2.76234,42.95164],[2.76267,42.95179],[2.76298,42.95205],[2.7631,42.95244],[2.76313,42.95263],[2.76322,42.95312],[2.76321,42.95338],[2.76321,42.95349],[2.76331,42.95375],[2.76386,42.954],[2.76432,42.95421],[2.7648,42.95463],[2.76513,42.95515],[2.76542,42.95563],[2.76579,42.95606],[2.7659,42.95628],[2.76589,42.95656],[2.76554,42.95706],[2.76535,42.95725],[2.76512,42.95772],[2.76488,42.95816],[2.76465,42.95875],[2.76434,42.95935],[2.76427,42.95958],[2.76449,42.95991],[2.76468,42.9601],[2.76476,42.96021],[2.76511,42.96028],[2.76523,42.96038],[2.76545,42.96047],[2.76565,42.96071],[2.76605,42.96094],[2.76681,42.96153],[2.76754,42.96213],[2.76815,42.96238],[2.76882,42.96263],[2.76922,42.96324],[2.76913,42.96387],[2.76958,42.96417],[2.77049,42.96434],[2.77188,42.96495],[2.77236,42.96511],[2.77286,42.96534],[2.77408,42.96602],[2.77477,42.96646],[2.77506,42.96665],[2.77558,42.96683],[2.77621,42.96722],[2.7764,42.96735],[2.77674,42.96782],[2.7766,42.96791],[2.77552,42.96855],[2.7753,42.96913],[2.77505,42.96948],[2.77452,42.96982],[2.77421,42.97039],[2.77422,42.97056],[2.77424,42.97071],[2.77446,42.97096],[2.77485,42.97114],[2.77569,42.97111],[2.77608,42.97119],[2.77636,42.97135],[2.77622,42.97182],[2.77614,42.97225],[2.77617,42.97267],[2.77629,42.97412],[2.7758,42.97493],[2.77533,42.97544],[2.77485,42.97608],[2.77448,42.97657],[2.77519,42.9771],[2.77687,42.97853],[2.77926,42.97815],[2.77946,42.9785],[2.78013,42.97891],[2.78053,42.97939],[2.78093,42.98002],[2.78109,42.9804],[2.78119,42.98085],[2.78125,42.98108],[2.78148,42.98174],[2.78206,42.98242],[2.7834,42.98301],[2.78382,42.98306],[2.78429,42.98351],[2.7846,42.98356],[2.7851,42.98371],[2.78559,42.9838],[2.78601,42.98395],[2.78627,42.98409],[2.78669,42.98409],[2.78721,42.98398],[2.78751,42.98409],[2.78797,42.98428],[2.78845,42.98469],[2.78868,42.98486],[2.78853,42.9864],[2.7883,42.98656],[2.78773,42.98675],[2.78757,42.98713],[2.78768,42.98776],[2.78789,42.98839],[2.78941,42.98927],[2.78976,42.98964],[2.78974,42.99007],[2.78958,42.99023],[2.78918,42.99044],[2.78867,42.99122],[2.78841,42.99253],[2.78836,42.99278],[2.78829,42.99291],[2.7881,42.99325],[2.78817,42.9939],[2.78874,42.9945],[2.78932,42.99445],[2.78987,42.99453],[2.7902,42.99465],[2.79072,42.99456],[2.79107,42.99439],[2.79211,42.99413],[2.79434,42.99306],[2.79497,42.99292],[2.79809,42.99267],[2.79898,42.99292],[2.80194,42.99312],[2.80351,42.99352],[2.80406,42.99343],[2.80445,42.99327],[2.805,42.99313],[2.80597,42.99318],[2.80853,42.99336],[2.80947,42.99348],[2.81083,42.99356],[2.81145,42.99364],[2.81185,42.99372],[2.81317,42.99408],[2.81538,42.99558],[2.81658,42.99655],[2.81695,42.99705],[2.81759,42.99819],[2.81845,42.99902],[2.81913,42.9993],[2.82349,43.00004],[2.82558,43.00114],[2.82596,43.0019],[2.82659,43.0029],[2.82673,43.00317],[2.82686,43.00341],[2.82674,43.00444],[2.82643,43.00501],[2.82565,43.0057],[2.82463,43.00628],[2.8239,43.00678],[2.82357,43.00726],[2.82354,43.00795],[2.82435,43.00926],[2.82536,43.01004],[2.82613,43.01018],[2.82689,43.01045],[2.82846,43.01041],[2.82998,43.01015],[2.83107,43.01031],[2.8319,43.01078],[2.83199,43.01158],[2.8335,43.01522],[2.83269,43.01727],[2.83211,43.01792],[2.82992,43.01964],[2.82777,43.02261],[2.82732,43.02502],[2.8284,43.02708],[2.82908,43.02749],[2.83014,43.02865],[2.83017,43.02912],[2.82991,43.02989],[2.82837,43.03115],[2.82845,43.03173],[2.82958,43.03256],[2.83026,43.0327],[2.83213,43.03265],[2.83334,43.03288],[2.83321,43.03421],[2.83233,43.03448],[2.83197,43.03538],[2.83176,43.03631],[2.8325,43.03749],[2.83334,43.03871],[2.83362,43.0389],[2.83402,43.03915],[2.83497,43.03848],[2.83519,43.03826],[2.83576,43.03778],[2.83651,43.03805],[2.83645,43.039],[2.83593,43.03975],[2.83475,43.04069],[2.83445,43.04111],[2.83491,43.04184],[2.83557,43.04248],[2.83747,43.04284],[2.83936,43.04334],[2.84224,43.04274],[2.84419,43.04078],[2.84686,43.04186],[2.84915,43.04207],[2.85114,43.04179],[2.85455,43.0409],[2.8565,43.04073],[2.85859,43.03998],[2.86005,43.04002],[2.86,43.04145],[2.86024,43.04255],[2.86005,43.04359],[2.85965,43.04523],[2.86091,43.04798],[2.86398,43.04866],[2.86563,43.04774],[2.86758,43.04713],[2.86967,43.04763],[2.8721,43.04992],[2.87516,43.05096],[2.87779,43.05086],[2.87857,43.05028],[2.87867,43.04982],[2.87848,43.04921],[2.87926,43.04825],[2.8815,43.04758],[2.8834,43.04729],[2.88544,43.04847],[2.88631,43.0499],[2.89015,43.05137],[2.89215,43.0523],[2.89341,43.05226],[2.89643,43.05105],[2.90072,43.04931],[2.90247,43.04942],[2.90418,43.04917],[2.90476,43.04881],[2.90476,43.04778],[2.90549,43.04767],[2.907,43.04781],[2.90924,43.04728],[2.91089,43.0476],[2.91293,43.05003],[2.91337,43.05146],[2.91429,43.05364],[2.91609,43.05475],[2.91741,43.05418],[2.91955,43.05275],[2.92388,43.05065],[2.92554,43.05059],[2.92891,43.05036],[2.93164,43.04864],[2.93586,43.04551],[2.93716,43.04489],[2.93813,43.04489],[2.9391,43.04508],[2.94112,43.04565],[2.94365,43.04679],[2.94501,43.04694],[2.94689,43.04608],[2.94962,43.04489],[2.95221,43.04432],[2.95429,43.04461],[2.95565,43.04908],[2.95792,43.04999],[2.95954,43.0508],[2.95915,43.05256],[2.9615,43.05906],[2.96263,43.05896],[2.9645,43.06006],[2.96611,43.06151],[2.96652,43.06326],[2.96786,43.06441],[2.97095,43.06664],[2.97509,43.06935],[2.97648,43.07052],[2.97874,43.07211],[2.97958,43.07265],[2.98106,43.07349],[2.98231,43.07264],[2.98326,43.07309],[2.98432,43.07278],[2.98473,43.07178],[2.98651,43.07122],[2.98375,43.06855],[2.98216,43.06817],[2.98036,43.0671],[2.97993,43.06603],[2.97992,43.06495],[2.98138,43.06386],[2.98327,43.06301],[2.98252,43.06209],[2.9843,43.06177],[2.98355,43.06039],[2.98324,43.06039],[2.98291,43.05962],[2.9829,43.05847],[2.98448,43.05838],[2.98604,43.05769],[2.98761,43.05714],[2.98739,43.05606],[2.98656,43.05598],[2.98518,43.0563],[2.98454,43.05546],[2.98664,43.05437],[2.98728,43.0546],[2.98832,43.05436],[2.98999,43.05358],[2.98915,43.0529],[2.9884,43.05237],[2.99019,43.05181],[2.99154,43.05057],[2.99301,43.05025],[2.99511,43.05039],[2.99701,43.05139],[2.99871,43.0523],[2.99841,43.05346],[2.99789,43.05446],[2.99821,43.05538],[2.99939,43.05599],[3.00023,43.05683],[2.99982,43.05791],[3.0012,43.05905],[3.00278,43.05896],[3.0035,43.05811],[3.00443,43.05711],[3.00569,43.05572],[3.00535,43.05348],[3.0069,43.05241],[3.00795,43.05178],[3.00668,43.05126],[3.00666,43.04957],[3.0057,43.04825],[3.00663,43.04718],[3.00725,43.04564],[3.00862,43.04494],[3.00977,43.04508],[3.01113,43.04408],[3.01279,43.04244],[3.01447,43.04189],[3.01594,43.04188],[3.01805,43.04303],[3.01962,43.04349],[3.02089,43.04209],[3.02167,43.04071],[3.02154,43.03966],[3.02076,43.03799],[3.01998,43.03655],[3.01838,43.03579],[3.01839,43.03694],[3.01768,43.03842],[3.01737,43.03927],[3.01644,43.04019],[3.01538,43.0392],[3.01431,43.03712],[3.01177,43.03614],[3.01165,43.03491],[3.01029,43.03469],[3.00954,43.03346],[3.01026,43.03215],[3.01045,43.03099],[3.0099,43.02915],[3.01462,43.02866],[3.01461,43.02773],[3.01776,43.0271],[3.01914,43.02755],[3.02008,43.02763],[3.02113,43.02831],[3.02304,43.02791],[3.02649,43.02783],[3.03005,43.02641],[3.03078,43.02579],[3.03635,43.0259],[3.03918,43.02482],[3.04285,43.02663],[3.04259,43.02581],[3.04369,43.0252],[3.0442,43.02488],[3.04443,43.02482],[3.04528,43.02485],[3.04579,43.02486],[3.04704,43.02465],[3.0507,43.02403],[3.05327,43.02347],[3.05506,43.02318],[3.05617,43.02288],[3.05821,43.0224],[3.05948,43.02199],[3.05978,43.02179],[3.05953,43.02098],[3.05918,43.0197],[3.05883,43.01895],[3.05879,43.01877],[3.06,43.01784],[3.06167,43.0166],[3.06228,43.01615],[3.06282,43.01612],[3.06422,43.01547],[3.06576,43.01371],[3.06036,43.00581],[3.05546,43.00687],[3.05507,43.00697],[3.05409,43.00617],[3.05308,43.00464],[3.05313,43.00388],[3.05306,43.00312],[3.05162,43.00118],[3.05122,43.00041],[3.0512,42.99866],[3.05079,42.9978],[3.04795,42.99801],[3.04794,42.99748],[3.0491,42.99628],[3.04895,42.99504],[3.04862,42.9939],[3.04841,42.99286],[3.04774,42.99129],[3.04695,42.99035],[3.04648,42.98892],[3.04624,42.98783],[3.04565,42.98716],[3.04506,42.98627],[3.04466,42.9855],[3.04334,42.98404],[3.04203,42.98261],[3.04112,42.98219],[3.03978,42.98001],[3.0382,42.9774],[3.03627,42.97884],[3.03383,42.98152],[3.03128,42.9844],[3.03067,42.98518],[3.02838,42.98432],[3.0237,42.98244],[3.01823,42.98029],[3.01391,42.97853],[3.01299,42.97819],[3.01217,42.97789],[3.01099,42.97742],[3.01035,42.97707],[3.00839,42.9763],[3.00637,42.97559],[3.00499,42.97493],[3.00317,42.97419],[3.00259,42.97397],[3.00195,42.97353],[3.00117,42.97282],[3.00051,42.97206],[2.99953,42.9703],[2.99794,42.96721],[2.99714,42.96564],[2.99678,42.96504],[2.99574,42.96416],[2.99446,42.96365],[2.99436,42.96028],[2.99642,42.95955],[2.99759,42.95926],[2.99831,42.95858],[2.99966,42.95791],[3.00041,42.95662],[3.00065,42.95539],[3.00195,42.95452],[3.00293,42.95404],[3.00423,42.9525],[3.00589,42.9504],[3.00666,42.94987],[3.00809,42.94901],[3.0091,42.94785],[3.00948,42.94694],[3.00998,42.94566],[3.01076,42.94489],[3.01127,42.94508],[3.01193,42.94526],[3.01283,42.94469],[3.0134,42.94345],[3.01351,42.94225],[3.01403,42.94134],[3.01408,42.94092],[3.01498,42.94025],[3.01595,42.93915],[3.01672,42.93838],[3.01787,42.93781],[3.0202,42.93702],[3.02254,42.93705],[3.02384,42.93738],[3.02487,42.93738],[3.02624,42.93803],[3.02695,42.93836],[3.02812,42.93788],[3.03684,42.93268],[3.03967,42.93067],[3.04007,42.93054],[3.04023,42.93037],[3.0405,42.93008],[3.04103,42.92968],[3.0417,42.9294],[3.04767,42.92798],[3.05472,42.92608],[3.05536,42.92322],[3.05956,42.92046],[3.06054,42.91714],[3.05687,42.90373],[3.05292,42.88501],[3.05156,42.87402],[3.05039,42.87014],[3.04618,42.85558],[3.04344,42.83821],[3.02842,42.8455],[3.02893,42.84742],[3.02986,42.84904],[3.03078,42.85074],[3.03139,42.85284],[3.03032,42.85503],[3.02943,42.85714],[3.02958,42.85867],[3.02993,42.8595],[3.02947,42.86098],[3.02931,42.86179],[3.02924,42.86314],[3.02951,42.86423],[3.0299,42.86522],[3.03076,42.86657],[3.04243,42.87991],[3.04504,42.88281],[3.04744,42.88575],[3.04802,42.88661],[3.04828,42.88742],[3.04858,42.8885],[3.04852,42.88975],[3.04837,42.89021],[3.04834,42.89112],[3.04823,42.89198],[3.04824,42.8926],[3.04813,42.89341],[3.04806,42.89393],[3.04813,42.89489],[3.04855,42.89698],[3.04883,42.89898],[3.04905,42.90069],[3.04898,42.90191],[3.04876,42.90234],[3.04856,42.9026],[3.04816,42.903],[3.04759,42.90334],[3.04686,42.90371],[3.04558,42.90425],[3.04294,42.90527],[3.03979,42.90496],[3.03954,42.90435],[3.03956,42.90347],[3.04033,42.90308],[3.04,42.90241],[3.03986,42.90161],[3.04017,42.90122],[3.04101,42.90084],[3.04146,42.90064],[3.03989,42.89937],[3.03787,42.89786],[3.03664,42.89696],[3.03533,42.89635],[3.03443,42.89635],[3.03312,42.89636],[3.03208,42.89632],[3.03117,42.8958],[3.03026,42.8949],[3.03001,42.89533],[3.03022,42.89652],[3.02977,42.89696],[3.029,42.89758],[3.02853,42.89777],[3.02846,42.89678],[3.02853,42.89639],[3.02677,42.89669],[3.02575,42.89674],[3.02439,42.89665],[3.02238,42.89604],[3.02172,42.89615],[3.02094,42.8961],[3.01821,42.89479],[3.01731,42.89531],[3.01706,42.89603],[3.01641,42.89679],[3.01564,42.89727],[3.01499,42.89756],[3.01826,42.89888],[3.01892,42.89997],[3.02049,42.90158],[3.01971,42.90216],[3.0183,42.90236],[3.01725,42.90271],[3.01701,42.90408],[3.01741,42.90464],[3.01872,42.90559],[3.01939,42.9065],[3.01966,42.90787],[3.02019,42.90949],[3.0202,42.9102],[3.01878,42.91126],[3.01815,42.91227],[3.0175,42.91246],[3.01819,42.91594],[3.01822,42.91722],[3.01735,42.91814],[3.01713,42.91851],[3.01673,42.91921],[3.0167,42.91942],[3.01662,42.91964],[3.0163,42.92003],[3.01623,42.92041],[3.01615,42.92096],[3.01589,42.92126],[3.01551,42.92171],[3.01509,42.92236],[3.01468,42.92325],[3.01453,42.92381],[3.01443,42.92419],[3.01414,42.92498],[3.01387,42.92622],[3.0137,42.92713],[3.01345,42.92754],[3.01265,42.92792],[3.01212,42.92802],[3.01109,42.9283],[3.00728,42.92922],[3.00611,42.92939],[3.00546,42.92901],[3.005,42.92835],[3.00519,42.92739],[3.00596,42.92663],[3.00738,42.92624],[3.0088,42.92623],[3.00972,42.92604],[3.00734,42.922],[3.00733,42.92147],[3.00783,42.9208],[3.00796,42.92033],[3.00692,42.91952],[3.00574,42.9182],[3.00482,42.91716],[3.00417,42.91677],[3.00403,42.91625],[3.00519,42.91529],[3.0042,42.91421],[3.00438,42.91312],[3.00463,42.9123],[3.00592,42.91157],[3.0057,42.90982],[3.00562,42.90801],[3.0064,42.9078],[3.00561,42.90681],[3.00494,42.9052],[3.00481,42.90472],[3.00417,42.90502],[3.0039,42.90459],[3.00467,42.90386],[3.00701,42.90424],[3.00739,42.90395],[3.00562,42.90272],[3.00595,42.90182],[3.00541,42.90134],[3.00408,42.90078],[3.00337,42.90007],[3.00238,42.89945],[3.00154,42.89869],[3.00172,42.89779],[3.00191,42.89736],[3.0032,42.89726],[3.00476,42.8973],[3.0062,42.89776],[3.00691,42.89819],[3.00769,42.89846],[3.00813,42.89808],[3.00774,42.89713],[3.0067,42.89638],[3.00585,42.896],[3.00475,42.89572],[3.00364,42.89583],[3.00254,42.89602],[3.00138,42.89594],[3.00046,42.89522],[2.99961,42.89413],[2.99928,42.8928],[2.99926,42.89161],[2.9986,42.8907],[2.99833,42.88948],[2.99779,42.88776],[2.99739,42.88609],[2.99672,42.88415],[2.99618,42.88253],[2.99696,42.88001],[2.99759,42.87895],[2.99889,42.87894],[2.99941,42.87914],[2.99838,42.87967],[3.00114,42.88284],[3.00139,42.88265],[3.00086,42.88055],[3,42.88037],[2.99942,42.8798],[2.99994,42.87941],[3.00065,42.8797],[3.00122,42.87811],[3.00101,42.87693],[3.00169,42.87422],[3.00013,42.87355],[2.99923,42.87351],[2.99845,42.8737],[2.99755,42.87548],[2.99704,42.87539],[2.99638,42.87472],[2.99598,42.87396],[2.99624,42.87315],[2.99558,42.87225],[2.9946,42.87197],[2.99414,42.87088],[2.99335,42.8694],[2.99256,42.86817],[2.99151,42.86613],[2.99092,42.8657],[2.99026,42.86485],[2.98973,42.86433],[2.98908,42.86465],[2.98043,42.86943],[2.9785,42.86998],[2.97654,42.87044],[2.97555,42.87065],[2.97456,42.87086],[2.97255,42.87123],[2.97054,42.87158],[2.96853,42.87191],[2.96651,42.87221],[2.96549,42.87236],[2.96448,42.8725],[2.96245,42.87279],[2.96041,42.87305],[2.95404,42.8742],[2.94575,42.87602],[2.93689,42.87825],[2.92792,42.88201],[2.91716,42.88493],[2.91394,42.88792],[2.90702,42.89577],[2.88845,42.89814],[2.88745,42.89839],[2.88644,42.89862],[2.88545,42.8989],[2.8845,42.89925],[2.88355,42.8996],[2.88261,42.89995],[2.88175,42.9004],[2.88096,42.90092],[2.88031,42.90153],[2.87651,42.90853],[2.87608,42.90927],[2.87552,42.90995],[2.87518,42.91026],[2.87485,42.91058],[2.87403,42.9111],[2.87309,42.91151],[2.87221,42.91193],[2.8714,42.91244],[2.87077,42.91308],[2.87014,42.91371],[2.86514,42.91847],[2.86131,42.91643],[2.86054,42.91666],[2.85971,42.91675],[2.85887,42.91668],[2.85806,42.91649],[2.85731,42.9162],[2.85661,42.91587],[2.85555,42.91558],[2.85452,42.91521],[2.85357,42.91474],[2.8527,42.9142],[2.85216,42.91439],[2.85164,42.91458],[2.85124,42.91471],[2.8511,42.91475],[2.85057,42.91493],[2.85002,42.91507],[2.84974,42.91515],[2.84947,42.91522],[2.8489,42.91535],[2.84833,42.91544],[2.84819,42.91545],[2.84775,42.91549],[2.84716,42.91547],[2.8466,42.91537],[2.84599,42.91526],[2.84541,42.91508],[2.84516,42.91496],[2.84491,42.91483],[2.84451,42.91448],[2.84426,42.91407],[2.83473,42.91236],[2.83487,42.91211],[2.83513,42.91188],[2.83518,42.9116],[2.83505,42.91133],[2.83473,42.91116],[2.83452,42.91093],[2.83386,42.90935],[2.82903,42.90895],[2.82829,42.90816],[2.82738,42.90749],[2.82693,42.90716],[2.82646,42.90682],[2.82538,42.90631],[2.8242,42.90593],[2.8233,42.90559],[2.82246,42.90517],[2.82174,42.90464],[2.82113,42.90404],[2.82069,42.90338],[2.82042,42.90266],[2.81959,42.90226],[2.81889,42.90176],[2.8183,42.90118],[2.8178,42.90054],[2.81013,42.89858],[2.78874,42.89604],[2.76179,42.87327],[2.75551,42.85709],[2.75428,42.8517],[2.74833,42.84453],[2.74627,42.84662],[2.74504,42.84803],[2.74513,42.84882],[2.74581,42.84957],[2.7476,42.84961],[2.74896,42.85054],[2.749,42.85132],[2.74987,42.852],[2.74968,42.85268],[2.7454,42.85556],[2.74433,42.85588],[2.74413,42.8567],[2.74326,42.85702],[2.74214,42.85709],[2.74238,42.85748],[2.74213,42.85816],[2.73994,42.86069],[2.74028,42.8613],[2.73823,42.86265],[2.73735,42.86443],[2.73666,42.86668],[2.73564,42.86742],[2.73467,42.86796],[2.73365,42.86785],[2.7334,42.86874],[2.73337,42.87052],[2.73334,42.87244],[2.73328,42.87388],[2.73405,42.87584],[2.73485,42.8766],[2.73439,42.87886],[2.73293,42.87967],[2.73267,42.88012],[2.73289,42.88074],[2.73246,42.88178],[2.73275,42.88233],[2.73456,42.88326],[2.7342,42.88386],[2.73336,42.88459],[2.73309,42.88578],[2.73319,42.88616],[2.73225,42.88687],[2.73224,42.88754],[2.7324,42.88821],[2.73285,42.88909],[2.73301,42.88973],[2.73362,42.89037],[2.73391,42.89061],[2.73466,42.89078],[2.7355,42.89109],[2.73608,42.89148],[2.73675,42.89207],[2.73698,42.89293],[2.73779,42.89453],[2.73779,42.89524],[2.73872,42.89615],[2.73924,42.89648],[2.73979,42.89672],[2.74024,42.89679],[2.74156,42.89686],[2.74189,42.89711],[2.74208,42.89811],[2.74185,42.89858],[2.74191,42.89883],[2.74185,42.89905],[2.74212,42.89926],[2.74239,42.89966],[2.74242,42.90058],[2.74284,42.90043],[2.74288,42.90173],[2.74307,42.90223],[2.74328,42.90283],[2.74331,42.90331],[2.74328,42.90391],[2.74341,42.90437],[2.74353,42.90468],[2.74402,42.90492],[2.74445,42.90518],[2.74478,42.90536],[2.74508,42.90543],[2.74534,42.90575],[2.74558,42.90617],[2.74636,42.90673],[2.74644,42.90702],[2.74595,42.90758],[2.74585,42.90787],[2.7458,42.90834],[2.7458,42.90838],[2.74617,42.9096],[2.74659,42.91096]]]]},"properties":{"ID":"114","id":"114","NOM_MASSIF":"CORBIERES MARITIMES","dept":"11"}},{"type":"Feature","id":3,"geometry":{"type":"MultiPolygon","coordinates":[[[[3.03448,43.06057],[3.03472,43.0605],[3.03499,43.06065],[3.03519,43.06069],[3.03527,43.0607],[3.03539,43.06068],[3.03576,43.06087],[3.03594,43.06098],[3.0368,43.06042],[3.03862,43.05926],[3.039,43.05902],[3.04057,43.05803],[3.04213,43.05703],[3.04278,43.05662],[3.04297,43.05651],[3.04315,43.05644],[3.04386,43.05623],[3.04441,43.0561],[3.04491,43.05601],[3.04522,43.05598],[3.04552,43.05596],[3.04582,43.05594],[3.046,43.05593],[3.04633,43.05589],[3.04675,43.0558],[3.04705,43.05572],[3.04734,43.05564],[3.04763,43.05555],[3.04771,43.05552],[3.04899,43.05493],[3.05154,43.05376],[3.05219,43.05345],[3.05265,43.05333],[3.05283,43.05331],[3.05291,43.0533],[3.0532,43.05331],[3.05576,43.05382],[3.05604,43.05383],[3.0563,43.05381],[3.05649,43.05375],[3.05665,43.05369],[3.05675,43.05361],[3.05724,43.05297],[3.05728,43.05287],[3.05762,43.0513],[3.05766,43.05103],[3.05765,43.05083],[3.05756,43.05051],[3.05748,43.0503],[3.05615,43.04819],[3.05567,43.04744],[3.05562,43.04737],[3.0544,43.04545],[3.0534,43.04396],[3.0532,43.04404],[3.05267,43.04425],[3.05209,43.04436],[3.05165,43.04427],[3.05121,43.04409],[3.04909,43.04053],[3.04827,43.03929],[3.04775,43.03862],[3.04677,43.03703],[3.04646,43.03647],[3.04603,43.03589],[3.04604,43.03598],[3.04618,43.03627],[3.0462,43.03633],[3.04637,43.03669],[3.04651,43.03708],[3.04664,43.03754],[3.04675,43.03808],[3.04683,43.03887],[3.04683,43.03887],[3.04683,43.03888],[3.04683,43.03912],[3.0468,43.03976],[3.0468,43.03978],[3.04679,43.03978],[3.04666,43.04075],[3.04665,43.04076],[3.0464,43.04153],[3.04627,43.04187],[3.04612,43.04221],[3.04568,43.04299],[3.04544,43.04335],[3.04523,43.04364],[3.04481,43.04419],[3.04469,43.04436],[3.04449,43.04454],[3.04452,43.04462],[3.04486,43.04446],[3.04529,43.04412],[3.04598,43.04356],[3.04632,43.04321],[3.04648,43.04278],[3.04683,43.04199],[3.04691,43.04189],[3.04706,43.04185],[3.04727,43.04194],[3.04751,43.04208],[3.04775,43.04241],[3.04794,43.04269],[3.04803,43.04299],[3.04808,43.04337],[3.04785,43.04352],[3.04738,43.04384],[3.04679,43.04397],[3.04611,43.04401],[3.04599,43.04405],[3.04555,43.04434],[3.0454,43.0445],[3.04539,43.04466],[3.04493,43.04497],[3.04475,43.04521],[3.04439,43.0454],[3.04398,43.04531],[3.04377,43.04512],[3.04364,43.04525],[3.04227,43.04627],[3.0423,43.04626],[3.04224,43.04628],[3.04216,43.04632],[3.04192,43.04651],[3.04154,43.04676],[3.04081,43.04729],[3.04062,43.04748],[3.04034,43.04771],[3.04034,43.04772],[3.04022,43.04781],[3.04009,43.04792],[3.04024,43.04802],[3.04071,43.04809],[3.04142,43.04809],[3.04213,43.04808],[3.0429,43.04794],[3.04353,43.04791],[3.04383,43.04827],[3.04411,43.04854],[3.04446,43.04909],[3.04445,43.04931],[3.04462,43.04984],[3.04463,43.05035],[3.04441,43.05047],[3.04433,43.05071],[3.04401,43.05077],[3.04379,43.05091],[3.04351,43.05113],[3.04313,43.05127],[3.04281,43.05142],[3.0425,43.05158],[3.04178,43.05163],[3.04056,43.05178],[3.03924,43.05202],[3.03817,43.05235],[3.03742,43.05284],[3.03682,43.05322],[3.03629,43.05355],[3.03574,43.05383],[3.03483,43.05461],[3.03483,43.05461],[3.03464,43.05477],[3.03423,43.05499],[3.03405,43.05511],[3.03385,43.05525],[3.03352,43.05552],[3.03342,43.05563],[3.0335,43.05553],[3.03254,43.05596],[3.03131,43.05655],[3.03089,43.05676],[3.0309,43.05676],[3.03036,43.05704],[3.03037,43.05707],[3.03011,43.05719],[3.02951,43.0575],[3.02903,43.0578],[3.02862,43.05809],[3.02808,43.05848],[3.02771,43.05881],[3.02772,43.05885],[3.02764,43.05893],[3.02736,43.06044],[3.02741,43.06092],[3.02753,43.06129],[3.02776,43.06148],[3.02804,43.06166],[3.02843,43.06172],[3.02891,43.06175],[3.02938,43.06179],[3.02986,43.06184],[3.03046,43.06191],[3.03127,43.06194],[3.03181,43.06178],[3.03268,43.06152],[3.03315,43.06134],[3.03356,43.0612],[3.03373,43.06111],[3.03405,43.06099],[3.03392,43.06079],[3.03421,43.06066],[3.03448,43.06057]]]]},"properties":{"ID":"1122","id":"1122","NOM_MASSIF":"\u00ceLE DE SAINTE-LUCIE","dept":"11"}},{"type":"Feature","id":4,"geometry":{"type":"MultiPolygon","coordinates":[[[[2.81781,43.10313],[2.81772,43.10354],[2.81778,43.10354],[2.81842,43.10352],[2.81858,43.10351],[2.81957,43.10346],[2.82037,43.10339],[2.82079,43.10337],[2.82095,43.10337],[2.82109,43.1034],[2.8212,43.10342],[2.82129,43.10344],[2.82214,43.1031],[2.82361,43.1025],[2.82491,43.10238],[2.82586,43.10254],[2.82677,43.1027],[2.82789,43.10289],[2.82846,43.10283],[2.8301,43.1027],[2.83162,43.10264],[2.83188,43.1024],[2.83299,43.10214],[2.83365,43.10176],[2.83465,43.10135],[2.83495,43.10115],[2.83577,43.10068],[2.83647,43.10024],[2.83654,43.09967],[2.83705,43.09902],[2.83783,43.0985],[2.83902,43.09815],[2.83994,43.09662],[2.84202,43.09665],[2.84193,43.09525],[2.84366,43.0957],[2.84453,43.09465],[2.84583,43.09408],[2.846,43.09577],[2.8466,43.09672],[2.84591,43.09691],[2.84571,43.09731],[2.84586,43.09761],[2.84663,43.09775],[2.84755,43.09841],[2.84837,43.0999],[2.84942,43.10062],[2.84973,43.10099],[2.84958,43.10118],[2.84763,43.10162],[2.84663,43.10206],[2.84581,43.10276],[2.84359,43.10309],[2.84343,43.10339],[2.84247,43.10412],[2.84169,43.10479],[2.8407,43.10491],[2.83956,43.10757],[2.84013,43.10747],[2.84138,43.10687],[2.8426,43.10614],[2.84346,43.10605],[2.84394,43.10643],[2.84536,43.10649],[2.84545,43.10729],[2.84623,43.10767],[2.84588,43.10818],[2.84505,43.10894],[2.84561,43.10998],[2.84591,43.11047],[2.84643,43.11075],[2.84609,43.11113],[2.84539,43.11151],[2.84492,43.11177],[2.84361,43.11355],[2.84461,43.11374],[2.84854,43.11297],[2.8495,43.11422],[2.84749,43.11487],[2.84917,43.11547],[2.85038,43.11614],[2.85114,43.11626],[2.85183,43.11705],[2.85372,43.12042],[2.85233,43.12233],[2.85151,43.12322],[2.85151,43.12404],[2.85215,43.12468],[2.85181,43.12557],[2.85176,43.12668],[2.85262,43.12845],[2.85454,43.12865],[2.85621,43.12876],[2.85691,43.12892],[2.86053,43.13047],[2.86105,43.13068],[2.86106,43.13068],[2.86328,43.13155],[2.8635,43.13168],[2.86925,43.13333],[2.87009,43.13357],[2.87044,43.13368],[2.87562,43.13516],[2.87964,43.13608],[2.87979,43.13612],[2.8803,43.13627],[2.88097,43.13652],[2.88142,43.13678],[2.88167,43.13702],[2.88198,43.13738],[2.88269,43.13836],[2.88297,43.13866],[2.88352,43.13911],[2.88397,43.13934],[2.88461,43.13964],[2.88498,43.13974],[2.8855,43.13976],[2.88588,43.13978],[2.88669,43.13978],[2.88733,43.13978],[2.88745,43.13977],[2.88896,43.13966],[2.88955,43.13971],[2.89064,43.14004],[2.89296,43.14084],[2.89302,43.14086],[2.89314,43.1409],[2.89691,43.14221],[2.90036,43.14338],[2.90276,43.1442],[2.90321,43.14436],[2.90585,43.14527],[2.90629,43.14562],[2.90661,43.1463],[2.90723,43.14724],[2.90845,43.15093],[2.90873,43.15185],[2.9089,43.15231],[2.90891,43.15233],[2.90891,43.15233],[2.90948,43.1529],[2.91046,43.15387],[2.91046,43.15388],[2.91046,43.1539],[2.91241,43.1536],[2.91475,43.15329],[2.91674,43.15319],[2.91786,43.15354],[2.91825,43.15405],[2.91951,43.15355],[2.91994,43.15434],[2.92033,43.15555],[2.91924,43.15841],[2.91785,43.15933],[2.92188,43.15987],[2.92567,43.15947],[2.92592,43.15945],[2.92899,43.15887],[2.92923,43.15882],[2.93183,43.15867],[2.93437,43.15907],[2.9378,43.16],[2.94199,43.16042],[2.94585,43.15984],[2.94703,43.15932],[2.94749,43.15911],[2.94921,43.15833],[2.95222,43.15637],[2.95249,43.15619],[2.95274,43.15603],[2.95168,43.15488],[2.95075,43.15259],[2.95073,43.151],[2.95108,43.15032],[2.95119,43.14996],[2.95156,43.14932],[2.95095,43.14878],[2.95078,43.14791],[2.95095,43.14716],[2.95078,43.1466],[2.95065,43.14576],[2.94987,43.14474],[2.94959,43.14442],[2.94944,43.14373],[2.94964,43.14307],[2.94987,43.14281],[2.95001,43.14184],[2.95001,43.14029],[2.94962,43.13925],[2.95005,43.13807],[2.95079,43.13682],[2.95213,43.13602],[2.95365,43.1357],[2.95512,43.13513],[2.95579,43.13524],[2.95642,43.13504],[2.95698,43.13456],[2.95746,43.13383],[2.95884,43.13345],[2.95995,43.13359],[2.96075,43.13351],[2.96335,43.13291],[2.96499,43.13313],[2.96023,43.12781],[2.95906,43.12657],[2.95673,43.12419],[2.95465,43.12148],[2.95301,43.11891],[2.95124,43.11651],[2.95134,43.11619],[2.95129,43.11606],[2.95113,43.1156],[2.95073,43.11427],[2.95062,43.11392],[2.95057,43.11372],[2.95034,43.11304],[2.95011,43.11228],[2.94992,43.11165],[2.94964,43.11108],[2.94839,43.10943],[2.94697,43.10749],[2.9461,43.10667],[2.9458,43.106],[2.94562,43.1054],[2.94545,43.10505],[2.94541,43.10483],[2.94532,43.10435],[2.94528,43.10413],[2.94549,43.10385],[2.94549,43.10383],[2.9455,43.10381],[2.94557,43.10357],[2.94519,43.10318],[2.94471,43.10268],[2.94419,43.10208],[2.94393,43.10184],[2.94384,43.10175],[2.94354,43.10134],[2.94351,43.1013],[2.94349,43.10128],[2.94309,43.10085],[2.94257,43.10004],[2.94215,43.0995],[2.94199,43.09912],[2.94161,43.09858],[2.94143,43.09828],[2.94109,43.09773],[2.94073,43.09693],[2.94059,43.09658],[2.94044,43.09633],[2.94032,43.09603],[2.94021,43.0957],[2.94005,43.09545],[2.9399,43.0952],[2.93973,43.09442],[2.93962,43.09394],[2.93934,43.09312],[2.93933,43.0929],[2.93932,43.09247],[2.93925,43.09173],[2.93925,43.0917],[2.93919,43.09127],[2.93906,43.09076],[2.93911,43.09026],[2.93904,43.08967],[2.93894,43.08911],[2.93887,43.08862],[2.93884,43.08848],[2.93867,43.0879],[2.93866,43.08786],[2.9386,43.08765],[2.93857,43.08756],[2.93845,43.08709],[2.93819,43.08649],[2.93812,43.08632],[2.93788,43.08576],[2.93759,43.08507],[2.93692,43.08355],[2.93639,43.08231],[2.93595,43.08098],[2.9359,43.08043],[2.93587,43.07953],[2.93599,43.0786],[2.93608,43.07801],[2.93617,43.07741],[2.93624,43.07715],[2.93626,43.07704],[2.93628,43.07688],[2.93638,43.0766],[2.93642,43.07651],[2.93649,43.07632],[2.93389,43.07638],[2.93138,43.07666],[2.93112,43.07641],[2.93043,43.07622],[2.92995,43.07542],[2.92827,43.07513],[2.92671,43.07475],[2.9255,43.07383],[2.92446,43.07364],[2.92025,43.06995],[2.9192,43.06877],[2.91695,43.06731],[2.91595,43.06634],[2.91461,43.06564],[2.91384,43.0643],[2.91323,43.06357],[2.9128,43.06313],[2.91194,43.0629],[2.91112,43.06445],[2.91002,43.06518],[2.90928,43.06567],[2.90832,43.06619],[2.90673,43.06714],[2.90597,43.06774],[2.90471,43.0682],[2.90429,43.06929],[2.90382,43.06879],[2.90279,43.06795],[2.90175,43.0673],[2.90111,43.06705],[2.9005,43.06692],[2.89956,43.06592],[2.89848,43.06554],[2.89813,43.06492],[2.89589,43.06635],[2.89537,43.06673],[2.89533,43.06677],[2.89503,43.06649],[2.89449,43.0652],[2.8934,43.06519],[2.89272,43.06479],[2.89365,43.06183],[2.89288,43.06145],[2.89185,43.06064],[2.89037,43.05948],[2.88989,43.05876],[2.88992,43.05806],[2.8891,43.05711],[2.88821,43.05685],[2.88795,43.05565],[2.88904,43.05518],[2.88956,43.05447],[2.88929,43.05313],[2.88918,43.05282],[2.88779,43.05227],[2.88557,43.05139],[2.88421,43.05087],[2.88328,43.05051],[2.88152,43.04984],[2.8804,43.04942],[2.8802,43.04934],[2.88017,43.04933],[2.88016,43.04933],[2.87972,43.04935],[2.87945,43.04946],[2.87909,43.04977],[2.879,43.05054],[2.87885,43.05096],[2.87883,43.05098],[2.87841,43.05127],[2.87839,43.05129],[2.87833,43.0513],[2.87766,43.05141],[2.87691,43.05145],[2.87537,43.05123],[2.87322,43.05081],[2.87165,43.05048],[2.87112,43.05026],[2.87077,43.05003],[2.86895,43.04867],[2.86845,43.04832],[2.86801,43.04801],[2.86781,43.04795],[2.86753,43.04786],[2.86665,43.04787],[2.86661,43.04787],[2.86656,43.04788],[2.86624,43.04796],[2.86518,43.04839],[2.86478,43.04868],[2.8644,43.0488],[2.86354,43.04904],[2.86332,43.04906],[2.86316,43.04906],[2.86305,43.04907],[2.86269,43.049],[2.86249,43.04896],[2.86211,43.04886],[2.86199,43.04885],[2.8619,43.04883],[2.86164,43.04879],[2.86139,43.0488],[2.86093,43.04884],[2.8607,43.04882],[2.86045,43.04872],[2.86021,43.04854],[2.86012,43.04847],[2.85993,43.04826],[2.85985,43.04806],[2.85981,43.04766],[2.85981,43.0476],[2.85974,43.04686],[2.85962,43.04632],[2.8596,43.04623],[2.85953,43.04596],[2.85946,43.04578],[2.85938,43.04557],[2.85909,43.04519],[2.85897,43.04493],[2.85889,43.04475],[2.8583,43.04314],[2.85825,43.04304],[2.85776,43.04212],[2.85771,43.04201],[2.85761,43.04191],[2.8575,43.04183],[2.85483,43.04172],[2.85479,43.04172],[2.85463,43.0417],[2.85398,43.04165],[2.85358,43.04165],[2.85292,43.04168],[2.85242,43.04171],[2.85211,43.04175],[2.85179,43.04183],[2.85143,43.04196],[2.85091,43.04214],[2.85062,43.04222],[2.85025,43.04226],[2.84941,43.04226],[2.84826,43.04223],[2.84729,43.0422],[2.84688,43.04215],[2.84638,43.04206],[2.84634,43.04206],[2.84574,43.04193],[2.84535,43.0418],[2.84502,43.04169],[2.84499,43.04168],[2.84477,43.04159],[2.84475,43.04158],[2.84473,43.04157],[2.84436,43.04148],[2.84412,43.04148],[2.84398,43.04151],[2.84378,43.04159],[2.84368,43.0417],[2.84356,43.04184],[2.84344,43.04209],[2.84328,43.04231],[2.84285,43.04286],[2.84268,43.04305],[2.84253,43.04317],[2.84241,43.04324],[2.84197,43.04341],[2.84101,43.04374],[2.84096,43.04375],[2.84096,43.04375],[2.84067,43.04385],[2.84065,43.04386],[2.84033,43.04394],[2.8403,43.04395],[2.84007,43.04394],[2.83981,43.04389],[2.83972,43.04386],[2.83945,43.04376],[2.83941,43.04375],[2.83903,43.04361],[2.83884,43.04358],[2.83859,43.0436],[2.83818,43.04374],[2.83777,43.04383],[2.83748,43.04385],[2.83728,43.04382],[2.83724,43.0438],[2.837,43.0437],[2.83669,43.04348],[2.83625,43.04298],[2.83599,43.04281],[2.83583,43.04276],[2.83572,43.04273],[2.83568,43.04272],[2.83544,43.04265],[2.83524,43.04255],[2.83509,43.04241],[2.83492,43.04218],[2.83448,43.04157],[2.83434,43.04139],[2.83425,43.04128],[2.83406,43.04106],[2.83403,43.04097],[2.83396,43.04094],[2.83378,43.04085],[2.83327,43.04067],[2.8332,43.04065],[2.83254,43.04039],[2.83239,43.04036],[2.83232,43.04034],[2.83228,43.04035],[2.8321,43.04038],[2.83194,43.04044],[2.83179,43.04057],[2.83162,43.04075],[2.83136,43.04112],[2.83115,43.04151],[2.83098,43.04179],[2.8308,43.04194],[2.83072,43.04201],[2.83017,43.04244],[2.82999,43.04249],[2.82974,43.04249],[2.82945,43.04244],[2.82903,43.04237],[2.8289,43.04239],[2.82887,43.04239],[2.82866,43.04246],[2.82848,43.04266],[2.82846,43.04274],[2.82846,43.04278],[2.82845,43.04284],[2.82844,43.04284],[2.82845,43.04285],[2.82846,43.04314],[2.82838,43.04328],[2.82812,43.04348],[2.82777,43.04368],[2.82756,43.04378],[2.82721,43.044],[2.82704,43.04417],[2.82691,43.04434],[2.82673,43.04456],[2.8265,43.04476],[2.82598,43.04521],[2.82557,43.04561],[2.82523,43.04601],[2.82479,43.0465],[2.82469,43.04665],[2.82458,43.04691],[2.82436,43.04744],[2.82414,43.04796],[2.82404,43.04817],[2.82387,43.04841],[2.82372,43.0486],[2.82353,43.04878],[2.8231,43.04912],[2.82273,43.0494],[2.82224,43.0497],[2.82132,43.05016],[2.821,43.05036],[2.82076,43.05065],[2.82048,43.05095],[2.82023,43.05119],[2.81999,43.05141],[2.81959,43.05168],[2.81863,43.05227],[2.81833,43.05246],[2.81724,43.05313],[2.81662,43.05352],[2.81643,43.05367],[2.8164,43.05371],[2.81637,43.05377],[2.81636,43.05378],[2.81636,43.0538],[2.81634,43.05386],[2.81633,43.05391],[2.8163,43.05403],[2.81631,43.05407],[2.81631,43.05419],[2.81632,43.05422],[2.81634,43.05451],[2.81634,43.05464],[2.81627,43.05496],[2.8161,43.05527],[2.81606,43.05535],[2.81563,43.05609],[2.81558,43.05618],[2.81557,43.05621],[2.81548,43.05639],[2.81533,43.0567],[2.81529,43.05683],[2.81515,43.05719],[2.81494,43.05781],[2.81478,43.05828],[2.81476,43.05845],[2.8148,43.05859],[2.81486,43.0587],[2.81499,43.05884],[2.81529,43.05906],[2.81539,43.05917],[2.81545,43.05925],[2.81549,43.05929],[2.8155,43.0593],[2.81557,43.05945],[2.8156,43.05953],[2.81565,43.05968],[2.81586,43.0604],[2.81615,43.06131],[2.81627,43.0617],[2.81629,43.06191],[2.81628,43.06212],[2.81619,43.06241],[2.81617,43.06246],[2.81612,43.06261],[2.81612,43.06262],[2.81603,43.06284],[2.81588,43.06326],[2.81583,43.06334],[2.81576,43.06349],[2.81557,43.06378],[2.81547,43.06394],[2.81532,43.06416],[2.8159,43.06532],[2.81723,43.06924],[2.81805,43.07003],[2.81809,43.07054],[2.81748,43.07051],[2.8164,43.06981],[2.81562,43.06984],[2.81367,43.07098],[2.81302,43.0719],[2.81276,43.07276],[2.81094,43.07361],[2.80999,43.07415],[2.81094,43.07536],[2.81141,43.07603],[2.81197,43.07727],[2.81283,43.07902],[2.81304,43.08067],[2.81321,43.08142],[2.81359,43.08288],[2.81108,43.08327],[2.81032,43.08338],[2.81032,43.08339],[2.81041,43.08373],[2.8105,43.0841],[2.8107,43.08497],[2.81089,43.08572],[2.81107,43.08642],[2.81098,43.08705],[2.81063,43.08823],[2.81132,43.08917],[2.81215,43.08914],[2.81379,43.0885],[2.81544,43.08833],[2.81587,43.08809],[2.81646,43.08803],[2.81664,43.08816],[2.81711,43.0885],[2.81777,43.08828],[2.81885,43.08801],[2.81951,43.08786],[2.81987,43.08782],[2.82033,43.0879],[2.82107,43.08808],[2.82133,43.08805],[2.82186,43.08812],[2.82238,43.08811],[2.82265,43.08818],[2.82244,43.08996],[2.82265,43.09087],[2.82304,43.09113],[2.82416,43.09183],[2.82455,43.09218],[2.82417,43.09236],[2.82387,43.09236],[2.82349,43.09264],[2.82326,43.09274],[2.82274,43.09273],[2.82247,43.09286],[2.82218,43.09313],[2.82206,43.09333],[2.82186,43.09371],[2.82162,43.09403],[2.82125,43.09432],[2.82094,43.09412],[2.82031,43.09385],[2.81998,43.09374],[2.81963,43.09371],[2.8192,43.09375],[2.81894,43.09388],[2.81849,43.094],[2.81819,43.09404],[2.81742,43.0941],[2.81583,43.09411],[2.81616,43.09421],[2.81636,43.09436],[2.81648,43.09458],[2.81682,43.09487],[2.8169,43.09513],[2.81695,43.09546],[2.81685,43.09572],[2.81628,43.09617],[2.81649,43.09661],[2.81623,43.0969],[2.81709,43.09792],[2.81791,43.09849],[2.81834,43.09913],[2.81908,43.10011],[2.81868,43.10122],[2.81855,43.10221],[2.81816,43.10284],[2.81781,43.10313]]]]},"properties":{"ID":"112","id":"112","NOM_MASSIF":"FONTFROIDE","dept":"11"}},{"type":"Feature","id":5,"geometry":{"type":"MultiPolygon","coordinates":[[[[2.80357,43.24713],[2.8079,43.24986],[2.81173,43.25103],[2.81583,43.25151],[2.81765,43.25189],[2.82081,43.25178],[2.82358,43.25076],[2.82713,43.25005],[2.83086,43.2488],[2.83381,43.24878],[2.83558,43.24902],[2.83723,43.24893],[2.84126,43.2486],[2.84172,43.2495],[2.84047,43.25257],[2.84034,43.25419],[2.83955,43.25616],[2.83789,43.2568],[2.83665,43.25845],[2.8357,43.25897],[2.83433,43.26025],[2.83253,43.26106],[2.83162,43.26248],[2.83091,43.26399],[2.83159,43.2645],[2.83234,43.26513],[2.83258,43.26645],[2.83261,43.2672],[2.83249,43.2677],[2.83284,43.26818],[2.83311,43.26844],[2.83363,43.26862],[2.83409,43.26886],[2.83454,43.26922],[2.83472,43.26931],[2.8351,43.26949],[2.83545,43.26962],[2.8359,43.26971],[2.83655,43.26987],[2.83726,43.27013],[2.83785,43.27038],[2.83851,43.27057],[2.83921,43.27085],[2.83956,43.27107],[2.83994,43.27127],[2.84036,43.27137],[2.84091,43.27143],[2.84159,43.2715],[2.84232,43.27169],[2.84245,43.27193],[2.84258,43.27206],[2.8428,43.27241],[2.84276,43.27268],[2.84252,43.27293],[2.84225,43.27301],[2.84236,43.2734],[2.84253,43.27407],[2.84272,43.27477],[2.843,43.27585],[2.84317,43.27647],[2.8432,43.27671],[2.84328,43.27692],[2.8435,43.27768],[2.84369,43.27837],[2.84387,43.279],[2.84405,43.27969],[2.84421,43.2802],[2.84435,43.28076],[2.84448,43.28125],[2.84457,43.28159],[2.8447,43.28204],[2.8448,43.28237],[2.84501,43.2831],[2.84515,43.28366],[2.8452,43.28382],[2.84523,43.28396],[2.84532,43.28425],[2.84547,43.2848],[2.84559,43.28534],[2.85106,43.28673],[2.86151,43.28945],[2.86445,43.29024],[2.86492,43.29042],[2.86512,43.29054],[2.8653,43.29067],[2.86554,43.29084],[2.86575,43.29104],[2.86601,43.29133],[2.86612,43.29145],[2.86671,43.29235],[2.86687,43.29269],[2.86797,43.29425],[2.86898,43.29568],[2.87016,43.29741],[2.87096,43.29853],[2.87127,43.29887],[2.87177,43.29932],[2.87226,43.29969],[2.87281,43.30003],[2.87356,43.30038],[2.87417,43.30061],[2.87504,43.30081],[2.88163,43.30173],[2.88682,43.30234],[2.88763,43.30243],[2.89646,43.30357],[2.89901,43.30395],[2.90294,43.30443],[2.90358,43.30448],[2.90381,43.30652],[2.90404,43.30683],[2.90503,43.30803],[2.90614,43.30907],[2.90726,43.30993],[2.90814,43.31073],[2.90846,43.31144],[2.90869,43.31169],[2.90946,43.31217],[2.90984,43.31272],[2.91111,43.31396],[2.91156,43.31443],[2.91211,43.31506],[2.91295,43.3167],[2.91345,43.31762],[2.91368,43.31825],[2.91401,43.31941],[2.91408,43.31954],[2.92176,43.32602],[2.92246,43.32537],[2.92328,43.32481],[2.92422,43.32435],[2.92524,43.32402],[2.92634,43.32378],[2.92781,43.3236],[2.92925,43.32329],[2.93063,43.32287],[2.93196,43.32236],[2.93324,43.32178],[2.93446,43.32112],[2.93561,43.32044],[2.93516,43.31861],[2.93562,43.31821],[2.93602,43.31775],[2.93632,43.31726],[2.93647,43.31674],[2.93645,43.31621],[2.94591,43.31166],[2.95741,43.31224],[2.96788,43.31394],[2.97572,43.31653],[2.97959,43.31694],[2.98156,43.31775],[2.99087,43.31889],[2.99571,43.3195],[3.00413,43.32002],[3.00502,43.31804],[3.00455,43.31563],[3.00251,43.3155],[3.00249,43.31374],[3.00407,43.31257],[3.00329,43.30939],[3.0064,43.30858],[3.00519,43.3043],[3.00633,43.30005],[3.00642,43.29975],[3.00439,43.29677],[3.00452,43.29461],[3.00693,43.29198],[3.00497,43.29238],[3.0049,43.28503],[3.01302,43.28174],[3.01408,43.28168],[3.01204,43.28063],[3.01253,43.27982],[3.00998,43.2765],[3.00999,43.27608],[3.01007,43.27566],[3.01028,43.27526],[3.01065,43.27494],[3.01116,43.27473],[3.01172,43.27463],[3.0123,43.27463],[3.01288,43.27469],[3.01344,43.27478],[3.014,43.2749],[3.01454,43.27504],[3.01546,43.27568],[3.0165,43.27621],[3.01763,43.27663],[3.01887,43.2769],[3.02012,43.27702],[3.02139,43.277],[3.02264,43.27687],[3.02206,43.28185],[3.02554,43.28229],[3.02633,43.28205],[3.0272,43.28193],[3.02807,43.28194],[3.02892,43.28209],[3.0295,43.2818],[3.03011,43.28153],[3.03074,43.2813],[3.03139,43.2811],[3.03206,43.28094],[3.03276,43.28085],[3.03346,43.28087],[3.03415,43.28102],[3.03472,43.28134],[3.03515,43.28175],[3.03592,43.28126],[3.03789,43.28238],[3.05419,43.27983],[3.05637,43.27845],[3.07942,43.26066],[3.07942,43.26211],[3.07995,43.26265],[3.08062,43.2631],[3.0814,43.26344],[3.08225,43.26364],[3.08316,43.26369],[3.08389,43.26383],[3.08467,43.26386],[3.0854,43.26376],[3.08609,43.26351],[3.08666,43.26316],[3.08715,43.26273],[3.08754,43.26225],[3.08787,43.26176],[3.08948,43.26136],[3.09106,43.26086],[3.09254,43.26026],[3.09395,43.25956],[3.09752,43.25779],[3.09536,43.25552],[3.09998,43.25299],[3.09978,43.25052],[3.10075,43.24742],[3.09899,43.24614],[3.09248,43.24743],[3.09072,43.24691],[3.08942,43.24729],[3.08278,43.24248],[3.07781,43.23843],[3.07781,43.2376],[3.07666,43.23623],[3.07666,43.23415],[3.07658,43.23278],[3.07807,43.22635],[3.07585,43.21936],[3.07536,43.21919],[3.07455,43.21924],[3.07295,43.21727],[3.071,43.21765],[3.07021,43.21439],[3.0682,43.21318],[3.06447,43.20092],[3.06177,43.20102],[3.05907,43.20043],[3.05825,43.19657],[3.0577,43.19607],[3.05301,43.18477],[3.05346,43.18384],[3.05792,43.18289],[3.06299,43.18176],[3.06263,43.18086],[3.06265,43.18026],[3.06244,43.17851],[3.06219,43.17798],[3.06208,43.17725],[3.06153,43.17426],[3.06169,43.17375],[3.06209,43.17251],[3.06249,43.17081],[3.06224,43.17025],[3.06133,43.16912],[3.05991,43.16746],[3.05882,43.16617],[3.05877,43.1649],[3.05841,43.16392],[3.05777,43.16246],[3.05685,43.16135],[3.0562,43.15987],[3.05542,43.15806],[3.05526,43.15714],[3.05514,43.15648],[3.05471,43.15517],[3.05397,43.15386],[3.05288,43.15202],[3.05214,43.15093],[3.05222,43.14951],[3.05246,43.14866],[3.05214,43.14757],[3.05145,43.14607],[3.05081,43.14466],[3.0508,43.14385],[3.05112,43.14258],[3.05207,43.14027],[3.05202,43.13903],[3.0522,43.13697],[3.0523,43.13527],[3.05243,43.13442],[3.05273,43.13353],[3.05313,43.13287],[3.05358,43.13224],[3.05378,43.13179],[3.05399,43.13131],[3.05412,43.13085],[3.05412,43.13047],[3.05415,43.12999],[3.05352,43.12972],[3.05271,43.12942],[3.05209,43.1294],[3.05109,43.1293],[3.05015,43.12896],[3.04931,43.12866],[3.04862,43.12858],[3.04781,43.12877],[3.04663,43.12878],[3.04665,43.12462],[3.04693,43.12424],[3.04816,43.12288],[3.05172,43.11876],[3.05331,43.11674],[3.05495,43.11575],[3.05654,43.11513],[3.05758,43.11474],[3.0592,43.11399],[3.06322,43.10982],[3.06324,43.10856],[3.06344,43.10835],[3.06358,43.10808],[3.0635,43.10777],[3.0633,43.10741],[3.06277,43.10665],[3.06262,43.10618],[3.06259,43.10544],[3.0626,43.10479],[3.0624,43.10444],[3.06184,43.10376],[3.0613,43.10374],[3.05964,43.10326],[3.05832,43.10237],[3.05719,43.10154],[3.05635,43.10099],[3.05436,43.09849],[3.05364,43.09723],[3.05276,43.09653],[3.0532,43.09731],[3.05358,43.09888],[3.05338,43.09987],[3.05324,43.10042],[3.05265,43.1009],[3.053,43.10086],[3.05375,43.10086],[3.0544,43.10086],[3.05475,43.10108],[3.0551,43.10108],[3.0552,43.10133],[3.05516,43.10148],[3.05451,43.10181],[3.05381,43.10193],[3.05311,43.10197],[3.05297,43.10226],[3.05317,43.10266],[3.05342,43.10314],[3.05303,43.10343],[3.05253,43.10355],[3.05213,43.10337],[3.05192,43.10293],[3.05212,43.10256],[3.05216,43.10189],[3.05079,43.10139],[3.04954,43.10166],[3.04851,43.10232],[3.04776,43.10328],[3.04789,43.1048],[3.04477,43.10599],[3.04415,43.10489],[3.04318,43.10412],[3.04233,43.10351],[3.04118,43.10366],[3.04033,43.10322],[3.03987,43.1026],[3.03735,43.10232],[3.03774,43.10129],[3.03789,43.10055],[3.03864,43.10051],[3.03874,43.10081],[3.03915,43.1008],[3.03924,43.1004],[3.03858,43.09971],[3.03732,43.09976],[3.03632,43.09881],[3.02886,43.1077],[3.02486,43.10702],[3.02381,43.1074],[3.02028,43.10897],[3.01887,43.10919],[3.01802,43.10931],[3.01733,43.1095],[3.01618,43.11021],[3.01513,43.11025],[3.01422,43.11033],[3.01252,43.11014],[3.01077,43.11004],[3.00917,43.11056],[3.00728,43.11264],[3.00677,43.11367],[3.00565,43.11521],[3.00516,43.11647],[3.00517,43.11761],[3.00608,43.11918],[3.00614,43.11973],[3.00535,43.12002],[3.0045,43.1204],[3.00414,43.12091],[3.00415,43.12173],[3.00491,43.12231],[3.00588,43.12267],[3.00699,43.12317],[3.01071,43.12771],[3.01352,43.13191],[3.01448,43.13333],[3.01449,43.13426],[3.01491,43.13498],[3.0147,43.1355],[3.01553,43.13663],[3.01604,43.13891],[3.01693,43.14088],[3.01629,43.14184],[3.01583,43.14191],[3.01468,43.14225],[3.01353,43.14251],[3.01189,43.14275],[3.01088,43.14286],[3.00962,43.14243],[3.00847,43.14178],[3.00787,43.14182],[3.00802,43.14233],[3.00692,43.14259],[3.00473,43.14283],[3.00301,43.14307],[3.00332,43.14431],[3.00498,43.14792],[3.00268,43.14862],[3.00144,43.1495],[2.99989,43.15028],[2.99877,43.15106],[2.99814,43.15237],[2.99751,43.15399],[2.99641,43.15561],[2.99553,43.15686],[2.99486,43.15753],[2.992,43.15898],[2.99114,43.15935],[2.98995,43.16012],[2.98927,43.1607],[2.98879,43.16149],[2.98857,43.16286],[2.98866,43.16416],[2.98851,43.16481],[2.98648,43.16571],[2.98616,43.16639],[2.98574,43.16661],[2.98478,43.16714],[2.98368,43.16779],[2.98339,43.16796],[2.98283,43.16828],[2.98098,43.16933],[2.97988,43.16996],[2.97948,43.17022],[2.979,43.17047],[2.97855,43.17083],[2.97776,43.17137],[2.97716,43.17186],[2.97648,43.17251],[2.97597,43.17298],[2.97511,43.17392],[2.97461,43.17454],[2.97341,43.17582],[2.97233,43.17671],[2.97209,43.17689],[2.97189,43.17705],[2.97165,43.17717],[2.97133,43.17732],[2.97102,43.1774],[2.97044,43.17757],[2.97004,43.17768],[2.96964,43.17779],[2.96935,43.17794],[2.96914,43.17806],[2.96897,43.17814],[2.96869,43.17832],[2.96838,43.17858],[2.96823,43.17877],[2.96808,43.17891],[2.96791,43.17907],[2.96774,43.17931],[2.96763,43.17955],[2.96749,43.17986],[2.96742,43.18016],[2.9674,43.18043],[2.96734,43.18058],[2.96739,43.18097],[2.96751,43.18166],[2.96752,43.18185],[2.96768,43.18242],[2.96795,43.18287],[2.9682,43.18316],[2.96868,43.1836],[2.96911,43.18396],[2.96979,43.18446],[2.97091,43.18534],[2.97194,43.1863],[2.97223,43.18653],[2.97511,43.18917],[2.97775,43.19141],[2.97961,43.19262],[2.98064,43.19346],[2.98023,43.19387],[2.9785,43.19528],[2.97779,43.19598],[2.97748,43.19624],[2.97769,43.19662],[2.97782,43.19684],[2.97812,43.19715],[2.97839,43.19742],[2.97863,43.19766],[2.97878,43.19793],[2.97911,43.1981],[2.97973,43.19854],[2.97999,43.19872],[2.98039,43.19926],[2.98116,43.2001],[2.98141,43.20026],[2.98156,43.20081],[2.98106,43.20179],[2.98059,43.20301],[2.98038,43.20406],[2.98044,43.20497],[2.98042,43.2055],[2.9805,43.2059],[2.98064,43.20633],[2.98097,43.20722],[2.98156,43.20863],[2.98202,43.20972],[2.98183,43.2105],[2.98151,43.21083],[2.98111,43.21119],[2.98077,43.21146],[2.98036,43.21172],[2.97983,43.21197],[2.97938,43.21226],[2.97892,43.21254],[2.97844,43.21291],[2.97789,43.2133],[2.97755,43.21358],[2.9773,43.21385],[2.97698,43.21426],[2.97666,43.21471],[2.97623,43.21529],[2.97603,43.21561],[2.97581,43.21575],[2.97566,43.21669],[2.97472,43.21861],[2.97374,43.22083],[2.97424,43.22073],[2.97462,43.22204],[2.97471,43.22259],[2.97473,43.22305],[2.97584,43.22304],[2.97606,43.22345],[2.97634,43.22361],[2.9766,43.22431],[2.97669,43.22466],[2.97677,43.22519],[2.97685,43.22554],[2.9772,43.22651],[2.97987,43.22601],[2.98057,43.22597],[2.98104,43.22601],[2.98297,43.22591],[2.98453,43.22505],[2.98694,43.22524],[2.987,43.22553],[2.98729,43.22576],[2.98765,43.2259],[2.98852,43.22635],[2.98907,43.22656],[2.99005,43.22671],[2.99185,43.22718],[2.98964,43.22806],[2.98933,43.22829],[2.98922,43.22859],[2.98937,43.22998],[2.98952,43.23018],[2.99121,43.23118],[2.99149,43.23125],[2.99357,43.23142],[2.99456,43.23161],[2.99531,43.23266],[2.99345,43.23326],[2.99331,43.23336],[2.99288,43.23496],[2.99226,43.23682],[2.9912,43.23709],[2.99012,43.23754],[2.989,43.23816],[2.98884,43.2379],[2.98639,43.23857],[2.98581,43.23782],[2.98557,43.23769],[2.98351,43.23713],[2.98265,43.23702],[2.98205,43.23705],[2.98143,43.23724],[2.98065,43.23731],[2.97995,43.23749],[2.97702,43.23843],[2.97618,43.23893],[2.97239,43.24147],[2.97457,43.24187],[2.97476,43.24225],[2.97492,43.24232],[2.97723,43.24189],[2.97806,43.24182],[2.97878,43.24186],[2.98069,43.24259],[2.98175,43.24377],[2.98321,43.24569],[2.98276,43.24586],[2.98067,43.24691],[2.97893,43.24765],[2.97765,43.24809],[2.97735,43.24816],[2.9767,43.24811],[2.9763,43.24818],[2.97445,43.24868],[2.97259,43.24898],[2.97068,43.24946],[2.96877,43.24984],[2.96759,43.24995],[2.9664,43.25004],[2.96485,43.24993],[2.96409,43.24973],[2.96379,43.24953],[2.96352,43.24917],[2.96234,43.24797],[2.96199,43.247],[2.96128,43.24619],[2.95953,43.24522],[2.95884,43.24494],[2.95884,43.24494],[2.95826,43.24485],[2.95627,43.24515],[2.95558,43.24532],[2.95558,43.24532],[2.95413,43.2458],[2.95266,43.24622],[2.95152,43.24653],[2.9503,43.24648],[2.94924,43.24607],[2.94761,43.24561],[2.94548,43.24455],[2.94497,43.24382],[2.94407,43.24317],[2.94253,43.24289],[2.94123,43.24278],[2.93898,43.24271],[2.93811,43.24279],[2.93761,43.24291],[2.93656,43.24334],[2.93601,43.24352],[2.93553,43.24358],[2.93352,43.24481],[2.93255,43.24556],[2.93191,43.24583],[2.9311,43.2458],[2.93046,43.24527],[2.92988,43.24333],[2.92979,43.24291],[2.92989,43.24086],[2.92969,43.23957],[2.92911,43.23764],[2.92819,43.23556],[2.9279,43.23515],[2.92723,43.23455],[2.92622,43.23397],[2.92412,43.23356],[2.92122,43.23251],[2.91969,43.23186],[2.91896,43.23146],[2.91646,43.23211],[2.91496,43.23241],[2.91253,43.23271],[2.90835,43.23339],[2.90534,43.23419],[2.9045,43.23413],[2.90034,43.23328],[2.89956,43.23272],[2.89917,43.23219],[2.89848,43.23062],[2.8974,43.22909],[2.89681,43.2285],[2.89647,43.22837],[2.89558,43.22814],[2.89373,43.22734],[2.89307,43.22693],[2.89261,43.22636],[2.89255,43.22559],[2.89241,43.22509],[2.89224,43.22478],[2.89134,43.22375],[2.8909,43.22311],[2.8909,43.22311],[2.89051,43.22277],[2.89004,43.22252],[2.88918,43.22219],[2.88877,43.22193],[2.88857,43.22167],[2.88826,43.22083],[2.88816,43.22033],[2.8879,43.21983],[2.8879,43.21983],[2.88751,43.21945],[2.88575,43.21869],[2.88556,43.21863],[2.88526,43.21865],[2.88526,43.21865],[2.88386,43.21956],[2.88325,43.21993],[2.88291,43.21999],[2.88175,43.21998],[2.88085,43.21984],[2.87924,43.2191],[2.87747,43.21821],[2.87678,43.21761],[2.87546,43.21625],[2.87488,43.21574],[2.87431,43.21564],[2.87333,43.21523],[2.8732,43.21478],[2.8719,43.21481],[2.86957,43.21544],[2.86879,43.21537],[2.86857,43.21539],[2.86822,43.21546],[2.86662,43.21596],[2.86614,43.21592],[2.86581,43.21574],[2.86534,43.21543],[2.86503,43.21509],[2.86479,43.21423],[2.86447,43.21337],[2.86459,43.21301],[2.86482,43.21265],[2.86512,43.21208],[2.86536,43.21139],[2.86522,43.21075],[2.86506,43.21028],[2.86506,43.20999],[2.865,43.2094],[2.8645,43.20868],[2.86419,43.20816],[2.86409,43.20794],[2.86369,43.2072],[2.86309,43.2063],[2.86254,43.20569],[2.86227,43.20569],[2.86095,43.20622],[2.86057,43.20634],[2.86005,43.20657],[2.85871,43.20752],[2.85805,43.20765],[2.85704,43.20783],[2.85681,43.2078],[2.85665,43.20773],[2.85634,43.20728],[2.85605,43.20632],[2.85605,43.2061],[2.85557,43.20477],[2.85526,43.20435],[2.85422,43.20336],[2.85291,43.20233],[2.85176,43.20163],[2.85083,43.20136],[2.84941,43.20052],[2.84858,43.20012],[2.84849,43.20013],[2.84779,43.19942],[2.84685,43.19866],[2.84609,43.19777],[2.84774,43.19767],[2.84792,43.1973],[2.84898,43.19522],[2.84914,43.19315],[2.84785,43.19098],[2.84636,43.18955],[2.8437,43.18793],[2.84292,43.18669],[2.84253,43.18497],[2.84163,43.1835],[2.8415,43.18322],[2.84079,43.1815],[2.83962,43.1793],[2.83963,43.17702],[2.84041,43.17574],[2.84208,43.1738],[2.84292,43.17317],[2.84334,43.17259],[2.84334,43.1723],[2.84287,43.17189],[2.84153,43.1715],[2.8411,43.17135],[2.84072,43.17102],[2.84022,43.17007],[2.84004,43.16948],[2.84003,43.16913],[2.84061,43.1681],[2.84062,43.16776],[2.84057,43.16734],[2.84033,43.167],[2.83897,43.16597],[2.83847,43.16554],[2.83605,43.16629],[2.83169,43.16695],[2.82382,43.16717],[2.81634,43.1684],[2.80553,43.17095],[2.79923,43.17113],[2.78648,43.17034],[2.75831,43.17043],[2.74739,43.16976],[2.74918,43.16422],[2.74918,43.16422],[2.7488,43.16183],[2.7477,43.16126],[2.74497,43.16145],[2.74139,43.16263],[2.73996,43.16181],[2.74026,43.15881],[2.73718,43.15751],[2.73483,43.15751],[2.73431,43.1585],[2.73361,43.15817],[2.7319,43.1604],[2.73079,43.16054],[2.73014,43.1614],[2.72884,43.16073],[2.72818,43.16277],[2.72675,43.16263],[2.72635,43.16363],[2.72479,43.16343],[2.72497,43.16413],[2.73692,43.16506],[2.73664,43.18226],[2.73759,43.1878],[2.73896,43.18816],[2.73656,43.19026],[2.73519,43.19086],[2.73485,43.19147],[2.73356,43.19185],[2.73497,43.19256],[2.73583,43.193],[2.73625,43.19319],[2.73673,43.19338],[2.73731,43.19356],[2.73772,43.19369],[2.73828,43.19385],[2.73874,43.19398],[2.73918,43.19413],[2.7396,43.19435],[2.73996,43.19459],[2.74014,43.19474],[2.74036,43.19494],[2.74054,43.19513],[2.74092,43.19556],[2.74126,43.19592],[2.74156,43.19624],[2.74195,43.19656],[2.74233,43.19681],[2.74296,43.19716],[2.74366,43.19752],[2.74419,43.19779],[2.74475,43.19801],[2.74521,43.19814],[2.74579,43.19826],[2.74645,43.19832],[2.74706,43.19838],[2.74752,43.19847],[2.74803,43.19862],[2.74848,43.19881],[2.74894,43.19906],[2.74936,43.19936],[2.74972,43.19968],[2.74989,43.19989],[2.75039,43.20058],[2.75071,43.20108],[2.75108,43.20168],[2.75151,43.20233],[2.75183,43.20284],[2.75219,43.20343],[2.75248,43.20386],[2.75274,43.20419],[2.75306,43.20446],[2.75339,43.20469],[2.75388,43.20493],[2.75436,43.20511],[2.75486,43.20521],[2.75519,43.20527],[2.7558,43.2053],[2.75632,43.20526],[2.75709,43.20509],[2.75779,43.20485],[2.75873,43.20449],[2.75938,43.20426],[2.76048,43.20385],[2.76124,43.20356],[2.7616,43.20343],[2.76179,43.20336],[2.76182,43.20361],[2.76222,43.20392],[2.76275,43.20431],[2.76313,43.20452],[2.76333,43.2046],[2.76356,43.20467],[2.76479,43.20504],[2.76606,43.2055],[2.76791,43.20626],[2.77004,43.20729],[2.77468,43.20954],[2.77571,43.21013],[2.77649,43.21088],[2.77726,43.21158],[2.77778,43.21184],[2.78017,43.21267],[2.78121,43.21403],[2.78263,43.21514],[2.78523,43.21713],[2.78918,43.22016],[2.79133,43.22197],[2.79157,43.22234],[2.79206,43.22332],[2.79274,43.22473],[2.79377,43.22674],[2.7952,43.22962],[2.79687,43.23312],[2.79722,43.2339],[2.7975,43.23448],[2.79774,43.23499],[2.79803,43.2356],[2.79829,43.23617],[2.7984,43.23643],[2.79849,43.23675],[2.79848,43.23717],[2.79843,43.23762],[2.79836,43.23807],[2.79829,43.2385],[2.79819,43.23901],[2.79818,43.23924],[2.79823,43.23956],[2.79837,43.23988],[2.79851,43.24023],[2.79863,43.24044],[2.79899,43.24078],[2.79936,43.24113],[2.79954,43.24138],[2.79963,43.24171],[2.7997,43.24234],[2.79997,43.24303],[2.80068,43.24391],[2.80178,43.24565],[2.8033,43.24659],[2.80357,43.24713]]]]},"properties":{"ID":"1119","id":"1119","NOM_MASSIF":"BASSES PLAINES","dept":"11"}},{"type":"Feature","id":6,"geometry":{"type":"MultiPolygon","coordinates":[[[[3.08694,43.11781],[3.08438,43.11943],[3.08432,43.11994],[3.08393,43.12104],[3.08379,43.12213],[3.08339,43.12233],[3.08148,43.12252],[3.08,43.1233],[3.07892,43.12328],[3.07778,43.12288],[3.07681,43.12284],[3.07508,43.12315],[3.07337,43.12313],[3.07277,43.12322],[3.07043,43.12376],[3.06915,43.12414],[3.06844,43.12422],[3.0671,43.12433],[3.06625,43.12445],[3.065,43.12474],[3.06392,43.12508],[3.06301,43.12552],[3.06204,43.12612],[3.06076,43.12702],[3.05933,43.12777],[3.05814,43.12865],[3.0572,43.1294],[3.05616,43.13003],[3.05491,43.13067],[3.05431,43.13117],[3.05397,43.13159],[3.05406,43.13166],[3.05391,43.13186],[3.05335,43.13273],[3.05307,43.13327],[3.05316,43.13379],[3.05288,43.13443],[3.05256,43.1348],[3.0525,43.13534],[3.05278,43.13685],[3.05232,43.13787],[3.05216,43.13904],[3.05208,43.13958],[3.05195,43.14027],[3.05121,43.14246],[3.05095,43.14329],[3.05081,43.14376],[3.05078,43.14405],[3.05085,43.14476],[3.05134,43.14598],[3.05201,43.14743],[3.05231,43.14854],[3.05224,43.14943],[3.05221,43.15023],[3.05234,43.1509],[3.05288,43.15195],[3.05401,43.15371],[3.05474,43.15507],[3.05513,43.15639],[3.05522,43.15712],[3.05548,43.15803],[3.05625,43.15975],[3.05684,43.16074],[3.05752,43.16168],[3.05802,43.16152],[3.05833,43.16221],[3.05793,43.16237],[3.0587,43.164],[3.05892,43.16518],[3.05922,43.16626],[3.05998,43.16737],[3.06153,43.16916],[3.06224,43.17024],[3.06234,43.1705],[3.0624,43.17078],[3.06242,43.17095],[3.06242,43.17123],[3.06201,43.17278],[3.06178,43.17306],[3.06165,43.17323],[3.06159,43.17378],[3.06163,43.17459],[3.06201,43.17641],[3.06223,43.17738],[3.06236,43.17819],[3.06255,43.17869],[3.0626,43.18008],[3.06268,43.18072],[3.06276,43.18103],[3.06334,43.18259],[3.06353,43.18307],[3.06368,43.18358],[3.06377,43.1839],[3.06418,43.18449],[3.06456,43.18502],[3.06518,43.18636],[3.06552,43.18717],[3.06581,43.18778],[3.06589,43.18809],[3.0654,43.18915],[3.06593,43.18946],[3.06642,43.1897],[3.06746,43.19019],[3.06831,43.19065],[3.06904,43.19112],[3.06972,43.19157],[3.0698,43.19168],[3.06978,43.19174],[3.06985,43.1918],[3.07,43.19179],[3.07015,43.19186],[3.07033,43.19202],[3.07042,43.19215],[3.07053,43.19222],[3.07067,43.19226],[3.07115,43.19214],[3.07202,43.19189],[3.0725,43.19173],[3.07272,43.19169],[3.07297,43.19168],[3.07377,43.19178],[3.07408,43.19175],[3.07462,43.19162],[3.07504,43.19154],[3.07545,43.19149],[3.07603,43.19142],[3.07662,43.19142],[3.07672,43.19137],[3.07716,43.19127],[3.07836,43.19103],[3.08042,43.19001],[3.08197,43.18954],[3.08289,43.18942],[3.08283,43.18931],[3.08277,43.1892],[3.08256,43.18878],[3.08254,43.18875],[3.08254,43.18865],[3.08257,43.18855],[3.0826,43.1885],[3.08264,43.18842],[3.08263,43.18837],[3.08259,43.18831],[3.08255,43.18829],[3.08258,43.18826],[3.08262,43.18824],[3.08294,43.18816],[3.08298,43.18813],[3.08305,43.18808],[3.08312,43.18805],[3.08318,43.18802],[3.08332,43.188],[3.08342,43.18801],[3.08354,43.18799],[3.08369,43.18798],[3.08374,43.18797],[3.08381,43.18795],[3.08387,43.18796],[3.08394,43.18797],[3.084,43.18797],[3.08423,43.18783],[3.08433,43.18776],[3.08442,43.18764],[3.08458,43.1875],[3.08479,43.18742],[3.08488,43.1874],[3.08498,43.18739],[3.08502,43.18738],[3.08504,43.18736],[3.08506,43.18733],[3.08509,43.18731],[3.08518,43.18729],[3.08534,43.18724],[3.08564,43.18716],[3.08588,43.18709],[3.08595,43.18706],[3.08615,43.18706],[3.08636,43.18707],[3.08648,43.18707],[3.08655,43.18706],[3.08655,43.18704],[3.08656,43.18694],[3.08659,43.18687],[3.08658,43.18682],[3.0865,43.18669],[3.08646,43.1866],[3.08645,43.18652],[3.08645,43.1865],[3.0865,43.18649],[3.08689,43.18633],[3.08738,43.18608],[3.08793,43.18579],[3.08814,43.18565],[3.08835,43.18553],[3.08865,43.18538],[3.08875,43.18535],[3.089,43.18529],[3.08909,43.1853],[3.08919,43.18529],[3.08937,43.18525],[3.08951,43.18521],[3.08968,43.18515],[3.09009,43.18496],[3.09035,43.18489],[3.09055,43.18484],[3.0908,43.18479],[3.09033,43.18405],[3.09001,43.18414],[3.08984,43.18368],[3.08952,43.18369],[3.08927,43.18321],[3.08928,43.18302],[3.08937,43.1828],[3.08945,43.18272],[3.08928,43.18244],[3.08923,43.18237],[3.0891,43.18216],[3.08892,43.18215],[3.08801,43.18195],[3.0877,43.18181],[3.08732,43.18128],[3.0872,43.18131],[3.08667,43.18081],[3.08616,43.18062],[3.08611,43.18057],[3.08569,43.1806],[3.08542,43.18054],[3.08525,43.18036],[3.08497,43.17996],[3.08492,43.17969],[3.08493,43.17946],[3.0848,43.17935],[3.08538,43.17916],[3.08622,43.17876],[3.08649,43.17884],[3.08739,43.17899],[3.08746,43.17863],[3.08755,43.17863],[3.08804,43.17878],[3.08843,43.17893],[3.08846,43.17909],[3.08888,43.17913],[3.08947,43.17957],[3.09013,43.17999],[3.09057,43.18028],[3.09111,43.18048],[3.09125,43.18055],[3.09166,43.18074],[3.09197,43.18093],[3.09223,43.18104],[3.09238,43.18106],[3.09254,43.18111],[3.09295,43.18128],[3.09308,43.18131],[3.09319,43.18146],[3.09333,43.18163],[3.09352,43.18181],[3.09367,43.18192],[3.09378,43.182],[3.09394,43.18204],[3.09411,43.18207],[3.09434,43.18212],[3.09459,43.18229],[3.09477,43.18251],[3.09482,43.18253],[3.09487,43.1825],[3.0949,43.1825],[3.09497,43.1825],[3.0951,43.18252],[3.09532,43.18256],[3.09553,43.1826],[3.09573,43.18263],[3.0959,43.18262],[3.09605,43.18258],[3.09616,43.18248],[3.09618,43.18247],[3.09634,43.18239],[3.09648,43.18232],[3.09653,43.18232],[3.09662,43.18233],[3.09672,43.18236],[3.09685,43.18242],[3.09703,43.18258],[3.09716,43.18273],[3.09732,43.1827],[3.09736,43.18274],[3.09755,43.18303],[3.09809,43.18304],[3.09847,43.183],[3.09898,43.183],[3.09938,43.18306],[3.09956,43.18306],[3.09991,43.18275],[3.10009,43.18267],[3.10016,43.18269],[3.10033,43.1828],[3.1005,43.1829],[3.10056,43.18297],[3.10072,43.18295],[3.10081,43.18305],[3.10098,43.18316],[3.10113,43.18325],[3.10121,43.18326],[3.10156,43.18322],[3.10165,43.18324],[3.10164,43.18336],[3.10171,43.1834],[3.10184,43.18339],[3.10197,43.18336],[3.10207,43.1834],[3.10214,43.18348],[3.1022,43.18353],[3.10225,43.18354],[3.10232,43.1835],[3.10253,43.18331],[3.10268,43.1833],[3.10274,43.18334],[3.10277,43.18338],[3.10266,43.18349],[3.10247,43.18368],[3.10229,43.18374],[3.10232,43.18381],[3.10241,43.18385],[3.10271,43.18383],[3.10291,43.18395],[3.10308,43.18404],[3.1032,43.18407],[3.10336,43.18409],[3.10348,43.18406],[3.10369,43.184],[3.10386,43.18396],[3.10403,43.18391],[3.10431,43.18389],[3.10447,43.18387],[3.10456,43.18386],[3.10464,43.18386],[3.10468,43.18387],[3.10472,43.18389],[3.10475,43.18406],[3.10476,43.1842],[3.10478,43.18431],[3.10485,43.18447],[3.10486,43.18453],[3.10428,43.18498],[3.10325,43.18535],[3.10301,43.18632],[3.10206,43.18695],[3.10171,43.18722],[3.10191,43.18787],[3.10192,43.18837],[3.10177,43.18956],[3.10156,43.18991],[3.10143,43.19045],[3.10108,43.19079],[3.09929,43.19017],[3.09851,43.19022],[3.09804,43.19071],[3.09754,43.19114],[3.09667,43.19134],[3.09401,43.19161],[3.09261,43.1913],[3.09139,43.19071],[3.09002,43.19002],[3.08758,43.18976],[3.0848,43.19039],[3.08237,43.19117],[3.08164,43.19164],[3.08084,43.19214],[3.08028,43.19286],[3.07623,43.19432],[3.07485,43.19482],[3.07434,43.1953],[3.0766,43.19743],[3.0795,43.20038],[3.08286,43.20405],[3.08547,43.20666],[3.08793,43.20919],[3.08897,43.21041],[3.08948,43.21112],[3.08976,43.21112],[3.09036,43.21222],[3.09088,43.21334],[3.09118,43.21339],[3.09306,43.21307],[3.09366,43.21295],[3.09433,43.21261],[3.09497,43.21267],[3.09609,43.21288],[3.09645,43.21321],[3.09643,43.21389],[3.09509,43.21462],[3.09494,43.21481],[3.09505,43.21565],[3.09484,43.21615],[3.0948,43.21687],[3.09495,43.21762],[3.09502,43.21795],[3.09328,43.2186],[3.09345,43.21902],[3.09448,43.2206],[3.09533,43.22166],[3.09637,43.22276],[3.09817,43.22427],[3.09981,43.22543],[3.10178,43.22658],[3.10398,43.22757],[3.10621,43.22837],[3.10768,43.22882],[3.10895,43.22908],[3.11002,43.22898],[3.11395,43.22665],[3.11855,43.22325],[3.12178,43.22075],[3.12349,43.22043],[3.13174,43.22483],[3.13418,43.22453],[3.13672,43.22386],[3.13689,43.22463],[3.13788,43.22433],[3.13858,43.22484],[3.13908,43.22519],[3.13946,43.22549],[3.13987,43.22569],[3.1401,43.22615],[3.14038,43.22655],[3.14037,43.22786],[3.14063,43.22794],[3.14254,43.22803],[3.14267,43.22844],[3.14452,43.22882],[3.1478,43.2305],[3.15024,43.23169],[3.15332,43.23211],[3.1559,43.23292],[3.15688,43.23329],[3.15737,43.23411],[3.15745,43.23503],[3.15863,43.23493],[3.16022,43.23492],[3.16166,43.23494],[3.16317,43.23531],[3.16318,43.23531],[3.16318,43.23531],[3.16318,43.23531],[3.16321,43.23532],[3.16321,43.23532],[3.16322,43.23532],[3.16322,43.23532],[3.16324,43.23532],[3.16324,43.23532],[3.16324,43.23532],[3.16325,43.23532],[3.16365,43.23536],[3.16391,43.23555],[3.16391,43.23555],[3.16392,43.23555],[3.16392,43.23555],[3.16394,43.23556],[3.16394,43.23557],[3.16394,43.23557],[3.16395,43.23557],[3.16396,43.23558],[3.16396,43.23558],[3.16397,43.23558],[3.16397,43.23558],[3.16399,43.23559],[3.16399,43.23559],[3.16399,43.23559],[3.16399,43.23559],[3.16466,43.23583],[3.16466,43.23583],[3.16467,43.23583],[3.16467,43.23583],[3.16469,43.23584],[3.16469,43.23584],[3.16469,43.23584],[3.16469,43.23584],[3.16471,43.23585],[3.16472,43.23585],[3.16472,43.23585],[3.16472,43.23585],[3.16474,43.23585],[3.16474,43.23585],[3.16474,43.23585],[3.16475,43.23585],[3.16477,43.23586],[3.16477,43.23586],[3.16478,43.23586],[3.16479,43.23586],[3.16481,43.23586],[3.16481,43.23586],[3.16481,43.23586],[3.16481,43.23586],[3.16655,43.23586],[3.16733,43.2359],[3.16733,43.2359],[3.16734,43.2359],[3.16734,43.2359],[3.16738,43.2359],[3.16738,43.2359],[3.16739,43.2359],[3.16739,43.2359],[3.16821,43.23586],[3.16949,43.23604],[3.16949,43.23604],[3.1695,43.23604],[3.1695,43.23604],[3.16952,43.23604],[3.16952,43.23605],[3.16953,43.23605],[3.16953,43.23605],[3.16955,43.23605],[3.16955,43.23605],[3.16955,43.23605],[3.16956,43.23605],[3.16958,43.23605],[3.16958,43.23605],[3.16958,43.23605],[3.16959,43.23605],[3.16961,43.23605],[3.16961,43.23605],[3.16962,43.23604],[3.16962,43.23604],[3.16964,43.23604],[3.16964,43.23604],[3.16964,43.23604],[3.16966,43.23604],[3.16967,43.23604],[3.16967,43.23603],[3.16968,43.23603],[3.1697,43.23603],[3.1697,43.23603],[3.16971,43.23603],[3.16971,43.23603],[3.16973,43.23602],[3.16973,43.23602],[3.16973,43.23602],[3.16973,43.23602],[3.16975,43.23601],[3.16976,43.23601],[3.16977,43.236],[3.17047,43.23569],[3.17096,43.23583],[3.17096,43.23583],[3.17098,43.23583],[3.17098,43.23584],[3.17099,43.23584],[3.17099,43.23584],[3.17101,43.23584],[3.17101,43.23584],[3.17102,43.23584],[3.17102,43.23584],[3.17104,43.23585],[3.17104,43.23585],[3.17105,43.23585],[3.17106,43.23585],[3.17108,43.23585],[3.17108,43.23585],[3.17108,43.23585],[3.17108,43.23585],[3.17111,43.23585],[3.17111,43.23585],[3.17111,43.23585],[3.17111,43.23585],[3.17113,43.23585],[3.17114,43.23585],[3.17114,43.23585],[3.17114,43.23585],[3.17116,43.23584],[3.17117,43.23584],[3.17117,43.23584],[3.17117,43.23584],[3.17119,43.23584],[3.1712,43.23584],[3.1712,43.23584],[3.17121,43.23584],[3.17123,43.23583],[3.17123,43.23583],[3.17124,43.23583],[3.17124,43.23583],[3.17124,43.23583],[3.17191,43.23562],[3.17311,43.23593],[3.17313,43.23593],[3.17314,43.23593],[3.17314,43.23593],[3.17315,43.23594],[3.17317,43.23594],[3.17317,43.23594],[3.17317,43.23594],[3.17317,43.23594],[3.17319,43.23594],[3.1732,43.23594],[3.17321,43.23594],[3.17321,43.23594],[3.17325,43.23594],[3.17325,43.23594],[3.17326,43.23594],[3.17326,43.23594],[3.17519,43.23584],[3.1752,43.23584],[3.17521,43.23584],[3.17522,43.23584],[3.17522,43.23584],[3.17522,43.23584],[3.17524,43.23584],[3.17524,43.23584],[3.17525,43.23584],[3.17525,43.23584],[3.17527,43.23583],[3.17527,43.23583],[3.17527,43.23583],[3.17642,43.2356],[3.17862,43.23554],[3.17993,43.23563],[3.18214,43.23644],[3.18215,43.23644],[3.18215,43.23644],[3.18215,43.23644],[3.18219,43.23645],[3.1822,43.23645],[3.1822,43.23645],[3.1822,43.23645],[3.18222,43.23646],[3.18223,43.23646],[3.18223,43.23646],[3.18223,43.23646],[3.18225,43.23646],[3.18226,43.23646],[3.18226,43.23646],[3.18227,43.23646],[3.18229,43.23646],[3.18229,43.23646],[3.18229,43.23646],[3.1823,43.23646],[3.18232,43.23646],[3.18232,43.23646],[3.18232,43.23646],[3.18233,43.23646],[3.18235,43.23646],[3.18235,43.23646],[3.18235,43.23646],[3.18236,43.23646],[3.18237,43.23646],[3.1837,43.23631],[3.18372,43.23631],[3.18372,43.23631],[3.18373,43.23631],[3.18373,43.23631],[3.18375,43.2363],[3.18376,43.2363],[3.18377,43.2363],[3.18377,43.2363],[3.18379,43.23629],[3.18381,43.23629],[3.18381,43.23629],[3.18382,43.23629],[3.18382,43.23628],[3.18384,43.23628],[3.18384,43.23628],[3.18384,43.23627],[3.18384,43.23627],[3.18386,43.23626],[3.18386,43.23626],[3.18387,43.23626],[3.18387,43.23626],[3.18388,43.23626],[3.18452,43.23588],[3.18582,43.2353],[3.18613,43.23519],[3.18758,43.23373],[3.18993,43.23181],[3.19075,43.22988],[3.19158,43.22824],[3.19408,43.22513],[3.19423,43.22396],[3.19298,43.22304],[3.19242,43.22146],[3.1921,43.22033],[3.19125,43.21756],[3.19031,43.21571],[3.18936,43.21383],[3.18922,43.21155],[3.18912,43.21002],[3.18893,43.20819],[3.19111,43.20619],[3.19135,43.20465],[3.19168,43.20362],[3.19173,43.20289],[3.19165,43.20235],[3.19152,43.20188],[3.19149,43.20171],[3.19158,43.20077],[3.19158,43.19979],[3.19164,43.19894],[3.19169,43.19867],[3.19348,43.19862],[3.19624,43.19846],[3.19701,43.19756],[3.19794,43.19621],[3.19799,43.19595],[3.19811,43.19545],[3.19869,43.19422],[3.19851,43.19389],[3.19841,43.19368],[3.19816,43.19338],[3.19772,43.19269],[3.19729,43.19177],[3.19707,43.19142],[3.19674,43.19116],[3.19652,43.19082],[3.19662,43.18977],[3.19623,43.18934],[3.19638,43.18899],[3.19665,43.18831],[3.19559,43.18898],[3.19456,43.18894],[3.19319,43.18889],[3.19328,43.18839],[3.19281,43.18867],[3.19077,43.18859],[3.19039,43.18861],[3.19012,43.18862],[3.18881,43.1885],[3.18887,43.1882],[3.18916,43.18645],[3.18498,43.18427],[3.18266,43.18227],[3.183,43.18184],[3.18263,43.18069],[3.18193,43.17922],[3.18101,43.17811],[3.18027,43.17674],[3.18027,43.17674],[3.18026,43.17674],[3.18026,43.17673],[3.17957,43.17627],[3.17944,43.17602],[3.17953,43.17583],[3.17953,43.17583],[3.17952,43.17583],[3.17952,43.17582],[3.17952,43.17582],[3.17952,43.17582],[3.17801,43.17457],[3.17722,43.17366],[3.17735,43.17307],[3.17792,43.17276],[3.17792,43.17276],[3.17792,43.17276],[3.17792,43.17275],[3.17794,43.17275],[3.17794,43.17274],[3.17794,43.17274],[3.17794,43.17274],[3.17796,43.17273],[3.17821,43.17296],[3.17854,43.17313],[3.1786,43.17297],[3.17959,43.17062],[3.17869,43.16981],[3.17767,43.16904],[3.17569,43.16748],[3.17453,43.16817],[3.17389,43.16841],[3.17293,43.16787],[3.1725,43.16707],[3.17169,43.167],[3.1708,43.16671],[3.17048,43.16616],[3.16875,43.16488],[3.16875,43.16488],[3.16875,43.16488],[3.16874,43.16488],[3.16873,43.16487],[3.16873,43.16487],[3.16872,43.16486],[3.16872,43.16486],[3.16871,43.16485],[3.1687,43.16485],[3.1687,43.16485],[3.1687,43.16485],[3.16868,43.16484],[3.16868,43.16484],[3.16868,43.16484],[3.16868,43.16484],[3.16808,43.16488],[3.16734,43.16453],[3.16651,43.16419],[3.16535,43.16456],[3.16501,43.16424],[3.16416,43.16437],[3.16312,43.1645],[3.16306,43.16432],[3.16321,43.16404],[3.16317,43.1637],[3.16172,43.16369],[3.16203,43.163],[3.16089,43.16339],[3.16003,43.16366],[3.15907,43.16294],[3.1565,43.16083],[3.15588,43.16008],[3.15471,43.15841],[3.15402,43.15743],[3.15398,43.1564],[3.15507,43.1559],[3.15552,43.15569],[3.15591,43.15553],[3.15623,43.15548],[3.15714,43.15442],[3.15751,43.15366],[3.15769,43.15267],[3.15763,43.15178],[3.15731,43.15098],[3.15687,43.15042],[3.15622,43.14986],[3.15468,43.14892],[3.15268,43.14773],[3.15028,43.14638],[3.14903,43.14597],[3.14811,43.14588],[3.14714,43.14585],[3.14492,43.14577],[3.14413,43.14552],[3.14308,43.14512],[3.14236,43.14463],[3.14146,43.14372],[3.13953,43.14178],[3.13789,43.14018],[3.1369,43.13902],[3.13501,43.13704],[3.13371,43.13625],[3.13335,43.13521],[3.12937,43.13117],[3.12826,43.13014],[3.12695,43.12921],[3.12139,43.12566],[3.11589,43.12208],[3.11347,43.12494],[3.11186,43.12455],[3.10947,43.12344],[3.10765,43.12258],[3.10596,43.12179],[3.10553,43.12218],[3.10523,43.12273],[3.105,43.12339],[3.10439,43.12347],[3.10392,43.12357],[3.10348,43.12367],[3.10325,43.12399],[3.10103,43.12407],[3.10037,43.12388],[3.09997,43.12383],[3.09956,43.12388],[3.09907,43.12394],[3.09864,43.12401],[3.09796,43.12426],[3.09749,43.12443],[3.09722,43.12447],[3.0968,43.12419],[3.09527,43.1243],[3.09532,43.12402],[3.09537,43.12336],[3.09529,43.12241],[3.09504,43.12201],[3.09469,43.12031],[3.09438,43.1201],[3.09289,43.11923],[3.0914,43.11859],[3.09027,43.1181],[3.089,43.11736],[3.08807,43.11724],[3.08694,43.11781]]]]},"properties":{"ID":"111","id":"111","NOM_MASSIF":"Clape","dept":"11"}},{"type":"Feature","id":7,"geometry":{"type":"MultiPolygon","coordinates":[[[[2.38306,43.33155],[2.38283,43.33178],[2.38214,43.33227],[2.38213,43.33228],[2.38195,43.33235],[2.38192,43.33237],[2.38148,43.33278],[2.38168,43.33315],[2.3819,43.33314],[2.38198,43.33312],[2.38231,43.33311],[2.38299,43.33301],[2.38299,43.33301],[2.38302,43.333],[2.38517,43.33348],[2.38516,43.3335],[2.38519,43.33351],[2.38509,43.33393],[2.38434,43.33437],[2.38433,43.33437],[2.38433,43.33438],[2.38343,43.33567],[2.38335,43.33579],[2.38334,43.33585],[2.38334,43.33586],[2.38332,43.33594],[2.38323,43.33666],[2.38325,43.33683],[2.38325,43.33688],[2.38325,43.3369],[2.38326,43.33703],[2.3833,43.33734],[2.38333,43.33762],[2.38327,43.33781],[2.38326,43.33783],[2.38325,43.33784],[2.38323,43.33787],[2.3832,43.3379],[2.38318,43.33792],[2.38307,43.33804],[2.38306,43.33814],[2.38292,43.3396],[2.38168,43.33977],[2.38078,43.33982],[2.38032,43.33979],[2.38028,43.33979],[2.37998,43.33978],[2.37983,43.33972],[2.37929,43.33954],[2.37895,43.33945],[2.37844,43.3394],[2.37831,43.33938],[2.37805,43.33946],[2.37795,43.33954],[2.37789,43.33959],[2.37765,43.33976],[2.37763,43.34],[2.37809,43.34072],[2.37863,43.34112],[2.37863,43.34129],[2.37784,43.3418],[2.37768,43.34194],[2.37756,43.3421],[2.37752,43.3422],[2.37733,43.34236],[2.37731,43.34239],[2.37722,43.34252],[2.37722,43.34253],[2.37719,43.34261],[2.3772,43.34262],[2.37724,43.34264],[2.37727,43.34265],[2.37766,43.34277],[2.37766,43.34277],[2.37803,43.34284],[2.37834,43.34303],[2.37846,43.34311],[2.37847,43.34311],[2.37847,43.34311],[2.37852,43.34319],[2.37863,43.34331],[2.37863,43.34352],[2.37863,43.34358],[2.37865,43.34391],[2.37889,43.34443],[2.37909,43.34456],[2.37918,43.34461],[2.37919,43.34462],[2.37938,43.34472],[2.37948,43.34487],[2.37946,43.34492],[2.37943,43.34499],[2.37944,43.34501],[2.37944,43.34503],[2.37935,43.34509],[2.37929,43.34513],[2.37919,43.34521],[2.37913,43.34523],[2.37901,43.3453],[2.37864,43.34542],[2.37864,43.34542],[2.37832,43.34553],[2.37829,43.34553],[2.37825,43.34554],[2.37823,43.34555],[2.37758,43.34551],[2.37756,43.34585],[2.37794,43.34608],[2.3784,43.34639],[2.37858,43.34681],[2.37868,43.34752],[2.37867,43.34849],[2.37882,43.34882],[2.37876,43.34912],[2.37866,43.34937],[2.37856,43.34987],[2.37841,43.35036],[2.37819,43.35062],[2.37731,43.35208],[2.37644,43.35258],[2.37587,43.3527],[2.37489,43.35256],[2.37428,43.35241],[2.37376,43.35224],[2.3733,43.35245],[2.37328,43.35268],[2.37355,43.35304],[2.37404,43.35326],[2.37441,43.35361],[2.37431,43.3538],[2.37416,43.35391],[2.37387,43.3539],[2.3737,43.35399],[2.3736,43.35412],[2.37341,43.3543],[2.3731,43.35446],[2.37287,43.35465],[2.37281,43.3549],[2.37324,43.35582],[2.37368,43.35596],[2.37416,43.35597],[2.37476,43.35588],[2.37524,43.35577],[2.37556,43.35576],[2.37598,43.35587],[2.3766,43.35649],[2.37664,43.35671],[2.37617,43.35717],[2.37572,43.35713],[2.37518,43.35743],[2.37476,43.35784],[2.37434,43.35811],[2.37425,43.3585],[2.37445,43.35877],[2.37499,43.359],[2.37507,43.35927],[2.37541,43.35956],[2.37607,43.35984],[2.37655,43.35983],[2.37685,43.35959],[2.37714,43.3589],[2.37711,43.35881],[2.37709,43.3584],[2.37713,43.35805],[2.37749,43.35794],[2.37837,43.35788],[2.37889,43.35794],[2.37937,43.3582],[2.37937,43.35842],[2.37877,43.35877],[2.37849,43.35908],[2.37851,43.35923],[2.37858,43.35939],[2.3787,43.35949],[2.37897,43.35951],[2.37932,43.35948],[2.37986,43.35951],[2.38013,43.35941],[2.38049,43.35878],[2.38068,43.35848],[2.38075,43.35832],[2.38138,43.35841],[2.38152,43.35865],[2.38139,43.35906],[2.38135,43.35928],[2.38157,43.35949],[2.38186,43.3596],[2.38253,43.36028],[2.38232,43.36088],[2.38239,43.36124],[2.38252,43.36147],[2.38195,43.36167],[2.38151,43.3616],[2.38095,43.36142],[2.38037,43.3611],[2.37996,43.3611],[2.37959,43.36136],[2.37953,43.36157],[2.37952,43.36206],[2.37924,43.36241],[2.37714,43.36233],[2.37665,43.36255],[2.37608,43.36338],[2.37589,43.36354],[2.3754,43.36372],[2.37519,43.36396],[2.37529,43.36422],[2.37679,43.36463],[2.37717,43.36473],[2.37718,43.36482],[2.37717,43.365],[2.37704,43.36514],[2.37677,43.36524],[2.37633,43.36526],[2.37602,43.36548],[2.37544,43.36566],[2.37503,43.36601],[2.37502,43.36629],[2.37529,43.3666],[2.37565,43.36684],[2.37586,43.36686],[2.376,43.36703],[2.37597,43.36718],[2.37587,43.36737],[2.37573,43.36759],[2.37567,43.36802],[2.37567,43.36802],[2.37612,43.36817],[2.37667,43.3684],[2.37674,43.36842],[2.37723,43.36863],[2.37762,43.36868],[2.37838,43.36887],[2.37856,43.36903],[2.3783,43.36923],[2.378,43.36939],[2.37721,43.37021],[2.37716,43.37046],[2.37747,43.3705],[2.37788,43.37048],[2.37801,43.37056],[2.37811,43.37076],[2.37795,43.37123],[2.37807,43.3714],[2.37825,43.37154],[2.37823,43.37168],[2.37788,43.37189],[2.3779,43.37216],[2.37814,43.37229],[2.37843,43.37239],[2.37886,43.37263],[2.37922,43.37316],[2.37905,43.3732],[2.37905,43.3732],[2.37905,43.3732],[2.37905,43.3732],[2.37862,43.37299],[2.37804,43.37297],[2.37749,43.37311],[2.37717,43.37351],[2.37728,43.37394],[2.3781,43.37388],[2.37861,43.37386],[2.37913,43.37397],[2.3793,43.37405],[2.37935,43.37456],[2.37939,43.37471],[2.37988,43.37472],[2.38055,43.3746],[2.38126,43.37479],[2.38193,43.37477],[2.38288,43.37496],[2.38319,43.37499],[2.38342,43.37505],[2.38352,43.37519],[2.38337,43.37539],[2.38308,43.37588],[2.38387,43.37633],[2.3844,43.37635],[2.38477,43.37574],[2.3853,43.37567],[2.38545,43.37578],[2.38556,43.37585],[2.38549,43.37611],[2.38523,43.37726],[2.38542,43.37734],[2.38619,43.37731],[2.3864,43.37744],[2.38648,43.37758],[2.38656,43.37801],[2.38657,43.37825],[2.3866,43.37987],[2.3866,43.37988],[2.38883,43.38016],[2.38901,43.38037],[2.38912,43.38057],[2.38931,43.38104],[2.39002,43.38097],[2.39008,43.38042],[2.39046,43.38019],[2.39202,43.38044],[2.39248,43.3807],[2.39292,43.38151],[2.39347,43.38192],[2.39366,43.38249],[2.39336,43.38306],[2.39372,43.38327],[2.39424,43.38325],[2.39587,43.38352],[2.39593,43.38381],[2.39481,43.38476],[2.39552,43.38562],[2.39483,43.38616],[2.39459,43.38675],[2.3956,43.38709],[2.39665,43.38684],[2.39759,43.38703],[2.39849,43.38847],[2.40025,43.38852],[2.40123,43.38843],[2.4025,43.3887],[2.40345,43.38864],[2.40622,43.38896],[2.40671,43.38882],[2.40811,43.38914],[2.40938,43.38974],[2.41131,43.38906],[2.41229,43.3889],[2.41229,43.3889],[2.41229,43.3889],[2.41373,43.38919],[2.41464,43.38948],[2.41672,43.38964],[2.41884,43.39062],[2.41955,43.39106],[2.42029,43.39206],[2.42172,43.39058],[2.42246,43.3907],[2.42267,43.39086],[2.42284,43.39123],[2.42289,43.3914],[2.42307,43.39149],[2.42327,43.39296],[2.42538,43.39304],[2.42827,43.39209],[2.4296,43.3924],[2.43138,43.3931],[2.4319,43.39373],[2.43257,43.3953],[2.4339,43.39578],[2.43472,43.39595],[2.43546,43.39653],[2.43625,43.39665],[2.43677,43.39644],[2.43723,43.39656],[2.43891,43.39771],[2.44247,43.39797],[2.44293,43.39738],[2.44417,43.39767],[2.44564,43.39777],[2.44785,43.39831],[2.4513,43.39949],[2.45228,43.39954],[2.45154,43.3986],[2.45124,43.398],[2.45114,43.39773],[2.45119,43.39752],[2.45141,43.39736],[2.45193,43.39704],[2.45266,43.39681],[2.45321,43.39659],[2.45448,43.39623],[2.4548,43.39616],[2.45545,43.39592],[2.45596,43.39712],[2.45882,43.39794],[2.45958,43.3973],[2.46063,43.3969],[2.4616,43.39712],[2.46307,43.39727],[2.46396,43.39694],[2.46507,43.39685],[2.46507,43.39685],[2.46562,43.39666],[2.46608,43.39655],[2.46725,43.39674],[2.46869,43.39644],[2.46912,43.39587],[2.46952,43.39492],[2.46917,43.39454],[2.47068,43.3929],[2.47085,43.39252],[2.47092,43.39195],[2.4717,43.39205],[2.4723,43.39172],[2.47155,43.39081],[2.47077,43.39038],[2.47101,43.38903],[2.47023,43.38864],[2.46982,43.38773],[2.47073,43.38755],[2.47136,43.38667],[2.4712,43.38619],[2.47055,43.3861],[2.47036,43.38564],[2.47102,43.38524],[2.47139,43.38362],[2.47084,43.38331],[2.47039,43.38281],[2.46983,43.38266],[2.46958,43.38216],[2.4687,43.38183],[2.4689,43.38131],[2.47137,43.38239],[2.47221,43.38282],[2.47286,43.38377],[2.47354,43.38444],[2.47535,43.38612],[2.47606,43.38638],[2.47632,43.38679],[2.47594,43.38915],[2.47656,43.38974],[2.4774,43.39037],[2.47798,43.39061],[2.4785,43.39085],[2.47945,43.39147],[2.48107,43.39219],[2.48557,43.39309],[2.48657,43.39446],[2.48897,43.39585],[2.49158,43.39615],[2.49571,43.3975],[2.49689,43.39762],[2.50593,43.40112],[2.50701,43.40119],[2.50859,43.40377],[2.51208,43.40374],[2.51262,43.40187],[2.5132,43.40036],[2.51385,43.39975],[2.51581,43.39866],[2.51918,43.39732],[2.52338,43.39474],[2.52562,43.39299],[2.53115,43.39111],[2.53256,43.39083],[2.5339,43.39046],[2.5339,43.39046],[2.5339,43.39046],[2.53649,43.3929],[2.5378,43.39271],[2.53881,43.39238],[2.53943,43.39222],[2.54026,43.39022],[2.54369,43.39048],[2.54473,43.39131],[2.54523,43.39256],[2.54603,43.39558],[2.54571,43.39681],[2.54653,43.3987],[2.54752,43.39896],[2.55037,43.40017],[2.55128,43.40039],[2.55458,43.40011],[2.55771,43.40044],[2.55948,43.39953],[2.5659,43.39763],[2.56412,43.39614],[2.55994,43.39361],[2.55911,43.39301],[2.55854,43.39226],[2.55818,43.3917],[2.55704,43.39011],[2.5561,43.38895],[2.55521,43.38824],[2.5564,43.3848],[2.55473,43.3836],[2.55354,43.38297],[2.55292,43.38233],[2.55307,43.38109],[2.55318,43.37998],[2.55157,43.3785],[2.55195,43.37694],[2.55266,43.37636],[2.55346,43.37443],[2.55318,43.37278],[2.55688,43.37035],[2.55612,43.36814],[2.55728,43.36691],[2.55728,43.36655],[2.55709,43.36621],[2.55698,43.36607],[2.55687,43.3659],[2.55645,43.36572],[2.55597,43.36563],[2.55573,43.36576],[2.55544,43.36587],[2.55514,43.36593],[2.55484,43.36589],[2.55461,43.36573],[2.55447,43.36552],[2.55438,43.3653],[2.55433,43.36507],[2.55246,43.3639],[2.55265,43.36277],[2.55275,43.36257],[2.55282,43.36237],[2.55279,43.36217],[2.55261,43.36203],[2.5523,43.36204],[2.55205,43.36198],[2.55178,43.36201],[2.55151,43.36206],[2.55124,43.3621],[2.54902,43.3605],[2.54935,43.35974],[2.54898,43.35898],[2.54916,43.35849],[2.54903,43.35799],[2.54898,43.35783],[2.54886,43.35751],[2.5484,43.35712],[2.54814,43.35685],[2.54801,43.35671],[2.54745,43.35641],[2.54693,43.35607],[2.54638,43.35562],[2.54598,43.35508],[2.54588,43.35478],[2.54579,43.3545],[2.54579,43.35388],[2.54594,43.35328],[2.54616,43.35299],[2.54622,43.35268],[2.5463,43.35235],[2.54629,43.3522],[2.54629,43.35204],[2.54604,43.35177],[2.54569,43.35158],[2.54528,43.35144],[2.54519,43.35025],[2.54429,43.34933],[2.54415,43.34858],[2.54394,43.34864],[2.54373,43.34869],[2.54352,43.34868],[2.54337,43.34857],[2.54332,43.34842],[2.54332,43.34826],[2.54336,43.34808],[2.54332,43.34777],[2.54311,43.34748],[2.54274,43.3473],[2.54231,43.34723],[2.54133,43.34643],[2.54117,43.34629],[2.54101,43.34615],[2.54086,43.34601],[2.54064,43.34609],[2.54037,43.34615],[2.54017,43.34628],[2.54001,43.34623],[2.53984,43.34621],[2.53969,43.34616],[2.53961,43.34606],[2.53966,43.34594],[2.53978,43.34585],[2.53991,43.34578],[2.54006,43.34572],[2.5402,43.34565],[2.54031,43.34513],[2.54465,43.34456],[2.54677,43.34182],[2.54763,43.33866],[2.54945,43.33674],[2.54952,43.33654],[2.54945,43.33634],[2.54931,43.33616],[2.54915,43.33598],[2.55124,43.33456],[2.55314,43.33674],[2.55577,43.33765],[2.56339,43.33615],[2.57454,43.33432],[2.57587,43.33489],[2.58159,43.33445],[2.58553,43.33349],[2.58747,43.32998],[2.58759,43.32973],[2.58778,43.3295],[2.58786,43.32939],[2.58796,43.32927],[2.58826,43.32912],[2.58861,43.32908],[2.58904,43.32887],[2.58926,43.32851],[2.58935,43.32835],[2.58944,43.32819],[2.58934,43.3278],[2.58934,43.32743],[2.58947,43.32629],[2.59097,43.32172],[2.59148,43.32018],[2.59205,43.31799],[2.5926,43.31736],[2.59324,43.31729],[2.59386,43.31717],[2.59424,43.31707],[2.59447,43.31702],[2.59504,43.3168],[2.59555,43.3165],[2.59593,43.31613],[2.59616,43.31569],[2.59621,43.31536],[2.59628,43.31504],[2.59642,43.31472],[2.59666,43.31443],[2.59703,43.31424],[2.59747,43.31421],[2.5975,43.31377],[2.60004,43.31389],[2.59941,43.31109],[2.59807,43.31033],[2.59853,43.31013],[2.59889,43.30984],[2.59916,43.30949],[2.59935,43.30913],[2.59944,43.30896],[2.59952,43.30876],[2.59966,43.30838],[2.59975,43.30799],[2.60038,43.30767],[2.6007,43.30743],[2.60091,43.30727],[2.60108,43.30707],[2.60131,43.3068],[2.60149,43.30645],[2.60158,43.30628],[2.60162,43.3061],[2.6017,43.30573],[2.60188,43.30555],[2.60204,43.30537],[2.6022,43.30518],[2.60232,43.30499],[2.60238,43.30477],[2.60232,43.30456],[2.60211,43.30441],[2.60108,43.30442],[2.60081,43.30254],[2.60162,43.30236],[2.60105,43.30137],[2.60143,43.30056],[2.60174,43.2993],[2.60138,43.29808],[2.60483,43.29701],[2.6074,43.29662],[2.60799,43.29617],[2.60804,43.29585],[2.60858,43.29571],[2.60941,43.29513],[2.60984,43.29435],[2.60964,43.2941],[2.61613,43.2894],[2.61659,43.28936],[2.61747,43.2883],[2.61793,43.28743],[2.618,43.28713],[2.61796,43.28681],[2.61742,43.28637],[2.61747,43.28496],[2.61748,43.28454],[2.61743,43.28444],[2.61658,43.28418],[2.61492,43.28382],[2.6144,43.28389],[2.60918,43.28464],[2.60739,43.28446],[2.60766,43.28315],[2.6045,43.28302],[2.60126,43.28296],[2.59487,43.28134],[2.58962,43.28025],[2.59061,43.27962],[2.5923,43.27758],[2.59307,43.27697],[2.59343,43.27623],[2.59453,43.27567],[2.59464,43.27529],[2.59472,43.27488],[2.59503,43.27465],[2.59525,43.27442],[2.59531,43.27427],[2.59538,43.27376],[2.59541,43.27319],[2.59546,43.272],[2.59544,43.27141],[2.59554,43.27086],[2.59571,43.27012],[2.59569,43.26989],[2.59566,43.26951],[2.59563,43.26924],[2.59557,43.26874],[2.59553,43.26856],[2.59565,43.26832],[2.59573,43.26811],[2.59595,43.26761],[2.59588,43.26725],[2.59573,43.26644],[2.59578,43.26634],[2.5963,43.26612],[2.59671,43.26579],[2.59693,43.26543],[2.59713,43.26511],[2.59728,43.2649],[2.59751,43.26473],[2.59789,43.26421],[2.59795,43.26396],[2.59805,43.26375],[2.5982,43.2635],[2.59831,43.26336],[2.59841,43.26322],[2.59871,43.263],[2.59912,43.26263],[2.5992,43.26236],[2.59932,43.26219],[2.59951,43.26206],[2.59997,43.26192],[2.60049,43.26155],[2.60058,43.26117],[2.60064,43.26093],[2.60032,43.2603],[2.60018,43.2598],[2.60021,43.25958],[2.60024,43.25924],[2.59921,43.2593],[2.59715,43.25937],[2.59601,43.25938],[2.59488,43.25935],[2.5936,43.25926],[2.59348,43.25923],[2.59289,43.25886],[2.59092,43.25814],[2.58901,43.25773],[2.58638,43.25781],[2.5839,43.25775],[2.58173,43.25676],[2.58116,43.25647],[2.57322,43.25547],[2.57109,43.24945],[2.56787,43.2469],[2.56473,43.24541],[2.56153,43.24586],[2.55962,43.24614],[2.55761,43.24358],[2.55601,43.24312],[2.55481,43.24252],[2.55389,43.24204],[2.5526,43.24212],[2.55116,43.24198],[2.54982,43.2422],[2.54863,43.24202],[2.54739,43.24126],[2.54595,43.24071],[2.54456,43.24022],[2.54331,43.24011],[2.54237,43.23977],[2.54212,43.23957],[2.5419,43.2394],[2.54112,43.23889],[2.54058,43.23848],[2.54022,43.23808],[2.54,43.23779],[2.5399,43.23738],[2.53906,43.23553],[2.53891,43.23518],[2.53867,43.23486],[2.5382,43.23475],[2.53784,43.23453],[2.5376,43.23426],[2.537,43.23343],[2.53535,43.23146],[2.53276,43.23146],[2.53269,43.23135],[2.53296,43.23116],[2.53282,43.23094],[2.53325,43.23066],[2.53361,43.23026],[2.53303,43.22931],[2.53267,43.2292],[2.53096,43.22831],[2.53057,43.22803],[2.52889,43.22709],[2.52644,43.2257],[2.52446,43.22455],[2.5228,43.22353],[2.52264,43.22346],[2.52384,43.223],[2.52724,43.21951],[2.52587,43.21919],[2.52648,43.2168],[2.52712,43.21584],[2.52752,43.21509],[2.52719,43.21405],[2.52784,43.21188],[2.52442,43.21222],[2.52472,43.21154],[2.52389,43.21111],[2.52306,43.21114],[2.52096,43.21153],[2.52013,43.21113],[2.52101,43.21081],[2.51987,43.20767],[2.51728,43.2083],[2.51331,43.21017],[2.51278,43.20878],[2.5144,43.20771],[2.51485,43.2065],[2.51471,43.20582],[2.51575,43.20376],[2.51723,43.20269],[2.51996,43.20217],[2.52026,43.2011],[2.52021,43.20083],[2.51944,43.19739],[2.51838,43.19259],[2.51857,43.19077],[2.5186,43.19049],[2.51776,43.18974],[2.51695,43.18902],[2.51484,43.18846],[2.51447,43.18836],[2.5139,43.18838],[2.511,43.18845],[2.5109,43.18845],[2.50943,43.18845],[2.50856,43.18844],[2.50854,43.18843],[2.50711,43.18758],[2.50306,43.18674],[2.50058,43.18584],[2.49897,43.18579],[2.49638,43.18657],[2.49349,43.18827],[2.49124,43.18922],[2.48796,43.19013],[2.48122,43.19128],[2.47588,43.19286],[2.47178,43.19341],[2.46498,43.19516],[2.46303,43.19551],[2.46219,43.19618],[2.455,43.20293],[2.44869,43.20465],[2.44576,43.2046],[2.44419,43.20559],[2.4434,43.20691],[2.44251,43.20783],[2.44148,43.20864],[2.4403,43.20932],[2.43971,43.2101],[2.43843,43.21056],[2.43683,43.21051],[2.43323,43.20953],[2.43148,43.20848],[2.42949,43.20751],[2.42881,43.20718],[2.4272,43.20696],[2.42632,43.20688],[2.425,43.20756],[2.42416,43.20859],[2.42263,43.20976],[2.42199,43.21064],[2.42128,43.21307],[2.42126,43.21542],[2.42006,43.21785],[2.41927,43.21931],[2.41785,43.21923],[2.41517,43.21935],[2.41288,43.21877],[2.40979,43.2199],[2.40789,43.22021],[2.40621,43.22163],[2.4057,43.22398],[2.40616,43.2263],[2.40659,43.22752],[2.40849,43.22842],[2.41203,43.23023],[2.413,43.23045],[2.41378,43.23131],[2.41336,43.23173],[2.41228,43.2317],[2.40906,43.23216],[2.40767,43.2337],[2.40719,43.23523],[2.4067,43.23681],[2.40572,43.2372],[2.40381,43.24226],[2.39907,43.24248],[2.39747,43.24552],[2.39776,43.24933],[2.39813,43.25076],[2.39817,43.25352],[2.39894,43.25452],[2.39789,43.25528],[2.39729,43.25675],[2.39779,43.25823],[2.3996,43.26],[2.39969,43.26102],[2.39858,43.26128],[2.39824,43.26187],[2.3985,43.26216],[2.39872,43.26271],[2.39826,43.26347],[2.39875,43.26366],[2.39913,43.26402],[2.39926,43.26476],[2.3998,43.26543],[2.39953,43.26633],[2.39877,43.26716],[2.39834,43.26813],[2.39748,43.26918],[2.39718,43.27015],[2.39772,43.27242],[2.39807,43.27321],[2.39867,43.27368],[2.39977,43.27388],[2.40085,43.27396],[2.40248,43.27483],[2.4031,43.27487],[2.40365,43.27553],[2.40405,43.27602],[2.40425,43.27716],[2.40536,43.27838],[2.40677,43.28046],[2.40708,43.28114],[2.40696,43.28189],[2.40408,43.28458],[2.40315,43.28557],[2.40222,43.28607],[2.40036,43.28664],[2.4001,43.2873],[2.40165,43.28866],[2.40242,43.28947],[2.40446,43.29137],[2.40446,43.29137],[2.40446,43.29137],[2.40335,43.29348],[2.40335,43.29348],[2.40333,43.29353],[2.40345,43.29434],[2.40386,43.2951],[2.40379,43.29605],[2.40323,43.29662],[2.40179,43.2974],[2.39999,43.29822],[2.39927,43.29843],[2.39861,43.29893],[2.39772,43.29949],[2.39716,43.30061],[2.39728,43.30173],[2.39779,43.30271],[2.39831,43.30309],[2.39787,43.30387],[2.39652,43.30558],[2.3955,43.30641],[2.39432,43.3073],[2.39372,43.30866],[2.39426,43.30954],[2.39465,43.31042],[2.39521,43.31271],[2.3951,43.31342],[2.39428,43.31411],[2.39329,43.31532],[2.39214,43.31624],[2.39014,43.31689],[2.38839,43.31773],[2.38942,43.31748],[2.38944,43.31748],[2.38862,43.31788],[2.38842,43.31804],[2.38839,43.31807],[2.38836,43.3181],[2.38774,43.31863],[2.38752,43.31895],[2.38732,43.31922],[2.38714,43.31953],[2.38694,43.31995],[2.38673,43.3204],[2.3867,43.32076],[2.38671,43.32104],[2.38668,43.32122],[2.38662,43.3215],[2.38658,43.32185],[2.38656,43.32206],[2.38658,43.32224],[2.38666,43.32257],[2.3866,43.32335],[2.3866,43.32357],[2.38657,43.3238],[2.38656,43.32392],[2.38656,43.32394],[2.38654,43.32409],[2.38654,43.3241],[2.38649,43.32421],[2.38639,43.32439],[2.38633,43.32455],[2.38575,43.32504],[2.38551,43.32525],[2.38465,43.32598],[2.38332,43.3271],[2.38332,43.3271],[2.38334,43.32717],[2.3834,43.32733],[2.3835,43.32737],[2.38375,43.32745],[2.384,43.32756],[2.384,43.32757],[2.38401,43.32758],[2.38403,43.32758],[2.38403,43.3276],[2.38403,43.3276],[2.38403,43.32793],[2.38397,43.32815],[2.38394,43.32832],[2.38383,43.32881],[2.38382,43.32885],[2.38361,43.3292],[2.38361,43.32921],[2.38361,43.32922],[2.38396,43.32995],[2.38405,43.33011],[2.38408,43.33014],[2.3841,43.33016],[2.38416,43.33021],[2.38438,43.33039],[2.38437,43.33042],[2.38439,43.33044],[2.38433,43.33056],[2.3843,43.33065],[2.38367,43.33102],[2.3835,43.33112],[2.38347,43.33114],[2.38317,43.33143],[2.38306,43.33155]]]]},"properties":{"ID":"116","id":"116","NOM_MASSIF":"MINERVOIS","dept":"11"}},{"type":"Feature","id":8,"geometry":{"type":"MultiPolygon","coordinates":[[[[2.5139,43.18838],[2.51308,43.18831],[2.51308,43.18831],[2.5109,43.18845],[2.511,43.18845],[2.5139,43.18838]]],[[[2.50943,43.18845],[2.50854,43.18843],[2.50856,43.18844],[2.50943,43.18845]]],[[[2.51726,43.18911],[2.51605,43.18857],[2.51484,43.18846],[2.51695,43.18902],[2.51776,43.18974],[2.51726,43.18911]]],[[[2.51838,43.19259],[2.51944,43.19739],[2.51893,43.19461],[2.51845,43.1929],[2.51862,43.19083],[2.51857,43.19077],[2.51838,43.19259]]],[[[2.63258,43.29814],[2.63558,43.29595],[2.63697,43.29557],[2.63903,43.29474],[2.64311,43.29612],[2.64377,43.29448],[2.64829,43.29397],[2.64898,43.29357],[2.64935,43.29381],[2.65118,43.29373],[2.65307,43.2941],[2.65555,43.29374],[2.65944,43.29271],[2.65941,43.29297],[2.65872,43.29458],[2.65892,43.29614],[2.66055,43.2962],[2.66166,43.29632],[2.66277,43.29643],[2.66384,43.29662],[2.66492,43.2968],[2.66521,43.29796],[2.6655,43.29913],[2.66556,43.29987],[2.66773,43.29944],[2.6679,43.30009],[2.66823,43.30015],[2.66884,43.3001],[2.66887,43.30019],[2.66924,43.30021],[2.66951,43.30029],[2.66978,43.30036],[2.67032,43.30061],[2.67087,43.30086],[2.67193,43.30113],[2.67165,43.30185],[2.67181,43.30305],[2.67199,43.30344],[2.67243,43.30303],[2.67284,43.30287],[2.67326,43.30271],[2.67415,43.30199],[2.67496,43.30272],[2.67552,43.30374],[2.67599,43.30575],[2.6766,43.30535],[2.67702,43.30609],[2.67781,43.30589],[2.6779,43.30628],[2.67783,43.30686],[2.67717,43.30822],[2.67687,43.30939],[2.67528,43.31265],[2.67538,43.31329],[2.67571,43.31386],[2.6757,43.31417],[2.67607,43.31415],[2.67912,43.31454],[2.68003,43.31445],[2.68093,43.31435],[2.68186,43.31435],[2.68279,43.31434],[2.6826,43.31483],[2.68222,43.31535],[2.68595,43.31639],[2.68766,43.31695],[2.68791,43.32304],[2.688,43.32309],[2.68864,43.3227],[2.68911,43.3229],[2.68951,43.32271],[2.68923,43.32252],[2.6892,43.32238],[2.6893,43.32228],[2.69009,43.32196],[2.69126,43.32117],[2.69181,43.32053],[2.69201,43.32062],[2.69208,43.32046],[2.69228,43.32055],[2.69283,43.32057],[2.6936,43.32044],[2.69424,43.3201],[2.69456,43.31979],[2.69482,43.31938],[2.69514,43.31918],[2.69575,43.31856],[2.69621,43.31822],[2.69672,43.3183],[2.69673,43.31789],[2.69699,43.3172],[2.69725,43.31651],[2.698,43.31617],[2.69825,43.31592],[2.69871,43.3133],[2.69971,43.31244],[2.70072,43.31158],[2.70144,43.3104],[2.70101,43.31032],[2.70046,43.31007],[2.69998,43.30975],[2.69951,43.30943],[2.69917,43.30911],[2.69865,43.30855],[2.6994,43.30825],[2.69946,43.30643],[2.69988,43.30619],[2.69953,43.30554],[2.69979,43.30518],[2.70002,43.30502],[2.69918,43.30373],[2.69861,43.30252],[2.69973,43.30225],[2.70111,43.30165],[2.70227,43.30096],[2.70317,43.30014],[2.70441,43.2993],[2.70515,43.2989],[2.70586,43.29873],[2.70511,43.29832],[2.70383,43.29718],[2.70238,43.29541],[2.70714,43.29427],[2.70375,43.2887],[2.70193,43.28697],[2.70199,43.28672],[2.70181,43.28577],[2.70206,43.28529],[2.70102,43.28298],[2.70123,43.28279],[2.70085,43.28254],[2.70047,43.28228],[2.69964,43.28205],[2.69916,43.28181],[2.69921,43.28144],[2.69945,43.28102],[2.69894,43.28046],[2.69897,43.28008],[2.70024,43.27915],[2.70096,43.27895],[2.70188,43.27836],[2.70237,43.27816],[2.70295,43.27676],[2.70505,43.27505],[2.70493,43.27474],[2.70736,43.27346],[2.70933,43.27372],[2.71006,43.27499],[2.71144,43.27481],[2.71315,43.27427],[2.71478,43.27701],[2.71632,43.2763],[2.71751,43.2759],[2.71885,43.27545],[2.72347,43.27355],[2.72442,43.27321],[2.72461,43.27323],[2.72507,43.27293],[2.7265,43.27228],[2.72988,43.27082],[2.73149,43.27022],[2.73151,43.27009],[2.73298,43.26952],[2.73444,43.26896],[2.73531,43.26857],[2.73618,43.26819],[2.73703,43.26775],[2.73788,43.26731],[2.738,43.26716],[2.73901,43.26673],[2.73932,43.26604],[2.74089,43.26469],[2.73878,43.26409],[2.73684,43.26324],[2.73209,43.26153],[2.73171,43.26145],[2.7254,43.26008],[2.72379,43.26076],[2.72256,43.26108],[2.72129,43.26118],[2.71924,43.26081],[2.7171,43.26042],[2.71551,43.26034],[2.71392,43.26027],[2.71392,43.26027],[2.71129,43.25983],[2.70923,43.25958],[2.70684,43.25957],[2.7027,43.25824],[2.70143,43.25727],[2.70051,43.25598],[2.699,43.25527],[2.69714,43.25505],[2.69314,43.25482],[2.69124,43.25439],[2.68914,43.25352],[2.68783,43.25281],[2.68661,43.25173],[2.68574,43.25134],[2.68062,43.24832],[2.67829,43.24675],[2.67692,43.24599],[2.67463,43.24516],[2.67381,43.24409],[2.67283,43.24412],[2.67,43.24472],[2.66873,43.24472],[2.66712,43.24446],[2.6658,43.24424],[2.66502,43.24367],[2.66474,43.24206],[2.66529,43.24032],[2.66525,43.23878],[2.66448,43.2366],[2.66327,43.2346],[2.66249,43.23367],[2.66123,43.23273],[2.66055,43.2318],[2.65963,43.23034],[2.65837,43.22833],[2.65819,43.22691],[2.65756,43.22598],[2.65615,43.22536],[2.65381,43.22482],[2.65244,43.22471],[2.65079,43.22385],[2.64971,43.22349],[2.64913,43.22263],[2.64865,43.2217],[2.64797,43.2208],[2.6471,43.22034],[2.64054,43.2231],[2.63662,43.22509],[2.63403,43.2254],[2.63237,43.22532],[2.63057,43.22439],[2.62872,43.22363],[2.62741,43.22238],[2.62475,43.21823],[2.62276,43.21629],[2.62111,43.21572],[2.62053,43.21454],[2.62001,43.21239],[2.62114,43.2115],[2.62309,43.21069],[2.62476,43.20984],[2.62599,43.20884],[2.62663,43.20792],[2.62606,43.20477],[2.62598,43.20188],[2.62662,43.20142],[2.62745,43.20131],[2.62745,43.20042],[2.62639,43.19945],[2.626,43.19845],[2.62649,43.1983],[2.62596,43.19844],[2.62606,43.19935],[2.62463,43.19953],[2.62332,43.20076],[2.62012,43.20337],[2.61771,43.20398],[2.6134,43.2053],[2.61041,43.20495],[2.6071,43.20432],[2.60456,43.20389],[2.60327,43.20269],[2.60153,43.20016],[2.59907,43.19796],[2.59647,43.19776],[2.59452,43.19718],[2.59251,43.19751],[2.58937,43.19888],[2.582,43.20194],[2.57836,43.20131],[2.57655,43.20011],[2.57361,43.20101],[2.57238,43.20048],[2.57031,43.19861],[2.56928,43.19671],[2.5667,43.19484],[2.56475,43.19426],[2.56097,43.19563],[2.56049,43.19853],[2.55834,43.19918],[2.5562,43.19808],[2.5545,43.19941],[2.55151,43.19901],[2.54792,43.19938],[2.54499,43.19965],[2.54161,43.19964],[2.53816,43.19981],[2.53465,43.19966],[2.531,43.19988],[2.52846,43.20015],[2.52515,43.20004],[2.52283,43.20102],[2.52131,43.20134],[2.52048,43.20119],[2.52021,43.20083],[2.52026,43.2011],[2.51996,43.20217],[2.51723,43.20269],[2.51575,43.20376],[2.51471,43.20582],[2.51485,43.2065],[2.5144,43.20771],[2.51278,43.20878],[2.51331,43.21017],[2.51728,43.2083],[2.51987,43.20767],[2.52101,43.21081],[2.52013,43.21113],[2.52096,43.21153],[2.52306,43.21114],[2.52389,43.21111],[2.52472,43.21154],[2.52442,43.21222],[2.52784,43.21188],[2.52719,43.21405],[2.52752,43.21509],[2.52712,43.21584],[2.52648,43.2168],[2.52587,43.21919],[2.52724,43.21951],[2.52384,43.223],[2.52264,43.22346],[2.5228,43.22353],[2.52446,43.22455],[2.52644,43.2257],[2.52889,43.22709],[2.53057,43.22803],[2.53096,43.22831],[2.53267,43.2292],[2.53303,43.22931],[2.53361,43.23026],[2.53325,43.23066],[2.53282,43.23094],[2.53296,43.23116],[2.53269,43.23135],[2.53276,43.23146],[2.53535,43.23146],[2.537,43.23343],[2.5376,43.23426],[2.53784,43.23453],[2.5382,43.23475],[2.53867,43.23486],[2.53891,43.23518],[2.53906,43.23553],[2.5399,43.23738],[2.54,43.23779],[2.54022,43.23808],[2.54058,43.23848],[2.54112,43.23889],[2.5419,43.2394],[2.54212,43.23957],[2.54237,43.23977],[2.54331,43.24011],[2.54456,43.24022],[2.54595,43.24071],[2.54739,43.24126],[2.54863,43.24202],[2.54982,43.2422],[2.55116,43.24198],[2.5526,43.24212],[2.55389,43.24204],[2.55481,43.24252],[2.55601,43.24312],[2.55761,43.24358],[2.55962,43.24614],[2.56153,43.24586],[2.56473,43.24541],[2.56787,43.2469],[2.57109,43.24945],[2.57322,43.25547],[2.58116,43.25647],[2.58173,43.25676],[2.5839,43.25775],[2.58638,43.25781],[2.58901,43.25773],[2.59092,43.25814],[2.59289,43.25886],[2.59348,43.25923],[2.5936,43.25926],[2.59488,43.25935],[2.59601,43.25938],[2.59715,43.25937],[2.59921,43.2593],[2.60024,43.25924],[2.60021,43.25958],[2.60018,43.2598],[2.60032,43.2603],[2.60064,43.26093],[2.60058,43.26117],[2.60049,43.26155],[2.59997,43.26192],[2.59951,43.26206],[2.59932,43.26219],[2.5992,43.26236],[2.59912,43.26263],[2.59871,43.263],[2.59841,43.26322],[2.59831,43.26336],[2.5982,43.2635],[2.59805,43.26375],[2.59795,43.26396],[2.59789,43.26421],[2.59751,43.26473],[2.59728,43.2649],[2.59713,43.26511],[2.59693,43.26543],[2.59671,43.26579],[2.5963,43.26612],[2.59578,43.26634],[2.59573,43.26644],[2.59588,43.26725],[2.59595,43.26761],[2.59573,43.26811],[2.59565,43.26832],[2.59553,43.26856],[2.59557,43.26874],[2.59563,43.26924],[2.59566,43.26951],[2.59569,43.26989],[2.59571,43.27012],[2.59554,43.27086],[2.59544,43.27141],[2.59546,43.272],[2.59541,43.27319],[2.59538,43.27376],[2.59531,43.27427],[2.59525,43.27442],[2.59503,43.27465],[2.59472,43.27488],[2.59464,43.27529],[2.59453,43.27567],[2.59343,43.27623],[2.59307,43.27697],[2.5923,43.27758],[2.59061,43.27962],[2.58962,43.28025],[2.59487,43.28134],[2.60126,43.28296],[2.6045,43.28302],[2.60766,43.28315],[2.60739,43.28446],[2.60918,43.28464],[2.6144,43.28389],[2.61492,43.28382],[2.61658,43.28418],[2.61743,43.28444],[2.61776,43.28458],[2.6233,43.28699],[2.62701,43.28849],[2.62962,43.2946],[2.63005,43.2951],[2.63062,43.29532],[2.63113,43.29586],[2.63183,43.29638],[2.6321,43.29684],[2.63192,43.29841],[2.63258,43.29814]]]]},"properties":{"ID":"117","id":"117","NOM_MASSIF":"PLAINE DU MINERVOIS","dept":"11"}},{"type":"Feature","id":9,"geometry":{"type":"MultiPolygon","coordinates":[[[[2.66493,43.19003],[2.66501,43.19008],[2.66507,43.19013],[2.66539,43.19019],[2.66598,43.19026],[2.66651,43.19032],[2.66698,43.19039],[2.66731,43.19042],[2.66748,43.19042],[2.66755,43.19044],[2.66752,43.19049],[2.66754,43.19053],[2.66761,43.19055],[2.66776,43.19059],[2.66797,43.19064],[2.66817,43.19068],[2.66834,43.19071],[2.6685,43.19069],[2.66865,43.19063],[2.66878,43.19057],[2.66889,43.19051],[2.66899,43.19044],[2.66908,43.19035],[2.6692,43.19028],[2.66935,43.19021],[2.66956,43.19016],[2.66985,43.19012],[2.66996,43.19015],[2.66989,43.19024],[2.66988,43.19042],[2.66994,43.19068],[2.67,43.19082],[2.67008,43.19082],[2.67017,43.19078],[2.67029,43.19068],[2.67038,43.19058],[2.67042,43.19047],[2.6705,43.1904],[2.67061,43.19035],[2.6707,43.19032],[2.67078,43.19031],[2.67083,43.19036],[2.67085,43.19047],[2.67082,43.1906],[2.67072,43.19072],[2.67066,43.19082],[2.67062,43.19088],[2.67059,43.19098],[2.67057,43.19111],[2.67057,43.1913],[2.67058,43.19157],[2.67059,43.19173],[2.67061,43.1918],[2.67064,43.19186],[2.67069,43.19191],[2.6707,43.19197],[2.67069,43.19203],[2.67069,43.1921],[2.6707,43.19216],[2.67077,43.19223],[2.67092,43.19229],[2.671,43.19237],[2.67101,43.19245],[2.67103,43.19254],[2.67107,43.19265],[2.6711,43.19274],[2.67114,43.1928],[2.67119,43.19285],[2.67125,43.19289],[2.67135,43.19293],[2.67148,43.19297],[2.67165,43.19303],[2.67186,43.19311],[2.67207,43.19321],[2.67227,43.19334],[2.67247,43.19347],[2.67265,43.19362],[2.67305,43.19393],[2.67366,43.1944],[2.6742,43.19477],[2.67467,43.19504],[2.67526,43.19524],[2.67595,43.19537],[2.67654,43.19546],[2.67705,43.1955],[2.67723,43.19551],[2.67759,43.19545],[2.6779,43.19539],[2.67805,43.19534],[2.67845,43.19534],[2.67864,43.19537],[2.67902,43.19549],[2.67927,43.19556],[2.67932,43.19533],[2.67944,43.19515],[2.67953,43.19514],[2.67958,43.19508],[2.67966,43.19503],[2.68013,43.19519],[2.68033,43.19525],[2.68058,43.19529],[2.68087,43.19534],[2.6812,43.19538],[2.68145,43.19542],[2.68161,43.19545],[2.68176,43.19545],[2.6819,43.19544],[2.68213,43.19539],[2.68245,43.19533],[2.68265,43.19526],[2.68273,43.1952],[2.68301,43.19514],[2.68349,43.19508],[2.68377,43.19508],[2.68416,43.19508],[2.68449,43.19503],[2.68482,43.19492],[2.68543,43.19492],[2.68566,43.19506],[2.68588,43.19504],[2.68623,43.19512],[2.68635,43.19523],[2.68647,43.19524],[2.68691,43.19513],[2.68706,43.19511],[2.68725,43.19512],[2.68752,43.19503],[2.68772,43.19494],[2.68785,43.19474],[2.68853,43.19465],[2.68898,43.19463],[2.68941,43.1946],[2.68993,43.1946],[2.69058,43.19466],[2.6913,43.19471],[2.69209,43.19471],[2.69211,43.19512],[2.69246,43.19513],[2.69301,43.19485],[2.69339,43.19483],[2.69367,43.1949],[2.69383,43.19504],[2.69414,43.19511],[2.69461,43.19511],[2.69509,43.19516],[2.69557,43.19526],[2.69603,43.19539],[2.69648,43.19555],[2.69655,43.1956],[2.69645,43.19565],[2.69604,43.19573],[2.69609,43.19589],[2.69622,43.19598],[2.69705,43.19617],[2.6975,43.19636],[2.69803,43.19652],[2.69866,43.19673],[2.69896,43.19686],[2.69953,43.19706],[2.70007,43.19714],[2.69998,43.19736],[2.69994,43.1975],[2.69989,43.19766],[2.69981,43.19784],[2.69959,43.19793],[2.69923,43.19795],[2.69901,43.1981],[2.69895,43.19839],[2.69903,43.19859],[2.69924,43.19873],[2.69931,43.19887],[2.69925,43.19901],[2.69943,43.19905],[2.69986,43.19899],[2.70022,43.19895],[2.7005,43.19892],[2.7008,43.19889],[2.7011,43.19884],[2.70156,43.19881],[2.70215,43.19878],[2.70255,43.19877],[2.70276,43.19877],[2.70306,43.19874],[2.70345,43.19868],[2.70376,43.19863],[2.70397,43.19861],[2.70419,43.19861],[2.70441,43.19866],[2.70456,43.19892],[2.70466,43.19939],[2.70459,43.19982],[2.70434,43.2002],[2.70409,43.20056],[2.70383,43.20091],[2.70383,43.20112],[2.7041,43.2012],[2.70424,43.20128],[2.70425,43.20136],[2.70419,43.20143],[2.70405,43.20149],[2.70393,43.20155],[2.70383,43.20162],[2.70379,43.20172],[2.70381,43.20185],[2.70378,43.20217],[2.7037,43.20266],[2.70367,43.20294],[2.70367,43.20302],[2.70359,43.20307],[2.70344,43.20311],[2.70329,43.20314],[2.70313,43.20314],[2.70298,43.20316],[2.70285,43.20321],[2.70288,43.20323],[2.70308,43.20324],[2.70323,43.20325],[2.70334,43.20326],[2.70345,43.20328],[2.70356,43.2033],[2.70372,43.20332],[2.70393,43.20335],[2.70416,43.20332],[2.70441,43.20326],[2.70462,43.20316],[2.70478,43.20303],[2.70493,43.20303],[2.70507,43.20315],[2.70526,43.20328],[2.70551,43.20341],[2.70574,43.20355],[2.70594,43.20369],[2.70625,43.20375],[2.70667,43.20374],[2.70685,43.20363],[2.70678,43.20343],[2.70672,43.20327],[2.70667,43.20313],[2.70664,43.203],[2.70665,43.20287],[2.7067,43.20279],[2.70679,43.20275],[2.7069,43.20275],[2.70702,43.20279],[2.70723,43.20303],[2.70755,43.20347],[2.70778,43.2037],[2.70792,43.20371],[2.70809,43.20382],[2.70828,43.20403],[2.70845,43.20424],[2.70858,43.20445],[2.70871,43.20464],[2.70883,43.2048],[2.70878,43.20489],[2.70856,43.20492],[2.70845,43.20495],[2.70845,43.20498],[2.7085,43.20501],[2.70858,43.20503],[2.70872,43.20505],[2.70892,43.20507],[2.70913,43.2051],[2.70934,43.20515],[2.70952,43.2052],[2.70967,43.20526],[2.7097,43.20531],[2.7096,43.20535],[2.7092,43.20544],[2.70851,43.20558],[2.70819,43.20575],[2.70825,43.20594],[2.70839,43.20603],[2.7086,43.20599],[2.70889,43.20596],[2.70926,43.20592],[2.70953,43.2059],[2.70972,43.20589],[2.70989,43.20587],[2.71003,43.20584],[2.71014,43.20581],[2.71022,43.20579],[2.71032,43.20587],[2.71045,43.20607],[2.71059,43.20629],[2.71072,43.20654],[2.71066,43.20672],[2.7104,43.20683],[2.71021,43.2069],[2.71007,43.20694],[2.7099,43.20702],[2.7097,43.20714],[2.70951,43.20727],[2.70932,43.20741],[2.7092,43.2076],[2.70917,43.20785],[2.70925,43.208],[2.70944,43.20803],[2.70967,43.20803],[2.70991,43.208],[2.71016,43.208],[2.7104,43.20803],[2.71061,43.20827],[2.71079,43.20872],[2.71097,43.2091],[2.71116,43.2094],[2.71137,43.2096],[2.7116,43.2097],[2.71181,43.20975],[2.71199,43.20977],[2.71214,43.20976],[2.71225,43.20973],[2.71236,43.20973],[2.71247,43.20978],[2.71262,43.20985],[2.71284,43.20994],[2.71301,43.20996],[2.71316,43.20993],[2.71337,43.20999],[2.71366,43.21017],[2.71385,43.21032],[2.71395,43.21045],[2.71396,43.21057],[2.71389,43.21068],[2.71395,43.21075],[2.71412,43.21079],[2.71442,43.21097],[2.71485,43.2113],[2.7152,43.21154],[2.71545,43.2117],[2.71578,43.21189],[2.71619,43.21211],[2.71636,43.2123],[2.71628,43.21247],[2.71611,43.21265],[2.71584,43.21286],[2.71548,43.21314],[2.71504,43.2135],[2.71479,43.21369],[2.71474,43.21371],[2.71461,43.21365],[2.7144,43.21351],[2.71426,43.2134],[2.71419,43.21333],[2.71407,43.21327],[2.71392,43.21323],[2.71373,43.21322],[2.7135,43.21326],[2.7133,43.21332],[2.71313,43.21341],[2.71315,43.21364],[2.71336,43.214],[2.71349,43.21421],[2.71355,43.21425],[2.71361,43.21424],[2.7137,43.21418],[2.71394,43.21424],[2.71433,43.21442],[2.71455,43.21456],[2.7146,43.21468],[2.71459,43.21485],[2.71452,43.21506],[2.71449,43.21521],[2.7145,43.2153],[2.71454,43.21536],[2.71462,43.21538],[2.71472,43.21536],[2.71485,43.21529],[2.71514,43.21518],[2.7156,43.21501],[2.71585,43.21492],[2.71592,43.21492],[2.71597,43.21492],[2.71601,43.21495],[2.71614,43.21492],[2.71638,43.21484],[2.71656,43.21477],[2.71669,43.21471],[2.71682,43.21466],[2.71696,43.21463],[2.71709,43.21463],[2.71721,43.21466],[2.71735,43.21467],[2.7175,43.21466],[2.71764,43.21468],[2.71777,43.21472],[2.71795,43.21481],[2.71819,43.21494],[2.71835,43.21506],[2.71845,43.21517],[2.71859,43.21522],[2.71876,43.21521],[2.71899,43.21519],[2.71928,43.21516],[2.71951,43.21514],[2.71969,43.21511],[2.7199,43.21522],[2.72015,43.21548],[2.72023,43.21567],[2.72014,43.21579],[2.71995,43.21596],[2.71966,43.21619],[2.7195,43.21631],[2.71949,43.21632],[2.71951,43.21634],[2.71958,43.21636],[2.71969,43.21641],[2.71984,43.21648],[2.72002,43.21656],[2.72025,43.21666],[2.72039,43.21672],[2.72045,43.21674],[2.7205,43.21674],[2.72055,43.2167],[2.72088,43.21675],[2.72148,43.21687],[2.72188,43.21696],[2.72207,43.21702],[2.72213,43.21712],[2.72207,43.21728],[2.72196,43.21736],[2.72181,43.21737],[2.72162,43.21734],[2.72141,43.21729],[2.7212,43.21724],[2.72099,43.21719],[2.72086,43.21721],[2.72081,43.21728],[2.72078,43.21736],[2.72077,43.21744],[2.72082,43.21753],[2.72094,43.21764],[2.72101,43.21774],[2.72102,43.21785],[2.72104,43.21791],[2.72108,43.21792],[2.72112,43.21793],[2.72117,43.21792],[2.72122,43.2179],[2.72126,43.21788],[2.72141,43.21786],[2.72167,43.21784],[2.72198,43.21782],[2.72235,43.21778],[2.72256,43.21773],[2.7226,43.21765],[2.7227,43.21762],[2.72286,43.21762],[2.72294,43.21758],[2.72293,43.2175],[2.72294,43.21744],[2.72296,43.2174],[2.72304,43.21737],[2.72318,43.21736],[2.72336,43.21734],[2.72357,43.21734],[2.72377,43.21734],[2.72396,43.21735],[2.72409,43.21733],[2.72415,43.21729],[2.72429,43.21727],[2.7245,43.21728],[2.72468,43.2173],[2.72481,43.21732],[2.72497,43.21732],[2.72514,43.2173],[2.72553,43.21723],[2.72615,43.21712],[2.72672,43.21702],[2.72726,43.21695],[2.72752,43.21688],[2.72752,43.21681],[2.72759,43.21676],[2.72775,43.21672],[2.72799,43.21668],[2.72834,43.21664],[2.72868,43.2166],[2.72903,43.21655],[2.72922,43.21662],[2.72924,43.21682],[2.72926,43.21692],[2.72928,43.21694],[2.72931,43.21695],[2.72935,43.21694],[2.72977,43.21689],[2.73057,43.21681],[2.73107,43.21675],[2.7313,43.2167],[2.73149,43.21669],[2.73166,43.21671],[2.73183,43.21669],[2.73202,43.21664],[2.73222,43.21659],[2.73243,43.21654],[2.73263,43.21652],[2.73281,43.21652],[2.73292,43.2166],[2.73295,43.21676],[2.73308,43.21685],[2.73332,43.21686],[2.73353,43.21687],[2.7337,43.21686],[2.73385,43.21688],[2.73396,43.21693],[2.73405,43.21697],[2.73411,43.217],[2.73423,43.21701],[2.73441,43.21699],[2.73458,43.21696],[2.73474,43.21693],[2.73486,43.21692],[2.73493,43.21694],[2.73496,43.21704],[2.73497,43.21721],[2.73498,43.21737],[2.73499,43.2175],[2.73539,43.21755],[2.73618,43.21751],[2.73668,43.21747],[2.73689,43.21743],[2.73701,43.21729],[2.73702,43.21705],[2.73705,43.21691],[2.73711,43.21688],[2.73718,43.21686],[2.73727,43.21686],[2.73737,43.21684],[2.73747,43.21682],[2.73753,43.21676],[2.73755,43.21666],[2.73755,43.21656],[2.73752,43.21644],[2.73761,43.21637],[2.73782,43.21634],[2.73802,43.21631],[2.73821,43.21628],[2.73832,43.21629],[2.73835,43.21634],[2.73837,43.21639],[2.73838,43.21645],[2.73841,43.21649],[2.73844,43.21652],[2.73849,43.21654],[2.73853,43.21655],[2.73859,43.21656],[2.73866,43.21656],[2.73875,43.21656],[2.73883,43.21655],[2.7389,43.21661],[2.73893,43.21675],[2.73898,43.21688],[2.73903,43.21702],[2.73911,43.2171],[2.73922,43.21713],[2.73933,43.21715],[2.73944,43.21717],[2.73958,43.21717],[2.73977,43.21717],[2.74005,43.21716],[2.74041,43.21713],[2.74078,43.21714],[2.74115,43.21717],[2.74143,43.21719],[2.74162,43.2172],[2.7418,43.21718],[2.74198,43.21714],[2.74212,43.21712],[2.74224,43.21709],[2.74233,43.21714],[2.74238,43.21726],[2.74236,43.21739],[2.74226,43.21753],[2.74207,43.2177],[2.7418,43.2179],[2.74185,43.21804],[2.74223,43.21812],[2.74308,43.21824],[2.7444,43.21839],[2.74508,43.21835],[2.74512,43.21812],[2.74517,43.21785],[2.74524,43.21755],[2.74528,43.21738],[2.7453,43.21733],[2.7453,43.21729],[2.74528,43.21727],[2.74524,43.21723],[2.7452,43.2172],[2.74511,43.2172],[2.745,43.21724],[2.74487,43.21727],[2.74471,43.2173],[2.74459,43.21731],[2.74449,43.21731],[2.74441,43.21729],[2.74435,43.21727],[2.74429,43.21723],[2.74422,43.21717],[2.74418,43.21711],[2.74416,43.21704],[2.74419,43.21697],[2.74426,43.21691],[2.74427,43.21683],[2.74423,43.21672],[2.74421,43.21664],[2.74423,43.2166],[2.74428,43.21655],[2.74438,43.21649],[2.74447,43.21644],[2.74454,43.21641],[2.74478,43.21639],[2.74518,43.21638],[2.74556,43.21639],[2.74592,43.21643],[2.74621,43.21648],[2.74644,43.21654],[2.74659,43.2166],[2.74668,43.21664],[2.74671,43.21668],[2.74671,43.21673],[2.74667,43.21677],[2.7466,43.21681],[2.74657,43.21687],[2.74657,43.21694],[2.74653,43.21707],[2.74644,43.21725],[2.7465,43.21735],[2.7467,43.21738],[2.74685,43.21741],[2.74695,43.21743],[2.74699,43.21749],[2.74698,43.21758],[2.74701,43.21764],[2.7471,43.21767],[2.74728,43.21772],[2.74755,43.21777],[2.74777,43.21781],[2.74792,43.21784],[2.74805,43.21785],[2.74816,43.21785],[2.74829,43.21783],[2.74845,43.2178],[2.74865,43.21777],[2.74887,43.21775],[2.74913,43.21781],[2.74942,43.21797],[2.74959,43.21811],[2.74962,43.21825],[2.74972,43.21835],[2.74988,43.21841],[2.75013,43.2185],[2.75048,43.21862],[2.75069,43.21864],[2.75076,43.21856],[2.75094,43.21862],[2.75122,43.21882],[2.75143,43.21899],[2.75155,43.21914],[2.75154,43.21941],[2.75141,43.21982],[2.75139,43.22005],[2.7515,43.22011],[2.7516,43.22013],[2.7517,43.2201],[2.75183,43.22007],[2.75199,43.22003],[2.75213,43.21999],[2.75223,43.21994],[2.75235,43.21991],[2.75248,43.21989],[2.75262,43.21991],[2.75277,43.21996],[2.7528,43.22004],[2.75269,43.22013],[2.75265,43.2203],[2.7527,43.22055],[2.75268,43.22082],[2.7526,43.22112],[2.75263,43.22132],[2.75278,43.22143],[2.753,43.22148],[2.7533,43.22149],[2.75357,43.22145],[2.75382,43.22138],[2.754,43.2213],[2.75413,43.22121],[2.75423,43.22112],[2.75431,43.22102],[2.75438,43.22092],[2.75442,43.22081],[2.75444,43.22072],[2.75441,43.22065],[2.75435,43.22053],[2.75425,43.22038],[2.75418,43.22021],[2.75412,43.22004],[2.75408,43.21988],[2.75405,43.21974],[2.75425,43.21958],[2.75467,43.2194],[2.75501,43.21961],[2.75528,43.22019],[2.75577,43.22051],[2.75649,43.22056],[2.75693,43.22034],[2.75707,43.21987],[2.75733,43.21963],[2.7577,43.21962],[2.75793,43.21945],[2.75802,43.21913],[2.75812,43.21884],[2.75824,43.21856],[2.75837,43.21843],[2.75851,43.21844],[2.75872,43.2185],[2.75899,43.2186],[2.75923,43.21868],[2.75944,43.21872],[2.75958,43.21878],[2.75965,43.21886],[2.75979,43.21891],[2.75999,43.21892],[2.7602,43.21922],[2.7604,43.21978],[2.76038,43.22007],[2.76014,43.22008],[2.76006,43.22036],[2.76013,43.2209],[2.76006,43.22119],[2.75983,43.22123],[2.75971,43.22126],[2.75967,43.22129],[2.75967,43.22132],[2.75968,43.22134],[2.75983,43.22138],[2.7601,43.22142],[2.76019,43.22156],[2.76012,43.22179],[2.76012,43.22197],[2.76021,43.22209],[2.76024,43.22223],[2.76021,43.22239],[2.76015,43.22271],[2.76007,43.22319],[2.76007,43.22351],[2.76013,43.22367],[2.7601,43.22385],[2.75997,43.22405],[2.75966,43.22445],[2.75916,43.22505],[2.75891,43.22565],[2.75891,43.22624],[2.75904,43.22653],[2.75968,43.22641],[2.75992,43.22633],[2.76009,43.22652],[2.75983,43.22662],[2.75933,43.22682],[2.75903,43.22695],[2.75925,43.22719],[2.7596,43.22772],[2.75976,43.22795],[2.75948,43.2281],[2.75945,43.22825],[2.75957,43.22848],[2.7597,43.22864],[2.75983,43.2287],[2.76004,43.22864],[2.76035,43.22844],[2.76061,43.22841],[2.76083,43.22853],[2.76102,43.22853],[2.76116,43.22841],[2.76111,43.22822],[2.76087,43.22795],[2.76074,43.22778],[2.76071,43.22771],[2.76079,43.22763],[2.76099,43.22754],[2.76112,43.22737],[2.7612,43.22714],[2.76133,43.22698],[2.76152,43.22692],[2.76163,43.22691],[2.76168,43.22694],[2.76179,43.22694],[2.76197,43.2269],[2.76216,43.22683],[2.76237,43.22673],[2.76259,43.22664],[2.76284,43.22656],[2.763,43.22655],[2.76309,43.22663],[2.76298,43.22673],[2.76266,43.22686],[2.7624,43.22696],[2.76222,43.22703],[2.76219,43.22715],[2.76232,43.22731],[2.76263,43.22734],[2.76313,43.22725],[2.7636,43.22716],[2.76403,43.22707],[2.76423,43.22715],[2.7642,43.22742],[2.76414,43.22766],[2.76406,43.22786],[2.76386,43.22813],[2.76356,43.22845],[2.76334,43.22875],[2.76321,43.22901],[2.76307,43.22929],[2.76293,43.22957],[2.76276,43.22979],[2.76256,43.22995],[2.76239,43.23023],[2.76226,43.23064],[2.76238,43.23101],[2.76274,43.23133],[2.76295,43.23153],[2.763,43.23161],[2.76429,43.2313],[2.76682,43.23062],[2.76808,43.2303],[2.76774,43.22946],[2.76833,43.22931],[2.76945,43.22913],[2.77054,43.22892],[2.77161,43.22867],[2.77234,43.22848],[2.77275,43.22837],[2.77302,43.22822],[2.77315,43.22802],[2.77338,43.22787],[2.77373,43.22776],[2.77425,43.2276],[2.77493,43.22739],[2.77562,43.22722],[2.7763,43.22711],[2.77666,43.22712],[2.77669,43.22725],[2.77691,43.22741],[2.77733,43.22759],[2.77777,43.22762],[2.77824,43.22751],[2.77869,43.22739],[2.7791,43.22724],[2.77915,43.22698],[2.77884,43.22661],[2.77864,43.22636],[2.77852,43.22624],[2.77841,43.22616],[2.77898,43.22588],[2.77907,43.22566],[2.77894,43.22541],[2.77879,43.22527],[2.77861,43.22523],[2.77847,43.22516],[2.77837,43.22506],[2.77824,43.22502],[2.77807,43.22506],[2.77792,43.22502],[2.77781,43.2249],[2.77755,43.22487],[2.77715,43.22493],[2.77679,43.22484],[2.77649,43.22459],[2.77636,43.2244],[2.77642,43.22428],[2.77642,43.22415],[2.77635,43.22401],[2.77621,43.22381],[2.77598,43.22355],[2.77577,43.22334],[2.77557,43.22317],[2.77536,43.22303],[2.77514,43.22293],[2.77498,43.22284],[2.77488,43.22277],[2.7748,43.22267],[2.77474,43.22253],[2.77456,43.22235],[2.77414,43.22197],[2.77419,43.22187],[2.77403,43.22176],[2.77399,43.22169],[2.7738,43.22158],[2.77345,43.22137],[2.77317,43.2212],[2.77312,43.22115],[2.77305,43.22103],[2.77289,43.22088],[2.77267,43.22061],[2.77241,43.22029],[2.77221,43.22016],[2.77204,43.22026],[2.7719,43.22019],[2.77171,43.22001],[2.77155,43.21996],[2.77139,43.22002],[2.77131,43.21998],[2.77117,43.21992],[2.77107,43.21993],[2.77095,43.21997],[2.77086,43.21992],[2.7708,43.21986],[2.77061,43.21967],[2.77049,43.21956],[2.77049,43.21952],[2.77055,43.21947],[2.77066,43.2194],[2.77077,43.21935],[2.77089,43.21931],[2.771,43.21926],[2.7711,43.2192],[2.77111,43.21913],[2.77103,43.21904],[2.77093,43.21896],[2.77084,43.2189],[2.77042,43.21855],[2.76969,43.21793],[2.76897,43.21738],[2.76826,43.21691],[2.76763,43.21658],[2.76706,43.21637],[2.7667,43.21625],[2.76659,43.2163],[2.76625,43.21606],[2.76587,43.21582],[2.76552,43.21558],[2.76513,43.21537],[2.76484,43.2152],[2.76459,43.21498],[2.76438,43.21477],[2.7642,43.2146],[2.76401,43.21453],[2.76378,43.2145],[2.76353,43.21443],[2.76346,43.21434],[2.76346,43.21416],[2.76349,43.21406],[2.76274,43.21397],[2.76221,43.21414],[2.76188,43.21439],[2.76203,43.21478],[2.76213,43.21512],[2.76212,43.21538],[2.76213,43.21571],[2.76206,43.21605],[2.76176,43.21631],[2.76155,43.21656],[2.76137,43.2167],[2.76077,43.21669],[2.76039,43.21673],[2.76028,43.21658],[2.76027,43.21636],[2.76025,43.21625],[2.76019,43.21618],[2.76004,43.21611],[2.75972,43.21603],[2.75908,43.21594],[2.75892,43.2154],[2.75878,43.21524],[2.75975,43.21477],[2.75924,43.21422],[2.75887,43.21402],[2.75845,43.21395],[2.75823,43.2138],[2.75818,43.21361],[2.75825,43.21331],[2.75831,43.21297],[2.75839,43.21269],[2.75849,43.21247],[2.75865,43.21223],[2.75888,43.21197],[2.75893,43.2117],[2.75882,43.21143],[2.75879,43.21135],[2.75936,43.21122],[2.75987,43.21107],[2.7602,43.21082],[2.76007,43.21025],[2.76006,43.20971],[2.75956,43.20981],[2.75945,43.20943],[2.75861,43.20963],[2.75868,43.20983],[2.75842,43.21],[2.75833,43.20992],[2.75771,43.21036],[2.75796,43.21052],[2.75785,43.21069],[2.75752,43.21081],[2.75751,43.21083],[2.75745,43.21084],[2.75728,43.21091],[2.75709,43.21078],[2.75683,43.21064],[2.75667,43.21062],[2.75647,43.21065],[2.75614,43.21063],[2.75591,43.21064],[2.75591,43.21069],[2.75594,43.21078],[2.75595,43.21079],[2.7558,43.21076],[2.75433,43.21013],[2.75421,43.2104],[2.75427,43.21054],[2.75443,43.2108],[2.75434,43.21088],[2.75424,43.21098],[2.75402,43.21134],[2.75391,43.21152],[2.7535,43.21178],[2.75332,43.2118],[2.75308,43.21183],[2.75283,43.21194],[2.75275,43.21208],[2.75272,43.2123],[2.75266,43.21239],[2.75253,43.21255],[2.75237,43.21253],[2.75221,43.21254],[2.75203,43.21248],[2.75195,43.21247],[2.75205,43.21236],[2.7521,43.21226],[2.75212,43.21215],[2.75204,43.21206],[2.75205,43.21195],[2.75214,43.21182],[2.75194,43.21193],[2.75182,43.21192],[2.75167,43.21142],[2.7519,43.2113],[2.75183,43.21119],[2.75203,43.2109],[2.75129,43.21103],[2.75122,43.21101],[2.75117,43.21095],[2.75152,43.21079],[2.7516,43.21057],[2.75211,43.21061],[2.75222,43.2105],[2.75223,43.21042],[2.75209,43.2103],[2.75187,43.21005],[2.75189,43.20974],[2.75176,43.20943],[2.75158,43.20906],[2.75119,43.20937],[2.7511,43.20936],[2.75117,43.20921],[2.75108,43.20912],[2.75114,43.20905],[2.75098,43.20895],[2.75065,43.20871],[2.75067,43.20867],[2.75049,43.20851],[2.75042,43.20821],[2.75023,43.20798],[2.75009,43.20773],[2.74989,43.20763],[2.7496,43.20741],[2.74959,43.20743],[2.74967,43.20758],[2.74968,43.20786],[2.74978,43.20801],[2.74984,43.20816],[2.74986,43.2083],[2.74996,43.20853],[2.75013,43.20883],[2.75024,43.20897],[2.74999,43.20903],[2.7499,43.20905],[2.7498,43.20896],[2.74971,43.20887],[2.74938,43.209],[2.74923,43.20906],[2.74907,43.20911],[2.74887,43.20864],[2.74854,43.20872],[2.74811,43.20883],[2.74809,43.20897],[2.74819,43.20924],[2.74812,43.2094],[2.74789,43.20947],[2.74774,43.20948],[2.74755,43.2093],[2.74754,43.20914],[2.74752,43.20906],[2.74738,43.20883],[2.74727,43.20858],[2.74731,43.20845],[2.74689,43.20845],[2.74672,43.2085],[2.74647,43.20856],[2.74633,43.20863],[2.74615,43.20876],[2.74577,43.20922],[2.74567,43.20916],[2.74544,43.20938],[2.74524,43.20942],[2.74507,43.20948],[2.74491,43.20948],[2.74473,43.20945],[2.74456,43.20958],[2.74453,43.20964],[2.74433,43.2096],[2.74415,43.20949],[2.74389,43.20951],[2.74363,43.20963],[2.74335,43.20972],[2.74297,43.20971],[2.74249,43.20964],[2.74223,43.20959],[2.74207,43.20952],[2.74199,43.20942],[2.74205,43.20926],[2.74197,43.20891],[2.74165,43.20842],[2.7415,43.20806],[2.74144,43.20771],[2.74177,43.20777],[2.74189,43.20743],[2.74172,43.20714],[2.7418,43.20707],[2.74197,43.20684],[2.7423,43.20666],[2.74278,43.20642],[2.74254,43.206],[2.74263,43.20595],[2.74241,43.20553],[2.74221,43.20546],[2.74215,43.20538],[2.74214,43.20522],[2.74213,43.20507],[2.742,43.20492],[2.74192,43.20475],[2.74188,43.20458],[2.74178,43.20438],[2.74175,43.20426],[2.74192,43.20404],[2.74208,43.20394],[2.74216,43.20388],[2.74229,43.20378],[2.74242,43.20366],[2.74305,43.20353],[2.74342,43.20344],[2.74353,43.20339],[2.74377,43.20319],[2.74395,43.20301],[2.74419,43.20293],[2.74438,43.20284],[2.7445,43.20275],[2.74458,43.20259],[2.74458,43.2024],[2.74453,43.20218],[2.74436,43.20223],[2.74415,43.20225],[2.74404,43.20225],[2.74381,43.20223],[2.74356,43.20224],[2.74342,43.20224],[2.74333,43.20224],[2.74321,43.20222],[2.74311,43.2022],[2.74284,43.20218],[2.74233,43.20222],[2.74179,43.20213],[2.74143,43.20207],[2.74034,43.20254],[2.73964,43.20259],[2.73942,43.20208],[2.73883,43.20226],[2.73825,43.20255],[2.73812,43.20249],[2.73783,43.20237],[2.73747,43.20227],[2.73717,43.20233],[2.73684,43.20233],[2.73657,43.20238],[2.73629,43.20236],[2.73599,43.20229],[2.7357,43.20219],[2.73542,43.20205],[2.73524,43.20195],[2.73517,43.20189],[2.73516,43.20181],[2.7352,43.2017],[2.73536,43.20144],[2.73561,43.20103],[2.73536,43.20083],[2.7346,43.20084],[2.73421,43.20079],[2.7342,43.20069],[2.73419,43.2006],[2.73418,43.20052],[2.73385,43.20047],[2.73321,43.20045],[2.7329,43.20038],[2.73294,43.20026],[2.73292,43.20007],[2.73286,43.19979],[2.73298,43.1996],[2.73328,43.19949],[2.73335,43.19928],[2.73318,43.19897],[2.73311,43.19877],[2.73312,43.19868],[2.73327,43.19862],[2.73353,43.19857],[2.73347,43.19835],[2.73314,43.19795],[2.73272,43.1976],[2.73271,43.19741],[2.73276,43.19722],[2.73278,43.19706],[2.7328,43.19696],[2.73263,43.19692],[2.7324,43.19687],[2.73193,43.19675],[2.73157,43.19666],[2.73112,43.19654],[2.731,43.1965],[2.73086,43.19647],[2.73077,43.19645],[2.73065,43.19641],[2.73058,43.19631],[2.7305,43.19604],[2.73065,43.19594],[2.73109,43.19573],[2.73099,43.19563],[2.73069,43.19528],[2.73071,43.1952],[2.73148,43.19488],[2.73151,43.19478],[2.73184,43.19461],[2.73211,43.19451],[2.73219,43.19445],[2.73221,43.19419],[2.73237,43.19416],[2.73254,43.19418],[2.73276,43.19419],[2.73306,43.19417],[2.73305,43.19407],[2.73296,43.19387],[2.73272,43.19335],[2.73258,43.19335],[2.73246,43.19309],[2.73215,43.19313],[2.73154,43.19305],[2.73119,43.19305],[2.73117,43.19299],[2.73101,43.19282],[2.73081,43.19292],[2.73032,43.19307],[2.7298,43.19322],[2.72942,43.19331],[2.72928,43.19309],[2.72914,43.19301],[2.72901,43.19287],[2.72889,43.19286],[2.72874,43.19283],[2.7287,43.19273],[2.72868,43.19263],[2.72846,43.19255],[2.72816,43.19252],[2.72803,43.19254],[2.72798,43.19249],[2.72792,43.19244],[2.72789,43.19238],[2.72787,43.19231],[2.72785,43.19222],[2.72803,43.19219],[2.72798,43.19205],[2.72794,43.19183],[2.72787,43.19169],[2.72777,43.19165],[2.72767,43.19161],[2.72759,43.19157],[2.7275,43.19154],[2.72738,43.19151],[2.72736,43.19147],[2.72736,43.19139],[2.72762,43.19138],[2.72807,43.1914],[2.72841,43.19139],[2.72844,43.1912],[2.7284,43.19073],[2.72821,43.19079],[2.7276,43.19083],[2.72754,43.19078],[2.72746,43.19047],[2.72721,43.1905],[2.72678,43.19055],[2.72652,43.19055],[2.7265,43.19032],[2.7263,43.19035],[2.72585,43.19038],[2.72572,43.19028],[2.72549,43.19006],[2.72543,43.18993],[2.72518,43.19001],[2.72511,43.19009],[2.72511,43.19021],[2.72517,43.19051],[2.72521,43.19072],[2.72509,43.19074],[2.72479,43.19074],[2.72463,43.1908],[2.72463,43.1909],[2.72467,43.19122],[2.72478,43.19175],[2.72491,43.19223],[2.72507,43.19266],[2.72519,43.19302],[2.72526,43.19331],[2.72535,43.19349],[2.72548,43.19356],[2.7256,43.19384],[2.72593,43.19419],[2.72595,43.19438],[2.72617,43.19457],[2.72623,43.19477],[2.7257,43.195],[2.72531,43.195],[2.72534,43.19513],[2.72536,43.1953],[2.72544,43.19545],[2.72544,43.19554],[2.72539,43.19565],[2.72538,43.19577],[2.72567,43.19591],[2.72577,43.19596],[2.72629,43.1963],[2.72661,43.19649],[2.72677,43.19655],[2.72687,43.19662],[2.72708,43.19673],[2.72727,43.19677],[2.72739,43.19676],[2.72762,43.19672],[2.72772,43.19675],[2.7279,43.19712],[2.72689,43.19744],[2.72699,43.19764],[2.72709,43.19767],[2.72716,43.1978],[2.72721,43.19814],[2.72709,43.19817],[2.72684,43.19821],[2.72632,43.19825],[2.72552,43.1983],[2.72486,43.19831],[2.72432,43.19826],[2.7239,43.19823],[2.72359,43.19822],[2.72345,43.19821],[2.72342,43.19806],[2.72343,43.19799],[2.72337,43.19798],[2.72314,43.19805],[2.72297,43.19807],[2.72266,43.1981],[2.72186,43.19798],[2.72167,43.198],[2.72146,43.19789],[2.72132,43.19784],[2.72118,43.19774],[2.72085,43.19753],[2.7208,43.19734],[2.72077,43.19723],[2.72068,43.19724],[2.7206,43.1972],[2.72056,43.19714],[2.72049,43.19705],[2.7204,43.19698],[2.72035,43.19694],[2.72028,43.19685],[2.72015,43.19668],[2.72002,43.19652],[2.71991,43.19646],[2.71978,43.19642],[2.71962,43.19639],[2.71953,43.19634],[2.71949,43.19625],[2.71944,43.19533],[2.71934,43.19527],[2.71922,43.19524],[2.71906,43.19523],[2.71891,43.19524],[2.71881,43.19523],[2.71869,43.19517],[2.71846,43.19501],[2.71818,43.1949],[2.718,43.19486],[2.71782,43.19479],[2.71758,43.19463],[2.71726,43.19439],[2.71695,43.1941],[2.7168,43.19394],[2.71662,43.19362],[2.71648,43.19356],[2.71628,43.19342],[2.71605,43.19343],[2.71601,43.19338],[2.71561,43.19305],[2.7154,43.19282],[2.71542,43.1927],[2.71533,43.19255],[2.7151,43.19241],[2.71494,43.19231],[2.71486,43.19228],[2.71476,43.19227],[2.71433,43.19226],[2.71396,43.19231],[2.71357,43.19237],[2.71345,43.19262],[2.71318,43.19251],[2.71277,43.19241],[2.7126,43.19249],[2.71221,43.19227],[2.71191,43.19213],[2.71152,43.19242],[2.71129,43.19238],[2.711,43.19239],[2.71064,43.19246],[2.71001,43.19258],[2.70987,43.19255],[2.70979,43.1925],[2.70936,43.19263],[2.70898,43.19275],[2.70891,43.19267],[2.70891,43.1926],[2.70918,43.19248],[2.7092,43.19242],[2.70912,43.19226],[2.70901,43.19221],[2.709,43.19191],[2.70901,43.19136],[2.70985,43.19138],[2.71012,43.19124],[2.71039,43.19114],[2.71043,43.19117],[2.71052,43.19115],[2.71057,43.19111],[2.71049,43.19093],[2.71039,43.19092],[2.7102,43.19087],[2.71004,43.19077],[2.70989,43.19072],[2.70956,43.19042],[2.70942,43.19043],[2.70931,43.19041],[2.70926,43.19042],[2.70889,43.19038],[2.7088,43.19039],[2.70859,43.19045],[2.70847,43.19065],[2.70845,43.1907],[2.70795,43.19047],[2.70798,43.19039],[2.70795,43.19025],[2.70797,43.19022],[2.70802,43.19019],[2.70808,43.19016],[2.70809,43.19012],[2.70826,43.18999],[2.70833,43.18996],[2.70842,43.18984],[2.70847,43.18968],[2.70816,43.1898],[2.70794,43.18984],[2.70778,43.18985],[2.70767,43.1899],[2.70754,43.19],[2.70743,43.19001],[2.70728,43.19004],[2.70707,43.19002],[2.70694,43.18999],[2.70693,43.18988],[2.70696,43.18981],[2.70693,43.18977],[2.70696,43.18971],[2.70709,43.18956],[2.70716,43.18949],[2.70661,43.18936],[2.70674,43.18919],[2.70693,43.18899],[2.70686,43.18888],[2.7067,43.18883],[2.70665,43.18875],[2.7068,43.18854],[2.70682,43.18843],[2.7067,43.18841],[2.7066,43.18846],[2.70638,43.18864],[2.70619,43.18888],[2.70592,43.18883],[2.70571,43.1889],[2.7056,43.18899],[2.70547,43.18908],[2.70532,43.18939],[2.70518,43.18952],[2.70505,43.18963],[2.7043,43.1893],[2.70421,43.18934],[2.70417,43.18932],[2.70413,43.18927],[2.70413,43.18917],[2.70417,43.18907],[2.70387,43.189],[2.70373,43.18891],[2.70387,43.18876],[2.70395,43.18869],[2.70377,43.18848],[2.70378,43.18831],[2.7038,43.18808],[2.70385,43.18794],[2.70379,43.18787],[2.70349,43.18775],[2.70355,43.18767],[2.70364,43.18758],[2.70378,43.1875],[2.70393,43.18731],[2.70412,43.18718],[2.70426,43.18697],[2.70433,43.18684],[2.7044,43.18674],[2.70447,43.18666],[2.70458,43.18656],[2.7046,43.18649],[2.70454,43.1863],[2.70446,43.18619],[2.70398,43.18613],[2.70383,43.18622],[2.7034,43.18621],[2.70285,43.18609],[2.70269,43.186],[2.7025,43.18614],[2.70224,43.18614],[2.70194,43.18628],[2.70175,43.18638],[2.70163,43.18652],[2.70165,43.18655],[2.70163,43.1866],[2.70155,43.18661],[2.70149,43.1866],[2.70136,43.18654],[2.70126,43.1865],[2.70122,43.18643],[2.70118,43.18635],[2.70115,43.1862],[2.70105,43.18616],[2.70082,43.18615],[2.70075,43.18613],[2.70052,43.1862],[2.70038,43.18628],[2.70011,43.18616],[2.70007,43.18633],[2.69937,43.18646],[2.69942,43.18655],[2.69918,43.18666],[2.69895,43.18675],[2.69889,43.18678],[2.69881,43.18674],[2.69871,43.18663],[2.69862,43.18654],[2.69854,43.18648],[2.69844,43.18638],[2.69819,43.18658],[2.69805,43.18664],[2.69789,43.18657],[2.69769,43.18643],[2.69762,43.18635],[2.69774,43.18618],[2.69777,43.18592],[2.69774,43.1855],[2.69768,43.18524],[2.69756,43.1852],[2.69737,43.18515],[2.69708,43.18565],[2.69694,43.18583],[2.69673,43.1858],[2.69632,43.1857],[2.69623,43.18567],[2.69622,43.1856],[2.69635,43.18495],[2.69633,43.18493],[2.69605,43.185],[2.69557,43.18509],[2.69532,43.18515],[2.69511,43.1852],[2.69502,43.18528],[2.69471,43.18552],[2.69442,43.18576],[2.69433,43.18587],[2.69426,43.18599],[2.69418,43.18612],[2.69409,43.18622],[2.69391,43.18629],[2.69367,43.18638],[2.6936,43.1864],[2.6931,43.18644],[2.69273,43.18647],[2.69269,43.18649],[2.69266,43.18652],[2.69261,43.18664],[2.69253,43.18679],[2.69247,43.1869],[2.69241,43.18696],[2.69228,43.18703],[2.6921,43.1871],[2.692,43.18716],[2.69197,43.18721],[2.69184,43.18726],[2.69176,43.1872],[2.69169,43.18671],[2.69163,43.1864],[2.69166,43.18623],[2.69183,43.18612],[2.69205,43.18601],[2.69207,43.18581],[2.692,43.1856],[2.6919,43.18535],[2.69133,43.18546],[2.6913,43.18543],[2.69123,43.1852],[2.69083,43.18525],[2.69039,43.18529],[2.69035,43.18531],[2.69026,43.18532],[2.68991,43.18535],[2.68961,43.18537],[2.68946,43.18541],[2.68928,43.18541],[2.68895,43.18537],[2.68869,43.18535],[2.68847,43.1853],[2.68891,43.18513],[2.68932,43.18504],[2.68989,43.18495],[2.69013,43.18486],[2.68999,43.18454],[2.69027,43.18444],[2.69069,43.18432],[2.69093,43.1843],[2.691,43.18436],[2.69135,43.18432],[2.692,43.18417],[2.69236,43.1841],[2.69243,43.18412],[2.69254,43.18407],[2.69268,43.18395],[2.69275,43.18383],[2.69277,43.18371],[2.69273,43.18359],[2.69265,43.18349],[2.69241,43.18333],[2.69202,43.1831],[2.69161,43.18291],[2.69132,43.18273],[2.69112,43.18264],[2.69084,43.1825],[2.69091,43.18235],[2.69105,43.18213],[2.69111,43.18203],[2.69101,43.18199],[2.69078,43.18192],[2.69036,43.18181],[2.68975,43.18166],[2.68926,43.18157],[2.68889,43.18156],[2.6887,43.18158],[2.68867,43.18165],[2.68862,43.18178],[2.68856,43.18197],[2.68843,43.18228],[2.68825,43.18271],[2.6879,43.18357],[2.68752,43.18358],[2.68708,43.18361],[2.68675,43.18364],[2.68641,43.18361],[2.68611,43.18365],[2.6854,43.18368],[2.68448,43.18368],[2.68368,43.18366],[2.68298,43.18361],[2.68237,43.18356],[2.68184,43.18351],[2.68148,43.18345],[2.68129,43.18337],[2.68098,43.1833],[2.68075,43.18329],[2.67973,43.18364],[2.67914,43.18365],[2.67846,43.18365],[2.6779,43.18379],[2.67727,43.18392],[2.67679,43.18404],[2.67625,43.18418],[2.67564,43.18432],[2.67496,43.18443],[2.67447,43.18473],[2.67381,43.18503],[2.6731,43.1854],[2.67266,43.18564],[2.67204,43.18581],[2.67139,43.18603],[2.67083,43.18619],[2.67021,43.18634],[2.66944,43.18652],[2.66894,43.18662],[2.66874,43.18674],[2.66823,43.18752],[2.66795,43.18793],[2.66761,43.18845],[2.66725,43.189],[2.667,43.18947],[2.66627,43.18952],[2.66573,43.18963],[2.66531,43.18978],[2.66433,43.18957],[2.6637,43.18948],[2.66318,43.18939],[2.66256,43.18928],[2.66239,43.18922],[2.66234,43.18916],[2.66227,43.1892],[2.66221,43.18924],[2.66224,43.1893],[2.66235,43.18939],[2.6625,43.18947],[2.66269,43.18955],[2.66283,43.1896],[2.66292,43.18963],[2.66297,43.18967],[2.66296,43.18972],[2.66305,43.18977],[2.66324,43.18982],[2.66329,43.19],[2.66318,43.1903],[2.66323,43.19048],[2.66341,43.19054],[2.66356,43.19046],[2.66368,43.19023],[2.66375,43.19009],[2.66377,43.19002],[2.66387,43.19],[2.66404,43.19004],[2.66418,43.19003],[2.66427,43.18998],[2.66443,43.18996],[2.66464,43.18997],[2.6648,43.18999],[2.66493,43.19003]]]]},"properties":{"ID":"118","id":"118","NOM_MASSIF":"LEZIGNANAIS","dept":"11"}},{"type":"Feature","id":10,"geometry":{"type":"MultiPolygon","coordinates":[[[[2.64324,43.10955],[2.64567,43.11049],[2.65725,43.11228],[2.66236,43.11521],[2.66426,43.11658],[2.66775,43.11875],[2.66958,43.1192],[2.6726,43.11991],[2.67681,43.12024],[2.68002,43.1209],[2.68257,43.12266],[2.68662,43.1237],[2.69408,43.12024],[2.69793,43.12029],[2.70224,43.11917],[2.70249,43.11941],[2.70147,43.12059],[2.70115,43.12157],[2.70177,43.12313],[2.70152,43.12486],[2.7016,43.12805],[2.70204,43.1308],[2.70172,43.13253],[2.70052,43.13452],[2.70175,43.13476],[2.70441,43.13564],[2.70857,43.13663],[2.71565,43.13768],[2.71961,43.1388],[2.72331,43.14022],[2.72564,43.1412],[2.72769,43.14203],[2.72852,43.14259],[2.73118,43.14414],[2.73401,43.14626],[2.73595,43.14742],[2.73735,43.14815],[2.73915,43.14891],[2.74059,43.14953],[2.74178,43.1499],[2.74371,43.15064],[2.74595,43.15102],[2.74764,43.15149],[2.75016,43.15224],[2.75186,43.15264],[2.75442,43.15233],[2.75626,43.15232],[2.75956,43.15246],[2.76106,43.15342],[2.76239,43.15421],[2.76363,43.15525],[2.7633,43.15727],[2.76297,43.15831],[2.7626,43.15887],[2.76274,43.15978],[2.76251,43.16052],[2.76177,43.16169],[2.76057,43.16357],[2.7591,43.16645],[2.75925,43.16825],[2.75929,43.16907],[2.75941,43.16947],[2.75967,43.16948],[2.76318,43.16948],[2.7667,43.16948],[2.77021,43.16948],[2.77373,43.16948],[2.77724,43.16948],[2.78054,43.16724],[2.78459,43.16463],[2.78506,43.15993],[2.78686,43.15106],[2.78751,43.14898],[2.78617,43.14552],[2.78968,43.14396],[2.79051,43.14447],[2.79325,43.14604],[2.79858,43.14828],[2.80224,43.15053],[2.80257,43.1501],[2.80312,43.14899],[2.80333,43.14746],[2.80315,43.14661],[2.80309,43.14549],[2.80318,43.14374],[2.8026,43.14162],[2.80248,43.14072],[2.80231,43.13904],[2.80229,43.13645],[2.8017,43.13459],[2.80107,43.13316],[2.80073,43.13234],[2.79988,43.13138],[2.80126,43.12984],[2.80161,43.12907],[2.80104,43.12762],[2.80001,43.12622],[2.79768,43.12554],[2.79507,43.12494],[2.78969,43.12401],[2.78721,43.12367],[2.78336,43.12302],[2.78021,43.12154],[2.77819,43.12076],[2.77811,43.11895],[2.77766,43.11784],[2.77684,43.11677],[2.77595,43.11587],[2.77531,43.11519],[2.77463,43.1148],[2.77413,43.11456],[2.7738,43.11445],[2.77364,43.11439],[2.77262,43.11407],[2.77185,43.11381],[2.7714,43.11367],[2.77107,43.11361],[2.7708,43.11359],[2.77043,43.11361],[2.76989,43.11367],[2.76925,43.11372],[2.76887,43.1137],[2.76788,43.11368],[2.76739,43.11362],[2.76678,43.11362],[2.76543,43.11369],[2.76504,43.11369],[2.76442,43.11365],[2.76401,43.11362],[2.76349,43.11358],[2.7628,43.11354],[2.76209,43.1133],[2.7611,43.11317],[2.75939,43.11299],[2.75827,43.11301],[2.75721,43.11317],[2.75661,43.11316],[2.7558,43.1132],[2.75524,43.1132],[2.75481,43.11313],[2.75432,43.11272],[2.75242,43.11228],[2.75158,43.11235],[2.75086,43.11229],[2.75039,43.11229],[2.7498,43.11218],[2.7489,43.11212],[2.74809,43.11209],[2.74788,43.11216],[2.74621,43.11269],[2.74584,43.11312],[2.74485,43.11349],[2.74386,43.11382],[2.74356,43.11358],[2.7422,43.11375],[2.74108,43.11376],[2.74069,43.11397],[2.74015,43.11397],[2.73962,43.11375],[2.73925,43.11317],[2.73845,43.11331],[2.73569,43.11346],[2.73365,43.11298],[2.73246,43.11254],[2.73175,43.11169],[2.7318,43.11115],[2.73183,43.11016],[2.73175,43.10902],[2.73118,43.10836],[2.72985,43.10707],[2.72864,43.10648],[2.72496,43.10534],[2.72306,43.10489],[2.7205,43.10402],[2.71874,43.10353],[2.71684,43.10306],[2.71453,43.1024],[2.71248,43.10152],[2.71131,43.10078],[2.70994,43.09943],[2.70944,43.09878],[2.70871,43.09812],[2.70732,43.09738],[2.70606,43.09669],[2.70458,43.09569],[2.70285,43.09477],[2.70127,43.0937],[2.69778,43.09151],[2.69525,43.08979],[2.69462,43.08926],[2.69384,43.08834],[2.69381,43.08788],[2.69331,43.08739],[2.69272,43.08705],[2.69246,43.08668],[2.69233,43.08694],[2.69233,43.08734],[2.69229,43.08749],[2.69179,43.08776],[2.69101,43.08805],[2.68936,43.08848],[2.6882,43.08887],[2.68682,43.08918],[2.68514,43.08951],[2.68343,43.09046],[2.68226,43.09046],[2.68109,43.09063],[2.67994,43.09045],[2.67752,43.09007],[2.67542,43.08984],[2.67327,43.08983],[2.67123,43.08961],[2.67048,43.0894],[2.66984,43.08934],[2.66961,43.08917],[2.66855,43.0882],[2.66804,43.0877],[2.66769,43.08724],[2.66749,43.08608],[2.66729,43.08567],[2.66723,43.08509],[2.6669,43.08483],[2.6664,43.08467],[2.66575,43.08459],[2.66495,43.08461],[2.66414,43.08478],[2.66303,43.08476],[2.66249,43.0847],[2.66208,43.08455],[2.66158,43.08413],[2.66088,43.08374],[2.65986,43.08329],[2.65902,43.08277],[2.65848,43.08271],[2.65739,43.08259],[2.65639,43.08274],[2.65592,43.08283],[2.65541,43.08284],[2.65499,43.0828],[2.65446,43.08268],[2.65374,43.08266],[2.65285,43.08277],[2.65223,43.08293],[2.65178,43.083],[2.65134,43.08299],[2.65052,43.08317],[2.64934,43.08346],[2.64852,43.08359],[2.64773,43.08365],[2.64688,43.08362],[2.64615,43.08363],[2.64531,43.0836],[2.64465,43.08358],[2.64374,43.08361],[2.64302,43.08339],[2.64224,43.08291],[2.64166,43.08287],[2.64147,43.08301],[2.64137,43.08321],[2.64007,43.08281],[2.6389,43.08225],[2.63705,43.08152],[2.63496,43.08074],[2.63328,43.08031],[2.63132,43.0794],[2.63015,43.07898],[2.62898,43.07853],[2.62859,43.07805],[2.62794,43.07716],[2.62737,43.07625],[2.62706,43.07549],[2.62669,43.07489],[2.62638,43.07378],[2.62615,43.07333],[2.62585,43.0733],[2.62543,43.07316],[2.62507,43.07298],[2.62462,43.07267],[2.62425,43.07247],[2.62383,43.07233],[2.62359,43.07232],[2.62332,43.07234],[2.62291,43.07242],[2.62261,43.07245],[2.62245,43.07244],[2.62224,43.07241],[2.62196,43.07233],[2.62162,43.0722],[2.62106,43.07194],[2.62054,43.07163],[2.62017,43.0714],[2.61997,43.07129],[2.61976,43.07118],[2.61951,43.0711],[2.61928,43.07106],[2.61898,43.07102],[2.6187,43.07103],[2.61841,43.07107],[2.61818,43.07112],[2.61797,43.07115],[2.61777,43.07114],[2.61755,43.07115],[2.61727,43.07119],[2.61691,43.07128],[2.61677,43.07132],[2.61652,43.07139],[2.61635,43.07141],[2.61625,43.07144],[2.6161,43.07144],[2.61554,43.07136],[2.61509,43.0713],[2.61483,43.07124],[2.61454,43.07122],[2.61417,43.07124],[2.61366,43.0713],[2.61297,43.0714],[2.61242,43.07148],[2.61217,43.07151],[2.61201,43.07151],[2.61169,43.0715],[2.61151,43.07148],[2.6113,43.07144],[2.61109,43.0714],[2.61092,43.07139],[2.61075,43.07141],[2.61067,43.0715],[2.61057,43.07192],[2.61047,43.07229],[2.6104,43.07253],[2.61024,43.07275],[2.61007,43.07293],[2.60979,43.07313],[2.60966,43.0732],[2.60946,43.07329],[2.60927,43.07334],[2.60887,43.0734],[2.60822,43.07344],[2.60729,43.07352],[2.60693,43.07355],[2.60675,43.07361],[2.60663,43.07369],[2.60634,43.07392],[2.60573,43.07454],[2.60547,43.07482],[2.60507,43.07528],[2.60467,43.07576],[2.60436,43.0761],[2.60423,43.07627],[2.60417,43.07638],[2.60417,43.07647],[2.60418,43.07659],[2.60421,43.07669],[2.60426,43.0768],[2.60432,43.07687],[2.60449,43.07703],[2.60468,43.07713],[2.6054,43.07749],[2.60636,43.07797],[2.6069,43.07824],[2.60707,43.0783],[2.60723,43.07834],[2.60772,43.07843],[2.60855,43.07856],[2.60946,43.0787],[2.60978,43.07876],[2.60999,43.07881],[2.61016,43.07887],[2.61035,43.07896],[2.61069,43.07916],[2.61103,43.07935],[2.61129,43.07946],[2.6115,43.07953],[2.61173,43.07959],[2.61203,43.07963],[2.61216,43.07968],[2.61227,43.07975],[2.61241,43.07985],[2.61251,43.07997],[2.61262,43.08024],[2.61279,43.08073],[2.6129,43.08091],[2.61303,43.08103],[2.61319,43.08113],[2.61357,43.08125],[2.61387,43.08135],[2.61407,43.08147],[2.61432,43.08172],[2.61471,43.08216],[2.61509,43.0826],[2.61534,43.08296],[2.61558,43.08332],[2.61574,43.08357],[2.61594,43.08379],[2.61625,43.08405],[2.61681,43.08447],[2.61729,43.08481],[2.61748,43.08499],[2.61762,43.08512],[2.61787,43.08551],[2.61817,43.08598],[2.61851,43.08649],[2.61877,43.08691],[2.61885,43.08716],[2.61893,43.0874],[2.61898,43.08765],[2.61904,43.08791],[2.61915,43.08815],[2.61934,43.08841],[2.6197,43.08885],[2.62014,43.08939],[2.62041,43.08979],[2.62057,43.08973],[2.62149,43.08971],[2.62274,43.09006],[2.6232,43.09022],[2.62391,43.09061],[2.62412,43.0908],[2.62444,43.09141],[2.62428,43.09219],[2.62399,43.0927],[2.62375,43.093],[2.62329,43.09344],[2.62263,43.09397],[2.62231,43.09419],[2.62203,43.09435],[2.62166,43.09451],[2.6209,43.0947],[2.61986,43.09482],[2.61937,43.09488],[2.6192,43.09495],[2.61895,43.09515],[2.61881,43.09541],[2.61881,43.09569],[2.61895,43.09593],[2.61956,43.09636],[2.62101,43.09722],[2.62158,43.09754],[2.62196,43.0976],[2.62244,43.09752],[2.62284,43.09737],[2.6233,43.09722],[2.62373,43.09722],[2.62389,43.09728],[2.62407,43.09749],[2.62407,43.09766],[2.6239,43.09785],[2.62348,43.09819],[2.62331,43.09836],[2.6232,43.09857],[2.62325,43.09881],[2.62346,43.09905],[2.62367,43.09915],[2.62443,43.09965],[2.62488,43.09997],[2.62507,43.1002],[2.62521,43.10048],[2.62535,43.1009],[2.62536,43.10122],[2.62526,43.10165],[2.62516,43.10205],[2.62482,43.10253],[2.6245,43.10283],[2.62398,43.10318],[2.62356,43.10345],[2.6232,43.10368],[2.62296,43.10393],[2.62297,43.10406],[2.62308,43.10416],[2.62324,43.10422],[2.6235,43.10423],[2.62422,43.10413],[2.62464,43.1041],[2.62547,43.10426],[2.626,43.10437],[2.62634,43.10439],[2.6269,43.10449],[2.62733,43.10468],[2.6285,43.10494],[2.62905,43.10506],[2.63045,43.10559],[2.63097,43.10585],[2.63168,43.10631],[2.63228,43.10669],[2.63288,43.1069],[2.63331,43.107],[2.63382,43.10706],[2.63548,43.1071],[2.63712,43.10728],[2.63877,43.10816],[2.64324,43.10955]]]]},"properties":{"ID":"113","id":"113","NOM_MASSIF":"PINEDES CREMADES","dept":"11"}},{"type":"Feature","id":11,"geometry":{"type":"MultiPolygon","coordinates":[[[[2.38808,43.03602],[2.38812,43.03605],[2.38827,43.03593],[2.38808,43.03602]]],[[[2.52602,43.10652],[2.5249,43.10391],[2.52436,43.10333],[2.52356,43.10272],[2.52307,43.10208],[2.52208,43.10264],[2.52078,43.10276],[2.52009,43.10276],[2.51935,43.10296],[2.51962,43.10193],[2.51848,43.10102],[2.5173,43.09936],[2.51667,43.09921],[2.51652,43.09887],[2.51587,43.09914],[2.51204,43.09729],[2.50764,43.0938],[2.50693,43.09297],[2.50638,43.09274],[2.50268,43.08939],[2.50191,43.08887],[2.50203,43.08834],[2.50198,43.08706],[2.5026,43.08555],[2.50284,43.08518],[2.50301,43.08413],[2.50304,43.08337],[2.50226,43.08312],[2.50164,43.08316],[2.50096,43.08281],[2.5006,43.08238],[2.4997,43.08228],[2.49926,43.08278],[2.49883,43.08326],[2.49818,43.08328],[2.49714,43.08313],[2.49549,43.08334],[2.4937,43.08381],[2.49324,43.08433],[2.49233,43.0848],[2.49128,43.08498],[2.49051,43.08477],[2.49019,43.08341],[2.48959,43.08312],[2.48833,43.08309],[2.48771,43.08284],[2.48747,43.08264],[2.48744,43.08222],[2.48678,43.08188],[2.48623,43.08177],[2.48577,43.08195],[2.48525,43.08269],[2.48524,43.08309],[2.48506,43.08353],[2.48475,43.0837],[2.48433,43.08367],[2.48328,43.08329],[2.48358,43.08265],[2.48394,43.08248],[2.48386,43.08229],[2.48278,43.08224],[2.48223,43.0822],[2.48186,43.08227],[2.47976,43.08247],[2.4791,43.08272],[2.47881,43.08295],[2.47863,43.0829],[2.47855,43.08284],[2.47874,43.08262],[2.47866,43.08236],[2.47878,43.08179],[2.47831,43.08121],[2.47809,43.08111],[2.47788,43.08069],[2.47675,43.08008],[2.47641,43.07984],[2.47588,43.07935],[2.47547,43.0792],[2.47349,43.07941],[2.47228,43.07983],[2.47144,43.08004],[2.47086,43.0798],[2.47076,43.07944],[2.47013,43.07923],[2.46982,43.0785],[2.46914,43.07852],[2.46708,43.07934],[2.46659,43.0793],[2.46528,43.07406],[2.46317,43.0699],[2.45936,43.06812],[2.45593,43.0673],[2.45348,43.06514],[2.44483,43.06034],[2.44362,43.05815],[2.4457,43.05697],[2.44989,43.05342],[2.45444,43.05258],[2.45847,43.0527],[2.46294,43.05108],[2.46554,43.0505],[2.47142,43.04654],[2.47022,43.035],[2.46609,43.03086],[2.46091,43.03084],[2.45784,43.03082],[2.45682,43.03096],[2.45562,43.03087],[2.45419,43.03089],[2.45256,43.02998],[2.45222,43.02995],[2.4509,43.03012],[2.45008,43.03002],[2.44932,43.03012],[2.44542,43.02989],[2.44478,43.03001],[2.44311,43.03087],[2.44207,43.03098],[2.44024,43.03172],[2.43853,43.03204],[2.43795,43.03228],[2.43757,43.03275],[2.43653,43.03303],[2.43575,43.03352],[2.4351,43.03371],[2.43461,43.03407],[2.43477,43.03471],[2.43148,43.03455],[2.42193,43.03381],[2.42032,43.03372],[2.41817,43.03338],[2.41646,43.03259],[2.41286,43.03198],[2.41194,43.03231],[2.40971,43.0327],[2.40747,43.03304],[2.4059,43.03362],[2.40424,43.03437],[2.40197,43.03482],[2.39986,43.03531],[2.39668,43.03524],[2.39468,43.03515],[2.39191,43.03566],[2.39041,43.03641],[2.38814,43.03678],[2.38793,43.03724],[2.38734,43.03706],[2.38727,43.03644],[2.38808,43.03602],[2.38644,43.03516],[2.38441,43.03542],[2.38221,43.03602],[2.37928,43.03595],[2.37686,43.03612],[2.37373,43.03613],[2.37052,43.03631],[2.36428,43.03753],[2.36336,43.03826],[2.36292,43.03865],[2.36064,43.03909],[2.35979,43.03939],[2.35903,43.04],[2.35103,43.0413],[2.35035,43.04152],[2.34911,43.04225],[2.34859,43.04225],[2.34809,43.04181],[2.34614,43.04221],[2.34397,43.04279],[2.34296,43.04347],[2.34181,43.04365],[2.34132,43.04356],[2.34062,43.04352],[2.34011,43.04338],[2.3384,43.04357],[2.33781,43.04272],[2.33736,43.04248],[2.33616,43.04228],[2.33366,43.04241],[2.33352,43.04203],[2.33002,43.04147],[2.32939,43.04155],[2.32877,43.04147],[2.32802,43.04154],[2.32551,43.04139],[2.32276,43.04216],[2.32035,43.04299],[2.31885,43.04221],[2.31871,43.04163],[2.31875,43.04101],[2.31824,43.04078],[2.318,43.03886],[2.31811,43.03785],[2.31724,43.03714],[2.31631,43.03707],[2.31524,43.03736],[2.31505,43.03745],[2.31483,43.03777],[2.31455,43.03804],[2.3139,43.03838],[2.31371,43.03842],[2.31362,43.03829],[2.3133,43.03814],[2.31289,43.03833],[2.31281,43.03873],[2.31225,43.03909],[2.31221,43.03956],[2.31209,43.03972],[2.31185,43.03977],[2.3116,43.03975],[2.3111,43.03942],[2.31063,43.03915],[2.30989,43.03907],[2.30942,43.03903],[2.30912,43.03932],[2.30901,43.03978],[2.30886,43.04012],[2.30844,43.04061],[2.30814,43.04096],[2.30778,43.04131],[2.30662,43.04123],[2.30627,43.04127],[2.30659,43.04168],[2.30609,43.04207],[2.30552,43.04227],[2.30531,43.04219],[2.30535,43.04188],[2.30509,43.04178],[2.30441,43.04208],[2.30378,43.04193],[2.30352,43.04208],[2.30317,43.04202],[2.30268,43.04136],[2.30251,43.04094],[2.30209,43.04058],[2.30178,43.0405],[2.30164,43.04036],[2.30184,43.03972],[2.301,43.0395],[2.30065,43.03928],[2.30036,43.03881],[2.29987,43.03871],[2.29945,43.0387],[2.29874,43.03884],[2.29828,43.03867],[2.29793,43.0385],[2.29738,43.03855],[2.29725,43.03864],[2.29718,43.03883],[2.29724,43.03921],[2.29669,43.03945],[2.29655,43.03978],[2.2961,43.0399],[2.29581,43.03918],[2.29546,43.03899],[2.29494,43.03915],[2.29435,43.03943],[2.29408,43.03973],[2.29391,43.03981],[2.29381,43.03996],[2.29369,43.04017],[2.2938,43.03955],[2.29318,43.03966],[2.29335,43.0403],[2.29295,43.04016],[2.29165,43.04001],[2.29138,43.04046],[2.29025,43.04045],[2.2885,43.04011],[2.28701,43.03986],[2.28643,43.04009],[2.28539,43.04011],[2.28516,43.03985],[2.28533,43.03925],[2.28462,43.0388],[2.28193,43.03935],[2.28164,43.03909],[2.28164,43.03885],[2.27966,43.03857],[2.27909,43.0379],[2.27904,43.03686],[2.27865,43.03671],[2.27822,43.03704],[2.27751,43.03697],[2.27647,43.03677],[2.27512,43.03581],[2.27389,43.03608],[2.27321,43.03587],[2.27266,43.03581],[2.27301,43.03636],[2.27291,43.03684],[2.27109,43.03678],[2.27017,43.03747],[2.27,43.03747],[2.27005,43.03711],[2.26962,43.03755],[2.26934,43.03781],[2.2691,43.03792],[2.26884,43.03793],[2.26863,43.03792],[2.26842,43.03783],[2.26835,43.03772],[2.26817,43.03759],[2.268,43.03748],[2.26798,43.03748],[2.26778,43.03738],[2.26766,43.03733],[2.26715,43.03707],[2.26689,43.03695],[2.26668,43.03684],[2.26654,43.03677],[2.26611,43.03656],[2.26552,43.03627],[2.26448,43.03612],[2.26395,43.03664],[2.26385,43.03723],[2.26288,43.03699],[2.26159,43.0365],[2.26083,43.03754],[2.26027,43.0377],[2.25983,43.0372],[2.25925,43.03677],[2.25876,43.03693],[2.25846,43.03743],[2.25754,43.03809],[2.25699,43.03809],[2.25687,43.0378],[2.25681,43.03694],[2.25429,43.03671],[2.25334,43.0369],[2.25269,43.03682],[2.25236,43.03764],[2.25167,43.03827],[2.25065,43.03848],[2.24855,43.03875],[2.24677,43.03922],[2.24334,43.04315],[2.24201,43.0458],[2.23967,43.04593],[2.23721,43.04539],[2.23409,43.04603],[2.23164,43.04502],[2.22759,43.04708],[2.22345,43.04586],[2.22189,43.04628],[2.22161,43.04766],[2.22262,43.04928],[2.21931,43.0543],[2.21451,43.05941],[2.21445,43.06085],[2.22216,43.06621],[2.2244,43.06903],[2.22427,43.07212],[2.22788,43.07518],[2.2281,43.07733],[2.22782,43.08012],[2.22506,43.0796],[2.22012,43.08078],[2.22138,43.08182],[2.22199,43.08336],[2.2243,43.08524],[2.22452,43.08681],[2.22626,43.08954],[2.22643,43.09046],[2.22592,43.09109],[2.22592,43.09223],[2.2257,43.09292],[2.22524,43.09327],[2.22658,43.09378],[2.22769,43.09423],[2.2307,43.09499],[2.2315,43.09506],[2.24126,43.09875],[2.24604,43.09583],[2.24706,43.09679],[2.25378,43.09945],[2.26062,43.1034],[2.26399,43.10385],[2.26747,43.1063],[2.27249,43.11234],[2.27845,43.11563],[2.27976,43.11548],[2.285,43.11737],[2.28857,43.11768],[2.29546,43.11763],[2.29811,43.11869],[2.30088,43.12038],[2.30305,43.12226],[2.3057,43.12131],[2.30757,43.12081],[2.30895,43.12136],[2.30977,43.12181],[2.31015,43.12221],[2.31033,43.12259],[2.31085,43.12346],[2.31173,43.12421],[2.3128,43.12454],[2.31312,43.12467],[2.31381,43.12528],[2.3141,43.1254],[2.31514,43.12563],[2.31488,43.1266],[2.31555,43.12729],[2.31592,43.12705],[2.31618,43.12707],[2.31626,43.12768],[2.31545,43.12804],[2.31541,43.12929],[2.31559,43.12984],[2.31665,43.12966],[2.31673,43.13021],[2.31831,43.12986],[2.31944,43.12975],[2.31938,43.12932],[2.31956,43.12922],[2.31975,43.12924],[2.31995,43.12935],[2.32023,43.12907],[2.32053,43.12869],[2.32323,43.1296],[2.32301,43.12988],[2.32449,43.1303],[2.32391,43.13163],[2.32342,43.13237],[2.32447,43.13261],[2.32495,43.13217],[2.32684,43.13158],[2.32749,43.13141],[2.32915,43.13019],[2.33132,43.12901],[2.33282,43.12874],[2.33381,43.12817],[2.33538,43.12666],[2.33652,43.12627],[2.33762,43.1258],[2.3383,43.12677],[2.33759,43.12705],[2.33799,43.12789],[2.33863,43.1278],[2.33934,43.12785],[2.33947,43.1279],[2.34025,43.12721],[2.34146,43.12792],[2.34168,43.12782],[2.34226,43.12823],[2.34276,43.12778],[2.34302,43.12719],[2.34362,43.12671],[2.34586,43.12522],[2.34675,43.12477],[2.34792,43.12462],[2.34901,43.12401],[2.3495,43.12365],[2.35049,43.12261],[2.35215,43.12257],[2.35214,43.12259],[2.35309,43.12286],[2.35367,43.12315],[2.35408,43.12311],[2.35437,43.12304],[2.3544,43.12286],[2.3545,43.12275],[2.35463,43.12263],[2.35479,43.12263],[2.35492,43.12269],[2.35499,43.12275],[2.35555,43.12311],[2.35627,43.12375],[2.35636,43.12387],[2.35788,43.1262],[2.35818,43.12617],[2.35855,43.1256],[2.3592,43.12561],[2.35944,43.12565],[2.36023,43.12601],[2.36146,43.12682],[2.36321,43.12693],[2.36369,43.12632],[2.36373,43.12599],[2.36355,43.12549],[2.36361,43.12537],[2.36416,43.12491],[2.3647,43.12283],[2.36476,43.12253],[2.36502,43.12238],[2.36632,43.12236],[2.36657,43.12232],[2.3665,43.12205],[2.36529,43.12069],[2.36506,43.12012],[2.36605,43.11957],[2.36643,43.11955],[2.36695,43.11963],[2.36825,43.12022],[2.36897,43.12042],[2.36991,43.1204],[2.37113,43.1203],[2.37169,43.12038],[2.37301,43.12013],[2.37388,43.12015],[2.37477,43.11974],[2.37585,43.11973],[2.37701,43.11999],[2.37896,43.12062],[2.37961,43.12055],[2.38059,43.12],[2.38122,43.11926],[2.38176,43.11912],[2.38233,43.11907],[2.38381,43.11917],[2.38456,43.11959],[2.38526,43.12061],[2.38591,43.12175],[2.38666,43.1224],[2.38742,43.12271],[2.38807,43.12322],[2.38838,43.12392],[2.38881,43.12431],[2.38938,43.12455],[2.39017,43.12452],[2.39202,43.12417],[2.39253,43.12402],[2.39313,43.12358],[2.39351,43.12352],[2.3937,43.12359],[2.39428,43.12397],[2.39534,43.12435],[2.39573,43.12452],[2.39646,43.12458],[2.39856,43.1239],[2.3991,43.12392],[2.39941,43.12409],[2.40002,43.1254],[2.40054,43.12586],[2.40158,43.12628],[2.40234,43.1264],[2.403,43.12643],[2.40336,43.12655],[2.4036,43.12675],[2.40366,43.12693],[2.40502,43.12843],[2.40556,43.12852],[2.40763,43.12789],[2.40812,43.12779],[2.40853,43.12803],[2.41005,43.12939],[2.41102,43.12978],[2.41177,43.12974],[2.4121,43.12962],[2.41235,43.12921],[2.41266,43.129],[2.41358,43.12905],[2.41473,43.12925],[2.41565,43.12927],[2.4162,43.12913],[2.41674,43.12923],[2.41849,43.12975],[2.41914,43.12968],[2.42155,43.12897],[2.42373,43.12864],[2.42421,43.12874],[2.42429,43.1289],[2.42426,43.12943],[2.42369,43.1298],[2.42376,43.12998],[2.42392,43.13016],[2.42482,43.13049],[2.42602,43.13104],[2.42711,43.13086],[2.42778,43.13037],[2.42896,43.13024],[2.42957,43.13052],[2.43114,43.13086],[2.43198,43.13118],[2.43281,43.13107],[2.43296,43.131],[2.43308,43.1309],[2.43336,43.13059],[2.43366,43.13048],[2.43408,43.1305],[2.43437,43.13065],[2.43499,43.13114],[2.43535,43.13116],[2.43605,43.13045],[2.43607,43.1303],[2.43604,43.1301],[2.43617,43.12989],[2.43655,43.12981],[2.43691,43.12979],[2.43897,43.12899],[2.43932,43.12896],[2.43978,43.12908],[2.44036,43.1293],[2.44101,43.13002],[2.4414,43.13007],[2.4437,43.12943],[2.44484,43.12892],[2.44591,43.12865],[2.44753,43.12883],[2.44844,43.1286],[2.44936,43.1284],[2.45011,43.12773],[2.45053,43.12749],[2.45145,43.12711],[2.45197,43.12739],[2.45222,43.12776],[2.45375,43.12805],[2.454,43.128],[2.45519,43.12742],[2.45578,43.12731],[2.45669,43.12749],[2.45823,43.12765],[2.45862,43.12775],[2.45957,43.1274],[2.46118,43.12627],[2.4628,43.12541],[2.46394,43.12493],[2.46457,43.12443],[2.46482,43.12434],[2.46507,43.12394],[2.46545,43.12383],[2.46622,43.12373],[2.46754,43.1239],[2.46816,43.1238],[2.46872,43.12334],[2.46942,43.12353],[2.47103,43.12333],[2.47288,43.12224],[2.47386,43.12199],[2.47456,43.12136],[2.47452,43.121],[2.47527,43.12053],[2.47592,43.12063],[2.47706,43.12022],[2.47752,43.11991],[2.47895,43.11948],[2.47979,43.11936],[2.4809,43.11888],[2.48146,43.11877],[2.48338,43.11946],[2.48522,43.11964],[2.48606,43.12001],[2.48703,43.12013],[2.48759,43.12005],[2.48867,43.12082],[2.48976,43.12075],[2.49195,43.12085],[2.49397,43.12124],[2.49604,43.12248],[2.49508,43.12315],[2.49508,43.12317],[2.4951,43.12342],[2.49648,43.12325],[2.49741,43.12262],[2.49774,43.12232],[2.49823,43.12203],[2.50044,43.12166],[2.50094,43.12168],[2.50196,43.12129],[2.50363,43.12096],[2.50399,43.12068],[2.50477,43.12059],[2.50538,43.12061],[2.50603,43.12087],[2.50635,43.12082],[2.50744,43.1205],[2.50769,43.12015],[2.50822,43.11724],[2.51522,43.11324],[2.51872,43.11266],[2.522,43.11169],[2.52309,43.1103],[2.52524,43.10818],[2.52649,43.10675],[2.52602,43.10652]]]]},"properties":{"ID":"1112","id":"1112","NOM_MASSIF":"VALLEE DU LAUQUET","dept":"11"}},{"type":"Feature","id":12,"geometry":{"type":"MultiPolygon","coordinates":[[[[2.09954,43.19115],[2.10118,43.19203],[2.09282,43.19662],[2.09673,43.20051],[2.09411,43.20158],[2.08955,43.20559],[2.08862,43.2072],[2.08337,43.20987],[2.08194,43.21409],[2.07825,43.21733],[2.0805,43.21846],[2.08552,43.21765],[2.08916,43.21796],[2.09418,43.21758],[2.09515,43.21825],[2.09538,43.22016],[2.10132,43.21906],[2.10251,43.22183],[2.10417,43.22385],[2.10562,43.22286],[2.10832,43.22531],[2.10654,43.22667],[2.10839,43.22869],[2.11173,43.22777],[2.11191,43.22896],[2.11262,43.22891],[2.11325,43.23021],[2.1156,43.23022],[2.11629,43.23156],[2.11792,43.23124],[2.11814,43.23025],[2.11912,43.22997],[2.12273,43.23214],[2.12175,43.23261],[2.12297,43.23324],[2.12534,43.23149],[2.12807,43.23656],[2.12843,43.23814],[2.13427,43.23537],[2.13506,43.23924],[2.13477,43.24128],[2.14182,43.24115],[2.18606,43.23828],[2.18755,43.23432],[2.19051,43.23662],[2.19135,43.23725],[2.19133,43.23834],[2.19427,43.23803],[2.1965,43.24614],[2.19585,43.24618],[2.19639,43.24909],[2.19515,43.24965],[2.19643,43.25566],[2.19549,43.25974],[2.19948,43.26097],[2.20312,43.26157],[2.2073,43.26122],[2.20824,43.25875],[2.21099,43.25824],[2.21204,43.25701],[2.21225,43.25606],[2.21172,43.25201],[2.21506,43.25056],[2.21747,43.25044],[2.2218,43.24861],[2.22226,43.24781],[2.22611,43.24712],[2.22651,43.2465],[2.22776,43.24585],[2.22872,43.24618],[2.2303,43.24563],[2.2316,43.24587],[2.23434,43.24575],[2.23596,43.24648],[2.23721,43.24553],[2.23756,43.24674],[2.23828,43.24688],[2.23931,43.24746],[2.23978,43.24759],[2.24007,43.24783],[2.24462,43.24618],[2.25027,43.24409],[2.25554,43.24518],[2.26373,43.24143],[2.26345,43.23881],[2.26234,43.23541],[2.27682,43.23036],[2.27756,43.22897],[2.27613,43.22664],[2.2776,43.22563],[2.27697,43.2239],[2.27495,43.22288],[2.27504,43.22223],[2.27367,43.22132],[2.26993,43.221],[2.26743,43.21973],[2.26596,43.21955],[2.26474,43.21978],[2.26209,43.21678],[2.26474,43.21305],[2.26641,43.20944],[2.26763,43.20361],[2.27002,43.20265],[2.27194,43.20406],[2.27609,43.20331],[2.27482,43.20068],[2.27687,43.19981],[2.27891,43.19922],[2.28054,43.19912],[2.2816,43.19865],[2.28357,43.19759],[2.28433,43.19865],[2.28433,43.19865],[2.28534,43.19855],[2.28671,43.19951],[2.29013,43.19912],[2.29197,43.19795],[2.29057,43.19571],[2.28978,43.19137],[2.28504,43.19053],[2.28529,43.18634],[2.28827,43.1867],[2.29027,43.18837],[2.29042,43.18657],[2.28463,43.18165],[2.28747,43.18128],[2.28878,43.18079],[2.28941,43.18042],[2.28976,43.1801],[2.2904,43.17987],[2.29189,43.17971],[2.2923,43.17948],[2.29324,43.17881],[2.29381,43.17855],[2.2943,43.17848],[2.29619,43.17835],[2.29653,43.1781],[2.29624,43.17793],[2.29836,43.17707],[2.30158,43.17564],[2.30345,43.17567],[2.30468,43.17556],[2.30596,43.17554],[2.30566,43.17506],[2.30555,43.17449],[2.30525,43.17369],[2.30524,43.17342],[2.30574,43.17324],[2.30437,43.17024],[2.30316,43.16851],[2.30324,43.16694],[2.30462,43.16586],[2.306,43.16501],[2.30757,43.16369],[2.30623,43.16216],[2.30554,43.15944],[2.30465,43.15839],[2.30284,43.15766],[2.29959,43.15759],[2.29882,43.15663],[2.29735,43.15458],[2.29435,43.15251],[2.298,43.14868],[2.30676,43.13962],[2.3049,43.13726],[2.30414,43.13525],[2.3043,43.13325],[2.30261,43.1331],[2.30468,43.13062],[2.30509,43.12894],[2.30512,43.12598],[2.30418,43.12369],[2.30305,43.12229],[2.30088,43.12038],[2.29811,43.11869],[2.29546,43.11763],[2.28857,43.11768],[2.28604,43.11742],[2.285,43.11737],[2.27976,43.11548],[2.27845,43.11563],[2.27799,43.11539],[2.27702,43.11472],[2.27604,43.1142],[2.27524,43.11377],[2.27397,43.11318],[2.27249,43.11234],[2.27163,43.11133],[2.26996,43.10927],[2.26747,43.1063],[2.26399,43.10385],[2.26062,43.1034],[2.25945,43.10292],[2.25842,43.10239],[2.25378,43.09945],[2.24706,43.09679],[2.24604,43.09583],[2.24126,43.09875],[2.2315,43.09506],[2.22999,43.09479],[2.22769,43.09428],[2.22532,43.09329],[2.22546,43.09313],[2.22565,43.09297],[2.22593,43.09224],[2.22597,43.09104],[2.2265,43.09038],[2.22631,43.08954],[2.22606,43.08919],[2.2251,43.08767],[2.22476,43.08706],[2.22453,43.08645],[2.22435,43.08524],[2.2218,43.08318],[2.22142,43.08186],[2.22029,43.08067],[2.2181,43.08166],[2.21556,43.07973],[2.21204,43.07864],[2.21096,43.07863],[2.20891,43.08173],[2.20767,43.08244],[2.207,43.08336],[2.20707,43.08584],[2.20674,43.08633],[2.20608,43.08926],[2.20507,43.08927],[2.20337,43.09266],[2.20247,43.09211],[2.20158,43.09296],[2.20077,43.09298],[2.20045,43.09269],[2.1997,43.09266],[2.19917,43.09339],[2.19813,43.09334],[2.1979,43.0936],[2.19623,43.09466],[2.19218,43.09563],[2.19063,43.09605],[2.18861,43.09703],[2.19381,43.10116],[2.19438,43.1025],[2.19411,43.10331],[2.19339,43.10368],[2.19298,43.10454],[2.19174,43.10524],[2.19005,43.10518],[2.18817,43.10531],[2.18727,43.10468],[2.18629,43.10463],[2.18233,43.10474],[2.18102,43.1053],[2.17927,43.1051],[2.17685,43.10599],[2.17036,43.10575],[2.168,43.10711],[2.16586,43.107],[2.16401,43.10922],[2.16602,43.10961],[2.16606,43.1109],[2.1656,43.1118],[2.16267,43.11197],[2.1619,43.11168],[2.16008,43.11147],[2.15746,43.11269],[2.15809,43.11422],[2.15406,43.11461],[2.15118,43.1155],[2.15071,43.11673],[2.14903,43.11653],[2.14928,43.11705],[2.14849,43.11733],[2.14892,43.11924],[2.14094,43.11914],[2.1414,43.11998],[2.14378,43.12096],[2.14491,43.12236],[2.14572,43.12378],[2.1454,43.12625],[2.14442,43.12662],[2.14492,43.12721],[2.14361,43.12783],[2.1439,43.12825],[2.14529,43.12769],[2.14597,43.12872],[2.14514,43.12951],[2.14374,43.13004],[2.1438,43.13045],[2.14242,43.1305],[2.14183,43.13068],[2.13876,43.13044],[2.13564,43.13083],[2.13185,43.13338],[2.13057,43.13378],[2.12784,43.1341],[2.12687,43.13445],[2.12353,43.13433],[2.12339,43.13252],[2.12421,43.13154],[2.12196,43.12872],[2.12171,43.12775],[2.12012,43.12911],[2.11666,43.13154],[2.11465,43.13159],[2.11357,43.13209],[2.11266,43.13194],[2.11038,43.13218],[2.11251,43.13343],[2.11288,43.13486],[2.11014,43.1355],[2.11057,43.13658],[2.10744,43.13972],[2.10639,43.14038],[2.10572,43.1414],[2.10156,43.14419],[2.1036,43.14416],[2.10442,43.1455],[2.10843,43.14544],[2.10766,43.14665],[2.10361,43.15025],[2.10677,43.15135],[2.10963,43.15359],[2.11155,43.15546],[2.11229,43.15609],[2.11296,43.1575],[2.11303,43.1577],[2.1133,43.15848],[2.11331,43.15866],[2.11326,43.15892],[2.11294,43.16015],[2.11295,43.16035],[2.11046,43.161],[2.11074,43.16162],[2.10943,43.16223],[2.10998,43.16278],[2.10964,43.16337],[2.10807,43.16377],[2.10513,43.16505],[2.10275,43.16505],[2.10361,43.16649],[2.10341,43.16682],[2.10191,43.16731],[2.10187,43.16778],[2.10065,43.16894],[2.10051,43.1696],[2.09981,43.17048],[2.09856,43.17144],[2.09861,43.17206],[2.09957,43.1728],[2.10117,43.172],[2.1021,43.17287],[2.10474,43.17225],[2.10494,43.17189],[2.10804,43.1712],[2.10838,43.17068],[2.10896,43.17097],[2.11079,43.17046],[2.11536,43.1715],[2.11658,43.17179],[2.11721,43.17308],[2.1248,43.17443],[2.12446,43.17957],[2.12325,43.18227],[2.12094,43.18444],[2.11926,43.18372],[2.11716,43.18431],[2.11375,43.18537],[2.11212,43.1855],[2.11068,43.1861],[2.11021,43.18691],[2.10931,43.18652],[2.10567,43.18625],[2.10352,43.18628],[2.09954,43.19115]]]]},"properties":{"ID":"1115","id":"1115","NOM_MASSIF":"MALEPERE","dept":"11"}},{"type":"Feature","id":13,"geometry":{"type":"MultiPolygon","coordinates":[[[[2.41723,43.17854],[2.41738,43.17867],[2.41753,43.17882],[2.41771,43.17892],[2.41783,43.17893],[2.41796,43.17902],[2.41811,43.1792],[2.41831,43.17939],[2.41826,43.17943],[2.41824,43.1795],[2.4181,43.17961],[2.41787,43.17989],[2.41754,43.18018],[2.4173,43.18034],[2.41734,43.18057],[2.41739,43.18107],[2.41744,43.18128],[2.4178,43.18154],[2.41806,43.18165],[2.41836,43.18175],[2.41877,43.18176],[2.41913,43.18167],[2.41935,43.18166],[2.4199,43.18154],[2.4203,43.1813],[2.42055,43.18114],[2.42069,43.18102],[2.42085,43.18074],[2.42116,43.18066],[2.4214,43.18065],[2.42164,43.18066],[2.42191,43.18068],[2.42192,43.18081],[2.42187,43.18107],[2.42156,43.1812],[2.42137,43.18142],[2.42109,43.1816],[2.42091,43.18172],[2.42086,43.18191],[2.42063,43.18199],[2.4205,43.18195],[2.42003,43.18201],[2.4196,43.18212],[2.41926,43.18214],[2.41897,43.18214],[2.41883,43.18229],[2.4188,43.1824],[2.41877,43.18249],[2.41888,43.18259],[2.41903,43.18262],[2.41914,43.18267],[2.41922,43.18277],[2.41932,43.18289],[2.41951,43.18307],[2.41955,43.18327],[2.41958,43.18346],[2.41958,43.1836],[2.41952,43.18378],[2.41945,43.18395],[2.41942,43.1841],[2.41958,43.18421],[2.41983,43.18424],[2.42037,43.18429],[2.42062,43.18412],[2.42072,43.1838],[2.4209,43.18343],[2.42136,43.1827],[2.42149,43.18257],[2.42149,43.18244],[2.42128,43.18231],[2.42129,43.18217],[2.42165,43.18205],[2.42175,43.18218],[2.42216,43.18236],[2.42234,43.18231],[2.42262,43.18231],[2.4228,43.18219],[2.42328,43.18208],[2.42351,43.18195],[2.42377,43.18178],[2.42419,43.18155],[2.42418,43.18171],[2.4241,43.18189],[2.42369,43.18225],[2.42372,43.18239],[2.42359,43.18244],[2.42341,43.18249],[2.42308,43.18274],[2.42287,43.18274],[2.42259,43.18291],[2.42241,43.18298],[2.42219,43.18305],[2.42187,43.18323],[2.42169,43.18345],[2.42154,43.18361],[2.42141,43.18397],[2.42131,43.18445],[2.42116,43.18487],[2.42105,43.18515],[2.42105,43.18537],[2.42122,43.18543],[2.42169,43.18535],[2.42169,43.18545],[2.42132,43.1856],[2.42117,43.18573],[2.4212,43.18612],[2.42116,43.18642],[2.42091,43.18673],[2.42071,43.18688],[2.42047,43.18691],[2.42023,43.18694],[2.42008,43.18698],[2.41823,43.18677],[2.41822,43.18693],[2.42004,43.18712],[2.42003,43.18718],[2.42049,43.18729],[2.42027,43.18754],[2.42029,43.18775],[2.42014,43.18811],[2.42031,43.18815],[2.4205,43.18822],[2.42067,43.18828],[2.42072,43.18839],[2.42076,43.18849],[2.42076,43.18869],[2.42086,43.18881],[2.42105,43.1889],[2.42123,43.18893],[2.42146,43.18893],[2.42174,43.18899],[2.42195,43.18907],[2.42216,43.18929],[2.42228,43.18947],[2.42247,43.18962],[2.42297,43.18989],[2.42315,43.18998],[2.42342,43.19012],[2.42385,43.19028],[2.42434,43.19048],[2.42458,43.19066],[2.42471,43.19079],[2.42485,43.19106],[2.42496,43.19147],[2.42548,43.19133],[2.42577,43.19113],[2.42642,43.19111],[2.42712,43.19109],[2.42772,43.19118],[2.42885,43.19104],[2.42905,43.19099],[2.42943,43.19083],[2.42968,43.19077],[2.42996,43.19082],[2.43051,43.19082],[2.4309,43.19078],[2.43148,43.19069],[2.43177,43.19064],[2.43177,43.19051],[2.43136,43.19037],[2.43117,43.19022],[2.43096,43.19007],[2.43091,43.18983],[2.43082,43.18963],[2.43062,43.18957],[2.43041,43.18936],[2.43015,43.18923],[2.42988,43.18893],[2.42978,43.18855],[2.42974,43.18827],[2.42964,43.18767],[2.43004,43.18708],[2.43032,43.18692],[2.43055,43.18645],[2.43075,43.18611],[2.43103,43.18582],[2.43133,43.18553],[2.43147,43.18535],[2.43163,43.18508],[2.43187,43.18452],[2.4321,43.18407],[2.4323,43.18368],[2.43255,43.18348],[2.43284,43.18317],[2.43281,43.18302],[2.43286,43.18286],[2.43298,43.18267],[2.43314,43.18239],[2.43333,43.18221],[2.4335,43.18203],[2.43365,43.18185],[2.4339,43.18154],[2.43396,43.1815],[2.43425,43.18125],[2.43433,43.18112],[2.43448,43.18091],[2.43455,43.18071],[2.43465,43.18047],[2.43476,43.18029],[2.43493,43.17987],[2.43494,43.17964],[2.43507,43.1794],[2.43529,43.17913],[2.43544,43.17901],[2.43569,43.1789],[2.43598,43.1787],[2.43617,43.17853],[2.43634,43.17829],[2.43728,43.17799],[2.43724,43.17786],[2.43702,43.17743],[2.43663,43.1773],[2.43635,43.17724],[2.43611,43.17727],[2.4358,43.17731],[2.43557,43.17738],[2.43536,43.1775],[2.43492,43.17755],[2.43377,43.17681],[2.43369,43.17672],[2.43351,43.17667],[2.43311,43.1767],[2.43279,43.17654],[2.4322,43.17658],[2.4323,43.17622],[2.43211,43.17548],[2.43083,43.17535],[2.43044,43.17521],[2.42977,43.17488],[2.42948,43.17461],[2.4294,43.17455],[2.42927,43.17455],[2.4291,43.17438],[2.42893,43.17408],[2.42879,43.17392],[2.42853,43.17363],[2.42844,43.17357],[2.42807,43.17339],[2.42778,43.17324],[2.42769,43.17306],[2.42747,43.17302],[2.42684,43.17296],[2.42631,43.17305],[2.4258,43.17305],[2.42452,43.17314],[2.42388,43.17317],[2.42323,43.17314],[2.42255,43.1733],[2.42231,43.17343],[2.42108,43.17369],[2.42095,43.1738],[2.4205,43.17484],[2.42014,43.17529],[2.42007,43.17537],[2.41988,43.17546],[2.41995,43.17555],[2.41997,43.17568],[2.41995,43.17589],[2.41984,43.17605],[2.4197,43.17615],[2.41954,43.17624],[2.41931,43.17635],[2.41909,43.1765],[2.4189,43.17663],[2.41835,43.17686],[2.41784,43.17705],[2.41769,43.1771],[2.41759,43.17722],[2.41721,43.1773],[2.41711,43.17735],[2.41707,43.1775],[2.41706,43.17806],[2.41707,43.1784],[2.41709,43.17845],[2.41711,43.17848],[2.41723,43.17854]]]]},"properties":{"ID":"115","id":"115","NOM_MASSIF":"CAVAYERE DROITE","dept":"11"}},{"type":"Feature","id":14,"geometry":{"type":"MultiPolygon","coordinates":[[[[2.4128,43.18274],[2.41313,43.1829],[2.41331,43.18266],[2.4138,43.18256],[2.41402,43.18252],[2.41439,43.18253],[2.41476,43.1826],[2.41484,43.18241],[2.41499,43.18226],[2.41523,43.1822],[2.41544,43.18221],[2.41583,43.18229],[2.41608,43.18231],[2.41621,43.18238],[2.41642,43.18236],[2.41642,43.18229],[2.41642,43.18218],[2.41631,43.18214],[2.41608,43.18197],[2.41578,43.1818],[2.41534,43.1816],[2.41549,43.18141],[2.41572,43.18112],[2.4159,43.18102],[2.41621,43.18066],[2.41625,43.18053],[2.41628,43.18015],[2.41686,43.17975],[2.41749,43.17929],[2.41757,43.17904],[2.41768,43.17895],[2.41783,43.17893],[2.41771,43.17892],[2.41753,43.17882],[2.41738,43.17867],[2.41723,43.17854],[2.41711,43.17848],[2.41709,43.17845],[2.41707,43.1784],[2.41705,43.17845],[2.41686,43.17864],[2.41662,43.17881],[2.41623,43.17894],[2.4159,43.1791],[2.41601,43.17937],[2.41625,43.17978],[2.41621,43.17996],[2.41624,43.18019],[2.41579,43.18096],[2.41564,43.18107],[2.4155,43.18102],[2.41538,43.18097],[2.41483,43.18077],[2.4147,43.18069],[2.41447,43.1807],[2.41437,43.18075],[2.41424,43.1809],[2.41398,43.1812],[2.41385,43.18126],[2.41374,43.18131],[2.41366,43.18143],[2.41361,43.18154],[2.41324,43.1816],[2.41291,43.18209],[2.41258,43.18262],[2.4128,43.18274]]],[[[2.41824,43.18655],[2.41837,43.18628],[2.41832,43.18612],[2.41824,43.18604],[2.41798,43.186],[2.41758,43.18606],[2.41741,43.18603],[2.41716,43.18601],[2.41666,43.18597],[2.41618,43.18602],[2.41587,43.18605],[2.4157,43.18605],[2.4154,43.18595],[2.4156,43.18589],[2.41592,43.18577],[2.41618,43.18562],[2.4164,43.18549],[2.41688,43.18549],[2.41713,43.18545],[2.41748,43.18541],[2.41771,43.18537],[2.41808,43.18539],[2.41791,43.1852],[2.41783,43.18501],[2.4176,43.18478],[2.41742,43.18462],[2.4174,43.18443],[2.41742,43.18416],[2.41755,43.18395],[2.41781,43.18372],[2.41798,43.1835],[2.41817,43.18326],[2.41813,43.18307],[2.41805,43.18297],[2.41787,43.18296],[2.41751,43.18332],[2.41703,43.18351],[2.41688,43.1836],[2.41644,43.18367],[2.41546,43.18387],[2.41467,43.18395],[2.41483,43.18444],[2.41508,43.18459],[2.41526,43.18479],[2.41537,43.18503],[2.41534,43.18518],[2.41522,43.18545],[2.41511,43.18564],[2.41502,43.1858],[2.41492,43.186],[2.41487,43.18615],[2.41487,43.18625],[2.41484,43.18632],[2.41478,43.18641],[2.41477,43.18651],[2.4149,43.1866],[2.4145,43.18708],[2.4156,43.18681],[2.41736,43.18666],[2.41743,43.18712],[2.41826,43.18711],[2.41822,43.18693],[2.41823,43.18677],[2.41824,43.18655]]]]},"properties":{"ID":"1123","id":"1123","NOM_MASSIF":"CAVAYERE GAUCHE","dept":"11"}},{"type":"Feature","id":15,"geometry":{"type":"MultiPolygon","coordinates":[[[[2.25597,43.34983],[2.25629,43.34977],[2.25698,43.34975],[2.25743,43.34988],[2.25815,43.35019],[2.25902,43.3509],[2.26001,43.35242],[2.26011,43.35249],[2.26024,43.35248],[2.26078,43.35225],[2.26195,43.35183],[2.26441,43.35131],[2.2655,43.35111],[2.26616,43.35172],[2.26697,43.3524],[2.26814,43.35324],[2.26919,43.35385],[2.27037,43.35446],[2.27036,43.35456],[2.26981,43.35472],[2.26916,43.35516],[2.26883,43.35557],[2.2685,43.35614],[2.26751,43.35681],[2.26712,43.35718],[2.2669,43.35763],[2.26649,43.35816],[2.26617,43.3585],[2.26577,43.35917],[2.26674,43.36058],[2.26641,43.36132],[2.26647,43.36145],[2.2667,43.36164],[2.26663,43.36256],[2.26545,43.36283],[2.26559,43.36294],[2.26597,43.36301],[2.2667,43.36308],[2.26689,43.3633],[2.26707,43.36367],[2.26671,43.36438],[2.26701,43.3651],[2.26718,43.36518],[2.26751,43.3651],[2.26821,43.36562],[2.2687,43.36581],[2.26883,43.366],[2.26887,43.36648],[2.26904,43.36658],[2.26932,43.3666],[2.27032,43.36614],[2.27055,43.36615],[2.27078,43.36655],[2.27073,43.36708],[2.27086,43.36741],[2.27101,43.3675],[2.27125,43.36751],[2.27145,43.36743],[2.27207,43.36697],[2.27225,43.36703],[2.27242,43.36764],[2.27284,43.36831],[2.27317,43.36842],[2.27387,43.36928],[2.27433,43.36927],[2.27489,43.36891],[2.27519,43.36889],[2.27549,43.36868],[2.27583,43.36872],[2.27612,43.36854],[2.27697,43.36793],[2.27744,43.36783],[2.27794,43.36786],[2.27835,43.36793],[2.27862,43.36801],[2.27882,43.36815],[2.27907,43.36837],[2.27936,43.36862],[2.27929,43.36874],[2.27942,43.36886],[2.27972,43.36892],[2.28166,43.36933],[2.28226,43.36933],[2.2831,43.36939],[2.28345,43.36933],[2.28479,43.36928],[2.28538,43.36937],[2.28594,43.36973],[2.28626,43.36976],[2.28721,43.36967],[2.28777,43.36976],[2.28899,43.37016],[2.28999,43.36965],[2.29042,43.36967],[2.29045,43.36938],[2.2914,43.36938],[2.29291,43.36938],[2.29334,43.36952],[2.2947,43.36977],[2.2956,43.36977],[2.29608,43.36947],[2.29651,43.36946],[2.29667,43.36957],[2.29699,43.36948],[2.29722,43.36924],[2.29782,43.36924],[2.29804,43.36979],[2.29801,43.37019],[2.29826,43.37041],[2.29894,43.37033],[2.29938,43.37027],[2.29943,43.3702],[2.29945,43.36981],[2.29921,43.36943],[2.29918,43.36925],[2.29932,43.36855],[2.2994,43.36843],[2.29981,43.36795],[2.3,43.36761],[2.30022,43.36741],[2.3004,43.36729],[2.30078,43.36703],[2.301,43.36703],[2.30164,43.36724],[2.30252,43.36733],[2.30481,43.36737],[2.30609,43.36803],[2.3069,43.36833],[2.30774,43.36841],[2.3093,43.36846],[2.31069,43.36874],[2.31105,43.36919],[2.31177,43.36943],[2.31283,43.37028],[2.31541,43.37072],[2.31566,43.37086],[2.31616,43.3714],[2.31636,43.37183],[2.31796,43.37068],[2.3199,43.36998],[2.32162,43.36971],[2.31967,43.36736],[2.31948,43.36723],[2.32041,43.36667],[2.32211,43.3658],[2.32351,43.36521],[2.32434,43.36493],[2.32535,43.3647],[2.32579,43.36462],[2.32617,43.36462],[2.32935,43.36718],[2.32886,43.36743],[2.32841,43.36745],[2.32811,43.36758],[2.32781,43.36793],[2.32761,43.36825],[2.32695,43.36871],[2.32677,43.36879],[2.3276,43.36946],[2.32691,43.36998],[2.32658,43.37054],[2.32644,43.371],[2.32634,43.3711],[2.32664,43.37157],[2.32698,43.37135],[2.32744,43.37136],[2.32845,43.37115],[2.33111,43.37121],[2.33174,43.37206],[2.33192,43.3721],[2.33212,43.37213],[2.33237,43.37213],[2.33421,43.37149],[2.33537,43.37094],[2.33663,43.3706],[2.33737,43.37073],[2.33731,43.37088],[2.33661,43.37135],[2.33559,43.37238],[2.33538,43.37277],[2.33512,43.37336],[2.33451,43.37367],[2.33447,43.37373],[2.33447,43.37384],[2.33497,43.37448],[2.33667,43.3755],[2.33706,43.37563],[2.33764,43.37581],[2.33855,43.37512],[2.33878,43.37474],[2.3394,43.37435],[2.34004,43.37409],[2.34028,43.37411],[2.34145,43.37445],[2.34201,43.37444],[2.3424,43.37436],[2.34294,43.37435],[2.34318,43.37429],[2.34434,43.37414],[2.34454,43.37417],[2.34492,43.37431],[2.34557,43.37423],[2.34557,43.37403],[2.34564,43.37392],[2.34595,43.37374],[2.34575,43.37346],[2.3461,43.37333],[2.34658,43.37323],[2.34687,43.37321],[2.3476,43.37324],[2.34909,43.37294],[2.34992,43.37307],[2.35022,43.37304],[2.35043,43.37305],[2.35072,43.37292],[2.35098,43.37279],[2.35114,43.37251],[2.35096,43.3722],[2.35099,43.37201],[2.3513,43.37176],[2.35172,43.37163],[2.35217,43.37164],[2.35242,43.37179],[2.35232,43.37277],[2.35231,43.37302],[2.35258,43.37323],[2.35322,43.37346],[2.35368,43.37335],[2.35402,43.37311],[2.35452,43.37298],[2.35535,43.37251],[2.35593,43.37234],[2.3565,43.37145],[2.35668,43.37101],[2.35673,43.37077],[2.35694,43.37007],[2.35896,43.36995],[2.36002,43.36966],[2.36195,43.37012],[2.36246,43.3701],[2.36361,43.37055],[2.3635,43.37077],[2.36351,43.37089],[2.36348,43.37097],[2.36364,43.3711],[2.36383,43.37128],[2.36398,43.37128],[2.36419,43.37125],[2.36459,43.37098],[2.36502,43.37068],[2.3653,43.37038],[2.3657,43.37],[2.36569,43.36986],[2.36564,43.36976],[2.36505,43.36947],[2.3652,43.36918],[2.36783,43.368],[2.36832,43.36714],[2.36989,43.36768],[2.3703,43.36761],[2.37062,43.36729],[2.37018,43.36696],[2.37048,43.36674],[2.37096,43.36653],[2.37134,43.36654],[2.37196,43.36687],[2.37248,43.36698],[2.3732,43.36708],[2.37387,43.36725],[2.37393,43.36714],[2.37408,43.36692],[2.37427,43.3668],[2.37488,43.36713],[2.37531,43.36713],[2.37566,43.36685],[2.37565,43.36684],[2.37529,43.3666],[2.37502,43.36629],[2.37503,43.36601],[2.37544,43.36566],[2.37602,43.36548],[2.37633,43.36526],[2.37677,43.36524],[2.37704,43.36514],[2.37717,43.365],[2.37718,43.36482],[2.37717,43.36473],[2.37679,43.36463],[2.37529,43.36422],[2.37519,43.36396],[2.3754,43.36372],[2.37589,43.36354],[2.37608,43.36338],[2.37665,43.36255],[2.37714,43.36233],[2.37924,43.36241],[2.37952,43.36206],[2.37953,43.36157],[2.37959,43.36136],[2.37996,43.3611],[2.38037,43.3611],[2.38095,43.36142],[2.38151,43.3616],[2.38195,43.36167],[2.38252,43.36147],[2.38239,43.36124],[2.38232,43.36088],[2.38253,43.36028],[2.38186,43.3596],[2.38157,43.35949],[2.38135,43.35928],[2.38139,43.35906],[2.38152,43.35865],[2.38138,43.35841],[2.38075,43.35832],[2.38068,43.35848],[2.38049,43.35878],[2.38013,43.35941],[2.38011,43.35945],[2.37986,43.35951],[2.37932,43.35948],[2.37897,43.35951],[2.3787,43.35949],[2.37857,43.35943],[2.37851,43.35923],[2.37849,43.35908],[2.37877,43.35877],[2.37937,43.35842],[2.37937,43.3582],[2.37889,43.35794],[2.37837,43.35788],[2.37749,43.35794],[2.37713,43.35805],[2.37709,43.3584],[2.37711,43.35881],[2.37714,43.3589],[2.37685,43.35959],[2.37655,43.35983],[2.37607,43.35984],[2.37541,43.35956],[2.37507,43.35927],[2.37499,43.359],[2.37445,43.35877],[2.37425,43.3585],[2.37434,43.35811],[2.37476,43.35784],[2.37518,43.35743],[2.37572,43.35713],[2.37617,43.35717],[2.37664,43.35671],[2.3766,43.35649],[2.37598,43.35587],[2.37556,43.35576],[2.37524,43.35577],[2.37476,43.35588],[2.37416,43.35597],[2.37368,43.35596],[2.37324,43.35582],[2.37281,43.3549],[2.37287,43.35465],[2.3731,43.35446],[2.37341,43.3543],[2.3736,43.35412],[2.3737,43.35399],[2.37387,43.3539],[2.37416,43.35391],[2.37441,43.35361],[2.37404,43.35326],[2.37355,43.35304],[2.37328,43.35268],[2.3733,43.35245],[2.37376,43.35224],[2.37428,43.35241],[2.37489,43.35256],[2.37587,43.3527],[2.37644,43.35258],[2.37731,43.35208],[2.37819,43.35062],[2.37841,43.35036],[2.37856,43.34987],[2.37866,43.34937],[2.37876,43.34912],[2.37882,43.34882],[2.37867,43.34849],[2.37868,43.34752],[2.37858,43.34681],[2.3784,43.34639],[2.37756,43.34585],[2.37758,43.34551],[2.37823,43.34555],[2.37825,43.34554],[2.37829,43.34553],[2.37864,43.34542],[2.37901,43.3453],[2.37913,43.34523],[2.37929,43.34513],[2.37935,43.34509],[2.37944,43.34503],[2.37944,43.34501],[2.37943,43.34499],[2.37939,43.34479],[2.37919,43.34462],[2.37918,43.34461],[2.37909,43.34456],[2.37889,43.34443],[2.37865,43.34391],[2.37863,43.34358],[2.37861,43.34332],[2.37852,43.34319],[2.37847,43.34311],[2.37847,43.34311],[2.37846,43.34311],[2.37834,43.34303],[2.37803,43.34284],[2.37766,43.34277],[2.37766,43.34277],[2.37739,43.34272],[2.37727,43.34265],[2.37724,43.34264],[2.3772,43.34262],[2.37719,43.34261],[2.37717,43.3426],[2.37722,43.34253],[2.37722,43.34252],[2.37731,43.34239],[2.37733,43.34236],[2.37752,43.34209],[2.37768,43.34194],[2.37784,43.3418],[2.37794,43.3417],[2.37862,43.34126],[2.37854,43.34106],[2.37815,43.34082],[2.37809,43.34072],[2.37763,43.34],[2.37762,43.33999],[2.37762,43.33978],[2.37795,43.33954],[2.37805,43.33946],[2.37831,43.33938],[2.37844,43.3394],[2.37895,43.33945],[2.37929,43.33954],[2.37983,43.33972],[2.37999,43.33977],[2.38028,43.33979],[2.38032,43.33979],[2.38078,43.33982],[2.38168,43.33977],[2.38292,43.3396],[2.38306,43.33814],[2.38307,43.33804],[2.38318,43.33792],[2.38323,43.33787],[2.38325,43.33784],[2.38326,43.33783],[2.38332,43.33765],[2.38326,43.33703],[2.38325,43.3369],[2.38325,43.33683],[2.38323,43.33666],[2.38332,43.33594],[2.38334,43.33579],[2.38343,43.33567],[2.38433,43.33438],[2.38433,43.33437],[2.38434,43.33437],[2.38509,43.33393],[2.38519,43.33351],[2.38516,43.3335],[2.38299,43.33301],[2.38299,43.33301],[2.38231,43.33311],[2.38198,43.33312],[2.3819,43.33314],[2.3817,43.33319],[2.38168,43.33315],[2.38148,43.33278],[2.38192,43.33237],[2.38195,43.33235],[2.3828,43.33179],[2.38317,43.33143],[2.38347,43.33114],[2.3835,43.33112],[2.38367,43.33102],[2.38429,43.33062],[2.38433,43.33056],[2.38439,43.33044],[2.38437,43.33042],[2.3841,43.33016],[2.38408,43.33014],[2.38405,43.33011],[2.38396,43.32995],[2.38368,43.32945],[2.38359,43.32921],[2.38379,43.32882],[2.38397,43.32815],[2.38403,43.32793],[2.38403,43.3276],[2.38403,43.3276],[2.38403,43.32758],[2.38401,43.32758],[2.384,43.32757],[2.38372,43.32745],[2.3835,43.32737],[2.3834,43.32733],[2.38334,43.32717],[2.38332,43.3271],[2.38332,43.3271],[2.38465,43.32598],[2.38575,43.32504],[2.38633,43.32455],[2.38639,43.32439],[2.38656,43.32394],[2.38656,43.32392],[2.38657,43.3238],[2.3866,43.32335],[2.38666,43.32257],[2.38658,43.32224],[2.38655,43.3221],[2.38656,43.32206],[2.38658,43.32185],[2.38662,43.3215],[2.38668,43.32104],[2.3867,43.32076],[2.38673,43.3204],[2.38694,43.31995],[2.38714,43.31953],[2.38723,43.31932],[2.38774,43.31861],[2.38839,43.31807],[2.38842,43.31804],[2.38862,43.31788],[2.38944,43.31748],[2.39007,43.31718],[2.39076,43.31705],[2.39212,43.31668],[2.3935,43.31543],[2.39428,43.31411],[2.3951,43.31342],[2.39521,43.31271],[2.39465,43.31042],[2.39426,43.30954],[2.39372,43.30866],[2.39432,43.3073],[2.3955,43.30641],[2.39652,43.30558],[2.39787,43.30387],[2.39831,43.30309],[2.39779,43.30271],[2.39728,43.30173],[2.39716,43.30061],[2.39772,43.29949],[2.39861,43.29893],[2.39927,43.29843],[2.39999,43.29822],[2.40179,43.2974],[2.40323,43.29662],[2.40379,43.29605],[2.40386,43.2951],[2.40345,43.29434],[2.40333,43.29353],[2.40335,43.29348],[2.40422,43.29172],[2.40446,43.29137],[2.40329,43.29024],[2.40242,43.28947],[2.40165,43.28866],[2.40071,43.28789],[2.4001,43.2873],[2.40036,43.28664],[2.40222,43.28607],[2.40315,43.28557],[2.40408,43.28458],[2.40696,43.28189],[2.40708,43.28114],[2.40677,43.28046],[2.40536,43.27838],[2.40425,43.27716],[2.40405,43.27602],[2.4031,43.27487],[2.40248,43.27483],[2.40085,43.27396],[2.39977,43.27388],[2.39867,43.27368],[2.39807,43.27321],[2.39772,43.27242],[2.39718,43.27015],[2.39748,43.26918],[2.39834,43.26813],[2.39877,43.26716],[2.3998,43.26543],[2.39937,43.26489],[2.39925,43.26429],[2.3989,43.26372],[2.39826,43.26347],[2.39871,43.26282],[2.39862,43.26217],[2.39826,43.26186],[2.39859,43.26136],[2.39969,43.26102],[2.39973,43.25986],[2.39805,43.25861],[2.39735,43.25685],[2.39782,43.25533],[2.39888,43.25448],[2.39804,43.25342],[2.39819,43.25123],[2.39769,43.24947],[2.3976,43.24571],[2.39907,43.24239],[2.40381,43.24226],[2.40572,43.2372],[2.40325,43.2374],[2.39792,43.23769],[2.39669,43.23907],[2.39731,43.23997],[2.39706,43.24097],[2.39583,43.24192],[2.39485,43.2421],[2.39212,43.2419],[2.38943,43.24178],[2.38808,43.24077],[2.3869,43.2412],[2.38556,43.24315],[2.3841,43.24311],[2.38342,43.24207],[2.38255,43.24139],[2.38217,43.24028],[2.38071,43.24009],[2.37993,43.24041],[2.37703,43.24128],[2.37456,43.23952],[2.37239,43.24147],[2.37034,43.24171],[2.37069,43.24096],[2.37158,43.24039],[2.37139,43.23957],[2.36834,43.2405],[2.36486,43.24004],[2.36274,43.23916],[2.36188,43.23883],[2.36153,43.23778],[2.35959,43.23664],[2.35939,43.23445],[2.35848,43.23366],[2.35744,43.2337],[2.35633,43.23436],[2.35528,43.23468],[2.35376,43.23396],[2.35178,43.23357],[2.34971,43.23275],[2.3484,43.23319],[2.34557,43.23289],[2.34122,43.23158],[2.33822,43.22958],[2.33613,43.22974],[2.33376,43.22943],[2.33238,43.23083],[2.32901,43.23224],[2.32664,43.23458],[2.32294,43.23172],[2.31857,43.23719],[2.31528,43.2343],[2.31369,43.23144],[2.31467,43.23079],[2.31483,43.23073],[2.31429,43.22888],[2.31486,43.22871],[2.31494,43.22707],[2.30852,43.22778],[2.30279,43.23083],[2.30157,43.23065],[2.29673,43.23219],[2.29551,43.23376],[2.28468,43.24071],[2.27608,43.24413],[2.27369,43.24099],[2.26866,43.23872],[2.26345,43.23881],[2.26414,43.24155],[2.26171,43.24216],[2.2595,43.24352],[2.25696,43.24427],[2.25539,43.2453],[2.25222,43.24438],[2.25027,43.24409],[2.2407,43.2477],[2.24007,43.24805],[2.23973,43.24757],[2.23928,43.24744],[2.23831,43.24687],[2.23755,43.24675],[2.23735,43.2456],[2.23671,43.24586],[2.23611,43.24652],[2.23453,43.24577],[2.23221,43.24573],[2.23163,43.24592],[2.23026,43.24565],[2.22889,43.24606],[2.22759,43.24586],[2.22641,43.24624],[2.22634,43.247],[2.22197,43.24783],[2.2217,43.24864],[2.21757,43.25052],[2.21542,43.25045],[2.21162,43.25185],[2.21227,43.2569],[2.21142,43.25742],[2.21115,43.25809],[2.20814,43.25878],[2.20742,43.26116],[2.20309,43.2616],[2.19984,43.26114],[2.19543,43.25973],[2.19653,43.25555],[2.19531,43.24954],[2.19642,43.24917],[2.19588,43.24626],[2.1964,43.24598],[2.19439,43.23821],[2.19156,43.23842],[2.19144,43.23723],[2.18744,43.23435],[2.18576,43.23815],[2.14157,43.24122],[2.14194,43.24303],[2.14324,43.24319],[2.14451,43.24501],[2.14409,43.24743],[2.14258,43.24848],[2.14507,43.2526],[2.1422,43.25292],[2.14005,43.25279],[2.13654,43.25352],[2.13725,43.2554],[2.13137,43.25771],[2.13312,43.2592],[2.13463,43.26485],[2.13581,43.2666],[2.12793,43.2716],[2.12574,43.27689],[2.12669,43.28459],[2.12598,43.28558],[2.12631,43.28629],[2.12487,43.28658],[2.12349,43.28739],[2.12347,43.28778],[2.12267,43.28773],[2.1214,43.28856],[2.12116,43.28886],[2.12294,43.29124],[2.12463,43.29084],[2.12508,43.29195],[2.12643,43.29235],[2.12662,43.29282],[2.12782,43.29315],[2.12972,43.29548],[2.13007,43.29616],[2.13128,43.29732],[2.13189,43.29756],[2.1345,43.30079],[2.13791,43.2996],[2.1386,43.29982],[2.13956,43.29988],[2.13957,43.30023],[2.13885,43.3009],[2.14,43.30114],[2.14025,43.30198],[2.14081,43.30256],[2.14119,43.30331],[2.14516,43.30628],[2.1478,43.30786],[2.14862,43.30812],[2.14948,43.30826],[2.15,43.30828],[2.15054,43.30835],[2.1518,43.3088],[2.15371,43.30973],[2.15511,43.31009],[2.15672,43.31],[2.16128,43.30922],[2.16333,43.30905],[2.16565,43.30798],[2.16605,43.30862],[2.16652,43.30877],[2.16676,43.30893],[2.16665,43.30945],[2.16588,43.30999],[2.16575,43.31022],[2.16576,43.31066],[2.1655,43.31133],[2.16553,43.31161],[2.16603,43.31192],[2.16648,43.31273],[2.16681,43.3147],[2.16825,43.31614],[2.16849,43.31653],[2.17777,43.31556],[2.18094,43.3173],[2.18115,43.31811],[2.17906,43.31823],[2.17763,43.31847],[2.1771,43.31874],[2.17456,43.32113],[2.17183,43.32329],[2.17334,43.32454],[2.17421,43.32425],[2.17582,43.32473],[2.17594,43.32531],[2.17628,43.32571],[2.17763,43.32547],[2.17915,43.32578],[2.18143,43.32562],[2.18315,43.33164],[2.18364,43.33279],[2.18468,43.3376],[2.1875,43.33912],[2.18733,43.34056],[2.18858,43.34202],[2.18918,43.34295],[2.19108,43.34285],[2.2005,43.34343],[2.20152,43.34266],[2.20253,43.34267],[2.20367,43.34287],[2.20426,43.34214],[2.20424,43.34154],[2.2033,43.34091],[2.20295,43.34015],[2.20326,43.33934],[2.20391,43.33928],[2.20508,43.33957],[2.20551,43.33919],[2.20552,43.33865],[2.20638,43.33746],[2.20809,43.33652],[2.20843,43.33541],[2.20994,43.33454],[2.21124,43.3355],[2.21191,43.33622],[2.21213,43.33691],[2.2129,43.33758],[2.21328,43.33846],[2.21396,43.33895],[2.21431,43.33959],[2.21636,43.33975],[2.22179,43.33795],[2.22441,43.33519],[2.22844,43.33129],[2.2294,43.3332],[2.2307,43.33362],[2.23147,43.33441],[2.2316,43.33636],[2.23132,43.33783],[2.23216,43.33865],[2.23212,43.33903],[2.2312,43.33995],[2.23115,43.34097],[2.22935,43.34398],[2.22894,43.34548],[2.22756,43.34642],[2.22663,43.3477],[2.22726,43.34882],[2.22729,43.34959],[2.22678,43.3512],[2.22538,43.35291],[2.22521,43.35374],[2.22556,43.35414],[2.22581,43.35496],[2.22557,43.35612],[2.22605,43.35653],[2.22586,43.35882],[2.22596,43.3591],[2.22612,43.35938],[2.22625,43.35962],[2.22629,43.35979],[2.22642,43.36],[2.227,43.36089],[2.2269,43.36143],[2.22711,43.36195],[2.2273,43.36261],[2.22753,43.36282],[2.22755,43.36352],[2.22806,43.36404],[2.22812,43.36428],[2.2282,43.36541],[2.22829,43.36606],[2.2285,43.36615],[2.22895,43.36621],[2.22919,43.3665],[2.22907,43.36702],[2.2291,43.36725],[2.22959,43.36834],[2.22981,43.36836],[2.23007,43.3683],[2.2309,43.36796],[2.23642,43.36666],[2.2378,43.36627],[2.2384,43.3662],[2.23894,43.36623],[2.23961,43.36634],[2.24004,43.36637],[2.2405,43.36633],[2.24099,43.36616],[2.24327,43.36618],[2.24445,43.3662],[2.24519,43.36611],[2.24588,43.36607],[2.24632,43.36594],[2.24685,43.3659],[2.24777,43.36598],[2.24792,43.36542],[2.24854,43.36409],[2.24867,43.36363],[2.2487,43.36272],[2.24858,43.36191],[2.24859,43.36171],[2.24893,43.36073],[2.24898,43.36048],[2.249,43.36028],[2.24887,43.35974],[2.2486,43.35871],[2.24811,43.35699],[2.24778,43.35562],[2.24778,43.35504],[2.24807,43.35482],[2.24826,43.35475],[2.25009,43.35484],[2.2503,43.35536],[2.25044,43.35544],[2.25064,43.35543],[2.2518,43.35559],[2.25255,43.35564],[2.25345,43.35602],[2.25365,43.35615],[2.25415,43.35587],[2.25493,43.35531],[2.255,43.35502],[2.255,43.35473],[2.25482,43.35341],[2.25484,43.35323],[2.25511,43.35254],[2.25514,43.35219],[2.25513,43.35151],[2.25519,43.35124],[2.25533,43.35095],[2.25566,43.3507],[2.25578,43.35007],[2.25597,43.34983]]]]},"properties":{"ID":"1113","id":"1113","NOM_MASSIF":"CABARDES","dept":"11"}},{"type":"Feature","id":16,"geometry":{"type":"MultiPolygon","coordinates":[[[[2.1222,43.35377],[2.12259,43.35414],[2.12302,43.35386],[2.12358,43.35351],[2.12493,43.35278],[2.12629,43.3531],[2.12653,43.35441],[2.12705,43.35593],[2.12681,43.35685],[2.12634,43.35751],[2.12628,43.35845],[2.12583,43.35903],[2.12632,43.35963],[2.12633,43.36159],[2.12659,43.36237],[2.12613,43.36268],[2.12622,43.36328],[2.12788,43.36447],[2.12842,43.36534],[2.12835,43.3659],[2.12765,43.36671],[2.12805,43.36726],[2.12783,43.36784],[2.12842,43.37012],[2.12799,43.37026],[2.12724,43.37023],[2.1266,43.37042],[2.12674,43.37081],[2.12711,43.37101],[2.12693,43.37141],[2.12643,43.37193],[2.12583,43.37248],[2.12573,43.37307],[2.12419,43.37356],[2.12354,43.37422],[2.12297,43.37444],[2.12165,43.37596],[2.12113,43.3774],[2.12022,43.37771],[2.11964,43.37751],[2.11889,43.37768],[2.11685,43.37923],[2.11602,43.37933],[2.11573,43.38037],[2.11614,43.38142],[2.11516,43.38236],[2.1148,43.38326],[2.11361,43.38454],[2.11386,43.38612],[2.11361,43.38649],[2.11223,43.38741],[2.11157,43.38778],[2.11016,43.39049],[2.10908,43.39068],[2.108,43.39279],[2.10846,43.39416],[2.10863,43.39436],[2.1092,43.39481],[2.11063,43.39639],[2.11183,43.39647],[2.11342,43.39889],[2.11518,43.39876],[2.1173,43.39892],[2.11808,43.39938],[2.12012,43.39948],[2.12141,43.39922],[2.12262,43.39936],[2.12502,43.40012],[2.12762,43.39934],[2.12988,43.40004],[2.13117,43.40173],[2.13258,43.40331],[2.13327,43.40332],[2.13563,43.40321],[2.13729,43.40375],[2.13939,43.40408],[2.14139,43.4051],[2.14084,43.40761],[2.14528,43.40812],[2.14896,43.40986],[2.15017,43.40984],[2.15062,43.41182],[2.15087,43.41287],[2.15342,43.41334],[2.15548,43.41339],[2.15658,43.41423],[2.15919,43.41541],[2.16335,43.41601],[2.16611,43.41609],[2.17047,43.4168],[2.17159,43.41524],[2.17192,43.4142],[2.17266,43.41347],[2.17379,43.41292],[2.17563,43.41003],[2.17636,43.40849],[2.17952,43.40384],[2.17933,43.40212],[2.18201,43.3993],[2.18912,43.39424],[2.19197,43.3925],[2.19314,43.3911],[2.19823,43.38946],[2.20251,43.38697],[2.20645,43.38508],[2.20923,43.38468],[2.21197,43.3846],[2.21517,43.38283],[2.21621,43.38437],[2.21686,43.38419],[2.21771,43.38508],[2.21749,43.38632],[2.21938,43.38712],[2.21877,43.38972],[2.22027,43.39043],[2.22218,43.39267],[2.22251,43.39372],[2.22443,43.39375],[2.22677,43.39605],[2.22495,43.39776],[2.22625,43.39933],[2.22482,43.40288],[2.22771,43.40409],[2.23025,43.40532],[2.22949,43.40773],[2.23005,43.41086],[2.22583,43.41399],[2.22316,43.41682],[2.22314,43.41733],[2.22374,43.41783],[2.22294,43.41905],[2.22339,43.41941],[2.22301,43.42024],[2.22394,43.42139],[2.22332,43.42267],[2.22268,43.42273],[2.22332,43.42428],[2.22424,43.42479],[2.22416,43.42568],[2.22276,43.42645],[2.22175,43.42622],[2.22099,43.42661],[2.2219,43.42692],[2.22268,43.42903],[2.2234,43.43176],[2.22448,43.43295],[2.22476,43.4318],[2.22549,43.43139],[2.23246,43.43425],[2.2336,43.43476],[2.23456,43.43689],[2.2375,43.43788],[2.23817,43.43889],[2.23929,43.43952],[2.24058,43.43985],[2.24156,43.44244],[2.24405,43.44529],[2.24482,43.44793],[2.24679,43.44879],[2.24977,43.44906],[2.25021,43.44864],[2.25326,43.45003],[2.2542,43.45133],[2.25676,43.4525],[2.25714,43.45355],[2.25609,43.455],[2.25732,43.45576],[2.25831,43.45974],[2.26014,43.45963],[2.2622,43.45925],[2.26378,43.45614],[2.26487,43.45506],[2.26539,43.45323],[2.26722,43.45152],[2.269,43.44994],[2.2728,43.44809],[2.2737,43.44776],[2.27529,43.44585],[2.27687,43.44494],[2.28176,43.44135],[2.28553,43.44391],[2.29264,43.44412],[2.2999,43.4469],[2.3015,43.44751],[2.3023,43.44764],[2.30312,43.44764],[2.30391,43.44771],[2.30431,43.44767],[2.30471,43.44761],[2.30546,43.44741],[2.30611,43.44706],[2.30666,43.44663],[2.3102,43.44236],[2.31539,43.44042],[2.3314,43.43773],[2.33302,43.437],[2.33513,43.4369],[2.33701,43.4348],[2.33846,43.43371],[2.34156,43.43237],[2.34317,43.43268],[2.34473,43.43279],[2.34881,43.43291],[2.35064,43.43226],[2.36099,43.42586],[2.36339,43.42468],[2.36458,43.42411],[2.36758,43.42337],[2.37522,43.42309],[2.37606,43.4236],[2.37864,43.42335],[2.38119,43.4223],[2.383,43.4211],[2.38413,43.41868],[2.38979,43.42011],[2.39194,43.42018],[2.39342,43.41995],[2.3953,43.41864],[2.39599,43.41705],[2.39707,43.41651],[2.3991,43.41707],[2.40161,43.4172],[2.40335,43.41842],[2.40524,43.41935],[2.40367,43.42457],[2.40522,43.42493],[2.40776,43.42492],[2.41047,43.42568],[2.41414,43.4267],[2.41429,43.42714],[2.41646,43.42776],[2.41796,43.4279],[2.42063,43.42952],[2.42207,43.42988],[2.42345,43.43144],[2.4249,43.43288],[2.42621,43.43432],[2.42743,43.43557],[2.42954,43.43572],[2.4312,43.43589],[2.4333,43.43449],[2.43532,43.43511],[2.43865,43.43413],[2.44193,43.43453],[2.44287,43.434],[2.44443,43.43361],[2.44553,43.43397],[2.44611,43.43326],[2.44975,43.43272],[2.45242,43.43189],[2.45723,43.43305],[2.45998,43.4328],[2.46242,43.43551],[2.46462,43.4356],[2.46668,43.43481],[2.46959,43.43526],[2.4736,43.4367],[2.47469,43.4371],[2.47844,43.43681],[2.48134,43.43696],[2.48382,43.43687],[2.48578,43.43642],[2.49017,43.43806],[2.49085,43.43824],[2.49413,43.43707],[2.49709,43.43689],[2.4976,43.43411],[2.49684,43.43282],[2.5031,43.42858],[2.50822,43.42796],[2.50866,43.42785],[2.51058,43.42829],[2.51283,43.42791],[2.51459,43.42748],[2.51644,43.42546],[2.51896,43.4236],[2.53081,43.42328],[2.53705,43.42439],[2.54108,43.42499],[2.54398,43.42476],[2.54667,43.42445],[2.55044,43.42494],[2.55427,43.42399],[2.55705,43.42258],[2.55999,43.4207],[2.56103,43.42021],[2.56624,43.4231],[2.56732,43.42245],[2.57284,43.42074],[2.57497,43.4197],[2.57763,43.41915],[2.58006,43.41779],[2.58052,43.41759],[2.581,43.41742],[2.58127,43.41725],[2.5814,43.41716],[2.5817,43.41684],[2.58173,43.41644],[2.58173,43.41633],[2.58172,43.41608],[2.58139,43.41575],[2.58116,43.41541],[2.58181,43.41358],[2.59077,43.41251],[2.59341,43.41253],[2.59449,43.41139],[2.59486,43.41032],[2.59473,43.40935],[2.5936,43.40839],[2.5924,43.40705],[2.59188,43.40627],[2.59281,43.40386],[2.59057,43.40245],[2.58839,43.40124],[2.58671,43.39924],[2.58279,43.39861],[2.5769,43.39825],[2.57329,43.39972],[2.5689,43.40041],[2.56698,43.39793],[2.5659,43.39763],[2.5659,43.39763],[2.55948,43.39953],[2.55771,43.40044],[2.55458,43.40011],[2.55128,43.40039],[2.55037,43.40017],[2.54752,43.39896],[2.54653,43.3987],[2.54571,43.39681],[2.54603,43.39558],[2.54523,43.39256],[2.54473,43.39131],[2.54369,43.39048],[2.54026,43.39022],[2.53943,43.39222],[2.5378,43.39271],[2.53649,43.3929],[2.5339,43.39046],[2.53256,43.39083],[2.53115,43.39111],[2.52562,43.39299],[2.52338,43.39474],[2.51918,43.39732],[2.51581,43.39866],[2.51385,43.39975],[2.5132,43.40036],[2.51262,43.40187],[2.51208,43.40374],[2.50859,43.40377],[2.50701,43.40119],[2.50593,43.40112],[2.49689,43.39762],[2.49571,43.3975],[2.49158,43.39615],[2.48897,43.39585],[2.48657,43.39446],[2.48557,43.39309],[2.48107,43.39219],[2.47945,43.39147],[2.4785,43.39085],[2.4774,43.39037],[2.47656,43.38974],[2.47594,43.38915],[2.47632,43.38679],[2.47606,43.38638],[2.47535,43.38612],[2.47354,43.38444],[2.47286,43.38377],[2.47221,43.38282],[2.47137,43.38239],[2.4689,43.38131],[2.4687,43.38183],[2.46958,43.38216],[2.46983,43.38266],[2.47039,43.38281],[2.47084,43.38331],[2.47142,43.3835],[2.47102,43.38524],[2.47036,43.38564],[2.47055,43.3861],[2.4712,43.38619],[2.47136,43.38667],[2.47073,43.38755],[2.46982,43.38773],[2.47023,43.38864],[2.47101,43.38903],[2.47077,43.39038],[2.47155,43.39081],[2.4723,43.39172],[2.4717,43.39205],[2.47092,43.39195],[2.47085,43.39252],[2.47068,43.3929],[2.46917,43.39454],[2.46952,43.39492],[2.46912,43.39587],[2.46869,43.39644],[2.46725,43.39674],[2.46608,43.39655],[2.46562,43.39666],[2.46507,43.39685],[2.46396,43.39694],[2.46307,43.39727],[2.4616,43.39712],[2.46063,43.3969],[2.45958,43.3973],[2.45882,43.39794],[2.45596,43.39712],[2.45545,43.39592],[2.4548,43.39616],[2.45448,43.39623],[2.45321,43.39659],[2.45266,43.39681],[2.45193,43.39704],[2.45141,43.39736],[2.45119,43.39752],[2.45114,43.39773],[2.45124,43.398],[2.45154,43.3986],[2.45228,43.39954],[2.4513,43.39949],[2.44785,43.39831],[2.44564,43.39777],[2.44417,43.39767],[2.44293,43.39738],[2.44247,43.39797],[2.43891,43.39771],[2.43723,43.39656],[2.43677,43.39644],[2.43625,43.39665],[2.43546,43.39653],[2.43472,43.39595],[2.4339,43.39578],[2.43257,43.3953],[2.4319,43.39373],[2.43138,43.3931],[2.4296,43.3924],[2.42827,43.39209],[2.42538,43.39304],[2.42327,43.39296],[2.42289,43.3914],[2.42284,43.39123],[2.42267,43.39086],[2.42246,43.3907],[2.42172,43.39058],[2.42029,43.39206],[2.41955,43.39106],[2.41884,43.39062],[2.41672,43.38964],[2.41464,43.38948],[2.41373,43.38919],[2.41229,43.3889],[2.41131,43.38906],[2.40938,43.38974],[2.40811,43.38914],[2.40671,43.38882],[2.40622,43.38896],[2.40345,43.38864],[2.4025,43.3887],[2.40123,43.38843],[2.40025,43.38852],[2.39849,43.38847],[2.39759,43.38703],[2.39665,43.38684],[2.3956,43.38709],[2.39459,43.38675],[2.39483,43.38616],[2.39552,43.38562],[2.39481,43.38476],[2.39593,43.38381],[2.39587,43.38352],[2.39424,43.38325],[2.39372,43.38327],[2.39336,43.38306],[2.39366,43.38249],[2.39347,43.38192],[2.39292,43.38151],[2.39248,43.3807],[2.39202,43.38044],[2.39046,43.38019],[2.39008,43.38042],[2.39002,43.38097],[2.38931,43.38104],[2.38883,43.38016],[2.3866,43.37988],[2.3866,43.37987],[2.38656,43.37801],[2.3864,43.37744],[2.38542,43.37734],[2.38523,43.37726],[2.38549,43.37611],[2.38556,43.37585],[2.38545,43.37578],[2.3853,43.37567],[2.38477,43.37574],[2.3844,43.37635],[2.38387,43.37633],[2.38308,43.37588],[2.38337,43.37539],[2.38342,43.37505],[2.38288,43.37496],[2.38193,43.37477],[2.38126,43.37479],[2.38055,43.3746],[2.37988,43.37472],[2.37939,43.37471],[2.37935,43.37456],[2.3793,43.37405],[2.37861,43.37386],[2.37728,43.37394],[2.37717,43.37351],[2.37749,43.37311],[2.37804,43.37297],[2.3788,43.37299],[2.37905,43.3732],[2.37922,43.37316],[2.37886,43.37263],[2.37843,43.37239],[2.37814,43.37229],[2.3779,43.37216],[2.37788,43.37189],[2.37823,43.37168],[2.37825,43.37154],[2.37807,43.3714],[2.37795,43.37123],[2.37811,43.37076],[2.37801,43.37056],[2.37788,43.37048],[2.37759,43.37051],[2.37747,43.3705],[2.37716,43.37046],[2.37721,43.37021],[2.378,43.36939],[2.3783,43.36923],[2.37856,43.36903],[2.37838,43.36887],[2.37762,43.36868],[2.37723,43.36863],[2.37674,43.36842],[2.37667,43.3684],[2.37567,43.36802],[2.37567,43.36802],[2.37573,43.36759],[2.37573,43.36759],[2.37587,43.36737],[2.37597,43.36718],[2.376,43.36703],[2.37586,43.36686],[2.37566,43.36685],[2.37531,43.36713],[2.37488,43.36713],[2.37427,43.3668],[2.37408,43.36692],[2.37387,43.36725],[2.3732,43.36708],[2.37248,43.36698],[2.37196,43.36687],[2.37134,43.36654],[2.37096,43.36653],[2.37048,43.36674],[2.37018,43.36696],[2.37062,43.36729],[2.3703,43.36761],[2.36989,43.36768],[2.36832,43.36714],[2.36783,43.368],[2.3652,43.36918],[2.36505,43.36947],[2.36564,43.36976],[2.36569,43.36986],[2.3657,43.37],[2.3653,43.37038],[2.36502,43.37068],[2.36419,43.37125],[2.36398,43.37128],[2.36383,43.37128],[2.36348,43.37097],[2.36351,43.37089],[2.3635,43.37077],[2.36361,43.37055],[2.36246,43.3701],[2.36195,43.37012],[2.36002,43.36966],[2.35896,43.36995],[2.35701,43.37003],[2.35694,43.37007],[2.35673,43.37077],[2.35668,43.37101],[2.3565,43.37145],[2.35593,43.37234],[2.35535,43.37251],[2.35452,43.37298],[2.35402,43.37311],[2.35368,43.37335],[2.35322,43.37346],[2.35258,43.37323],[2.35231,43.37302],[2.35232,43.37277],[2.35242,43.37179],[2.35217,43.37164],[2.35172,43.37163],[2.3513,43.37176],[2.35099,43.37201],[2.35096,43.3722],[2.35114,43.37251],[2.35098,43.37279],[2.35043,43.37305],[2.35022,43.37304],[2.34992,43.37307],[2.34909,43.37294],[2.3476,43.37324],[2.34687,43.37321],[2.34658,43.37323],[2.3461,43.37333],[2.34575,43.37346],[2.34595,43.37374],[2.34564,43.37392],[2.34557,43.37403],[2.34557,43.37423],[2.34557,43.37423],[2.34492,43.37431],[2.34454,43.37417],[2.34434,43.37414],[2.34434,43.37414],[2.34318,43.37429],[2.34294,43.37435],[2.3424,43.37436],[2.34201,43.37444],[2.34145,43.37445],[2.34028,43.37411],[2.34004,43.37409],[2.3394,43.37435],[2.33878,43.37474],[2.33855,43.37512],[2.33764,43.37581],[2.33667,43.3755],[2.33497,43.37448],[2.33447,43.37384],[2.33447,43.37373],[2.33451,43.37367],[2.33512,43.37336],[2.33512,43.37336],[2.33559,43.37238],[2.33661,43.37135],[2.33731,43.37088],[2.33737,43.37073],[2.33663,43.3706],[2.33537,43.37094],[2.33421,43.37149],[2.33237,43.37213],[2.33212,43.37213],[2.33192,43.3721],[2.33174,43.37206],[2.33174,43.37206],[2.33111,43.37121],[2.32845,43.37115],[2.32744,43.37136],[2.32698,43.37135],[2.32664,43.37157],[2.32634,43.3711],[2.32634,43.3711],[2.32644,43.371],[2.32658,43.37054],[2.32691,43.36998],[2.32763,43.36946],[2.32677,43.36879],[2.32695,43.36871],[2.32761,43.36825],[2.32781,43.36793],[2.32811,43.36758],[2.32841,43.36745],[2.32886,43.36743],[2.32935,43.36718],[2.32617,43.36462],[2.32579,43.36462],[2.32434,43.36493],[2.32351,43.36521],[2.32211,43.3658],[2.32041,43.36667],[2.31948,43.36723],[2.31967,43.36736],[2.32162,43.36971],[2.3199,43.36998],[2.31878,43.37037],[2.31787,43.37075],[2.31711,43.37129],[2.31646,43.37184],[2.31636,43.37183],[2.31616,43.3714],[2.31566,43.37086],[2.31541,43.37072],[2.31283,43.37028],[2.31241,43.36988],[2.31177,43.36943],[2.31105,43.36919],[2.31069,43.36874],[2.3093,43.36846],[2.30892,43.36844],[2.30774,43.36841],[2.3069,43.36833],[2.30609,43.36803],[2.30527,43.36758],[2.30481,43.36737],[2.30353,43.36734],[2.30252,43.36733],[2.30164,43.36724],[2.301,43.36703],[2.30078,43.36703],[2.30022,43.36741],[2.3,43.36761],[2.3,43.36761],[2.29981,43.36795],[2.2994,43.36843],[2.29932,43.36855],[2.29918,43.36925],[2.29921,43.36943],[2.29945,43.36981],[2.29943,43.3702],[2.29938,43.37027],[2.29826,43.37041],[2.29801,43.37019],[2.29804,43.36979],[2.29782,43.36924],[2.29722,43.36924],[2.29699,43.36948],[2.29667,43.36957],[2.29651,43.36946],[2.29608,43.36947],[2.2956,43.36977],[2.2947,43.36977],[2.29334,43.36952],[2.29291,43.36938],[2.29045,43.36938],[2.29042,43.36967],[2.28999,43.36965],[2.28899,43.37016],[2.28777,43.36976],[2.28721,43.36967],[2.28635,43.36976],[2.28594,43.36973],[2.28538,43.36937],[2.28479,43.36928],[2.28345,43.36933],[2.2831,43.36939],[2.28226,43.36933],[2.28166,43.36933],[2.27942,43.36886],[2.27929,43.36874],[2.27936,43.36862],[2.27882,43.36815],[2.27862,43.36801],[2.27835,43.36793],[2.27794,43.36786],[2.27744,43.36783],[2.27697,43.36793],[2.27612,43.36854],[2.27583,43.36872],[2.27549,43.36868],[2.27519,43.36889],[2.27489,43.36891],[2.27433,43.36927],[2.27387,43.36928],[2.27317,43.36842],[2.27284,43.36831],[2.27242,43.36764],[2.27225,43.36703],[2.27207,43.36697],[2.27145,43.36743],[2.27125,43.36751],[2.27101,43.3675],[2.27086,43.36741],[2.27073,43.36708],[2.27078,43.36655],[2.27055,43.36615],[2.27032,43.36614],[2.26932,43.3666],[2.26904,43.36658],[2.26887,43.36648],[2.26883,43.366],[2.2687,43.36581],[2.26821,43.36562],[2.26751,43.3651],[2.26718,43.36518],[2.26701,43.3651],[2.26671,43.36438],[2.26707,43.36367],[2.26689,43.3633],[2.2667,43.36308],[2.26597,43.36301],[2.26559,43.36294],[2.26545,43.36283],[2.26663,43.36256],[2.2667,43.36164],[2.26647,43.36145],[2.26641,43.36132],[2.26674,43.36058],[2.26577,43.35917],[2.26617,43.3585],[2.26649,43.35816],[2.2669,43.35763],[2.26712,43.35718],[2.26751,43.35681],[2.2685,43.35614],[2.26883,43.35557],[2.26916,43.35516],[2.26981,43.35472],[2.27036,43.35456],[2.27037,43.35446],[2.27037,43.35446],[2.26919,43.35385],[2.26814,43.35324],[2.26697,43.3524],[2.26616,43.35172],[2.2655,43.35111],[2.26441,43.35131],[2.26195,43.35183],[2.26078,43.35225],[2.26024,43.35248],[2.26011,43.35249],[2.26001,43.35242],[2.25902,43.3509],[2.25815,43.35019],[2.25743,43.34988],[2.25698,43.34975],[2.25629,43.34977],[2.25597,43.34983],[2.25578,43.35007],[2.25566,43.3507],[2.25533,43.35095],[2.25519,43.35124],[2.25513,43.35151],[2.25514,43.35219],[2.25511,43.35254],[2.25484,43.35323],[2.25482,43.35341],[2.255,43.35473],[2.255,43.35502],[2.25493,43.35531],[2.25415,43.35587],[2.25365,43.35615],[2.25345,43.35602],[2.25255,43.35564],[2.2518,43.35559],[2.25064,43.35543],[2.25044,43.35544],[2.2503,43.35536],[2.25009,43.35484],[2.24826,43.35475],[2.24807,43.35482],[2.24778,43.35504],[2.24778,43.35562],[2.24796,43.35637],[2.24811,43.35699],[2.24887,43.35974],[2.249,43.36028],[2.24898,43.36048],[2.24893,43.36073],[2.24859,43.36171],[2.24858,43.36191],[2.2487,43.36272],[2.24867,43.36363],[2.24854,43.36409],[2.2482,43.36475],[2.24792,43.36542],[2.24777,43.36598],[2.24676,43.3659],[2.24632,43.36594],[2.24588,43.36607],[2.24519,43.36611],[2.24445,43.3662],[2.24205,43.36618],[2.24099,43.36616],[2.2405,43.36633],[2.24004,43.36637],[2.23961,43.36634],[2.23894,43.36623],[2.2384,43.3662],[2.2378,43.36627],[2.23642,43.36666],[2.23642,43.36666],[2.23347,43.36734],[2.2309,43.36796],[2.23007,43.3683],[2.22981,43.36836],[2.22959,43.36834],[2.2291,43.36725],[2.22907,43.36702],[2.22919,43.3665],[2.22895,43.36621],[2.2285,43.36615],[2.22829,43.36606],[2.22812,43.36428],[2.22806,43.36404],[2.22755,43.36352],[2.22753,43.36282],[2.2273,43.36261],[2.22711,43.36195],[2.2269,43.36143],[2.227,43.36089],[2.22642,43.36],[2.22595,43.35934],[2.22589,43.35891],[2.22591,43.35729],[2.22605,43.35653],[2.2256,43.3561],[2.22581,43.35505],[2.22559,43.3545],[2.22511,43.35364],[2.22531,43.353],[2.22677,43.3512],[2.22728,43.34968],[2.22723,43.34868],[2.22659,43.34777],[2.22736,43.34664],[2.22891,43.34541],[2.22928,43.34401],[2.23119,43.34076],[2.23116,43.34002],[2.23226,43.33882],[2.23136,43.33776],[2.23158,43.33603],[2.23156,43.3345],[2.23069,43.33362],[2.2294,43.33299],[2.22843,43.3312],[2.2217,43.33786],[2.21633,43.3398],[2.21434,43.33957],[2.21348,43.33854],[2.21293,43.33756],[2.2121,43.33691],[2.21194,43.33619],[2.20994,43.33454],[2.2084,43.3355],[2.20809,43.33645],[2.20641,43.33746],[2.20552,43.33858],[2.20514,43.33964],[2.20388,43.33923],[2.20326,43.33937],[2.20292,43.3402],[2.20327,43.34092],[2.20427,43.3414],[2.20426,43.34211],[2.20379,43.34292],[2.20262,43.34267],[2.20155,43.34262],[2.20063,43.34338],[2.19085,43.34287],[2.18927,43.343],[2.18723,43.34053],[2.18758,43.33928],[2.18748,43.33904],[2.18477,43.33788],[2.1846,43.33773],[2.18367,43.33273],[2.18315,43.33169],[2.18136,43.32574],[2.17909,43.32579],[2.17763,43.32549],[2.17632,43.32572],[2.1759,43.3253],[2.17588,43.32476],[2.17416,43.32423],[2.17334,43.32453],[2.17184,43.32331],[2.17454,43.32116],[2.1771,43.31873],[2.17767,43.31846],[2.17905,43.31823],[2.18119,43.31811],[2.18094,43.31733],[2.17757,43.31552],[2.16866,43.31649],[2.16683,43.3147],[2.1665,43.31274],[2.16605,43.31193],[2.16547,43.31154],[2.16584,43.31059],[2.16572,43.31016],[2.16651,43.3095],[2.16671,43.30896],[2.16613,43.30864],[2.16553,43.30795],[2.16337,43.3091],[2.16121,43.30925],[2.15677,43.31],[2.15459,43.30994],[2.15428,43.31077],[2.15328,43.31223],[2.15324,43.31311],[2.1474,43.31521],[2.14575,43.31665],[2.14554,43.31791],[2.14524,43.31824],[2.14543,43.31872],[2.14519,43.31912],[2.14457,43.3195],[2.14443,43.31995],[2.14511,43.32031],[2.14529,43.32112],[2.14604,43.32158],[2.14628,43.32299],[2.14594,43.32333],[2.14476,43.32416],[2.14371,43.32454],[2.14279,43.3252],[2.14181,43.32545],[2.14095,43.32585],[2.13981,43.32589],[2.13909,43.32628],[2.13755,43.32663],[2.13555,43.32702],[2.13395,43.32984],[2.1346,43.3317],[2.13495,43.3323],[2.13495,43.33489],[2.13513,43.33549],[2.13492,43.33658],[2.13512,43.33847],[2.13325,43.33916],[2.13237,43.33966],[2.12395,43.34194],[2.11916,43.34203],[2.11946,43.34334],[2.1199,43.34434],[2.12008,43.34529],[2.1202,43.34639],[2.12116,43.34742],[2.121,43.34944],[2.122,43.35012],[2.12196,43.35071],[2.12127,43.35109],[2.12205,43.35297],[2.12214,43.35336],[2.1222,43.35377]]]]},"properties":{"ID":"1120","id":"1120","NOM_MASSIF":"MONTAGNE NOIRE","dept":"11"}},{"type":"Feature","id":17,"geometry":{"type":"MultiPolygon","coordinates":[[[[1.91081,43.39762],[1.90965,43.39337],[1.90899,43.39215],[1.90902,43.38822],[1.90996,43.38763],[1.90924,43.38658],[1.90979,43.38602],[1.90897,43.38533],[1.90826,43.384],[1.90698,43.38227],[1.90798,43.38145],[1.91099,43.38196],[1.9148,43.38025],[1.91826,43.3781],[1.9178,43.37703],[1.92217,43.37467],[1.92395,43.37252],[1.92483,43.37003],[1.92417,43.36866],[1.92621,43.36616],[1.92866,43.36637],[1.93071,43.36455],[1.93086,43.36398],[1.9355,43.36181],[1.93737,43.36426],[1.93895,43.36356],[1.93991,43.36436],[1.94134,43.36373],[1.94254,43.36561],[1.94332,43.36535],[1.94418,43.36622],[1.94377,43.36746],[1.94444,43.36819],[1.94388,43.36947],[1.94491,43.36933],[1.9458,43.37131],[1.9473,43.37228],[1.94877,43.37275],[1.9518,43.37243],[1.95578,43.37147],[1.95705,43.37209],[1.95985,43.37126],[1.96592,43.37179],[1.96608,43.37043],[1.9665,43.36997],[1.96664,43.36945],[1.96645,43.36853],[1.96633,43.36792],[1.96606,43.36719],[1.96614,43.36678],[1.96626,43.36652],[1.96705,43.36624],[1.96745,43.36612],[1.96777,43.3661],[1.96809,43.3662],[1.96816,43.36647],[1.96836,43.36665],[1.96868,43.36662],[1.96933,43.36643],[1.96999,43.36613],[1.9711,43.36577],[1.97202,43.36559],[1.97264,43.36521],[1.97288,43.36481],[1.97288,43.36441],[1.97275,43.36373],[1.97263,43.36342],[1.9726,43.36313],[1.9731,43.36278],[1.97385,43.36232],[1.97512,43.36176],[1.97582,43.36126],[1.97771,43.36041],[1.9785,43.36001],[1.97888,43.35952],[1.97922,43.35883],[1.97954,43.35813],[1.97975,43.35756],[1.97969,43.3568],[1.97975,43.35622],[1.97976,43.35577],[1.97976,43.3554],[1.97982,43.35504],[1.98002,43.35501],[1.98081,43.35483],[1.9814,43.35468],[1.98193,43.35464],[1.98258,43.35462],[1.98345,43.35441],[1.98422,43.35413],[1.98508,43.35372],[1.98567,43.35336],[1.98641,43.3531],[1.98684,43.35296],[1.9873,43.35213],[1.98707,43.35175],[1.98685,43.35141],[1.98702,43.35068],[1.98712,43.35001],[1.98738,43.34906],[1.98824,43.34863],[1.98909,43.3482],[1.99001,43.34787],[1.99093,43.3474],[1.99165,43.34681],[1.99194,43.34638],[1.99211,43.34612],[1.99256,43.34612],[1.99337,43.34624],[1.99441,43.34637],[1.99498,43.34634],[1.99574,43.34639],[1.99636,43.34664],[1.99774,43.34695],[1.99861,43.34724],[1.99923,43.34753],[1.99962,43.34774],[1.99968,43.34802],[1.99955,43.3485],[1.99922,43.34907],[1.99889,43.34959],[1.99863,43.35009],[1.99863,43.35034],[1.99879,43.35034],[1.99899,43.35022],[1.99941,43.35001],[2.00006,43.34964],[2.00078,43.34926],[2.00141,43.34917],[2.00202,43.34924],[2.00254,43.3493],[2.00293,43.34932],[2.00362,43.34917],[2.00438,43.34918],[2.00522,43.34937],[2.00633,43.34944],[2.00714,43.3484],[2.00785,43.34824],[2.00805,43.34796],[2.00838,43.34734],[2.00865,43.34693],[2.00852,43.34657],[2.00858,43.3462],[2.00891,43.34577],[2.00911,43.34579],[2.00963,43.34591],[2.00995,43.34591],[2.01048,43.34577],[2.01074,43.34554],[2.01078,43.34514],[2.01098,43.34498],[2.01171,43.34484],[2.01252,43.34463],[2.01284,43.34411],[2.0133,43.34354],[2.01386,43.34301],[2.01415,43.34235],[2.01396,43.34167],[2.01465,43.34143],[2.00733,43.33761],[2.0089,43.3343],[2.00697,43.33304],[2.00607,43.3286],[2.00273,43.3265],[2.00193,43.32467],[1.99898,43.32282],[2.00101,43.32106],[2.00232,43.31907],[2.00223,43.31821],[2.0035,43.31662],[1.99967,43.31109],[1.99813,43.31096],[1.99864,43.30977],[1.99547,43.30468],[1.99589,43.30385],[1.99462,43.30188],[1.99403,43.29801],[1.99291,43.29675],[1.99001,43.29077],[1.99166,43.28935],[1.9956,43.28755],[1.99781,43.28715],[1.99882,43.28532],[2.01072,43.27983],[2.01477,43.28124],[2.01477,43.28124],[2.01598,43.28642],[2.01819,43.28615],[2.02557,43.28342],[2.03255,43.28449],[2.03745,43.28358],[2.04148,43.28142],[2.04769,43.28028],[2.04947,43.28101],[2.0521,43.27972],[2.05495,43.2801],[2.05764,43.27953],[2.06139,43.2798],[2.06235,43.28035],[2.06667,43.28064],[2.06812,43.28593],[2.07239,43.28418],[2.07366,43.28598],[2.07522,43.28534],[2.07348,43.28758],[2.07483,43.28986],[2.07828,43.28786],[2.08079,43.28866],[2.08231,43.29064],[2.08368,43.2913],[2.08516,43.29554],[2.08761,43.29526],[2.08937,43.29706],[2.09149,43.29708],[2.09316,43.29971],[2.09454,43.30428],[2.09454,43.30428],[2.09605,43.30358],[2.09765,43.30554],[2.09828,43.30674],[2.10016,43.30766],[2.10765,43.30377],[2.10829,43.30313],[2.10865,43.30235],[2.11122,43.30028],[2.11306,43.29924],[2.11397,43.29939],[2.1151,43.29797],[2.11454,43.29626],[2.11385,43.29506],[2.11445,43.29397],[2.11596,43.29322],[2.11677,43.29132],[2.11816,43.29014],[2.11979,43.28973],[2.11974,43.28892],[2.12111,43.28879],[2.12269,43.28771],[2.12354,43.28786],[2.12348,43.28738],[2.12499,43.28653],[2.12631,43.2863],[2.12599,43.28558],[2.12666,43.28463],[2.12572,43.27683],[2.12792,43.27161],[2.13267,43.2686],[2.13573,43.26662],[2.13469,43.26488],[2.13315,43.25916],[2.1313,43.25771],[2.13728,43.25544],[2.13649,43.25353],[2.14009,43.25279],[2.14187,43.25292],[2.14507,43.2526],[2.14252,43.24854],[2.14401,43.24748],[2.14453,43.24486],[2.14318,43.24307],[2.14188,43.24294],[2.14182,43.24115],[2.13477,43.24128],[2.13506,43.23924],[2.13427,43.23537],[2.12843,43.23814],[2.12807,43.23656],[2.12534,43.23149],[2.12297,43.23324],[2.12175,43.23261],[2.12273,43.23214],[2.11912,43.22997],[2.11814,43.23025],[2.11792,43.23124],[2.11629,43.23156],[2.1156,43.23022],[2.11325,43.23021],[2.11262,43.22891],[2.11191,43.22896],[2.11173,43.22777],[2.10839,43.22869],[2.10654,43.22667],[2.10832,43.22531],[2.10562,43.22286],[2.10417,43.22385],[2.10251,43.22183],[2.10132,43.21906],[2.09538,43.22016],[2.09515,43.21825],[2.09418,43.21758],[2.08916,43.21796],[2.08552,43.21765],[2.0805,43.21846],[2.07825,43.21733],[2.08194,43.21409],[2.08337,43.20987],[2.08862,43.2072],[2.08955,43.20559],[2.09411,43.20158],[2.09673,43.20051],[2.09282,43.19662],[2.10118,43.19203],[2.09954,43.19115],[2.10352,43.18628],[2.10567,43.18625],[2.10931,43.18652],[2.11021,43.18691],[2.11375,43.18537],[2.11926,43.18372],[2.12094,43.18444],[2.12325,43.18227],[2.12446,43.17957],[2.1248,43.17443],[2.11721,43.17308],[2.11658,43.17179],[2.11079,43.17046],[2.10896,43.17097],[2.10838,43.17068],[2.10804,43.1712],[2.10494,43.17189],[2.10474,43.17225],[2.1021,43.17287],[2.10117,43.172],[2.09957,43.1728],[2.09861,43.17206],[2.09856,43.17144],[2.09981,43.17048],[2.10065,43.16894],[2.10187,43.16778],[2.10191,43.16731],[2.10361,43.16649],[2.10275,43.16505],[2.10513,43.16505],[2.10964,43.16337],[2.10998,43.16278],[2.10943,43.16223],[2.11074,43.16162],[2.11046,43.161],[2.11197,43.16055],[2.11325,43.16066],[2.1133,43.15848],[2.11155,43.15546],[2.10677,43.15135],[2.10361,43.15025],[2.10766,43.14665],[2.10843,43.14544],[2.10442,43.1455],[2.1036,43.14416],[2.10156,43.14419],[2.09897,43.14352],[2.09554,43.14203],[2.09428,43.14123],[2.09111,43.14124],[2.08946,43.14076],[2.08928,43.13994],[2.08817,43.13939],[2.08719,43.13981],[2.0866,43.13963],[2.08488,43.13979],[2.08168,43.14214],[2.0801,43.14397],[2.07789,43.14556],[2.07942,43.1464],[2.07685,43.14965],[2.07292,43.15111],[2.07323,43.15182],[2.07159,43.15276],[2.07142,43.15377],[2.06962,43.15435],[2.06497,43.15514],[2.0613,43.15642],[2.05853,43.15628],[2.05824,43.15461],[2.05695,43.154],[2.0568,43.15305],[2.05559,43.15227],[2.05634,43.15144],[2.05603,43.15048],[2.0503,43.15264],[2.04227,43.14727],[2.0379,43.14604],[2.03299,43.14332],[2.03061,43.14493],[2.02904,43.14542],[2.02654,43.14561],[2.02291,43.14679],[2.0222,43.14848],[2.02028,43.15043],[2.01671,43.15207],[2.01488,43.15255],[2.01273,43.15331],[2.01258,43.15055],[2.01199,43.14958],[2.01106,43.14823],[2.01019,43.1477],[2.00872,43.14647],[2.00471,43.14488],[2.00511,43.14427],[2.00447,43.14417],[2.00346,43.14414],[2.00477,43.14358],[2.00647,43.1429],[2.00751,43.14291],[2.00798,43.14218],[2.00954,43.14198],[2.00891,43.13888],[2.00931,43.13814],[2.00894,43.13731],[2.00934,43.13686],[2.00858,43.13545],[2.01074,43.13466],[2.01256,43.13667],[2.01543,43.13572],[2.01652,43.1365],[2.01836,43.13739],[2.0187,43.13642],[2.02023,43.13643],[2.02411,43.13597],[2.02419,43.13688],[2.02711,43.13702],[2.02782,43.13736],[2.02928,43.13721],[2.03132,43.13813],[2.03283,43.13919],[2.03314,43.13805],[2.03425,43.13787],[2.0342,43.13692],[2.03453,43.13633],[2.03448,43.13559],[2.03373,43.13539],[2.03384,43.13273],[2.03297,43.13262],[2.03308,43.13167],[2.02623,43.13156],[2.0241,43.13047],[2.02441,43.12945],[2.02275,43.12967],[2.02077,43.1293],[2.02084,43.12742],[2.0214,43.12693],[2.02151,43.12621],[2.01631,43.12614],[2.01636,43.12498],[2.01471,43.12103],[2.00951,43.1213],[2.00906,43.12058],[2.00568,43.12102],[2.00295,43.12062],[2.00182,43.12063],[2.00148,43.12136],[1.9992,43.12175],[1.99782,43.12069],[1.99684,43.1208],[1.99564,43.1206],[1.99321,43.12186],[1.99194,43.12085],[1.99109,43.1207],[1.99085,43.1196],[1.99018,43.11919],[1.99045,43.1185],[1.98968,43.1178],[1.98809,43.11807],[1.9871,43.11687],[1.98666,43.11573],[1.9807,43.11303],[1.98052,43.11055],[1.97928,43.11061],[1.9767,43.10954],[1.97468,43.10993],[1.97328,43.10853],[1.96458,43.11],[1.96328,43.10989],[1.95739,43.11067],[1.95134,43.11108],[1.95187,43.11249],[1.9527,43.11302],[1.9492,43.12126],[1.94641,43.1226],[1.93781,43.12458],[1.93754,43.12427],[1.93736,43.12435],[1.93179,43.12373],[1.93149,43.12457],[1.92805,43.12412],[1.92854,43.12669],[1.92853,43.1271],[1.92853,43.12752],[1.92829,43.1279],[1.92796,43.12824],[1.92623,43.12975],[1.92275,43.13115],[1.91936,43.1323],[1.91671,43.13336],[1.91442,43.13301],[1.91235,43.13304],[1.91136,43.13224],[1.90986,43.13224],[1.90889,43.13239],[1.90791,43.13236],[1.90742,43.13228],[1.90696,43.13219],[1.90605,43.13189],[1.90521,43.13152],[1.90455,43.1312],[1.90274,43.13034],[1.9025,43.12906],[1.90192,43.12845],[1.90183,43.1267],[1.90172,43.12524],[1.90191,43.12487],[1.90205,43.1245],[1.90212,43.12412],[1.9021,43.12373],[1.90193,43.12336],[1.90159,43.12306],[1.89825,43.12145],[1.89666,43.11871],[1.89605,43.11676],[1.89511,43.11664],[1.89379,43.11556],[1.89094,43.1175],[1.89089,43.11881],[1.89036,43.11904],[1.88993,43.11935],[1.88964,43.11973],[1.88952,43.12017],[1.88955,43.12061],[1.88968,43.12106],[1.89105,43.12205],[1.89108,43.12279],[1.8911,43.12559],[1.89006,43.12567],[1.88757,43.12615],[1.88467,43.12563],[1.8834,43.12772],[1.88267,43.12749],[1.8824,43.12738],[1.88212,43.12727],[1.88185,43.12716],[1.88155,43.12712],[1.88125,43.12708],[1.88096,43.12704],[1.88069,43.12715],[1.88056,43.12735],[1.88051,43.12758],[1.88047,43.12888],[1.88015,43.1308],[1.88042,43.1321],[1.88021,43.13352],[1.88069,43.13402],[1.88253,43.13525],[1.88199,43.13599],[1.88132,43.13831],[1.88058,43.14036],[1.88064,43.14226],[1.88028,43.14367],[1.8802,43.14405],[1.88021,43.14443],[1.88032,43.14459],[1.88042,43.14475],[1.88064,43.1451],[1.88105,43.14532],[1.88037,43.146],[1.88209,43.14819],[1.88075,43.14794],[1.87928,43.14603],[1.87801,43.14507],[1.87721,43.14413],[1.87631,43.14274],[1.87498,43.14264],[1.87098,43.1434],[1.86903,43.14348],[1.86703,43.1434],[1.86593,43.1434],[1.86502,43.14379],[1.86354,43.14415],[1.86187,43.14495],[1.86041,43.14531],[1.85871,43.14548],[1.8568,43.14456],[1.85608,43.14555],[1.85563,43.1497],[1.85606,43.15063],[1.85493,43.15101],[1.8546,43.15203],[1.85469,43.15385],[1.85406,43.15538],[1.85387,43.1566],[1.85474,43.15753],[1.85426,43.1583],[1.8538,43.1595],[1.8522,43.16051],[1.85143,43.15982],[1.85102,43.15826],[1.84963,43.15695],[1.8493,43.15667],[1.84887,43.15647],[1.84837,43.1564],[1.84812,43.1564],[1.84789,43.15646],[1.84741,43.15659],[1.84691,43.15667],[1.84646,43.15685],[1.84586,43.15682],[1.84526,43.15687],[1.84468,43.15701],[1.84418,43.15725],[1.84283,43.15859],[1.8411,43.15639],[1.84188,43.15547],[1.84385,43.15402],[1.84607,43.15353],[1.84671,43.15355],[1.84734,43.15347],[1.84792,43.15327],[1.8484,43.15297],[1.84877,43.15258],[1.84906,43.15217],[1.85032,43.15018],[1.85203,43.14868],[1.8521,43.14813],[1.85224,43.14759],[1.85216,43.14732],[1.8521,43.14706],[1.85177,43.14658],[1.85125,43.14618],[1.84807,43.14575],[1.84469,43.14605],[1.84405,43.14639],[1.84335,43.14666],[1.8426,43.14684],[1.84181,43.14692],[1.8398,43.1463],[1.83757,43.14471],[1.83516,43.14584],[1.83337,43.14641],[1.83182,43.1469],[1.83,43.14625],[1.82947,43.14631],[1.82893,43.14631],[1.82844,43.14616],[1.82795,43.14602],[1.82648,43.14526],[1.82606,43.1453],[1.82565,43.14533],[1.82548,43.14541],[1.82531,43.1455],[1.82499,43.14569],[1.82465,43.14588],[1.82359,43.14784],[1.82158,43.149],[1.82114,43.14925],[1.8203,43.14955],[1.81827,43.15011],[1.81675,43.15024],[1.81553,43.15077],[1.81039,43.15361],[1.80956,43.15367],[1.80879,43.15388],[1.80812,43.15423],[1.80676,43.15564],[1.80434,43.15705],[1.80365,43.15733],[1.80293,43.15754],[1.80216,43.15767],[1.80138,43.15769],[1.79934,43.15737],[1.79884,43.1569],[1.79665,43.15685],[1.79415,43.15752],[1.79279,43.15909],[1.7887,43.15735],[1.78668,43.15544],[1.78655,43.15389],[1.7849,43.15214],[1.78445,43.152],[1.78397,43.15193],[1.78349,43.15182],[1.783,43.15182],[1.78256,43.15197],[1.78225,43.15226],[1.7825,43.15486],[1.78252,43.15668],[1.78124,43.15897],[1.77932,43.1603],[1.77817,43.16061],[1.77519,43.16161],[1.77252,43.16321],[1.77108,43.16463],[1.76907,43.16516],[1.76573,43.16584],[1.76277,43.16718],[1.76055,43.16745],[1.75918,43.16863],[1.75775,43.16911],[1.75526,43.17018],[1.75453,43.17206],[1.75296,43.17258],[1.75249,43.17374],[1.75025,43.17437],[1.74812,43.17535],[1.74462,43.17602],[1.74472,43.17756],[1.74508,43.1791],[1.74286,43.17998],[1.74386,43.18287],[1.73983,43.18457],[1.73548,43.18594],[1.7263,43.1873],[1.72392,43.18858],[1.7193,43.18632],[1.7177,43.18649],[1.71492,43.18572],[1.7135,43.18582],[1.71163,43.18688],[1.7113,43.18858],[1.70988,43.19017],[1.70918,43.19099],[1.70978,43.19147],[1.71025,43.19234],[1.71052,43.19446],[1.70953,43.19452],[1.70928,43.19824],[1.70981,43.20005],[1.71353,43.20315],[1.71386,43.20373],[1.71431,43.20426],[1.71471,43.20482],[1.71525,43.2053],[1.71589,43.20571],[1.71665,43.20601],[1.72174,43.20781],[1.72228,43.20847],[1.72283,43.2091],[1.72308,43.20943],[1.72329,43.20978],[1.72375,43.21046],[1.72411,43.21117],[1.72438,43.2119],[1.7245,43.21266],[1.72445,43.21302],[1.72438,43.2134],[1.72427,43.21416],[1.72383,43.21484],[1.72324,43.21549],[1.72266,43.21613],[1.72206,43.21678],[1.72164,43.21748],[1.72131,43.21824],[1.72117,43.219],[1.72079,43.22324],[1.72362,43.22479],[1.71582,43.22803],[1.71796,43.22838],[1.70927,43.23483],[1.70955,43.23651],[1.70642,43.23793],[1.70254,43.23948],[1.70229,43.23962],[1.70219,43.23983],[1.70219,43.24006],[1.70223,43.24029],[1.7023,43.24051],[1.70236,43.24064],[1.7024,43.24072],[1.70251,43.24094],[1.70262,43.24115],[1.70266,43.24124],[1.70274,43.24135],[1.70287,43.24156],[1.70303,43.24181],[1.70314,43.24198],[1.70328,43.24218],[1.70341,43.24238],[1.70692,43.24424],[1.70677,43.24468],[1.70649,43.24509],[1.70631,43.24523],[1.70606,43.24542],[1.70552,43.24564],[1.70511,43.24571],[1.70491,43.24576],[1.70429,43.24579],[1.70366,43.24575],[1.70316,43.24549],[1.70267,43.24522],[1.70249,43.24515],[1.70213,43.245],[1.70153,43.24491],[1.70114,43.24486],[1.70096,43.24487],[1.70035,43.24492],[1.69983,43.24516],[1.69892,43.24538],[1.69802,43.24562],[1.69713,43.24585],[1.69634,43.24624],[1.69565,43.24672],[1.6951,43.24728],[1.69676,43.24813],[1.69809,43.24735],[1.6999,43.24922],[1.70082,43.25171],[1.70282,43.25464],[1.70289,43.2554],[1.70273,43.25616],[1.70241,43.25688],[1.70192,43.25756],[1.70124,43.25814],[1.70065,43.25877],[1.70068,43.2598],[1.70051,43.26083],[1.70014,43.26183],[1.69959,43.26278],[1.6989,43.26368],[1.69808,43.26453],[1.69606,43.26578],[1.69157,43.27076],[1.6883,43.27348],[1.68691,43.27424],[1.68853,43.27371],[1.69017,43.27435],[1.69447,43.27468],[1.69544,43.27496],[1.69635,43.27534],[1.6972,43.27577],[1.69795,43.27631],[1.69854,43.27692],[1.69897,43.27762],[1.69849,43.2805],[1.69997,43.28106],[1.70108,43.28182],[1.70141,43.28344],[1.70422,43.28511],[1.70658,43.28615],[1.70831,43.28804],[1.70831,43.28887],[1.70853,43.28968],[1.70891,43.29045],[1.70943,43.29118],[1.71008,43.29185],[1.71079,43.29249],[1.71158,43.29307],[1.71246,43.29361],[1.71329,43.29416],[1.71419,43.29466],[1.71515,43.29511],[1.71606,43.29558],[1.71565,43.29599],[1.71523,43.2964],[1.71481,43.2968],[1.71472,43.29689],[1.71436,43.2972],[1.71393,43.29759],[1.71347,43.29798],[1.71328,43.29813],[1.71299,43.29836],[1.71251,43.29873],[1.71201,43.29909],[1.71169,43.29929],[1.71149,43.29944],[1.71095,43.29976],[1.71038,43.30005],[1.70991,43.30026],[1.70979,43.30032],[1.70914,43.30052],[1.70847,43.30063],[1.70778,43.30062],[1.70689,43.30148],[1.70384,43.30264],[1.70498,43.30327],[1.7065,43.30492],[1.70784,43.30527],[1.71678,43.30929],[1.72329,43.31041],[1.72391,43.31122],[1.72476,43.31187],[1.72512,43.31223],[1.72559,43.31254],[1.72664,43.31301],[1.72767,43.31353],[1.73186,43.31442],[1.73555,43.31404],[1.73639,43.31655],[1.73381,43.32295],[1.73104,43.32315],[1.72689,43.32452],[1.7282,43.3266],[1.72346,43.32961],[1.72619,43.33251],[1.72955,43.3361],[1.72867,43.33655],[1.72717,43.3373],[1.72634,43.33816],[1.72622,43.33857],[1.72503,43.33939],[1.72441,43.33965],[1.72354,43.33987],[1.72301,43.34052],[1.72254,43.34111],[1.72259,43.34164],[1.72362,43.34097],[1.72523,43.34015],[1.72658,43.33982],[1.72678,43.34027],[1.72828,43.33971],[1.72917,43.33935],[1.72952,43.3398],[1.73056,43.33908],[1.7313,43.33845],[1.73223,43.33732],[1.73355,43.33515],[1.735,43.33767],[1.73585,43.33828],[1.7368,43.33881],[1.73734,43.33899],[1.73786,43.33916],[1.73894,43.33955],[1.74011,43.3397],[1.74183,43.34126],[1.74632,43.34403],[1.74702,43.34405],[1.74767,43.34422],[1.74822,43.34454],[1.74856,43.34498],[1.74898,43.3454],[1.74924,43.34587],[1.74923,43.34938],[1.75147,43.34966],[1.75614,43.3479],[1.76056,43.34363],[1.76475,43.34203],[1.76893,43.33919],[1.7711,43.33794],[1.77426,43.33758],[1.77182,43.34108],[1.77206,43.34129],[1.77241,43.3414],[1.77271,43.34156],[1.77305,43.34167],[1.77339,43.34176],[1.77375,43.34184],[1.77411,43.34193],[1.77446,43.342],[1.77468,43.34204],[1.77482,43.34207],[1.77519,43.34213],[1.77554,43.34219],[1.77573,43.34221],[1.77591,43.34224],[1.77628,43.3423],[1.77664,43.34235],[1.77677,43.34237],[1.77701,43.3424],[1.77738,43.34245],[1.77783,43.3425],[1.7781,43.34254],[1.77847,43.34258],[1.77889,43.34264],[1.77922,43.34266],[1.77959,43.34271],[1.77996,43.34275],[1.7816,43.34599],[1.78791,43.34448],[1.79047,43.34341],[1.79122,43.34328],[1.79195,43.34307],[1.79262,43.34279],[1.79284,43.3427],[1.7933,43.34252],[1.79394,43.34219],[1.79456,43.34185],[1.79497,43.34161],[1.79516,43.3415],[1.79576,43.34114],[1.79634,43.34077],[1.79692,43.34038],[1.79775,43.34046],[1.79855,43.34066],[1.79888,43.34084],[1.79919,43.34102],[1.79986,43.34141],[1.80032,43.34192],[1.80559,43.34053],[1.80971,43.34131],[1.81328,43.34127],[1.81294,43.34405],[1.81398,43.34409],[1.81475,43.34464],[1.81488,43.34477],[1.8154,43.34528],[1.81563,43.34563],[1.81586,43.34598],[1.81606,43.34655],[1.81615,43.34674],[1.81627,43.34752],[1.81654,43.34787],[1.8167,43.34814],[1.81677,43.34825],[1.81692,43.34865],[1.81696,43.34905],[1.81687,43.34928],[1.81682,43.34945],[1.81644,43.34974],[1.81187,43.35328],[1.8114,43.35277],[1.80753,43.3559],[1.80591,43.35721],[1.80529,43.35695],[1.80407,43.35792],[1.80469,43.35821],[1.80394,43.35858],[1.80519,43.36204],[1.8042,43.36285],[1.80631,43.36373],[1.80654,43.36402],[1.80659,43.36435],[1.80649,43.36459],[1.80642,43.36474],[1.80625,43.36497],[1.80607,43.36515],[1.80599,43.36525],[1.80568,43.36551],[1.80535,43.36576],[1.80247,43.36629],[1.80239,43.36669],[1.8034,43.36701],[1.80362,43.36773],[1.80314,43.3684],[1.80464,43.36931],[1.80559,43.36935],[1.80801,43.37194],[1.80775,43.37228],[1.80758,43.37244],[1.80743,43.37259],[1.8072,43.37274],[1.80705,43.37284],[1.80658,43.373],[1.80606,43.37303],[1.80497,43.37521],[1.80208,43.37598],[1.80472,43.37792],[1.80491,43.37806],[1.80597,43.37877],[1.80607,43.37884],[1.80736,43.37973],[1.80842,43.38047],[1.81105,43.38151],[1.81039,43.38324],[1.80813,43.38421],[1.80641,43.38523],[1.80601,43.38542],[1.80393,43.38646],[1.80281,43.38749],[1.80386,43.38874],[1.8035,43.38903],[1.80527,43.3907],[1.80383,43.39202],[1.80331,43.39251],[1.80561,43.39308],[1.80575,43.39312],[1.80836,43.3939],[1.80849,43.39394],[1.80964,43.39435],[1.81208,43.39524],[1.81319,43.39431],[1.81392,43.3939],[1.81408,43.3938],[1.81492,43.39347],[1.81508,43.39341],[1.81617,43.39316],[1.81641,43.39312],[1.81727,43.39297],[1.81977,43.39179],[1.82012,43.3923],[1.82621,43.3948],[1.82546,43.39693],[1.82179,43.3991],[1.81953,43.40093],[1.81931,43.40111],[1.81922,43.40118],[1.81716,43.40303],[1.81629,43.40493],[1.81666,43.40622],[1.81701,43.40631],[1.81709,43.40638],[1.81718,43.40651],[1.81732,43.40675],[1.81735,43.40684],[1.81737,43.40695],[1.81733,43.4071],[1.81731,43.40718],[1.8173,43.40726],[1.81727,43.40734],[1.8169,43.40891],[1.81724,43.40921],[1.8174,43.40957],[1.81742,43.40997],[1.81739,43.41014],[1.81735,43.41034],[1.81724,43.41087],[1.81812,43.41118],[1.81837,43.41124],[1.81858,43.41128],[1.81871,43.41137],[1.81896,43.41151],[1.81902,43.41162],[1.81915,43.41184],[1.8192,43.41219],[1.81936,43.41335],[1.81994,43.41338],[1.82047,43.41351],[1.82091,43.41377],[1.82123,43.4141],[1.82145,43.41448],[1.82156,43.41497],[1.82182,43.41543],[1.8222,43.41586],[1.82234,43.41598],[1.82266,43.41623],[1.82339,43.41665],[1.82393,43.41697],[1.8248,43.41748],[1.8256,43.41776],[1.82764,43.4185],[1.83224,43.41792],[1.83445,43.41889],[1.83712,43.41755],[1.84204,43.41509],[1.84237,43.41541],[1.84226,43.41628],[1.84229,43.41646],[1.84237,43.41716],[1.84267,43.418],[1.84312,43.41881],[1.84369,43.4196],[1.84411,43.42011],[1.84418,43.42023],[1.84445,43.42064],[1.8447,43.42121],[1.84472,43.42132],[1.84482,43.42181],[1.84479,43.42205],[1.84476,43.42239],[1.84452,43.42296],[1.8455,43.42385],[1.8459,43.4246],[1.84638,43.42515],[1.8473,43.42562],[1.84756,43.42613],[1.84737,43.42676],[1.84697,43.4273],[1.84662,43.42784],[1.84687,43.42898],[1.84692,43.43015],[1.8459,43.43078],[1.84564,43.43092],[1.84455,43.43151],[1.84379,43.43206],[1.84361,43.4322],[1.8428,43.43269],[1.84357,43.43335],[1.84434,43.43385],[1.84524,43.43334],[1.84637,43.43355],[1.84592,43.4343],[1.84565,43.43534],[1.84494,43.43603],[1.84479,43.43618],[1.84447,43.43665],[1.8457,43.43688],[1.84686,43.4368],[1.84672,43.43725],[1.84711,43.43775],[1.84805,43.4377],[1.84925,43.43762],[1.85054,43.43776],[1.8517,43.43774],[1.8522,43.4373],[1.85259,43.43755],[1.85323,43.43766],[1.85386,43.43827],[1.85427,43.43865],[1.85477,43.43919],[1.8556,43.44011],[1.85461,43.4418],[1.85607,43.44317],[1.85732,43.4437],[1.85743,43.44372],[1.85891,43.4439],[1.85971,43.44322],[1.85984,43.44311],[1.86171,43.44269],[1.86319,43.44214],[1.86376,43.44191],[1.86453,43.44159],[1.86475,43.44149],[1.86634,43.44076],[1.86725,43.43982],[1.86877,43.43903],[1.87025,43.4386],[1.87226,43.438],[1.87337,43.43737],[1.87378,43.43656],[1.87444,43.43603],[1.8751,43.43597],[1.87508,43.43515],[1.87479,43.43417],[1.87489,43.43346],[1.87449,43.43259],[1.87414,43.4318],[1.87281,43.42986],[1.87328,43.42899],[1.875,43.42852],[1.87521,43.42846],[1.87664,43.42805],[1.87843,43.42745],[1.87997,43.42665],[1.88113,43.42654],[1.88201,43.42624],[1.88274,43.42534],[1.88296,43.42506],[1.88372,43.42429],[1.88497,43.42366],[1.88612,43.42346],[1.88709,43.42353],[1.88782,43.42242],[1.88859,43.42116],[1.88887,43.42087],[1.88931,43.42039],[1.88959,43.42016],[1.88998,43.41982],[1.89008,43.41973],[1.89033,43.41963],[1.89094,43.41941],[1.8921,43.41881],[1.89326,43.41849],[1.89346,43.41845],[1.89405,43.41833],[1.89471,43.41868],[1.89595,43.41864],[1.89613,43.41761],[1.89678,43.41764],[1.89728,43.4165],[1.89732,43.41636],[1.89753,43.41552],[1.8975,43.41525],[1.89747,43.41446],[1.89713,43.41257],[1.89745,43.41204],[1.89793,43.41158],[1.89852,43.4112],[1.89919,43.4109],[1.8999,43.41066],[1.9007,43.41029],[1.90239,43.40953],[1.90362,43.40897],[1.90457,43.40789],[1.90418,43.40756],[1.89936,43.40798],[1.89931,43.40741],[1.90161,43.40683],[1.90149,43.40598],[1.90233,43.40567],[1.90247,43.40565],[1.90354,43.4055],[1.90227,43.40393],[1.90043,43.40489],[1.89883,43.40396],[1.89725,43.39875],[1.89567,43.39687],[1.89641,43.39649],[1.89791,43.39639],[1.89895,43.39568],[1.90053,43.39548],[1.90343,43.39388],[1.90493,43.39344],[1.90572,43.39407],[1.9071,43.39363],[1.90865,43.39621],[1.90906,43.39648],[1.91081,43.39762],[1.91081,43.39762]]]]},"properties":{"ID":"1118","id":"1118","NOM_MASSIF":"PIEGE - LAURAGAIS","dept":"11"}},{"type":"Feature","id":18,"geometry":{"type":"MultiPolygon","coordinates":[[[[1.90999,43.40422],[1.91162,43.40451],[1.91007,43.40623],[1.91286,43.40706],[1.91403,43.40715],[1.91504,43.40754],[1.91688,43.40755],[1.91801,43.4105],[1.91801,43.41109],[1.91818,43.41167],[1.91852,43.41221],[1.9188,43.41241],[1.91908,43.41261],[1.91965,43.41305],[1.92034,43.41335],[1.92107,43.4136],[1.91968,43.41682],[1.92027,43.41779],[1.91882,43.41977],[1.91799,43.42063],[1.91964,43.42184],[1.9257,43.4212],[1.92651,43.42206],[1.92721,43.42189],[1.93229,43.42444],[1.93285,43.4241],[1.93465,43.42516],[1.93725,43.42325],[1.94687,43.4199],[1.9494,43.41963],[1.95447,43.42407],[1.95405,43.42662],[1.95564,43.42579],[1.95819,43.42571],[1.96056,43.42424],[1.96407,43.42301],[1.96302,43.42006],[1.96184,43.41863],[1.96258,43.41743],[1.9657,43.41505],[1.96803,43.41672],[1.96841,43.41875],[1.9711,43.42068],[1.97198,43.42083],[1.97263,43.41857],[1.97422,43.417],[1.97662,43.41617],[1.98244,43.41304],[1.98828,43.40751],[1.99095,43.40853],[1.99239,43.40995],[1.99558,43.41144],[1.99603,43.41199],[1.99661,43.41248],[1.99698,43.41265],[1.99735,43.41282],[1.9981,43.41317],[1.99895,43.41333],[2.00283,43.41404],[2.00521,43.41399],[2.00591,43.41449],[2.00827,43.41509],[2.01101,43.41486],[2.01247,43.41504],[2.01411,43.41481],[2.01464,43.41764],[2.0167,43.41828],[2.01756,43.42009],[2.01745,43.42084],[2.01876,43.42153],[2.01907,43.4222],[2.02104,43.4231],[2.02275,43.42298],[2.03121,43.41943],[2.03781,43.42238],[2.03924,43.42374],[2.03822,43.42589],[2.03173,43.43032],[2.03063,43.43164],[2.0306,43.43419],[2.0292,43.4368],[2.03443,43.43685],[2.03832,43.43518],[2.04316,43.43383],[2.04519,43.43411],[2.04842,43.43269],[2.04878,43.43187],[2.05163,43.43104],[2.05218,43.43044],[2.05163,43.42818],[2.05523,43.42364],[2.05875,43.41793],[2.0612,43.41538],[2.064,43.41317],[2.06444,43.41215],[2.06529,43.41183],[2.06617,43.41092],[2.06754,43.41062],[2.07223,43.40658],[2.06858,43.40601],[2.06677,43.40526],[2.06872,43.40304],[2.06818,43.40215],[2.06971,43.39936],[2.07186,43.39827],[2.07281,43.39571],[2.07691,43.3994],[2.08038,43.40062],[2.08367,43.40079],[2.08543,43.39919],[2.09046,43.39476],[2.09135,43.39387],[2.09356,43.39538],[2.0957,43.39651],[2.09846,43.40073],[2.1036,43.39777],[2.10897,43.39461],[2.10881,43.3941],[2.10826,43.39329],[2.1082,43.39248],[2.10918,43.39072],[2.10999,43.39065],[2.11081,43.38972],[2.11105,43.3888],[2.11152,43.38787],[2.11212,43.38745],[2.11324,43.38676],[2.11365,43.38638],[2.11358,43.38548],[2.11378,43.38539],[2.11358,43.3845],[2.11479,43.3832],[2.11529,43.38237],[2.11578,43.38183],[2.11599,43.3814],[2.11582,43.38106],[2.11569,43.3798],[2.11614,43.37938],[2.11696,43.37909],[2.11797,43.37836],[2.11838,43.3779],[2.11964,43.37751],[2.12025,43.37756],[2.12113,43.3774],[2.12129,43.3765],[2.12165,43.37596],[2.1221,43.37551],[2.12297,43.37444],[2.12371,43.37419],[2.12419,43.37356],[2.12565,43.37302],[2.12584,43.37245],[2.12644,43.37186],[2.12705,43.37141],[2.12711,43.37101],[2.12674,43.37081],[2.1266,43.37042],[2.12721,43.37012],[2.12803,43.37015],[2.12852,43.36972],[2.12807,43.36859],[2.128,43.36784],[2.12794,43.36714],[2.12769,43.36674],[2.12781,43.36646],[2.12837,43.36588],[2.12846,43.36559],[2.12773,43.36425],[2.12624,43.36313],[2.1262,43.36281],[2.12663,43.36245],[2.12678,43.36215],[2.12633,43.36159],[2.12614,43.36106],[2.12648,43.36043],[2.12632,43.35963],[2.12583,43.35903],[2.12628,43.35845],[2.12648,43.35822],[2.12639,43.35754],[2.12676,43.35712],[2.12676,43.35689],[2.12706,43.35636],[2.12705,43.35593],[2.12653,43.35497],[2.1266,43.35446],[2.12644,43.35411],[2.12625,43.35311],[2.12532,43.35276],[2.12483,43.35277],[2.12338,43.35353],[2.12271,43.35412],[2.12243,43.3541],[2.12235,43.35409],[2.12223,43.35377],[2.12128,43.35109],[2.12126,43.35099],[2.12139,43.35086],[2.1219,43.35074],[2.12211,43.35038],[2.12196,43.35015],[2.12126,43.34976],[2.12098,43.34948],[2.12092,43.34935],[2.12095,43.34915],[2.12119,43.34873],[2.12104,43.34846],[2.12111,43.34816],[2.1212,43.34785],[2.12117,43.34753],[2.12108,43.34735],[2.12056,43.3467],[2.12017,43.34647],[2.12017,43.34622],[2.12028,43.34581],[2.12025,43.34557],[2.12001,43.34522],[2.11994,43.34469],[2.11976,43.34393],[2.11956,43.34362],[2.11937,43.34319],[2.11923,43.342],[2.12371,43.34197],[2.12791,43.34084],[2.13216,43.33974],[2.13252,43.3396],[2.13301,43.33924],[2.13507,43.33854],[2.13488,43.33656],[2.13513,43.33551],[2.13513,43.33524],[2.13498,43.33479],[2.13495,43.33247],[2.13482,43.33206],[2.1346,43.33185],[2.13394,43.33],[2.13395,43.32978],[2.13467,43.32864],[2.13547,43.32699],[2.13713,43.32664],[2.13752,43.32665],[2.13933,43.32623],[2.13975,43.32593],[2.14058,43.32586],[2.14105,43.32573],[2.14205,43.32533],[2.14277,43.3252],[2.14377,43.32454],[2.14493,43.32412],[2.14618,43.32312],[2.14621,43.3229],[2.1462,43.32257],[2.146,43.32152],[2.14549,43.32129],[2.14523,43.32103],[2.14515,43.32072],[2.14513,43.32032],[2.14447,43.32],[2.14447,43.31981],[2.14452,43.31961],[2.14477,43.3194],[2.14531,43.31906],[2.14543,43.31883],[2.14541,43.31863],[2.14517,43.31827],[2.14518,43.31819],[2.14558,43.31796],[2.14565,43.31782],[2.14566,43.31677],[2.14579,43.31655],[2.14736,43.31522],[2.15024,43.3142],[2.15338,43.31312],[2.15329,43.31255],[2.15332,43.31231],[2.15345,43.31201],[2.15427,43.31077],[2.15441,43.31053],[2.15449,43.30996],[2.15374,43.30974],[2.15177,43.30876],[2.15052,43.30834],[2.15006,43.30825],[2.14944,43.30824],[2.14858,43.30809],[2.14784,43.30787],[2.14512,43.30626],[2.14411,43.30544],[2.14123,43.3033],[2.14075,43.30247],[2.1403,43.30206],[2.14004,43.30136],[2.14002,43.30106],[2.13881,43.30089],[2.13948,43.30029],[2.13961,43.30012],[2.13962,43.29989],[2.13861,43.29981],[2.13799,43.29956],[2.13449,43.30082],[2.13199,43.29766],[2.13135,43.2973],[2.13022,43.29627],[2.12946,43.29516],[2.12779,43.2931],[2.12662,43.29279],[2.12644,43.29231],[2.12514,43.29196],[2.12467,43.29082],[2.12298,43.29129],[2.12111,43.28879],[2.11974,43.28892],[2.11979,43.28973],[2.11816,43.29014],[2.11677,43.29132],[2.11596,43.29322],[2.11445,43.29397],[2.11385,43.29506],[2.11454,43.29626],[2.1151,43.29797],[2.11397,43.29939],[2.11306,43.29924],[2.11122,43.30028],[2.10865,43.30235],[2.10765,43.30377],[2.10647,43.30414],[2.10476,43.30527],[2.10292,43.30606],[2.10173,43.30696],[2.10056,43.30704],[2.10016,43.30766],[2.09828,43.30674],[2.09765,43.30554],[2.09605,43.30358],[2.09454,43.30428],[2.09316,43.29971],[2.09149,43.29708],[2.08937,43.29706],[2.08761,43.29526],[2.08516,43.29554],[2.08368,43.2913],[2.08231,43.29064],[2.08079,43.28866],[2.07828,43.28786],[2.07483,43.28986],[2.07348,43.28758],[2.07522,43.28534],[2.07366,43.28598],[2.07239,43.28418],[2.06812,43.28593],[2.06691,43.28045],[2.06235,43.28035],[2.06139,43.2798],[2.05764,43.27953],[2.05495,43.2801],[2.0521,43.27972],[2.04947,43.28101],[2.04769,43.28028],[2.04148,43.28142],[2.03745,43.28358],[2.03255,43.28449],[2.02947,43.28399],[2.02557,43.28342],[2.01819,43.28615],[2.01598,43.28642],[2.01477,43.28124],[2.01072,43.27983],[1.99882,43.28532],[1.99781,43.28715],[1.9956,43.28755],[1.99166,43.28935],[1.99001,43.29077],[1.99291,43.29675],[1.99403,43.29801],[1.99462,43.30188],[1.99589,43.30385],[1.99547,43.30468],[1.99864,43.30977],[1.99813,43.31096],[1.99967,43.31109],[2.00268,43.31522],[2.00304,43.31718],[2.00223,43.31821],[2.00232,43.31907],[2.00142,43.3202],[2.00101,43.32106],[1.99898,43.32282],[2.00101,43.32413],[2.00193,43.32467],[2.00273,43.3265],[2.00607,43.3286],[2.00697,43.33304],[2.0089,43.3343],[2.00733,43.33761],[2.01465,43.34143],[2.01415,43.34235],[2.01386,43.34301],[2.0133,43.34354],[2.01284,43.34411],[2.01252,43.34463],[2.01171,43.34484],[2.01098,43.34498],[2.01078,43.34514],[2.01074,43.34554],[2.01048,43.34577],[2.00995,43.34591],[2.00963,43.34591],[2.00911,43.34579],[2.00891,43.34577],[2.00858,43.3462],[2.00852,43.34657],[2.00865,43.34693],[2.00838,43.34734],[2.00805,43.34796],[2.00785,43.34824],[2.00714,43.3484],[2.00633,43.34944],[2.00522,43.34937],[2.00438,43.34918],[2.00362,43.34917],[2.00293,43.34932],[2.00254,43.3493],[2.00202,43.34924],[2.00141,43.34917],[2.00078,43.34926],[2.00006,43.34964],[1.99941,43.35001],[1.99899,43.35022],[1.99879,43.35034],[1.99863,43.35034],[1.99863,43.35009],[1.99889,43.34959],[1.99922,43.34907],[1.99955,43.3485],[1.99968,43.34802],[1.99962,43.34774],[1.99923,43.34753],[1.99861,43.34724],[1.99774,43.34695],[1.99636,43.34664],[1.99574,43.34639],[1.99498,43.34634],[1.99441,43.34637],[1.99337,43.34624],[1.99256,43.34612],[1.99211,43.34612],[1.99194,43.34638],[1.99165,43.34681],[1.99093,43.3474],[1.99001,43.34787],[1.98909,43.3482],[1.98824,43.34863],[1.98738,43.34906],[1.98712,43.35001],[1.98702,43.35068],[1.98685,43.35141],[1.98707,43.35175],[1.9873,43.35213],[1.98684,43.35296],[1.98641,43.3531],[1.98567,43.35336],[1.98508,43.35372],[1.98422,43.35413],[1.98345,43.35441],[1.98258,43.35462],[1.98193,43.35464],[1.9814,43.35468],[1.98081,43.35483],[1.98002,43.35501],[1.97982,43.35504],[1.97976,43.3554],[1.97976,43.35577],[1.97975,43.35622],[1.97969,43.3568],[1.97975,43.35756],[1.97954,43.35813],[1.97922,43.35883],[1.97888,43.35952],[1.9785,43.36001],[1.97771,43.36041],[1.97582,43.36126],[1.97512,43.36176],[1.97385,43.36232],[1.9731,43.36278],[1.9726,43.36313],[1.97263,43.36342],[1.97275,43.36373],[1.97288,43.36441],[1.97288,43.36481],[1.97264,43.36521],[1.97202,43.36559],[1.9711,43.36577],[1.96999,43.36613],[1.96933,43.36643],[1.96868,43.36662],[1.96836,43.36665],[1.96816,43.36647],[1.96809,43.3662],[1.96777,43.3661],[1.96745,43.36612],[1.96705,43.36624],[1.96626,43.36652],[1.96614,43.36678],[1.96606,43.36719],[1.96633,43.36792],[1.96645,43.36853],[1.96664,43.36945],[1.9665,43.36997],[1.96608,43.37043],[1.96592,43.37179],[1.95985,43.37126],[1.95705,43.37209],[1.95578,43.37147],[1.9518,43.37243],[1.94877,43.37275],[1.9473,43.37228],[1.9458,43.37131],[1.94491,43.36933],[1.94388,43.36947],[1.94444,43.36819],[1.94377,43.36746],[1.94418,43.36622],[1.94332,43.36535],[1.94254,43.36561],[1.94134,43.36373],[1.93991,43.36436],[1.93895,43.36356],[1.93737,43.36426],[1.9355,43.36181],[1.93086,43.36398],[1.93071,43.36455],[1.92866,43.36637],[1.92621,43.36616],[1.92417,43.36866],[1.92483,43.37003],[1.92395,43.37252],[1.92214,43.37482],[1.9178,43.37703],[1.91826,43.3781],[1.9148,43.38025],[1.91099,43.38196],[1.90798,43.38145],[1.90698,43.38227],[1.90826,43.384],[1.90897,43.38533],[1.90979,43.38602],[1.90924,43.38658],[1.90996,43.38763],[1.90902,43.38822],[1.90899,43.39215],[1.90965,43.39337],[1.90974,43.39416],[1.91061,43.39702],[1.9118,43.39903],[1.9135,43.40026],[1.90999,43.40422]]]]},"properties":{"ID":"1114","id":"1114","NOM_MASSIF":"CONTREFORTS OUEST MONTAGNE NOIRE","dept":"11"}},{"type":"Feature","id":19,"geometry":{"type":"MultiPolygon","coordinates":[[[[1.95695,43.07794],[1.95651,43.07891],[1.95688,43.08044],[1.95515,43.08145],[1.9512,43.07908],[1.94934,43.07975],[1.95006,43.08295],[1.95124,43.08408],[1.95588,43.08553],[1.95737,43.08554],[1.96154,43.08463],[1.96336,43.08474],[1.96486,43.08438],[1.96571,43.08627],[1.96659,43.08647],[1.96709,43.08733],[1.96701,43.08809],[1.96726,43.08845],[1.97027,43.08743],[1.97114,43.08784],[1.97971,43.08819],[1.98104,43.08789],[1.98547,43.08529],[1.98593,43.08513],[1.98816,43.08381],[1.98898,43.08306],[1.98867,43.08237],[1.98879,43.08191],[1.9896,43.08189],[1.99012,43.0819],[1.99173,43.08255],[1.99318,43.08326],[1.9947,43.08349],[1.99575,43.08461],[1.99669,43.08681],[1.99535,43.08935],[1.99669,43.09069],[1.99667,43.09179],[1.99759,43.09308],[2.00091,43.09268],[2.00355,43.09176],[2.00701,43.08708],[2.00814,43.08528],[2.00824,43.08161],[2.01561,43.08017],[2.01575,43.07894],[2.02258,43.0786],[2.02505,43.07805],[2.02566,43.07654],[2.02681,43.0759],[2.0286,43.07542],[2.03041,43.07439],[2.03375,43.07413],[2.03529,43.07497],[2.03738,43.0747],[2.03788,43.07406],[2.03647,43.07303],[2.03524,43.07256],[2.03597,43.07202],[2.03538,43.06974],[2.03779,43.06643],[2.0388,43.06584],[2.04083,43.06483],[2.0415,43.06522],[2.04447,43.06453],[2.04341,43.06186],[2.04262,43.06018],[2.04147,43.05913],[2.03816,43.0591],[2.03683,43.05737],[2.03731,43.05573],[2.03505,43.0551],[2.03386,43.05451],[2.03292,43.0541],[2.04264,43.05304],[2.04602,43.05224],[2.05291,43.05197],[2.0561,43.05314],[2.05892,43.05323],[2.05985,43.05191],[2.05827,43.04932],[2.06325,43.04641],[2.06434,43.04309],[2.06933,43.03995],[2.07395,43.03894],[2.07323,43.03725],[2.0752,43.0339],[2.07777,43.03112],[2.08065,43.02948],[2.08179,43.02728],[2.07754,43.02531],[2.07957,43.02428],[2.08032,43.02162],[2.0835,43.01984],[2.08729,43.01711],[2.08944,43.01527],[2.09045,43.01458],[2.09504,43.01233],[2.096,43.01172],[2.09649,43.01124],[2.09707,43.01046],[2.09875,43.00922],[2.1,43.00806],[2.09958,43.00804],[2.09788,43.0084],[2.09765,43.00788],[2.09709,43.00711],[2.09706,43.00667],[2.09623,43.00658],[2.0952,43.00692],[2.09469,43.00638],[2.09451,43.00606],[2.0938,43.00579],[2.0935,43.00575],[2.09345,43.00551],[2.09369,43.00523],[2.09444,43.00472],[2.09451,43.00441],[2.09437,43.00434],[2.09453,43.00415],[2.09463,43.00392],[2.09394,43.00362],[2.09318,43.00354],[2.09257,43.0033],[2.09188,43.00331],[2.09119,43.00322],[2.08992,43.00399],[2.08992,43.00399],[2.08929,43.00387],[2.08871,43.00294],[2.08865,43.00244],[2.08881,43.0021],[2.08892,43.00111],[2.08898,43.00091],[2.08873,43.00037],[2.08867,42.99981],[2.08872,42.99951],[2.08885,42.99911],[2.08851,42.99896],[2.08804,42.99847],[2.08775,42.99785],[2.08817,42.99683],[2.08871,42.99634],[2.0889,42.99606],[2.08917,42.99545],[2.08912,42.99522],[2.08861,42.99484],[2.08748,42.99325],[2.08794,42.99228],[2.08811,42.99162],[2.08862,42.991],[2.08917,42.99058],[2.0899,42.99016],[2.09037,42.98859],[2.09054,42.98742],[2.09033,42.98673],[2.0913,42.98475],[2.09156,42.98461],[2.09027,42.98329],[2.08977,42.9822],[2.08938,42.98177],[2.08901,42.98167],[2.08803,42.98123],[2.08773,42.98085],[2.08694,42.9792],[2.08694,42.9792],[2.08672,42.97665],[2.0863,42.97592],[2.08623,42.97464],[2.0859,42.97376],[2.08418,42.97374],[2.08344,42.97381],[2.08124,42.97368],[2.08063,42.97351],[2.08039,42.97319],[2.08002,42.97195],[2.08023,42.97157],[2.08074,42.96891],[2.08119,42.96735],[2.08114,42.96653],[2.0815,42.9642],[2.08138,42.96266],[2.08174,42.96207],[2.08197,42.96194],[2.08224,42.96179],[2.08289,42.96131],[2.08354,42.9606],[2.08415,42.95965],[2.08193,42.95879],[2.08133,42.95752],[2.08059,42.95671],[2.08028,42.95574],[2.08091,42.95461],[2.08098,42.95435],[2.08094,42.95407],[2.08059,42.95325],[2.08019,42.9529],[2.07796,42.95205],[2.07698,42.95064],[2.07688,42.95035],[2.0769,42.94943],[2.07706,42.94906],[2.07801,42.94835],[2.07818,42.94744],[2.07899,42.94679],[2.07914,42.94651],[2.08015,42.94663],[2.08049,42.94647],[2.0809,42.94593],[2.08107,42.94587],[2.08133,42.9457],[2.08177,42.94516],[2.08283,42.94288],[2.08212,42.94218],[2.08118,42.94215],[2.08071,42.94207],[2.07981,42.94147],[2.07952,42.94103],[2.07863,42.94051],[2.07786,42.94039],[2.07643,42.93832],[2.0765,42.93793],[2.07626,42.93674],[2.07649,42.9365],[2.07675,42.93484],[2.07636,42.93454],[2.07576,42.93332],[2.07559,42.93324],[2.07491,42.93251],[2.0749,42.93239],[2.07567,42.93287],[2.07652,42.93301],[2.07769,42.93336],[2.07848,42.93276],[2.07848,42.93276],[2.0809,42.93298],[2.08136,42.93285],[2.0822,42.93276],[2.08254,42.93244],[2.08414,42.93229],[2.08472,42.93247],[2.08517,42.9325],[2.08546,42.93248],[2.08605,42.9319],[2.08741,42.93223],[2.0888,42.93233],[2.0896,42.93265],[2.09011,42.93308],[2.09054,42.93324],[2.09171,42.93343],[2.09232,42.93365],[2.09303,42.93361],[2.09319,42.93328],[2.09365,42.9331],[2.09451,42.93321],[2.09496,42.93316],[2.09564,42.93321],[2.09586,42.93309],[2.09629,42.93305],[2.09669,42.93311],[2.0969,42.93341],[2.09786,42.93278],[2.09812,42.93279],[2.09852,42.93297],[2.09942,42.93296],[2.09989,42.93311],[2.10081,42.93307],[2.10114,42.93315],[2.10176,42.93307],[2.10205,42.93336],[2.10222,42.93309],[2.10251,42.93308],[2.10324,42.93271],[2.10418,42.93211],[2.10416,42.93171],[2.10576,42.93098],[2.10584,42.93073],[2.10575,42.9304],[2.10541,42.92991],[2.10551,42.92957],[2.10627,42.92894],[2.10672,42.92878],[2.10723,42.92867],[2.10742,42.92893],[2.10759,42.92891],[2.10784,42.92877],[2.10787,42.92827],[2.10885,42.92757],[2.10939,42.92744],[2.11087,42.92648],[2.11139,42.92639],[2.11173,42.92617],[2.1126,42.92546],[2.1134,42.92522],[2.11369,42.92484],[2.11417,42.92452],[2.11504,42.92463],[2.11615,42.92468],[2.11581,42.92412],[2.11462,42.92297],[2.11436,42.92254],[2.11426,42.92217],[2.1139,42.92181],[2.11387,42.92147],[2.11404,42.92107],[2.11463,42.92025],[2.11502,42.91886],[2.115,42.91744],[2.1149,42.91684],[2.11467,42.91649],[2.11473,42.91642],[2.11551,42.91603],[2.11556,42.91587],[2.11655,42.91516],[2.11682,42.91487],[2.11687,42.91442],[2.11679,42.91409],[2.11649,42.91379],[2.11638,42.91347],[2.11666,42.91264],[2.11751,42.913],[2.11797,42.91309],[2.12042,42.91308],[2.12309,42.91217],[2.12441,42.91182],[2.1256,42.91142],[2.12529,42.91085],[2.12517,42.91038],[2.12595,42.90872],[2.12615,42.90849],[2.12841,42.90731],[2.12943,42.90689],[2.12985,42.90636],[2.13035,42.9061],[2.13135,42.90587],[2.13251,42.90549],[2.13174,42.90296],[2.13046,42.89835],[2.1309,42.89825],[2.13007,42.89685],[2.13112,42.89618],[2.13117,42.89588],[2.13136,42.89552],[2.13196,42.89502],[2.13243,42.8949],[2.13225,42.89477],[2.13121,42.89474],[2.13046,42.89466],[2.13053,42.89272],[2.13025,42.89286],[2.1255,42.88889],[2.12545,42.88875],[2.11643,42.89358],[2.11369,42.89504],[2.11239,42.89573],[2.11149,42.89607],[2.11064,42.89643],[2.11026,42.89673],[2.11001,42.89716],[2.10963,42.89888],[2.10894,42.89938],[2.10796,42.89956],[2.10681,42.89961],[2.10575,42.89967],[2.10491,42.89984],[2.10346,42.90019],[2.10171,42.90123],[2.10118,42.90177],[2.10046,42.90279],[2.09943,42.90328],[2.09833,42.90433],[2.09741,42.90503],[2.09545,42.90598],[2.09529,42.90548],[2.09464,42.9055],[2.09424,42.90562],[2.09327,42.90581],[2.09197,42.90613],[2.09091,42.90674],[2.09026,42.90746],[2.08972,42.90722],[2.08946,42.90784],[2.08823,42.90822],[2.08729,42.90901],[2.08631,42.9087],[2.08582,42.90909],[2.08476,42.90933],[2.08418,42.90926],[2.08321,42.90937],[2.08261,42.91042],[2.08183,42.91069],[2.08183,42.91154],[2.08112,42.91166],[2.0789,42.91266],[2.07891,42.91309],[2.07829,42.91335],[2.07752,42.91422],[2.07676,42.91474],[2.07568,42.91474],[2.07489,42.91511],[2.07306,42.91466],[2.07072,42.91573],[2.06907,42.91562],[2.0683,42.91512],[2.06611,42.91538],[2.06372,42.91601],[2.06212,42.91617],[2.06045,42.91676],[2.05939,42.91654],[2.05784,42.91606],[2.05595,42.91583],[2.05239,42.9168],[2.04903,42.91727],[2.0494,42.9157],[2.0482,42.91501],[2.04889,42.91402],[2.04823,42.91287],[2.04761,42.91219],[2.04414,42.91102],[2.04186,42.91057],[2.04127,42.91113],[2.03533,42.91226],[2.03326,42.91117],[2.03074,42.91054],[2.02788,42.91044],[2.02735,42.9099],[2.02352,42.90983],[2.02154,42.90928],[2.02032,42.90922],[2.02006,42.90912],[2.01993,42.90908],[2.01977,42.90908],[2.01949,42.90916],[2.01919,42.90927],[2.01889,42.90926],[2.01847,42.90918],[2.01807,42.90924],[2.01781,42.90935],[2.01748,42.90958],[2.0172,42.90967],[2.01675,42.90964],[2.01635,42.90963],[2.01608,42.90965],[2.01551,42.90963],[2.01449,42.90971],[2.01329,42.90985],[2.01238,42.9099],[2.0118,42.91],[2.01149,42.91001],[2.01099,42.90991],[2.01053,42.90989],[2.01012,42.90981],[2.00959,42.90951],[2.0091,42.90926],[2.00886,42.90918],[2.0087,42.90916],[2.00774,42.90937],[2.00711,42.90974],[2.00583,42.90987],[2.0041,42.91011],[2.0035,42.91],[2.00246,42.91035],[2.00173,42.91016],[2.0014,42.9102],[2.00111,42.9106],[1.99737,42.91072],[1.99611,42.91134],[1.9945,42.91156],[1.99227,42.91182],[1.99129,42.91164],[1.99082,42.91158],[1.98886,42.91147],[1.98818,42.91391],[1.98755,42.91688],[1.9863,42.91838],[1.98649,42.91871],[1.98613,42.91893],[1.9859,42.91901],[1.98573,42.91907],[1.98529,42.91916],[1.98484,42.91925],[1.98311,42.91978],[1.98113,42.92336],[1.98077,42.92809],[1.98077,42.92979],[1.9776,42.93014],[1.97334,42.93115],[1.96995,42.93158],[1.96201,42.93339],[1.95755,42.93446],[1.94702,42.93677],[1.93934,42.93837],[1.93406,42.93918],[1.93508,42.94637],[1.93654,42.95378],[1.93932,42.95444],[1.94091,42.95554],[1.94371,42.95684],[1.9462,42.95687],[1.95003,42.95643],[1.95229,42.95558],[1.95172,42.95872],[1.95333,42.95845],[1.9555,42.9582],[1.95704,42.95999],[1.95636,42.96244],[1.95773,42.96414],[1.95986,42.96253],[1.96671,42.96098],[1.97162,42.96134],[1.97433,42.96021],[1.97673,42.96084],[1.98004,42.96079],[1.98057,42.96003],[1.98023,42.95912],[1.98352,42.95638],[1.98614,42.95532],[1.9887,42.95337],[1.99013,42.95293],[1.99213,42.95331],[1.9926,42.95346],[1.99295,42.95351],[1.9931,42.95353],[1.99357,42.9536],[1.99408,42.95341],[1.9944,42.95326],[1.99451,42.9532],[1.99483,42.95291],[1.99516,42.9528],[1.99533,42.95283],[1.99551,42.95286],[1.9958,42.95301],[1.99601,42.95323],[1.99623,42.95345],[1.99644,42.95367],[1.99661,42.95392],[1.99676,42.95416],[1.99691,42.95441],[1.99739,42.95429],[1.99786,42.95418],[1.99802,42.95417],[1.99835,42.95415],[1.99883,42.95427],[1.99907,42.95443],[1.99917,42.95452],[1.9994,42.95485],[1.99964,42.95517],[1.99968,42.95546],[1.99982,42.95573],[1.99996,42.95583],[2.0001,42.95594],[2.00048,42.95602],[2.00089,42.95601],[2.00121,42.95636],[2.00138,42.95677],[2.0014,42.95721],[2.00132,42.95764],[2.00109,42.95804],[2.00095,42.95845],[2.00268,42.95842],[2.00439,42.9608],[2.00631,42.96206],[2.00651,42.96233],[2.00652,42.96264],[2.00634,42.96292],[2.00604,42.96314],[2.0057,42.96332],[2.00533,42.96347],[2.00222,42.96378],[2.0018,42.9615],[1.99945,42.96148],[1.99347,42.9625],[1.99281,42.96296],[1.99211,42.9634],[1.99139,42.9638],[1.99056,42.9641],[1.98979,42.96446],[1.98892,42.96468],[1.98711,42.96611],[1.98676,42.96647],[1.98633,42.96681],[1.98613,42.96706],[1.98608,42.9672],[1.98591,42.96763],[1.98575,42.96806],[1.98581,42.96825],[1.98589,42.9685],[1.98621,42.96888],[1.98663,42.9692],[1.98689,42.9712],[1.98755,42.97296],[1.98706,42.97296],[1.98709,42.97466],[1.98645,42.97466],[1.98638,42.97567],[1.98675,42.9763],[1.98544,42.97754],[1.98589,42.97858],[1.98588,42.98048],[1.98469,42.98185],[1.98512,42.98199],[1.98488,42.98475],[1.98426,42.98495],[1.98396,42.98602],[1.98287,42.98625],[1.98239,42.9884],[1.98303,42.98836],[1.98321,42.98866],[1.98546,42.98914],[1.98468,42.98945],[1.98523,42.98994],[1.98568,42.99047],[1.98603,42.99105],[1.98615,42.99139],[1.98624,42.99165],[1.98628,42.99228],[1.98613,42.99289],[1.98584,42.99348],[1.98783,42.99369],[1.98775,42.99415],[1.98721,42.99454],[1.98628,42.99514],[1.98589,42.99617],[1.98529,42.99673],[1.98575,42.99735],[1.9864,42.99787],[1.98718,42.99827],[1.98781,42.99909],[1.98742,43.0002],[1.98687,43.00089],[1.98681,43.00264],[1.98608,43.00301],[1.98613,43.00367],[1.98569,43.00366],[1.98561,43.00393],[1.98548,43.00418],[1.98524,43.0044],[1.98491,43.00451],[1.98454,43.0045],[1.98419,43.00441],[1.98404,43.00464],[1.98353,43.00439],[1.97856,43.00673],[1.97798,43.00635],[1.97673,43.00787],[1.97381,43.00704],[1.96996,43.00865],[1.98092,43.01982],[1.98128,43.01968],[1.98168,43.01965],[1.98186,43.01962],[1.98201,43.01969],[1.98239,43.0198],[1.98262,43.02004],[1.98505,43.02334],[1.98536,43.02353],[1.98555,43.02379],[1.98558,43.02394],[1.9856,43.02408],[1.98546,43.02437],[1.98538,43.02465],[1.98555,43.02495],[1.98559,43.02528],[1.98536,43.02554],[1.98512,43.02582],[1.98522,43.02864],[1.98576,43.02912],[1.98522,43.02975],[1.98605,43.03007],[1.98539,43.03154],[1.9856,43.03212],[1.98447,43.03306],[1.98266,43.03407],[1.98051,43.0375],[1.97945,43.03816],[1.97784,43.03917],[1.97533,43.04059],[1.97538,43.04247],[1.97535,43.04344],[1.97524,43.04382],[1.97496,43.04413],[1.97457,43.04437],[1.97413,43.04456],[1.97367,43.0447],[1.97318,43.04482],[1.97352,43.04624],[1.97178,43.04688],[1.96985,43.04705],[1.96841,43.04693],[1.9671,43.0474],[1.96494,43.04886],[1.96425,43.04874],[1.96238,43.04945],[1.96099,43.05043],[1.96046,43.05054],[1.95992,43.05058],[1.95965,43.05061],[1.95938,43.05059],[1.95886,43.05048],[1.95839,43.05026],[1.95767,43.05029],[1.95695,43.05024],[1.95625,43.0501],[1.9556,43.04986],[1.95366,43.04942],[1.95376,43.04831],[1.95563,43.0456],[1.95351,43.04586],[1.95199,43.04664],[1.95135,43.04658],[1.95072,43.04666],[1.95045,43.04679],[1.95019,43.0469],[1.94965,43.04716],[1.94922,43.0475],[1.94151,43.05157],[1.94319,43.05311],[1.94271,43.05481],[1.9424,43.05504],[1.94203,43.05522],[1.94195,43.05536],[1.94188,43.0555],[1.94171,43.05581],[1.94181,43.05613],[1.94211,43.05613],[1.94238,43.05622],[1.94251,43.05642],[1.94246,43.05664],[1.94243,43.05686],[1.94242,43.05695],[1.94238,43.05707],[1.94227,43.05728],[1.94216,43.05748],[1.94225,43.05862],[1.94118,43.06132],[1.94015,43.06189],[1.93968,43.06214],[1.94026,43.06424],[1.9413,43.06479],[1.94167,43.06678],[1.94254,43.06789],[1.94385,43.06694],[1.94702,43.0655],[1.95158,43.06568],[1.95237,43.06606],[1.95325,43.06629],[1.95418,43.06637],[1.95514,43.06629],[1.95637,43.06689],[1.95693,43.06707],[1.95753,43.06712],[1.95813,43.06705],[1.95871,43.06688],[1.95923,43.06665],[1.95972,43.06638],[1.96131,43.06663],[1.96406,43.06913],[1.96117,43.07114],[1.96055,43.072],[1.96044,43.07236],[1.9603,43.07271],[1.9601,43.07305],[1.95983,43.07336],[1.95944,43.0736],[1.95896,43.07369],[1.95806,43.07441],[1.95708,43.07667],[1.95705,43.07775],[1.95695,43.07794]]]]},"properties":{"ID":"1117","id":"1117","NOM_MASSIF":"CHALABRAIS","dept":"11"}},{"type":"Feature","id":20,"geometry":{"type":"MultiPolygon","coordinates":[[[[2.22161,43.04766],[2.22189,43.04628],[2.22345,43.04586],[2.22759,43.04708],[2.23164,43.04502],[2.23409,43.04603],[2.23721,43.04539],[2.23967,43.04593],[2.24201,43.0458],[2.24334,43.04315],[2.24677,43.03922],[2.24855,43.03875],[2.25167,43.03827],[2.25236,43.03764],[2.25269,43.03682],[2.25065,43.03383],[2.25221,43.02913],[2.25224,43.02853],[2.25212,43.02727],[2.25175,43.02521],[2.25145,43.02405],[2.25306,43.0225],[2.25245,43.01985],[2.2523,43.01861],[2.25579,43.01733],[2.25656,43.01736],[2.25702,43.01477],[2.25697,43.01365],[2.25591,43.0129],[2.25397,43.0121],[2.25226,43.01183],[2.25047,43.01182],[2.2497,43.01114],[2.24905,43.00878],[2.24868,43.00785],[2.2482,43.00721],[2.24853,43.00652],[2.24948,43.00586],[2.24991,43.00527],[2.24963,43.00467],[2.24921,43.00405],[2.24894,43.00267],[2.25029,43.00065],[2.2533,42.99861],[2.25383,42.99528],[2.25687,42.99366],[2.25938,42.99277],[2.26083,42.99064],[2.26098,42.98883],[2.26192,42.9867],[2.26202,42.98593],[2.26245,42.9852],[2.26313,42.98282],[2.26458,42.98185],[2.26319,42.9791],[2.26301,42.97775],[2.26247,42.97691],[2.26105,42.97646],[2.26014,42.9758],[2.25985,42.97268],[2.26027,42.972],[2.25969,42.97114],[2.25908,42.9707],[2.25883,42.97038],[2.25892,42.96964],[2.25927,42.96888],[2.2597,42.96848],[2.2603,42.9681],[2.26043,42.96791],[2.26039,42.96762],[2.26011,42.96744],[2.25952,42.96722],[2.25924,42.96706],[2.25778,42.96465],[2.25695,42.96419],[2.25618,42.96352],[2.25505,42.9627],[2.25471,42.96196],[2.25462,42.9611],[2.25591,42.95926],[2.25838,42.95832],[2.25891,42.95785],[2.25918,42.957],[2.25853,42.95652],[2.25789,42.95625],[2.25682,42.95622],[2.25372,42.95584],[2.25181,42.95502],[2.25108,42.95437],[2.25038,42.95339],[2.25074,42.95273],[2.25273,42.95148],[2.25243,42.94979],[2.25242,42.94848],[2.25368,42.94611],[2.25323,42.94553],[2.25211,42.94476],[2.25187,42.94338],[2.25091,42.94224],[2.24534,42.93968],[2.24349,42.9399],[2.24106,42.93986],[2.23753,42.94202],[2.23663,42.94204],[2.23597,42.94023],[2.23459,42.93903],[2.23389,42.93822],[2.23402,42.93588],[2.23293,42.93481],[2.22934,42.93438],[2.22631,42.9314],[2.22498,42.93118],[2.22025,42.93383],[2.21847,42.93396],[2.217,42.93441],[2.21561,42.9343],[2.21459,42.93363],[2.21305,42.93216],[2.21375,42.93119],[2.2169,42.92884],[2.21845,42.92799],[2.21886,42.92769],[2.2191,42.9273],[2.21929,42.92677],[2.21923,42.92566],[2.21915,42.92535],[2.21908,42.92519],[2.21722,42.92432],[2.21703,42.92413],[2.21661,42.92317],[2.21172,42.92061],[2.20979,42.91984],[2.20815,42.91852],[2.20801,42.91749],[2.20825,42.916],[2.20779,42.91468],[2.20673,42.9141],[2.20455,42.9149],[2.20244,42.91531],[2.19875,42.91469],[2.19785,42.91418],[2.19734,42.91358],[2.19729,42.91082],[2.19649,42.90989],[2.19411,42.90854],[2.19053,42.90751],[2.18861,42.90638],[2.1882,42.90573],[2.18784,42.90335],[2.18847,42.90202],[2.18839,42.90119],[2.18713,42.9007],[2.18656,42.90003],[2.18613,42.89839],[2.18634,42.89744],[2.19288,42.89266],[2.19347,42.89161],[2.19341,42.8894],[2.1924,42.88766],[2.18953,42.88527],[2.18949,42.88147],[2.18505,42.87808],[2.18506,42.87773],[2.18588,42.87428],[2.18547,42.87332],[2.18454,42.87281],[2.18421,42.87153],[2.18513,42.87015],[2.18414,42.86662],[2.18602,42.86377],[2.19101,42.86445],[2.19199,42.86372],[2.19246,42.86289],[2.19289,42.86196],[2.19968,42.86225],[2.20028,42.8621],[2.20262,42.86119],[2.20499,42.86085],[2.20645,42.86021],[2.21194,42.86003],[2.21293,42.85956],[2.21616,42.85937],[2.21793,42.85787],[2.21934,42.85538],[2.22325,42.85415],[2.22461,42.85402],[2.22777,42.85276],[2.23006,42.85317],[2.23089,42.85393],[2.23543,42.85181],[2.24026,42.85042],[2.24292,42.8488],[2.24461,42.84703],[2.24417,42.84625],[2.24389,42.84224],[2.24384,42.84028],[2.24833,42.84078],[2.24954,42.84072],[2.25322,42.83622],[2.24821,42.83209],[2.24582,42.83213],[2.24296,42.83306],[2.24076,42.8334],[2.23803,42.83419],[2.23588,42.83459],[2.23247,42.83573],[2.22931,42.83541],[2.22571,42.83628],[2.22451,42.83627],[2.22373,42.83688],[2.21865,42.83675],[2.21774,42.8373],[2.21736,42.83816],[2.21685,42.83819],[2.20436,42.8367],[2.20395,42.83727],[2.20364,42.83733],[2.19029,42.84321],[2.18824,42.84403],[2.17476,42.84362],[2.17345,42.84383],[2.17294,42.84422],[2.17226,42.84445],[2.17121,42.84426],[2.16926,42.84429],[2.16887,42.84411],[2.16856,42.84425],[2.16807,42.84399],[2.16768,42.84416],[2.16645,42.84378],[2.16534,42.84369],[2.16119,42.84549],[2.1599,42.84657],[2.1586,42.84663],[2.15467,42.84934],[2.15323,42.85041],[2.15294,42.85104],[2.15263,42.85356],[2.1528,42.85549],[2.15188,42.85738],[2.15048,42.85814],[2.14853,42.85897],[2.14674,42.85948],[2.14466,42.86023],[2.14286,42.86064],[2.14184,42.86157],[2.14005,42.86378],[2.13916,42.86435],[2.13764,42.86497],[2.13534,42.86571],[2.13301,42.86614],[2.13107,42.86575],[2.12958,42.86529],[2.12908,42.86612],[2.13009,42.86667],[2.13239,42.86759],[2.13425,42.8741],[2.13286,42.87378],[2.13093,42.87405],[2.13044,42.87409],[2.13039,42.87556],[2.13097,42.88196],[2.12977,42.88479],[2.12962,42.88511],[2.12722,42.88549],[2.12728,42.88636],[2.12765,42.88722],[2.12601,42.88804],[2.12588,42.88818],[2.12533,42.88846],[2.12552,42.8889],[2.13025,42.89286],[2.13054,42.89274],[2.13043,42.89466],[2.1318,42.89476],[2.13221,42.89474],[2.1324,42.89489],[2.13192,42.89505],[2.13139,42.89551],[2.13117,42.89584],[2.1311,42.89619],[2.13009,42.89687],[2.13085,42.89827],[2.13045,42.89833],[2.13248,42.90547],[2.13138,42.90588],[2.13048,42.90607],[2.1299,42.90633],[2.12938,42.90693],[2.12795,42.90751],[2.12612,42.90849],[2.12536,42.90977],[2.12517,42.91039],[2.12547,42.91143],[2.12287,42.91221],[2.12038,42.91309],[2.11815,42.91312],[2.11718,42.91292],[2.11664,42.9126],[2.11636,42.91351],[2.11642,42.91375],[2.11684,42.91411],[2.11681,42.9149],[2.1156,42.91584],[2.11547,42.91607],[2.1147,42.91646],[2.11489,42.91684],[2.11503,42.91888],[2.11468,42.92007],[2.11388,42.9213],[2.11394,42.92174],[2.11424,42.92223],[2.11468,42.92304],[2.11586,42.9241],[2.11611,42.92468],[2.11508,42.92464],[2.11424,42.9245],[2.1137,42.92477],[2.11343,42.92524],[2.1126,42.92549],[2.11129,42.9264],[2.11084,42.92649],[2.1093,42.92752],[2.10878,42.92761],[2.10782,42.92827],[2.10779,42.9288],[2.10751,42.92898],[2.10716,42.92868],[2.1063,42.9289],[2.1055,42.92952],[2.10543,42.92991],[2.10577,42.93046],[2.10567,42.93098],[2.1041,42.9317],[2.10415,42.93214],[2.10202,42.93335],[2.10169,42.93308],[2.10081,42.93311],[2.09984,42.93308],[2.09855,42.93292],[2.09784,42.93275],[2.0969,42.93339],[2.0966,42.93311],[2.09603,42.9331],[2.09558,42.93314],[2.09445,42.93317],[2.0937,42.93307],[2.09323,42.93321],[2.093,42.93359],[2.09242,42.93365],[2.09179,42.93344],[2.09012,42.93311],[2.08961,42.93271],[2.08874,42.93233],[2.08745,42.93225],[2.08603,42.93191],[2.08541,42.93247],[2.08473,42.93247],[2.08403,42.93231],[2.0827,42.93242],[2.0821,42.9328],[2.08139,42.9328],[2.08088,42.93298],[2.07852,42.93272],[2.07762,42.93332],[2.07643,42.93297],[2.07573,42.93293],[2.07495,42.93246],[2.07547,42.93314],[2.07571,42.93328],[2.07639,42.93457],[2.07673,42.93492],[2.07645,42.93644],[2.07625,42.93672],[2.07645,42.93837],[2.07797,42.9404],[2.07865,42.94057],[2.07952,42.94091],[2.07968,42.94132],[2.08086,42.94204],[2.08209,42.94217],[2.08292,42.94285],[2.08172,42.94522],[2.08142,42.94548],[2.08085,42.94592],[2.08035,42.94667],[2.07942,42.94645],[2.07915,42.94669],[2.0783,42.94749],[2.07799,42.94834],[2.07694,42.94924],[2.07699,42.95057],[2.07806,42.95208],[2.08048,42.95308],[2.08094,42.95407],[2.08094,42.95429],[2.08097,42.95451],[2.0803,42.95614],[2.08122,42.95734],[2.08207,42.95875],[2.08413,42.9597],[2.08278,42.96123],[2.08143,42.96267],[2.08146,42.96467],[2.08014,42.97202],[2.08039,42.97319],[2.08099,42.97374],[2.08345,42.9739],[2.08602,42.97368],[2.08622,42.97483],[2.0863,42.97599],[2.08675,42.97669],[2.08703,42.97912],[2.08803,42.98124],[2.08952,42.9818],[2.09017,42.98336],[2.09148,42.98463],[2.09032,42.98667],[2.09046,42.98755],[2.08987,42.99009],[2.08928,42.99056],[2.0881,42.9916],[2.08782,42.99255],[2.08752,42.99345],[2.08857,42.99479],[2.08921,42.99518],[2.08894,42.99605],[2.08774,42.99783],[2.08828,42.99878],[2.08886,42.99903],[2.08871,43.00022],[2.08892,43.00098],[2.0886,43.00271],[2.0892,43.00388],[2.08995,43.00399],[2.09122,43.00328],[2.09287,43.00342],[2.09446,43.00379],[2.09437,43.00434],[2.09451,43.00441],[2.09431,43.00487],[2.09336,43.00554],[2.09385,43.00597],[2.09452,43.00595],[2.09525,43.00693],[2.09703,43.00672],[2.09788,43.00826],[2.09994,43.00804],[2.09543,43.01216],[2.08999,43.01487],[2.08741,43.0171],[2.08734,43.01705],[2.08367,43.01969],[2.08291,43.01996],[2.08036,43.02147],[2.07973,43.02432],[2.0777,43.02535],[2.0816,43.02728],[2.08069,43.02946],[2.07794,43.03101],[2.0751,43.03391],[2.07313,43.03732],[2.07385,43.03893],[2.0704,43.03961],[2.06805,43.04071],[2.06428,43.0431],[2.06407,43.04431],[2.06329,43.04654],[2.05831,43.04926],[2.05943,43.05222],[2.05906,43.05324],[2.05584,43.05314],[2.05288,43.05195],[2.04619,43.05213],[2.04384,43.05294],[2.03289,43.05403],[2.03482,43.055],[2.03718,43.05569],[2.03682,43.05745],[2.03813,43.05889],[2.04134,43.05912],[2.04265,43.06024],[2.04433,43.06456],[2.04159,43.06513],[2.04072,43.06493],[2.03784,43.06633],[2.03524,43.06953],[2.0358,43.07191],[2.03559,43.07267],[2.03534,43.07259],[2.03793,43.07402],[2.03728,43.07468],[2.03559,43.07502],[2.03365,43.07427],[2.03057,43.07434],[2.02857,43.07546],[2.0271,43.07573],[2.02573,43.07653],[2.02495,43.07813],[2.02274,43.07857],[2.01585,43.07875],[2.0156,43.08022],[2.00827,43.08146],[2.00814,43.08529],[2.00352,43.09175],[2.00084,43.09272],[1.99755,43.093],[1.99676,43.09178],[1.99672,43.09076],[1.9955,43.08948],[1.99561,43.08872],[1.99668,43.08695],[1.99602,43.08494],[1.9946,43.08357],[1.9916,43.08246],[1.99041,43.08194],[1.98875,43.08197],[1.98868,43.08237],[1.98897,43.08296],[1.98615,43.08504],[1.98565,43.08518],[1.98117,43.08788],[1.98006,43.08803],[1.97973,43.08822],[1.97113,43.08785],[1.97033,43.08744],[1.96729,43.08845],[1.967,43.08811],[1.96712,43.0873],[1.96651,43.08642],[1.96568,43.08626],[1.96485,43.08437],[1.96334,43.08476],[1.96155,43.08465],[1.9574,43.08555],[1.95594,43.08547],[1.95531,43.088],[1.95554,43.0891],[1.95479,43.0934],[1.95394,43.09395],[1.95344,43.09484],[1.9533,43.09675],[1.95131,43.09917],[1.95124,43.10092],[1.95072,43.10239],[1.95088,43.10293],[1.95111,43.10348],[1.95111,43.10366],[1.95109,43.10402],[1.95111,43.10458],[1.95091,43.10491],[1.95081,43.10508],[1.95043,43.10557],[1.94986,43.10594],[1.95134,43.11108],[1.95739,43.11067],[1.96328,43.10989],[1.96458,43.11],[1.97328,43.10853],[1.97468,43.10993],[1.9767,43.10954],[1.97928,43.11061],[1.98052,43.11055],[1.9807,43.11303],[1.98666,43.11573],[1.9871,43.11687],[1.98809,43.11807],[1.98968,43.1178],[1.99045,43.1185],[1.99018,43.11919],[1.99085,43.1196],[1.99109,43.1207],[1.99194,43.12085],[1.99321,43.12186],[1.99564,43.1206],[1.99684,43.1208],[1.99782,43.12069],[1.9992,43.12175],[2.00148,43.12136],[2.00182,43.12063],[2.00295,43.12062],[2.00568,43.12102],[2.00906,43.12058],[2.00951,43.1213],[2.01471,43.12103],[2.01636,43.12498],[2.01631,43.12614],[2.02151,43.12621],[2.0214,43.12693],[2.02084,43.12742],[2.02077,43.1293],[2.02275,43.12967],[2.02441,43.12945],[2.0241,43.13047],[2.02623,43.13156],[2.03308,43.13167],[2.03297,43.13262],[2.03384,43.13273],[2.03373,43.13539],[2.03448,43.13559],[2.03453,43.13633],[2.0342,43.13692],[2.03425,43.13787],[2.03314,43.13805],[2.03283,43.13919],[2.03132,43.13813],[2.02928,43.13721],[2.02782,43.13736],[2.02711,43.13702],[2.02419,43.13688],[2.02411,43.13597],[2.02023,43.13643],[2.0187,43.13642],[2.01836,43.13739],[2.01543,43.13572],[2.01256,43.13667],[2.01063,43.13456],[2.00858,43.13545],[2.00934,43.13686],[2.00894,43.13731],[2.00931,43.13814],[2.00891,43.13888],[2.00954,43.14198],[2.00798,43.14218],[2.00751,43.14291],[2.00664,43.14289],[2.00346,43.14414],[2.00511,43.14427],[2.00471,43.14488],[2.00872,43.14647],[2.01019,43.1477],[2.01106,43.14823],[2.01258,43.15055],[2.01273,43.15331],[2.01488,43.15255],[2.01671,43.15207],[2.02028,43.15043],[2.0222,43.14848],[2.02291,43.14679],[2.02654,43.14561],[2.02904,43.14542],[2.03061,43.14493],[2.03299,43.14332],[2.0379,43.14604],[2.04227,43.14727],[2.0503,43.15264],[2.05603,43.15048],[2.05634,43.15144],[2.05559,43.15227],[2.0568,43.15305],[2.05695,43.154],[2.05824,43.15461],[2.05853,43.15628],[2.0613,43.15642],[2.06497,43.15514],[2.06962,43.15435],[2.07142,43.15377],[2.07159,43.15276],[2.07323,43.15182],[2.07292,43.15111],[2.07685,43.14965],[2.07942,43.1464],[2.07789,43.14556],[2.0801,43.14397],[2.08168,43.14214],[2.08488,43.13979],[2.0866,43.13963],[2.08719,43.13981],[2.08817,43.13939],[2.08928,43.13994],[2.08946,43.14076],[2.09111,43.14124],[2.09428,43.14123],[2.09554,43.14203],[2.09897,43.14352],[2.10156,43.14419],[2.10572,43.1414],[2.10639,43.14038],[2.10744,43.13972],[2.11057,43.13658],[2.11014,43.1355],[2.11288,43.13486],[2.11251,43.13343],[2.11038,43.13218],[2.11266,43.13194],[2.11357,43.13209],[2.11465,43.13159],[2.11666,43.13154],[2.12012,43.12911],[2.12171,43.12775],[2.12196,43.12872],[2.12421,43.13154],[2.12339,43.13252],[2.12353,43.13433],[2.12687,43.13445],[2.12784,43.1341],[2.13057,43.13378],[2.13185,43.13338],[2.13564,43.13083],[2.13876,43.13044],[2.14183,43.13068],[2.14242,43.1305],[2.1438,43.13045],[2.14374,43.13004],[2.14514,43.12951],[2.14597,43.12872],[2.14529,43.12769],[2.1439,43.12825],[2.14361,43.12783],[2.14492,43.12721],[2.14442,43.12662],[2.1454,43.12625],[2.14572,43.12378],[2.14491,43.12236],[2.14378,43.12096],[2.1414,43.11998],[2.14094,43.11914],[2.14892,43.11924],[2.14849,43.11733],[2.14928,43.11705],[2.14903,43.11653],[2.15071,43.11673],[2.15118,43.1155],[2.15406,43.11461],[2.15809,43.11422],[2.15746,43.11269],[2.16008,43.11147],[2.1619,43.11168],[2.16267,43.11197],[2.1656,43.1118],[2.16606,43.1109],[2.16602,43.10961],[2.16401,43.10922],[2.16586,43.107],[2.168,43.10711],[2.17036,43.10575],[2.17685,43.10599],[2.17927,43.1051],[2.18102,43.1053],[2.18233,43.10474],[2.18629,43.10463],[2.18727,43.10468],[2.18817,43.10531],[2.19005,43.10518],[2.19174,43.10524],[2.19298,43.10454],[2.19339,43.10368],[2.19411,43.10331],[2.19438,43.1025],[2.19381,43.10116],[2.18861,43.09703],[2.19063,43.09605],[2.19218,43.09563],[2.19618,43.09474],[2.1979,43.09357],[2.19903,43.0934],[2.19972,43.09263],[2.2005,43.09278],[2.20076,43.09302],[2.20161,43.09299],[2.20243,43.09201],[2.20347,43.09269],[2.20503,43.08931],[2.20615,43.08931],[2.20672,43.08625],[2.20688,43.08582],[2.20696,43.08339],[2.2077,43.08236],[2.20888,43.08169],[2.21087,43.07868],[2.21209,43.07868],[2.21538,43.07967],[2.21799,43.08169],[2.22,43.08067],[2.22498,43.07963],[2.22785,43.08012],[2.22786,43.07526],[2.2243,43.07192],[2.22444,43.06881],[2.22195,43.06601],[2.21445,43.06085],[2.21445,43.06085],[2.21451,43.05941],[2.21931,43.0543],[2.22262,43.04928],[2.22161,43.04766]],[[2.08753,43.0172],[2.08903,43.01792],[2.08838,43.01772],[2.08779,43.01741],[2.08753,43.0172]]]]},"properties":{"ID":"1116","id":"1116","NOM_MASSIF":"RAZES-HAUTE VALLEE","dept":"11"}},{"type":"Feature","id":21,"geometry":{"type":"MultiPolygon","coordinates":[[[[2.25065,43.03383],[2.25269,43.03682],[2.25334,43.0369],[2.25429,43.03671],[2.25681,43.03694],[2.25687,43.0378],[2.25699,43.03809],[2.25754,43.03809],[2.25846,43.03743],[2.25876,43.03693],[2.25925,43.03677],[2.25983,43.0372],[2.26027,43.0377],[2.26083,43.03754],[2.26159,43.0365],[2.26288,43.03699],[2.26385,43.03723],[2.26395,43.03664],[2.26448,43.03612],[2.26552,43.03627],[2.26798,43.03748],[2.268,43.03748],[2.26817,43.03759],[2.26835,43.03772],[2.26842,43.03783],[2.26863,43.03792],[2.26884,43.03793],[2.2691,43.03792],[2.26934,43.03781],[2.26962,43.03755],[2.27005,43.03711],[2.27,43.03747],[2.27017,43.03747],[2.27109,43.03678],[2.27291,43.03684],[2.27301,43.03636],[2.27266,43.03581],[2.27321,43.03587],[2.27389,43.03608],[2.27512,43.03581],[2.27647,43.03677],[2.27751,43.03697],[2.27822,43.03704],[2.27865,43.03671],[2.27904,43.03686],[2.27909,43.0379],[2.27966,43.03857],[2.28164,43.03885],[2.28164,43.03909],[2.28193,43.03935],[2.28241,43.03926],[2.28462,43.0388],[2.28533,43.03925],[2.28516,43.03985],[2.28539,43.04011],[2.28643,43.04009],[2.28701,43.03986],[2.2885,43.04011],[2.29025,43.04045],[2.29138,43.04046],[2.29165,43.04001],[2.29295,43.04016],[2.29335,43.0403],[2.29318,43.03966],[2.2938,43.03955],[2.29369,43.04017],[2.29381,43.03996],[2.29391,43.03981],[2.29408,43.03973],[2.29435,43.03943],[2.29494,43.03915],[2.29546,43.03899],[2.29581,43.03918],[2.2961,43.0399],[2.29655,43.03978],[2.29669,43.03945],[2.29724,43.03921],[2.29718,43.03883],[2.29725,43.03864],[2.29738,43.03855],[2.29793,43.0385],[2.29828,43.03867],[2.29874,43.03884],[2.29945,43.0387],[2.29987,43.03871],[2.30036,43.03881],[2.30065,43.03928],[2.301,43.0395],[2.30184,43.03972],[2.30164,43.04036],[2.30178,43.0405],[2.30209,43.04058],[2.30251,43.04094],[2.30268,43.04136],[2.30317,43.04202],[2.30352,43.04208],[2.30378,43.04193],[2.30441,43.04208],[2.30509,43.04178],[2.30535,43.04188],[2.30531,43.04219],[2.30552,43.04227],[2.30609,43.04207],[2.30659,43.04168],[2.30627,43.04127],[2.30662,43.04123],[2.30778,43.04131],[2.30814,43.04096],[2.30844,43.04061],[2.30886,43.04012],[2.30901,43.03978],[2.30912,43.03932],[2.30942,43.03903],[2.30989,43.03907],[2.31063,43.03915],[2.3111,43.03942],[2.3116,43.03975],[2.31185,43.03977],[2.31209,43.03972],[2.31221,43.03956],[2.31225,43.03909],[2.31281,43.03873],[2.31289,43.03833],[2.3133,43.03814],[2.31362,43.03829],[2.31371,43.03842],[2.3139,43.03838],[2.31455,43.03804],[2.31483,43.03777],[2.31505,43.03745],[2.31524,43.03736],[2.31631,43.03707],[2.31724,43.03714],[2.31742,43.03712],[2.318,43.03786],[2.31804,43.03945],[2.31825,43.04078],[2.31879,43.04104],[2.31881,43.04217],[2.32037,43.04312],[2.32254,43.04226],[2.32548,43.04141],[2.32797,43.04153],[2.32884,43.04147],[2.32937,43.04158],[2.33005,43.04149],[2.3335,43.04204],[2.33367,43.04242],[2.33609,43.04229],[2.33734,43.04248],[2.33779,43.04274],[2.33841,43.04357],[2.34017,43.04339],[2.34067,43.0436],[2.3413,43.04359],[2.34184,43.04365],[2.34286,43.04347],[2.34407,43.04274],[2.34804,43.04183],[2.3486,43.04223],[2.34915,43.04222],[2.35096,43.04128],[2.35901,43.04002],[2.35983,43.03937],[2.36082,43.03906],[2.36281,43.0387],[2.36419,43.03753],[2.37055,43.03632],[2.37425,43.03611],[2.37686,43.03613],[2.37941,43.03594],[2.38221,43.036],[2.38449,43.03545],[2.3864,43.03513],[2.38809,43.03601],[2.38731,43.03644],[2.38735,43.0371],[2.38791,43.03722],[2.38819,43.03677],[2.39036,43.0364],[2.3919,43.03566],[2.39984,43.03531],[2.40423,43.03438],[2.40604,43.0336],[2.41194,43.0323],[2.41285,43.03198],[2.41647,43.0326],[2.41818,43.03337],[2.42034,43.03372],[2.43475,43.03472],[2.43462,43.03406],[2.43518,43.03369],[2.43572,43.03354],[2.43656,43.03303],[2.43756,43.03274],[2.43791,43.03228],[2.43859,43.03201],[2.4402,43.03171],[2.44207,43.03098],[2.44308,43.03088],[2.44461,43.03009],[2.44547,43.02988],[2.44797,43.03005],[2.4494,43.03015],[2.45013,43.03006],[2.45092,43.03011],[2.45216,43.02996],[2.45256,43.02999],[2.45414,43.03091],[2.45562,43.03088],[2.45355,43.02522],[2.45385,43.02505],[2.454,43.02497],[2.45416,43.02489],[2.45432,43.02481],[2.45449,43.02471],[2.45487,43.02427],[2.455,43.02416],[2.45542,43.02407],[2.45582,43.02404],[2.45598,43.02405],[2.45622,43.0241],[2.45671,43.02406],[2.45717,43.02401],[2.4573,43.02398],[2.45736,43.02385],[2.45741,43.02376],[2.4574,43.02366],[2.45746,43.02353],[2.45759,43.02341],[2.458,43.02322],[2.45183,43.02058],[2.45195,43.0204],[2.45526,43.0067],[2.45519,43.00634],[2.46612,42.99724],[2.46477,42.98967],[2.46354,42.97894],[2.47504,42.97933],[2.47524,42.97887],[2.47545,42.97873],[2.47555,42.97851],[2.47556,42.97842],[2.47562,42.97829],[2.47567,42.9782],[2.47571,42.97807],[2.47572,42.97797],[2.47558,42.97757],[2.47551,42.97748],[2.47545,42.9774],[2.47543,42.97732],[2.47545,42.97714],[2.47546,42.97705],[2.47554,42.97686],[2.47559,42.97678],[2.47562,42.97661],[2.47564,42.97648],[2.47571,42.97639],[2.47602,42.97615],[2.47613,42.97612],[2.47636,42.97609],[2.47661,42.97613],[2.47694,42.97627],[2.47706,42.97629],[2.47716,42.97623],[2.47707,42.97601],[2.47701,42.97584],[2.47686,42.97573],[2.47652,42.97552],[2.47619,42.97523],[2.47603,42.97506],[2.47599,42.97494],[2.47594,42.97462],[2.47597,42.97447],[2.47599,42.97437],[2.47606,42.97424],[2.4762,42.9741],[2.47651,42.97394],[2.47698,42.97376],[2.47731,42.97356],[2.47758,42.97339],[2.47786,42.97332],[2.4783,42.97325],[2.47859,42.97316],[2.47875,42.97314],[2.47892,42.97313],[2.47909,42.97314],[2.47922,42.97316],[2.47947,42.97326],[2.47972,42.97335],[2.47987,42.97338],[2.48061,42.97335],[2.48076,42.97328],[2.48083,42.97317],[2.48082,42.97306],[2.48075,42.97298],[2.48041,42.97288],[2.48019,42.9728],[2.48005,42.97271],[2.47991,42.9726],[2.47978,42.97236],[2.47973,42.9722],[2.47973,42.97211],[2.4798,42.972],[2.48,42.97183],[2.48029,42.97163],[2.48048,42.97154],[2.48091,42.97146],[2.48106,42.97142],[2.4814,42.97132],[2.48163,42.97129],[2.48192,42.97144],[2.48209,42.9715],[2.48221,42.97149],[2.48234,42.9714],[2.48238,42.97132],[2.48243,42.97109],[2.48251,42.9706],[2.48255,42.97033],[2.48252,42.97025],[2.48249,42.97014],[2.4824,42.96997],[2.48235,42.96972],[2.48233,42.9695],[2.48233,42.96931],[2.48233,42.9692],[2.48237,42.96905],[2.48244,42.96891],[2.48256,42.96873],[2.48279,42.96849],[2.48297,42.96826],[2.48315,42.96792],[2.48334,42.96762],[2.48352,42.96734],[2.48357,42.96726],[2.48372,42.96714],[2.48381,42.96705],[2.48391,42.96694],[2.48398,42.96683],[2.48412,42.96656],[2.48426,42.96627],[2.48443,42.96599],[2.48464,42.96567],[2.48479,42.96546],[2.48502,42.96519],[2.48519,42.96498],[2.4853,42.96484],[2.4854,42.96475],[2.48558,42.96469],[2.48569,42.96469],[2.48606,42.9648],[2.48617,42.96486],[2.48643,42.96494],[2.48685,42.96503],[2.48722,42.96508],[2.48747,42.9651],[2.48804,42.96508],[2.48836,42.96506],[2.48879,42.96498],[2.48961,42.96481],[2.48987,42.96475],[2.48997,42.96471],[2.49024,42.96452],[2.49041,42.96439],[2.49058,42.9643],[2.49075,42.96425],[2.49158,42.9641],[2.49217,42.96398],[2.49238,42.96398],[2.49264,42.96412],[2.49288,42.96422],[2.49305,42.9643],[2.49316,42.9643],[2.49331,42.96427],[2.49348,42.96422],[2.49365,42.96415],[2.49387,42.96404],[2.49414,42.96387],[2.49429,42.96377],[2.49442,42.96362],[2.49452,42.96354],[2.49469,42.96347],[2.49485,42.96347],[2.49515,42.96346],[2.49525,42.96343],[2.49537,42.96336],[2.49545,42.96328],[2.49546,42.96319],[2.49537,42.96313],[2.49463,42.96273],[2.49421,42.96252],[2.49405,42.96243],[2.49395,42.96235],[2.49366,42.96207],[2.49355,42.96195],[2.49345,42.96178],[2.49304,42.96093],[2.49299,42.96082],[2.49298,42.96073],[2.49296,42.96062],[2.49292,42.96027],[2.49287,42.96003],[2.49287,42.95993],[2.49291,42.95979],[2.49326,42.95898],[2.4935,42.95866],[2.49382,42.95839],[2.49397,42.95828],[2.49406,42.95824],[2.49419,42.95822],[2.49441,42.95831],[2.49455,42.95835],[2.4947,42.95837],[2.49487,42.95833],[2.49501,42.95825],[2.49501,42.95816],[2.49501,42.95805],[2.49491,42.95793],[2.49488,42.95776],[2.49526,42.95727],[2.49542,42.95701],[2.4955,42.95686],[2.49548,42.95662],[2.49539,42.95637],[2.49533,42.9562],[2.49531,42.95607],[2.49532,42.95595],[2.49537,42.95571],[2.49539,42.95559],[2.49533,42.9555],[2.49517,42.95545],[2.49498,42.95541],[2.52716,42.93918],[2.52279,42.93469],[2.52158,42.92467],[2.52852,42.91977],[2.52453,42.91657],[2.52178,42.91648],[2.52,42.91591],[2.51972,42.91443],[2.51822,42.91245],[2.52081,42.90806],[2.50426,42.90752],[2.49594,42.90454],[2.49574,42.90437],[2.48844,42.902],[2.47672,42.89552],[2.46576,42.89037],[2.46638,42.89032],[2.47679,42.86912],[2.50066,42.8506],[2.45614,42.8374],[2.44292,42.83731],[2.43579,42.83935],[2.41838,42.84073],[2.40146,42.84387],[2.39697,42.84568],[2.3822,42.84856],[2.37897,42.84796],[2.37827,42.8472],[2.36801,42.84557],[2.3649,42.84562],[2.35931,42.84396],[2.35364,42.84451],[2.35159,42.84197],[2.34857,42.84177],[2.34652,42.84134],[2.34356,42.84152],[2.33993,42.84069],[2.3384,42.84092],[2.33092,42.83806],[2.32753,42.83752],[2.32515,42.83541],[2.32127,42.83802],[2.3166,42.83932],[2.31457,42.84022],[2.31305,42.8404],[2.31192,42.84036],[2.30962,42.84109],[2.30409,42.84136],[2.29959,42.84124],[2.2973,42.84126],[2.29531,42.84095],[2.29321,42.84098],[2.29202,42.84076],[2.28983,42.84075],[2.28811,42.84109],[2.28523,42.84142],[2.28539,42.84357],[2.28337,42.8435],[2.28222,42.84299],[2.28121,42.84298],[2.28017,42.84265],[2.27793,42.84308],[2.27648,42.84311],[2.27397,42.84292],[2.27099,42.84333],[2.26739,42.84281],[2.26348,42.84301],[2.2633,42.84223],[2.2602,42.84235],[2.25646,42.84224],[2.25373,42.84253],[2.24812,42.84259],[2.24391,42.84222],[2.24414,42.84574],[2.24457,42.84706],[2.24293,42.84879],[2.24032,42.85039],[2.23529,42.85183],[2.23093,42.85389],[2.23013,42.85315],[2.22784,42.8527],[2.22485,42.85392],[2.22333,42.8541],[2.2192,42.8554],[2.21781,42.85801],[2.2164,42.85914],[2.21501,42.85951],[2.21297,42.85954],[2.21206,42.85996],[2.20656,42.86014],[2.20503,42.86084],[2.20292,42.86111],[2.20012,42.86223],[2.19288,42.86194],[2.19278,42.86239],[2.19208,42.86367],[2.19094,42.86445],[2.18962,42.86422],[2.18603,42.86382],[2.18464,42.86606],[2.18408,42.86661],[2.18507,42.87028],[2.18421,42.87149],[2.18452,42.8728],[2.18545,42.87328],[2.18588,42.87433],[2.18538,42.87604],[2.18499,42.87804],[2.18733,42.87979],[2.18947,42.8815],[2.18945,42.88518],[2.1924,42.88766],[2.19341,42.8894],[2.19347,42.89161],[2.19288,42.89266],[2.18634,42.89744],[2.18613,42.89839],[2.18656,42.90003],[2.18713,42.9007],[2.18839,42.90119],[2.18847,42.90202],[2.18784,42.90335],[2.1882,42.90573],[2.18861,42.90638],[2.19053,42.90751],[2.19411,42.90854],[2.19649,42.90989],[2.19729,42.91082],[2.19734,42.91358],[2.19785,42.91418],[2.19875,42.91469],[2.20244,42.91531],[2.20455,42.9149],[2.20673,42.9141],[2.20779,42.91468],[2.20825,42.916],[2.20801,42.91749],[2.20815,42.91852],[2.20979,42.91984],[2.21172,42.92061],[2.21661,42.92317],[2.21702,42.92412],[2.21722,42.92433],[2.21905,42.92516],[2.21914,42.9254],[2.21925,42.92576],[2.21927,42.92676],[2.21908,42.9273],[2.21886,42.92768],[2.21845,42.92798],[2.2169,42.92884],[2.21375,42.93119],[2.21305,42.93216],[2.21459,42.93363],[2.21561,42.9343],[2.217,42.93441],[2.21847,42.93396],[2.22025,42.93383],[2.22498,42.93118],[2.22631,42.9314],[2.22688,42.93203],[2.22934,42.93438],[2.23293,42.93481],[2.23402,42.93588],[2.23389,42.93822],[2.23459,42.93903],[2.23597,42.94023],[2.23663,42.94204],[2.23753,42.94202],[2.24106,42.93986],[2.24349,42.9399],[2.24534,42.93968],[2.25091,42.94224],[2.25187,42.94338],[2.25211,42.94476],[2.25323,42.94553],[2.25368,42.94611],[2.25328,42.94687],[2.25242,42.94848],[2.25243,42.94979],[2.25273,42.95148],[2.25074,42.95273],[2.25038,42.95339],[2.25108,42.95437],[2.25181,42.95502],[2.25372,42.95584],[2.25682,42.95622],[2.25789,42.95625],[2.25853,42.95652],[2.25918,42.957],[2.25891,42.95785],[2.25838,42.95832],[2.25591,42.95926],[2.25462,42.9611],[2.25471,42.96196],[2.25505,42.9627],[2.25618,42.96352],[2.25695,42.96419],[2.25778,42.96465],[2.25924,42.96706],[2.25952,42.96722],[2.26011,42.96744],[2.26039,42.96762],[2.26043,42.96791],[2.2603,42.9681],[2.2597,42.96848],[2.25927,42.96888],[2.25892,42.96964],[2.25883,42.97038],[2.25908,42.9707],[2.25969,42.97114],[2.26027,42.972],[2.25985,42.97268],[2.26014,42.9758],[2.26105,42.97646],[2.26247,42.97691],[2.26301,42.97775],[2.26319,42.9791],[2.26458,42.98185],[2.26362,42.9825],[2.26313,42.98282],[2.26245,42.9852],[2.26202,42.98593],[2.26192,42.9867],[2.26098,42.98883],[2.26083,42.99064],[2.25938,42.99277],[2.25687,42.99366],[2.25383,42.99528],[2.2533,42.99861],[2.25029,43.00065],[2.24894,43.00267],[2.24921,43.00405],[2.24963,43.00467],[2.24991,43.00527],[2.24948,43.00586],[2.24853,43.00652],[2.2482,43.00721],[2.24868,43.00785],[2.24905,43.00878],[2.2497,43.01114],[2.25047,43.01182],[2.25226,43.01183],[2.25397,43.0121],[2.25591,43.0129],[2.25697,43.01365],[2.25702,43.01477],[2.25656,43.01736],[2.25579,43.01733],[2.2523,43.01861],[2.25245,43.01985],[2.25306,43.0225],[2.25145,43.02405],[2.25176,43.02527],[2.25212,43.02727],[2.25224,43.02853],[2.25221,43.02913],[2.25065,43.03383]],[[2.49431,42.95574],[2.49456,42.95541],[2.49475,42.95536],[2.49498,42.95541],[2.49431,42.95574]]]]},"properties":{"ID":"119","id":"119","NOM_MASSIF":"CORBIERES OCCIDENTALES","dept":"11"}},{"type":"Feature","id":22,"geometry":{"type":"MultiPolygon","coordinates":[[[[1.98886,42.91147],[1.99082,42.91158],[1.99129,42.91164],[1.99227,42.91182],[1.9945,42.91156],[1.99611,42.91134],[1.99737,42.91072],[2.00111,42.9106],[2.0014,42.9102],[2.00173,42.91016],[2.00246,42.91035],[2.0035,42.91],[2.0041,42.91011],[2.00583,42.90987],[2.00711,42.90974],[2.00774,42.90937],[2.0087,42.90916],[2.00886,42.90918],[2.0091,42.90926],[2.00959,42.90951],[2.01012,42.90981],[2.01053,42.90989],[2.01099,42.90991],[2.01149,42.91001],[2.0118,42.91],[2.01238,42.9099],[2.01329,42.90985],[2.01449,42.90971],[2.01551,42.90963],[2.01608,42.90965],[2.01635,42.90963],[2.01675,42.90964],[2.0172,42.90967],[2.01748,42.90958],[2.01781,42.90935],[2.01807,42.90924],[2.01889,42.90926],[2.01919,42.90927],[2.01949,42.90916],[2.01977,42.90908],[2.01993,42.90908],[2.02032,42.90922],[2.02154,42.90928],[2.02352,42.90983],[2.02735,42.9099],[2.02788,42.91044],[2.03074,42.91054],[2.03326,42.91117],[2.03533,42.91226],[2.04127,42.91113],[2.04186,42.91057],[2.04414,42.91102],[2.04761,42.91219],[2.04823,42.91287],[2.04889,42.91402],[2.0482,42.91501],[2.0494,42.9157],[2.04903,42.91727],[2.05239,42.9168],[2.05595,42.91583],[2.05784,42.91606],[2.05939,42.91654],[2.06045,42.91676],[2.06212,42.91617],[2.06372,42.91601],[2.06611,42.91538],[2.0683,42.91512],[2.06907,42.91562],[2.07072,42.91573],[2.07306,42.91466],[2.07489,42.91511],[2.07568,42.91474],[2.07676,42.91474],[2.07752,42.91422],[2.07836,42.91331],[2.07891,42.91309],[2.0789,42.91266],[2.08112,42.91166],[2.08183,42.91154],[2.08183,42.91069],[2.08261,42.91042],[2.08321,42.90937],[2.08418,42.90926],[2.08476,42.90933],[2.08582,42.90909],[2.08631,42.9087],[2.08729,42.90901],[2.08823,42.90822],[2.08946,42.90784],[2.08972,42.90722],[2.09026,42.90746],[2.09091,42.90674],[2.09197,42.90613],[2.09327,42.90581],[2.09424,42.90562],[2.09464,42.9055],[2.09545,42.90598],[2.09741,42.90503],[2.09752,42.90471],[2.09814,42.90363],[2.09838,42.90355],[2.09885,42.90362],[2.09943,42.90328],[2.10008,42.90302],[2.10046,42.90279],[2.10079,42.90242],[2.10118,42.90177],[2.10141,42.90148],[2.10171,42.90123],[2.10226,42.90089],[2.10279,42.90055],[2.10322,42.90029],[2.10346,42.90019],[2.10404,42.90004],[2.10491,42.89984],[2.10575,42.89967],[2.10621,42.89964],[2.10681,42.89961],[2.10727,42.89959],[2.10796,42.89956],[2.1086,42.89947],[2.10894,42.89938],[2.10906,42.89932],[2.10939,42.89913],[2.10963,42.89888],[2.10974,42.89857],[2.10978,42.89833],[2.1099,42.89757],[2.11001,42.89716],[2.11013,42.89691],[2.11026,42.89673],[2.11033,42.89666],[2.11064,42.89643],[2.11089,42.89631],[2.11149,42.89607],[2.11198,42.8959],[2.11239,42.89573],[2.11284,42.89549],[2.11321,42.89531],[2.11369,42.89504],[2.11466,42.89453],[2.11559,42.89402],[2.11643,42.89358],[2.11719,42.89317],[2.1177,42.89289],[2.11855,42.89244],[2.11916,42.89212],[2.11962,42.89187],[2.11993,42.8917],[2.12099,42.89113],[2.12219,42.8905],[2.12306,42.89002],[2.12429,42.88935],[2.12533,42.88845],[2.12592,42.88815],[2.12766,42.88721],[2.12728,42.88638],[2.12721,42.8855],[2.12961,42.88512],[2.13094,42.88201],[2.13041,42.87559],[2.13045,42.87409],[2.13096,42.87406],[2.13276,42.87376],[2.1342,42.87412],[2.13242,42.86758],[2.12994,42.86661],[2.129,42.86615],[2.12956,42.86527],[2.13075,42.86565],[2.13186,42.8659],[2.13297,42.8661],[2.13335,42.8661],[2.13521,42.86573],[2.1376,42.86501],[2.13932,42.86426],[2.14007,42.8638],[2.14095,42.86279],[2.14183,42.86157],[2.14294,42.86065],[2.14352,42.86059],[2.14385,42.86053],[2.14584,42.85987],[2.14674,42.85948],[2.14849,42.859],[2.15004,42.8584],[2.15082,42.85803],[2.15173,42.85738],[2.1523,42.85656],[2.15283,42.85555],[2.15264,42.85403],[2.1528,42.85208],[2.15288,42.85117],[2.15321,42.85048],[2.15429,42.84972],[2.1548,42.84922],[2.15557,42.84872],[2.1568,42.84784],[2.15746,42.84752],[2.15861,42.84667],[2.15993,42.8466],[2.16124,42.8455],[2.16532,42.84386],[2.16588,42.84378],[2.16643,42.8438],[2.16765,42.84414],[2.16811,42.84398],[2.16853,42.84426],[2.16872,42.84417],[2.16891,42.84415],[2.1694,42.84432],[2.1713,42.84425],[2.1723,42.84448],[2.17297,42.84421],[2.17359,42.84381],[2.17486,42.84355],[2.18827,42.84405],[2.20393,42.83729],[2.20426,42.8367],[2.21078,42.83759],[2.21702,42.83818],[2.21734,42.8381],[2.21775,42.83728],[2.21862,42.83678],[2.22381,42.83692],[2.2245,42.83627],[2.22581,42.83624],[2.22667,42.83606],[2.22936,42.83538],[2.23243,42.83571],[2.23597,42.83458],[2.24029,42.83362],[2.24298,42.83307],[2.24592,42.83215],[2.24826,42.83208],[2.25048,42.83407],[2.2532,42.83624],[2.24952,42.84068],[2.24852,42.84079],[2.24382,42.84029],[2.24391,42.84222],[2.24812,42.84259],[2.25373,42.84253],[2.25646,42.84224],[2.2602,42.84235],[2.2633,42.84223],[2.26348,42.84301],[2.26739,42.84281],[2.27099,42.84333],[2.27397,42.84292],[2.27648,42.84311],[2.27793,42.84308],[2.28017,42.84265],[2.28121,42.84298],[2.28222,42.84299],[2.28337,42.8435],[2.28539,42.84357],[2.28523,42.84142],[2.28811,42.84109],[2.28983,42.84075],[2.29202,42.84076],[2.29321,42.84098],[2.29531,42.84095],[2.2973,42.84126],[2.29959,42.84124],[2.30409,42.84136],[2.30962,42.84109],[2.31192,42.84036],[2.31305,42.8404],[2.31457,42.84022],[2.3166,42.83932],[2.32127,42.83802],[2.32515,42.83541],[2.32397,42.83399],[2.32798,42.82909],[2.32237,42.82853],[2.32056,42.82845],[2.31925,42.82403],[2.31908,42.82265],[2.32943,42.82297],[2.33041,42.82221],[2.33123,42.82135],[2.33186,42.82042],[2.33229,42.81942],[2.33251,42.81839],[2.33252,42.81733],[2.33306,42.81689],[2.33343,42.81636],[2.33357,42.81602],[2.33367,42.8158],[2.33381,42.81521],[2.33386,42.81461],[2.33385,42.81442],[2.33384,42.81402],[2.33373,42.81344],[2.33367,42.81283],[2.33346,42.80419],[2.33336,42.80194],[2.33656,42.80166],[2.34406,42.80145],[2.34303,42.79439],[2.34368,42.78734],[2.34441,42.7808],[2.34415,42.77942],[2.34401,42.7786],[2.3439,42.77778],[2.34386,42.77738],[2.34384,42.77696],[2.34388,42.77615],[2.34388,42.77532],[2.34412,42.77451],[2.34434,42.77371],[2.34451,42.77332],[2.34466,42.77293],[2.34523,42.77221],[2.34594,42.77158],[2.35064,42.76843],[2.35201,42.76449],[2.35278,42.75974],[2.35045,42.7576],[2.35054,42.75737],[2.35249,42.74978],[2.35381,42.74853],[2.35607,42.74478],[2.35592,42.74404],[2.35583,42.74328],[2.35583,42.74303],[2.35582,42.74252],[2.35598,42.74177],[2.35608,42.74127],[2.35613,42.74102],[2.3565,42.74032],[2.35705,42.73967],[2.35752,42.73184],[2.357,42.73029],[2.35646,42.72872],[2.35554,42.72673],[2.35468,42.72653],[2.35383,42.72633],[2.35316,42.72589],[2.35249,42.72545],[2.35202,42.72555],[2.35153,42.72547],[2.35131,42.72545],[2.35118,42.72543],[2.35064,42.72525],[2.35023,42.72505],[2.34934,42.72483],[2.34839,42.7248],[2.34795,42.72482],[2.3475,42.72484],[2.34657,42.72495],[2.34571,42.72522],[2.33672,42.71852],[2.33334,42.71525],[2.33125,42.71371],[2.32092,42.70931],[2.32303,42.70814],[2.32057,42.70669],[2.30558,42.70601],[2.30531,42.70477],[2.30373,42.70448],[2.30109,42.70261],[2.29883,42.70259],[2.29782,42.70175],[2.29665,42.70094],[2.29321,42.70105],[2.29276,42.70079],[2.29223,42.70064],[2.29173,42.7006],[2.29108,42.70064],[2.2905,42.70065],[2.29016,42.7007],[2.28994,42.70074],[2.28937,42.70085],[2.28881,42.70095],[2.28859,42.70101],[2.28827,42.7011],[2.28772,42.70124],[2.28719,42.70139],[2.28708,42.70142],[2.28665,42.70156],[2.28611,42.70173],[2.28559,42.70191],[2.28423,42.70153],[2.28182,42.7018],[2.28129,42.70197],[2.28076,42.70214],[2.28022,42.70228],[2.27968,42.70241],[2.27912,42.70251],[2.27858,42.70262],[2.27799,42.70268],[2.27742,42.70268],[2.27686,42.70259],[2.27602,42.70279],[2.27515,42.70296],[2.27461,42.70311],[2.27434,42.7032],[2.27355,42.7035],[2.27273,42.70375],[2.27249,42.70389],[2.27202,42.70416],[2.27129,42.70454],[2.27073,42.70504],[2.26466,42.7093],[2.26447,42.70161],[2.25509,42.69817],[2.25569,42.69404],[2.25355,42.69076],[2.25317,42.69018],[2.25281,42.6896],[2.25243,42.68901],[2.25186,42.68854],[2.25115,42.68815],[2.25034,42.6879],[2.24666,42.68162],[2.23885,42.67628],[2.23383,42.67587],[2.22485,42.67416],[2.22272,42.67291],[2.22233,42.67312],[2.22186,42.67319],[2.22138,42.67313],[2.2208,42.67302],[2.22019,42.67294],[2.21992,42.67284],[2.21966,42.67273],[2.21921,42.67243],[2.21887,42.67205],[2.21814,42.67206],[2.21743,42.67195],[2.2168,42.67169],[2.2163,42.67131],[2.21595,42.67085],[2.21571,42.67034],[2.20799,42.6666],[2.20748,42.66674],[2.20695,42.66679],[2.20644,42.6667],[2.206,42.66648],[2.20566,42.66617],[2.2054,42.66582],[2.20519,42.66546],[2.20503,42.66509],[2.2049,42.66471],[2.2026,42.66306],[2.19232,42.65902],[2.19177,42.6586],[2.19139,42.6581],[2.19118,42.65754],[2.19149,42.65642],[2.1915,42.65542],[2.19126,42.65475],[2.19203,42.65208],[2.19153,42.65221],[2.19101,42.65223],[2.19076,42.6522],[2.1905,42.65217],[2.18999,42.65207],[2.18949,42.65194],[2.1886,42.65206],[2.18753,42.65185],[2.18643,42.65181],[2.18589,42.65178],[2.18534,42.6518],[2.18425,42.65184],[2.18317,42.65198],[2.18137,42.65106],[2.18075,42.65102],[2.18048,42.65096],[2.1802,42.6509],[2.18007,42.65089],[2.17992,42.65089],[2.17964,42.65091],[2.17935,42.65095],[2.17883,42.65068],[2.17869,42.65044],[2.17815,42.65046],[2.17772,42.64912],[2.17668,42.64905],[2.1761,42.64825],[2.17572,42.64825],[2.17674,42.64981],[2.17662,42.65179],[2.17628,42.65257],[2.17611,42.65297],[2.17472,42.65436],[2.17312,42.65568],[2.17247,42.65579],[2.17188,42.65599],[2.17164,42.65615],[2.17141,42.65631],[2.17095,42.65665],[2.17066,42.6571],[2.1698,42.65766],[2.16929,42.65971],[2.16924,42.66014],[2.16789,42.66209],[2.16714,42.66291],[2.16637,42.66375],[2.16569,42.66471],[2.16514,42.66573],[2.1677,42.67359],[2.16844,42.67395],[2.1692,42.67431],[2.16994,42.67468],[2.17057,42.67514],[2.1712,42.6756],[2.17183,42.67606],[2.17232,42.67661],[2.17267,42.67722],[2.17287,42.67786],[2.17348,42.67868],[2.17391,42.67956],[2.17418,42.68048],[2.17422,42.68079],[2.17429,42.68143],[2.17426,42.68237],[2.17411,42.6833],[2.174,42.68377],[2.17389,42.68423],[2.17358,42.68514],[2.17321,42.68606],[2.17291,42.68672],[2.17281,42.68695],[2.17236,42.68782],[2.17183,42.68869],[2.17134,42.68957],[2.17139,42.69132],[2.1678,42.69622],[2.16461,42.6986],[2.16161,42.69977],[2.15951,42.7022],[2.15641,42.70272],[2.1546,42.70143],[2.15248,42.70169],[2.15194,42.70161],[2.15139,42.70155],[2.15085,42.70148],[2.15071,42.70147],[2.15029,42.70142],[2.14973,42.7014],[2.14918,42.70136],[2.14892,42.70136],[2.14864,42.70137],[2.14809,42.70142],[2.14753,42.70141],[2.14715,42.7015],[2.14703,42.70153],[2.14649,42.70166],[2.14608,42.70193],[2.14582,42.70229],[2.14325,42.70497],[2.14049,42.70575],[2.14039,42.70622],[2.14018,42.70668],[2.14024,42.70691],[2.1403,42.70713],[2.14043,42.70761],[2.1408,42.70801],[2.14084,42.70849],[2.14092,42.70898],[2.14093,42.70931],[2.14094,42.70947],[2.1409,42.70995],[2.14082,42.71044],[2.14074,42.71058],[2.14058,42.71088],[2.1404,42.71134],[2.13999,42.71173],[2.13856,42.71248],[2.13331,42.71482],[2.13206,42.71506],[2.13083,42.71529],[2.12971,42.71572],[2.1287,42.71628],[2.12733,42.71655],[2.12722,42.71707],[2.12694,42.71755],[2.12649,42.71796],[2.12589,42.71827],[2.12582,42.71854],[2.12568,42.7188],[2.12545,42.719],[2.12511,42.71911],[2.12462,42.71904],[2.12438,42.719],[2.12405,42.71887],[2.12373,42.71871],[2.12086,42.7196],[2.12043,42.72044],[2.12056,42.72068],[2.12074,42.72091],[2.12073,42.72109],[2.1206,42.72141],[2.12031,42.72156],[2.11997,42.72164],[2.11961,42.72168],[2.11926,42.72172],[2.11831,42.72225],[2.11813,42.72284],[2.11776,42.72339],[2.11722,42.72384],[2.11653,42.72418],[2.11575,42.72439],[2.11492,42.7245],[2.11438,42.72467],[2.11384,42.72486],[2.11356,42.72507],[2.11344,42.72517],[2.11309,42.72553],[2.11272,42.72588],[2.11262,42.72601],[2.11244,42.72627],[2.11216,42.72666],[2.11191,42.72706],[2.10769,42.72744],[2.10735,42.72795],[2.10691,42.7284],[2.10663,42.72858],[2.10635,42.72877],[2.10569,42.72905],[2.10497,42.7292],[2.1023,42.73173],[2.10194,42.73169],[2.10156,42.73163],[2.1012,42.73158],[2.10084,42.7317],[2.1006,42.73192],[2.10045,42.73218],[2.10019,42.73247],[2.09986,42.73273],[2.09957,42.733],[2.09918,42.73321],[2.09873,42.73332],[2.09825,42.7333],[2.09766,42.73319],[2.09705,42.73324],[2.09678,42.73323],[2.0965,42.7333],[2.09593,42.73345],[2.09549,42.73375],[2.09364,42.73465],[2.09322,42.73466],[2.09284,42.73483],[2.09244,42.73493],[2.09211,42.73512],[2.09175,42.73534],[2.09142,42.73553],[2.09112,42.73577],[2.09081,42.73599],[2.09053,42.73623],[2.09025,42.73648],[2.08997,42.73672],[2.0897,42.73696],[2.08943,42.73722],[2.08916,42.73747],[2.0889,42.73772],[2.08865,42.73798],[2.08839,42.73823],[2.08813,42.73849],[2.08789,42.73875],[2.08764,42.73901],[2.0874,42.73929],[2.08764,42.73961],[2.08776,42.73998],[2.08773,42.74017],[2.08771,42.74036],[2.08748,42.74069],[2.08729,42.74104],[2.08766,42.74149],[2.08785,42.74198],[2.08779,42.74224],[2.08774,42.74248],[2.08758,42.743],[2.08718,42.74344],[2.0864,42.74565],[2.0851,42.74817],[2.08543,42.74858],[2.08559,42.74904],[2.08562,42.74935],[2.08564,42.7495],[2.08558,42.74998],[2.08548,42.75045],[2.08544,42.7506],[2.08534,42.7509],[2.08512,42.75135],[2.08493,42.75181],[2.08336,42.75165],[2.0813,42.75246],[2.07986,42.75214],[2.07568,42.75376],[2.07466,42.75362],[2.07364,42.75348],[2.0726,42.75362],[2.07158,42.75375],[2.07109,42.75411],[2.0705,42.75435],[2.07017,42.75443],[2.06983,42.75448],[2.06916,42.75449],[2.06848,42.75441],[2.06646,42.75424],[2.06573,42.75396],[2.06495,42.75409],[2.06424,42.75436],[2.06363,42.75473],[2.06312,42.75519],[2.06236,42.75549],[2.06153,42.75569],[2.06067,42.75581],[2.05981,42.75586],[2.05894,42.75587],[2.05808,42.75584],[2.05781,42.75607],[2.05744,42.75622],[2.05731,42.75624],[2.05706,42.75617],[2.05665,42.7561],[2.05643,42.75598],[2.05632,42.75592],[2.05602,42.75571],[2.05575,42.75547],[2.05508,42.75539],[2.05447,42.7552],[2.0539,42.75493],[2.05339,42.75461],[2.05292,42.75426],[2.05247,42.75388],[2.05008,42.75179],[2.04933,42.75098],[2.04848,42.75021],[2.04754,42.7495],[2.04651,42.74886],[2.04538,42.74832],[2.04416,42.74791],[2.04332,42.74747],[2.04243,42.74712],[2.04214,42.74699],[2.04152,42.74679],[2.04054,42.74663],[2.03987,42.74655],[2.03973,42.74654],[2.03955,42.74651],[2.03854,42.74651],[2.03756,42.74672],[2.03699,42.74694],[2.03639,42.74712],[2.03618,42.74717],[2.03577,42.74727],[2.03513,42.74736],[2.03471,42.74736],[2.03386,42.74723],[2.03335,42.74695],[2.03294,42.74691],[2.0326,42.74675],[2.03237,42.74656],[2.03214,42.74626],[2.03192,42.746],[2.03182,42.7458],[2.03177,42.74573],[2.03162,42.74544],[2.03149,42.74515],[2.03142,42.74499],[2.03137,42.74486],[2.03126,42.74457],[2.03115,42.74427],[2.03112,42.74414],[2.03106,42.74398],[2.03096,42.74368],[2.03088,42.74339],[2.03085,42.74331],[2.03079,42.74309],[2.03072,42.74279],[2.03064,42.7425],[2.03057,42.7422],[2.03051,42.74191],[2.03044,42.74161],[2.02927,42.74129],[2.02821,42.7408],[2.0277,42.74057],[2.02718,42.74032],[2.02626,42.7397],[2.02543,42.73903],[2.01991,42.74004],[2.01898,42.74017],[2.01652,42.73965],[2.01466,42.73977],[2.01347,42.7385],[2.01257,42.7378],[2.01154,42.73649],[2.00794,42.73419],[2.00382,42.73364],[2.00254,42.73512],[2.00186,42.73553],[2.00112,42.73584],[2.0007,42.73592],[2.0003,42.736],[1.99946,42.73616],[1.99859,42.73614],[1.99747,42.73613],[1.99346,42.73542],[1.99015,42.73493],[1.98909,42.735],[1.98805,42.73519],[1.98707,42.7355],[1.98617,42.73591],[1.98535,42.73641],[1.98459,42.73698],[1.98301,42.73635],[1.98082,42.7361],[1.9784,42.73668],[1.97655,42.73696],[1.97047,42.73553],[1.97003,42.73588],[1.96943,42.73609],[1.9689,42.73637],[1.96829,42.73653],[1.96765,42.73665],[1.96702,42.73679],[1.96639,42.73689],[1.96574,42.73696],[1.96511,42.73704],[1.96428,42.73729],[1.96341,42.73748],[1.96252,42.73756],[1.96162,42.7375],[1.96077,42.73727],[1.96003,42.73691],[1.95254,42.7366],[1.95151,42.73686],[1.95052,42.73722],[1.94966,42.73769],[1.94921,42.73801],[1.94888,42.73825],[1.94826,42.73891],[1.94777,42.73962],[1.9474,42.74038],[1.94709,42.74586],[1.94382,42.74632],[1.94216,42.74682],[1.94058,42.74746],[1.9399,42.74788],[1.93921,42.7483],[1.93781,42.74915],[1.93664,42.75017],[1.93171,42.75094],[1.93219,42.75286],[1.93009,42.75537],[1.92218,42.75529],[1.91987,42.75742],[1.91362,42.75812],[1.90914,42.76522],[1.90828,42.76764],[1.90923,42.76853],[1.90936,42.76931],[1.91359,42.76934],[1.91946,42.77035],[1.92374,42.77057],[1.92896,42.7749],[1.92348,42.77693],[1.92313,42.77752],[1.92273,42.77811],[1.92245,42.7785],[1.9223,42.77868],[1.92181,42.77923],[1.92127,42.77975],[1.92105,42.77988],[1.92061,42.78017],[1.91998,42.78063],[1.91921,42.78094],[1.91693,42.78349],[1.91493,42.78589],[1.91389,42.78881],[1.90989,42.79189],[1.90827,42.79432],[1.90662,42.79841],[1.90151,42.80061],[1.90115,42.80086],[1.90081,42.80111],[1.90055,42.80132],[1.90048,42.80138],[1.90016,42.80167],[1.89982,42.80194],[1.89968,42.80208],[1.89954,42.80223],[1.8993,42.80254],[1.899,42.80283],[1.89898,42.80292],[1.8989,42.80317],[1.8987,42.80351],[1.89875,42.80387],[1.89833,42.80496],[1.89773,42.80601],[1.89724,42.80666],[1.89698,42.80699],[1.89607,42.80789],[1.89503,42.80872],[1.89464,42.80896],[1.89385,42.80947],[1.89259,42.81011],[1.89127,42.81068],[1.89008,42.81113],[1.88883,42.81148],[1.8875,42.81164],[1.88618,42.8118],[1.88407,42.81225],[1.87949,42.81305],[1.87913,42.8135],[1.87862,42.81386],[1.87819,42.81403],[1.87798,42.81411],[1.8773,42.81426],[1.87659,42.81433],[1.87636,42.81433],[1.87587,42.81435],[1.87515,42.81433],[1.87444,42.81427],[1.87262,42.81471],[1.86985,42.81521],[1.8673,42.81654],[1.86606,42.81681],[1.86469,42.81712],[1.86339,42.81754],[1.86279,42.81783],[1.86266,42.81788],[1.86219,42.81811],[1.86112,42.81882],[1.86023,42.81964],[1.85928,42.82108],[1.85915,42.82209],[1.85923,42.82309],[1.85936,42.8236],[1.85949,42.82409],[1.85991,42.82506],[1.86045,42.82598],[1.86109,42.82688],[1.86181,42.82775],[1.86221,42.82816],[1.8626,42.82858],[1.86347,42.82937],[1.86432,42.83016],[1.87138,42.83474],[1.87323,42.83601],[1.87394,42.83734],[1.87478,42.838],[1.87511,42.83917],[1.87609,42.84003],[1.87654,42.84062],[1.87677,42.84335],[1.87665,42.8439],[1.87603,42.84411],[1.87551,42.8444],[1.87535,42.84461],[1.8752,42.8448],[1.87489,42.84524],[1.87486,42.84573],[1.87455,42.84613],[1.87424,42.84653],[1.87411,42.84698],[1.87414,42.84745],[1.87397,42.84845],[1.87503,42.84992],[1.87482,42.85087],[1.87518,42.85115],[1.87531,42.85175],[1.87588,42.85266],[1.8866,42.85252],[1.8888,42.85265],[1.91656,42.85405],[1.93504,42.85562],[1.94146,42.85621],[1.94621,42.8562],[1.96048,42.86145],[1.97653,42.86749],[1.98703,42.87091],[1.98195,42.87722],[1.98098,42.8785],[1.9824,42.88296],[1.98209,42.88596],[1.9831,42.88721],[1.98257,42.88794],[1.98308,42.8901],[1.98488,42.89118],[1.98519,42.89217],[1.98633,42.89375],[1.98732,42.89601],[1.98474,42.90305],[1.99046,42.90434],[1.99212,42.9052],[1.99047,42.91007],[1.98914,42.91048],[1.98886,42.91147]]]]},"properties":{"ID":"1121","id":"1121","NOM_MASSIF":"PAYS DE SAULT","dept":"11"}}]}