{"type":"FeatureCollection","features":[{"type":"Feature","id":0,"geometry":{"type":"MultiPolygon","coordinates":[[[[6.24187,43.02659],[6.24281,43.02625],[6.24217,43.0255],[6.24254,43.02482],[6.24191,43.02225],[6.24362,43.02099],[6.24397,43.02],[6.24549,43.0197],[6.24528,43.0191],[6.24752,43.01844],[6.24831,43.01658],[6.24877,43.0165],[6.24847,43.01333],[6.24874,43.0125],[6.24945,43.01244],[6.2496,43.01106],[6.24911,43.01056],[6.24893,43.00843],[6.25043,43.00782],[6.25059,43.00653],[6.24972,43.00598],[6.25089,43.00548],[6.25168,43.00555],[6.25244,43.00439],[6.25171,43.00341],[6.24947,43.00358],[6.24957,43.00199],[6.25088,43.00167],[6.25026,43.0005],[6.25079,42.99965],[6.24871,42.99793],[6.24793,42.99805],[6.24714,42.9974],[6.24649,42.99761],[6.24581,42.99687],[6.24509,42.99727],[6.24489,42.99807],[6.24371,42.99835],[6.2431,42.99798],[6.2422,42.99826],[6.23857,42.99689],[6.23736,42.99736],[6.23663,42.9965],[6.23596,42.99641],[6.23554,42.99508],[6.23474,42.99492],[6.23394,42.99602],[6.23321,42.99574],[6.23249,42.9962],[6.23198,42.99603],[6.2311,42.99527],[6.23071,42.99327],[6.23025,42.99377],[6.22728,42.99232],[6.2258,42.99259],[6.22427,42.99213],[6.22325,42.99244],[6.22314,42.99141],[6.22152,42.99204],[6.21962,42.99169],[6.22086,42.99094],[6.2208,42.99009],[6.22015,42.98971],[6.219,42.98994],[6.21664,42.99127],[6.21571,42.99106],[6.21541,42.98976],[6.21376,42.98936],[6.21381,42.98829],[6.21332,42.98779],[6.21413,42.98742],[6.21367,42.98738],[6.21386,42.98713],[6.21293,42.98683],[6.21285,42.98637],[6.21153,42.98654],[6.21107,42.98589],[6.20901,42.98556],[6.20877,42.98508],[6.20954,42.98408],[6.2086,42.98314],[6.20798,42.98322],[6.20573,42.9818],[6.20464,42.98242],[6.20273,42.98249],[6.20004,42.98198],[6.1978,42.98209],[6.19812,42.98254],[6.197,42.98267],[6.19519,42.98417],[6.196,42.98448],[6.1951,42.98536],[6.19637,42.98633],[6.19725,42.9863],[6.19692,42.98695],[6.19721,42.98761],[6.1954,42.98853],[6.19403,42.98864],[6.19424,42.98992],[6.19373,42.99033],[6.19235,42.99078],[6.19047,42.99072],[6.18834,42.9919],[6.18836,42.99224],[6.18679,42.99235],[6.18588,42.993],[6.18512,42.99284],[6.18478,42.99148],[6.1838,42.99185],[6.18277,42.99323],[6.18167,42.99358],[6.18191,42.99457],[6.18146,42.99477],[6.18002,42.99318],[6.17928,42.99333],[6.17866,42.99402],[6.17995,42.99461],[6.1786,42.99488],[6.17858,42.99524],[6.17729,42.99593],[6.17719,42.99691],[6.17622,42.99676],[6.17573,42.99623],[6.17339,42.9961],[6.1734,42.99558],[6.17239,42.99544],[6.17078,42.9969],[6.16972,42.99663],[6.16939,42.99792],[6.1687,42.9981],[6.16933,42.99942],[6.16906,42.99986],[6.16689,42.99969],[6.16681,42.99918],[6.16742,42.99888],[6.16692,42.99832],[6.16617,42.99829],[6.16608,42.99884],[6.16562,42.99876],[6.16549,42.9981],[6.16447,42.99767],[6.16408,42.99809],[6.16257,42.9979],[6.1613,42.99889],[6.16247,43.00016],[6.16078,43.00098],[6.16144,43.00157],[6.16204,43.00185],[6.16418,43.00147],[6.16578,43.0005],[6.16745,43.00056],[6.16816,43.00124],[6.16925,43.00144],[6.16925,43.00202],[6.16884,43.00213],[6.16923,43.00355],[6.1688,43.00403],[6.17074,43.005],[6.16969,43.00546],[6.17011,43.00615],[6.17234,43.00659],[6.17168,43.00722],[6.17312,43.00708],[6.17432,43.00755],[6.17531,43.00746],[6.17621,43.00648],[6.1773,43.00662],[6.17736,43.00815],[6.17851,43.00856],[6.18108,43.0085],[6.18096,43.0078],[6.18313,43.00788],[6.18474,43.0084],[6.18611,43.00771],[6.18482,43.00647],[6.1859,43.00573],[6.18578,43.00519],[6.18831,43.00387],[6.19154,43.00431],[6.19295,43.00484],[6.19279,43.00555],[6.19352,43.0058],[6.19378,43.00542],[6.19325,43.00486],[6.19375,43.00371],[6.19529,43.00371],[6.19721,43.00313],[6.19749,43.00238],[6.19688,43.00198],[6.19722,43.00142],[6.19923,43.00043],[6.20171,43.00083],[6.20254,43.00135],[6.20341,43.00315],[6.20463,43.00274],[6.20647,43.00282],[6.20772,43.00165],[6.21135,43.00243],[6.21333,43.0034],[6.21502,43.00554],[6.21498,43.00624],[6.21746,43.00838],[6.21787,43.01017],[6.21647,43.01098],[6.21677,43.01186],[6.21621,43.01218],[6.21688,43.01347],[6.2176,43.01357],[6.21831,43.01308],[6.21878,43.01197],[6.2199,43.01199],[6.22084,43.01281],[6.22266,43.01265],[6.22264,43.01113],[6.22348,43.01073],[6.22427,43.01073],[6.22549,43.01142],[6.22657,43.01141],[6.22762,43.011],[6.22743,43.01006],[6.22803,43.00971],[6.22995,43.00976],[6.23149,43.01032],[6.23456,43.01207],[6.23637,43.01423],[6.23688,43.01748],[6.23614,43.01815],[6.23681,43.01883],[6.23791,43.01909],[6.23761,43.01962],[6.23883,43.02156],[6.23926,43.02494],[6.23965,43.02517],[6.24059,43.02486],[6.24136,43.02523],[6.24187,43.02659]]],[[[6.48455,43.04788],[6.48536,43.04844],[6.48544,43.04793],[6.4873,43.04918],[6.48762,43.04832],[6.48836,43.04903],[6.48919,43.04874],[6.49009,43.04961],[6.49131,43.0495],[6.49203,43.04987],[6.4928,43.04933],[6.49441,43.05037],[6.49558,43.0506],[6.4955,43.05004],[6.49622,43.04988],[6.4967,43.05067],[6.49697,43.05024],[6.49944,43.05197],[6.49976,43.05114],[6.50258,43.05236],[6.50313,43.05197],[6.50451,43.05355],[6.50581,43.05297],[6.50603,43.05338],[6.50715,43.05294],[6.50715,43.05241],[6.50821,43.05332],[6.50791,43.04759],[6.5107,43.0479],[6.51056,43.04749],[6.51135,43.04684],[6.51052,43.0465],[6.51076,43.04602],[6.50997,43.04576],[6.50962,43.04519],[6.50907,43.04552],[6.50864,43.04486],[6.50646,43.04387],[6.50613,43.04417],[6.50538,43.04386],[6.50582,43.04353],[6.50376,43.04316],[6.5042,43.04292],[6.50357,43.04266],[6.50384,43.0422],[6.50317,43.042],[6.50203,43.04208],[6.50202,43.04253],[6.50053,43.0432],[6.49956,43.04254],[6.49903,43.04309],[6.49746,43.04262],[6.49628,43.04281],[6.49651,43.04336],[6.49583,43.04347],[6.49536,43.04281],[6.49424,43.04328],[6.49278,43.04212],[6.49265,43.04137],[6.49195,43.04123],[6.49114,43.04171],[6.49097,43.04265],[6.4903,43.04231],[6.48959,43.0427],[6.4887,43.04248],[6.48915,43.04288],[6.48888,43.04337],[6.48846,43.04291],[6.48749,43.04273],[6.48759,43.04157],[6.48906,43.04064],[6.48844,43.03996],[6.48745,43.04067],[6.48608,43.04022],[6.48568,43.04057],[6.48484,43.04015],[6.48488,43.03905],[6.48407,43.039],[6.4838,43.03842],[6.48473,43.03805],[6.48395,43.03729],[6.48431,43.03699],[6.48357,43.03632],[6.48302,43.03668],[6.48263,43.035],[6.48127,43.03469],[6.48208,43.03373],[6.48149,43.03361],[6.48042,43.03196],[6.4807,43.03167],[6.48003,43.03034],[6.47621,43.02686],[6.47541,43.02636],[6.47441,43.02687],[6.47434,43.02592],[6.47275,43.02511],[6.47354,43.02443],[6.47263,43.02297],[6.47306,43.02248],[6.47301,43.02076],[6.47221,43.01924],[6.4728,43.01891],[6.47185,43.01844],[6.47098,43.01659],[6.46978,43.01638],[6.46875,43.01752],[6.46749,43.0176],[6.46681,43.01666],[6.46592,43.01718],[6.46544,43.01584],[6.46438,43.01484],[6.46324,43.01554],[6.46124,43.01345],[6.45992,43.01378],[6.45918,43.01352],[6.4584,43.01493],[6.45688,43.01468],[6.45599,43.01511],[6.45543,43.01482],[6.45507,43.01562],[6.45453,43.01562],[6.45238,43.01714],[6.4519,43.01803],[6.44999,43.01706],[6.45031,43.01665],[6.44868,43.01314],[6.44815,43.01336],[6.44732,43.01285],[6.4476,43.01099],[6.44677,43.01166],[6.44527,43.01003],[6.44525,43.00865],[6.44082,43.00629],[6.43916,43.00447],[6.43854,43.00435],[6.43801,43.00336],[6.43721,43.00463],[6.43757,43.00537],[6.43545,43.00523],[6.43527,43.00594],[6.43456,43.00614],[6.43415,43.00691],[6.43365,43.0069],[6.43389,43.00799],[6.43321,43.00816],[6.43346,43.00908],[6.43268,43.00942],[6.43255,43.01083],[6.43327,43.01066],[6.43336,43.01133],[6.43448,43.0125],[6.43409,43.01466],[6.43487,43.01536],[6.43359,43.01729],[6.43404,43.01818],[6.43357,43.01924],[6.43392,43.02032],[6.43667,43.02126],[6.4372,43.02174],[6.43719,43.02312],[6.43766,43.02384],[6.43891,43.02407],[6.44067,43.0251],[6.44544,43.02483],[6.44661,43.02561],[6.44815,43.0256],[6.4497,43.02647],[6.45043,43.02644],[6.4514,43.02762],[6.45272,43.02726],[6.45316,43.02592],[6.45396,43.02586],[6.45526,43.02694],[6.45584,43.02697],[6.45653,43.02846],[6.45768,43.02749],[6.45808,43.02761],[6.45882,43.02888],[6.46051,43.03006],[6.46106,43.03285],[6.46168,43.03345],[6.46108,43.03471],[6.46124,43.03586],[6.46232,43.03652],[6.46229,43.03722],[6.46329,43.03885],[6.46444,43.03934],[6.46518,43.04046],[6.46681,43.04136],[6.46829,43.04532],[6.46868,43.04545],[6.4692,43.04461],[6.47142,43.04566],[6.47277,43.04577],[6.47337,43.04609],[6.47332,43.04702],[6.47599,43.04883],[6.47571,43.04709],[6.4762,43.04702],[6.47803,43.04793],[6.47893,43.04753],[6.48093,43.04813],[6.48352,43.04741],[6.48455,43.04788]]],[[[6.38214,43.00648],[6.38323,43.00674],[6.38325,43.00866],[6.38205,43.00981],[6.37977,43.01014],[6.38269,43.01234],[6.38329,43.01384],[6.38483,43.01362],[6.38502,43.01277],[6.38708,43.01299],[6.38776,43.01211],[6.38976,43.01221],[6.3905,43.01144],[6.39108,43.01148],[6.39255,43.01251],[6.39218,43.01316],[6.39259,43.01399],[6.39404,43.01438],[6.39516,43.01351],[6.39701,43.01459],[6.39869,43.01504],[6.4004,43.01492],[6.40057,43.01622],[6.40141,43.01676],[6.40184,43.01673],[6.4021,43.0158],[6.40271,43.01553],[6.40361,43.01666],[6.40501,43.01743],[6.40584,43.01726],[6.40631,43.01772],[6.40741,43.01774],[6.40849,43.01832],[6.40901,43.01987],[6.40893,43.01919],[6.41025,43.01894],[6.41012,43.0182],[6.40878,43.01703],[6.40966,43.01673],[6.41278,43.01708],[6.41288,43.01667],[6.41369,43.01682],[6.4142,43.01554],[6.4133,43.01405],[6.41241,43.01382],[6.41246,43.01305],[6.41179,43.01274],[6.41148,43.01187],[6.41211,43.01068],[6.41154,43.00966],[6.41223,43.00891],[6.41461,43.00942],[6.41689,43.01186],[6.41775,43.01195],[6.41985,43.0139],[6.42074,43.01366],[6.41964,43.01081],[6.41731,43.00689],[6.41548,43.00585],[6.4143,43.00425],[6.4136,43.0043],[6.41348,43.00266],[6.41207,43.00285],[6.40973,43.0015],[6.40984,43.00069],[6.40929,42.99981],[6.40683,42.99719],[6.40661,42.99554],[6.40479,42.99615],[6.40275,42.9944],[6.40263,42.99348],[6.4017,42.99456],[6.40054,42.99472],[6.3999,42.99431],[6.39843,42.99426],[6.39725,42.99278],[6.39604,42.99341],[6.39513,42.99296],[6.39447,42.99523],[6.3925,42.99549],[6.39117,42.99486],[6.39078,42.99515],[6.39092,42.99607],[6.39048,42.99597],[6.3901,42.99642],[6.38987,42.99744],[6.38801,42.99813],[6.3856,42.99812],[6.38475,42.99767],[6.38346,42.99764],[6.38344,42.99736],[6.38221,42.99769],[6.38161,42.99731],[6.37779,42.99787],[6.37728,42.99713],[6.37622,42.99731],[6.37588,42.9968],[6.37517,42.99715],[6.37413,42.99626],[6.37356,42.99633],[6.3734,42.99559],[6.37233,42.99559],[6.37183,42.99625],[6.37284,42.99712],[6.37269,42.99768],[6.37191,42.99817],[6.37106,42.99773],[6.37041,42.99791],[6.37,42.99869],[6.37032,43.00082],[6.36935,43.00112],[6.36907,43.00222],[6.37025,43.00227],[6.37071,43.00183],[6.3724,43.00163],[6.37324,43.00198],[6.37248,43.00359],[6.37355,43.00401],[6.37427,43.0038],[6.37479,43.00537],[6.37657,43.00508],[6.37704,43.00747],[6.38027,43.00781],[6.38214,43.00648]]],[[[6.36527,43.01779],[6.36757,43.01826],[6.36838,43.01811],[6.36779,43.01703],[6.36759,43.01507],[6.36529,43.01341],[6.3648,43.01341],[6.36435,43.01279],[6.36496,43.01254],[6.36408,43.01212],[6.36443,43.0117],[6.36371,43.01073],[6.36373,43.00982],[6.36566,43.00931],[6.3641,43.00854],[6.36482,43.00785],[6.36463,43.00593],[6.36388,43.00538],[6.36429,43.00496],[6.36412,43.00405],[6.3631,43.00399],[6.36279,43.0046],[6.36157,43.00517],[6.3618,43.00572],[6.36062,43.00689],[6.36079,43.00726],[6.3592,43.00806],[6.35915,43.00889],[6.35997,43.0097],[6.36013,43.0116],[6.3607,43.01186],[6.35957,43.01299],[6.35999,43.01343],[6.35997,43.01512],[6.36052,43.01518],[6.36091,43.01611],[6.36195,43.01655],[6.36169,43.01742],[6.36276,43.01794],[6.36279,43.01834],[6.36376,43.01773],[6.36427,43.01805],[6.36527,43.01779]]]]},"properties":{"ID":"839","id":"839","NOM_MASSIF":"ILES D'HYERES","dept":"83"}},{"type":"Feature","id":1,"geometry":{"type":"MultiPolygon","coordinates":[[[[6.58518,43.27952],[6.58388,43.2772],[6.58408,43.27543],[6.58468,43.27307],[6.58559,43.27211],[6.5856,43.27008],[6.58678,43.26881],[6.5866,43.26747],[6.58748,43.26728],[6.58788,43.26655],[6.58652,43.26649],[6.58527,43.26716],[6.58528,43.26797],[6.58343,43.26834],[6.58204,43.26783],[6.58201,43.26738],[6.5827,43.2667],[6.58543,43.26554],[6.58616,43.26378],[6.587,43.26408],[6.58738,43.2637],[6.58895,43.26391],[6.58899,43.26448],[6.58742,43.26481],[6.58745,43.26522],[6.58865,43.26536],[6.58897,43.26478],[6.5903,43.26445],[6.59018,43.26389],[6.59111,43.26275],[6.59365,43.2622],[6.59616,43.26246],[6.59687,43.26324],[6.59787,43.26347],[6.6004,43.26337],[6.60316,43.26263],[6.60688,43.26368],[6.60961,43.26357],[6.61093,43.26429],[6.6117,43.26411],[6.61225,43.26439],[6.61597,43.26379],[6.61792,43.26416],[6.62024,43.2641],[6.62426,43.26585],[6.62506,43.26729],[6.62761,43.26689],[6.62906,43.26725],[6.62988,43.26775],[6.62991,43.26823],[6.63227,43.26906],[6.63628,43.27245],[6.63753,43.27112],[6.63846,43.27147],[6.63878,43.27197],[6.63772,43.27368],[6.63892,43.27429],[6.63963,43.27396],[6.64011,43.27436],[6.64087,43.27368],[6.64112,43.27423],[6.64175,43.27388],[6.64219,43.27434],[6.64293,43.27389],[6.64591,43.27383],[6.64748,43.27234],[6.64726,43.27157],[6.64776,43.27068],[6.6494,43.2707],[6.65108,43.27016],[6.65326,43.2704],[6.65486,43.26881],[6.65609,43.26837],[6.65668,43.26739],[6.66105,43.26576],[6.66233,43.26481],[6.66499,43.26491],[6.66798,43.26655],[6.66936,43.26802],[6.66951,43.27112],[6.66909,43.27156],[6.66952,43.27501],[6.66916,43.27618],[6.66997,43.27618],[6.67101,43.27698],[6.67412,43.27748],[6.67504,43.27828],[6.676,43.27851],[6.67691,43.27817],[6.67737,43.27887],[6.67861,43.27849],[6.6789,43.27738],[6.67967,43.27734],[6.68201,43.27477],[6.68293,43.27443],[6.68395,43.27338],[6.68449,43.27353],[6.68519,43.273],[6.68761,43.27302],[6.68868,43.27259],[6.68987,43.27111],[6.69144,43.27026],[6.69508,43.26698],[6.69626,43.26642],[6.69762,43.26649],[6.69685,43.26491],[6.69724,43.26414],[6.69564,43.26247],[6.69574,43.26169],[6.69381,43.26105],[6.69237,43.25923],[6.69157,43.25684],[6.69055,43.25638],[6.69028,43.25433],[6.69098,43.25226],[6.68987,43.25168],[6.68668,43.25113],[6.68585,43.25146],[6.68417,43.25081],[6.68383,43.25016],[6.68319,43.25034],[6.68171,43.24804],[6.68026,43.24831],[6.67637,43.24446],[6.67094,43.24563],[6.66857,43.24561],[6.66561,43.24322],[6.66431,43.24121],[6.66311,43.23567],[6.66339,43.23497],[6.66267,43.23145],[6.6623,43.22324],[6.66261,43.21761],[6.66422,43.21181],[6.66515,43.21067],[6.66667,43.2107],[6.66658,43.21001],[6.66846,43.21006],[6.66922,43.20937],[6.66906,43.20881],[6.66798,43.20855],[6.66769,43.208],[6.66997,43.20572],[6.67222,43.20522],[6.67239,43.20485],[6.67446,43.20465],[6.6759,43.20369],[6.67652,43.20376],[6.67759,43.20225],[6.67856,43.20215],[6.6786,43.20107],[6.68093,43.20002],[6.68083,43.19919],[6.6796,43.19912],[6.67688,43.19771],[6.67697,43.19621],[6.67576,43.19527],[6.67346,43.1968],[6.67029,43.19648],[6.66938,43.19517],[6.66798,43.19559],[6.66774,43.19506],[6.66538,43.19464],[6.66466,43.19491],[6.66419,43.19457],[6.66006,43.1962],[6.65865,43.1953],[6.65643,43.19512],[6.65605,43.19448],[6.65525,43.19419],[6.65489,43.19315],[6.65316,43.19245],[6.65159,43.19111],[6.65145,43.19025],[6.64999,43.18989],[6.65012,43.18884],[6.64864,43.18872],[6.64814,43.18805],[6.64676,43.18769],[6.64555,43.18785],[6.64544,43.18753],[6.64484,43.18767],[6.64301,43.18712],[6.64185,43.18591],[6.6428,43.18486],[6.64328,43.18311],[6.64234,43.18201],[6.64078,43.18192],[6.64031,43.18053],[6.64034,43.17985],[6.64121,43.17889],[6.6407,43.17873],[6.6406,43.17733],[6.64168,43.17543],[6.64001,43.17439],[6.63965,43.17285],[6.64151,43.17203],[6.64397,43.17163],[6.64536,43.17062],[6.64499,43.17004],[6.64704,43.1696],[6.64642,43.16738],[6.64497,43.16756],[6.64336,43.16837],[6.64178,43.17077],[6.63942,43.17193],[6.63518,43.17252],[6.63268,43.17188],[6.63211,43.17085],[6.63081,43.17085],[6.62985,43.16951],[6.62836,43.16918],[6.62745,43.1685],[6.62734,43.16758],[6.62674,43.16724],[6.62625,43.1661],[6.62498,43.16552],[6.62397,43.16571],[6.62356,43.1651],[6.62204,43.16441],[6.62201,43.16352],[6.62125,43.16256],[6.62239,43.16141],[6.62242,43.16078],[6.62148,43.16019],[6.62171,43.1595],[6.62244,43.15932],[6.62105,43.1577],[6.62069,43.15781],[6.62087,43.15917],[6.61944,43.15911],[6.61762,43.15984],[6.61793,43.16016],[6.6174,43.16134],[6.61796,43.16177],[6.61735,43.16284],[6.61517,43.16421],[6.61531,43.16453],[6.61428,43.1655],[6.6115,43.16588],[6.61,43.16546],[6.61008,43.16827],[6.60928,43.16842],[6.60884,43.16966],[6.6076,43.17052],[6.60852,43.17141],[6.60802,43.17244],[6.60728,43.17292],[6.60439,43.17357],[6.60328,43.17341],[6.60279,43.17453],[6.60445,43.17542],[6.60424,43.17651],[6.60361,43.17671],[6.60358,43.17749],[6.60275,43.17836],[6.60236,43.17978],[6.60273,43.18033],[6.60164,43.18214],[6.59707,43.18432],[6.59217,43.18547],[6.59113,43.18527],[6.59065,43.18586],[6.58481,43.18585],[6.58086,43.18658],[6.58005,43.18613],[6.57908,43.18623],[6.57876,43.18573],[6.57782,43.18574],[6.57533,43.18689],[6.57502,43.18764],[6.56912,43.1868],[6.56723,43.18774],[6.56552,43.18733],[6.5619,43.18909],[6.55218,43.18741],[6.54685,43.18544],[6.5414,43.18239],[6.53681,43.17881],[6.53478,43.17614],[6.53404,43.17444],[6.53396,43.1728],[6.53586,43.17087],[6.53701,43.171],[6.54003,43.16987],[6.53977,43.16853],[6.53832,43.16814],[6.5373,43.16714],[6.53535,43.16719],[6.53551,43.16658],[6.53498,43.16609],[6.53655,43.16469],[6.53468,43.16369],[6.5347,43.16333],[6.52971,43.16543],[6.52878,43.16493],[6.52865,43.16437],[6.52779,43.16431],[6.52731,43.16493],[6.52621,43.16503],[6.52412,43.16601],[6.52367,43.1654],[6.52069,43.16486],[6.51925,43.16408],[6.51843,43.16187],[6.5152,43.16119],[6.51343,43.15938],[6.51223,43.1591],[6.51221,43.15877],[6.50925,43.15846],[6.50957,43.15738],[6.50883,43.15717],[6.50875,43.15666],[6.50958,43.1557],[6.50834,43.15557],[6.50831,43.15512],[6.50315,43.15595],[6.50274,43.15537],[6.50124,43.15555],[6.50093,43.1541],[6.49839,43.15393],[6.4973,43.15352],[6.49662,43.1531],[6.4966,43.15113],[6.49334,43.15122],[6.49287,43.15094],[6.49347,43.1502],[6.49196,43.15074],[6.49171,43.1518],[6.49024,43.1529],[6.48802,43.15274],[6.488,43.15242],[6.48666,43.15199],[6.4868,43.15109],[6.48639,43.15108],[6.48469,43.15234],[6.48383,43.15228],[6.48342,43.15295],[6.48162,43.15278],[6.48185,43.1537],[6.48135,43.1542],[6.47939,43.15472],[6.47769,43.15607],[6.4759,43.15611],[6.47402,43.1555],[6.47207,43.15399],[6.47067,43.15428],[6.4702,43.15403],[6.46811,43.15447],[6.46747,43.15518],[6.46775,43.15625],[6.46481,43.15746],[6.46388,43.15747],[6.46141,43.15715],[6.46048,43.1562],[6.45916,43.15604],[6.4588,43.15554],[6.45641,43.15456],[6.45583,43.15452],[6.45467,43.15531],[6.45349,43.15539],[6.45084,43.15373],[6.44938,43.15334],[6.44793,43.15241],[6.44689,43.15104],[6.44765,43.15077],[6.44875,43.14903],[6.44624,43.14763],[6.44618,43.14683],[6.44525,43.14638],[6.44483,43.14559],[6.44388,43.14539],[6.44344,43.14445],[6.44185,43.14335],[6.4408,43.14339],[6.43896,43.14223],[6.43926,43.14419],[6.44018,43.14508],[6.43934,43.14589],[6.43936,43.14721],[6.43856,43.14805],[6.43432,43.15042],[6.42978,43.1514],[6.42716,43.15123],[6.42284,43.15014],[6.42058,43.14828],[6.42034,43.14766],[6.42123,43.14706],[6.42079,43.14657],[6.41891,43.14715],[6.41836,43.14678],[6.41849,43.14747],[6.41658,43.14873],[6.4132,43.14943],[6.41102,43.14912],[6.4095,43.14793],[6.40819,43.14849],[6.40679,43.14824],[6.40658,43.14867],[6.40309,43.14907],[6.39896,43.14656],[6.39812,43.14453],[6.39676,43.14312],[6.39598,43.14312],[6.39559,43.14385],[6.39597,43.14468],[6.39393,43.14523],[6.3912,43.14411],[6.38878,43.14387],[6.38781,43.14457],[6.38679,43.14463],[6.3843,43.14407],[6.38182,43.14186],[6.38123,43.14036],[6.3813,43.13902],[6.38031,43.13834],[6.37785,43.13756],[6.37812,43.13684],[6.37653,43.13561],[6.37414,43.13469],[6.37305,43.13485],[6.37275,43.13525],[6.37427,43.1354],[6.37645,43.13621],[6.37696,43.13655],[6.3768,43.13719],[6.37574,43.13717],[6.37472,43.13652],[6.37319,43.13628],[6.37344,43.13752],[6.37148,43.13748],[6.37112,43.13644],[6.37065,43.13733],[6.36837,43.13682],[6.36571,43.13318],[6.36371,43.12677],[6.3638,43.12573],[6.36484,43.12428],[6.36464,43.12369],[6.36401,43.12339],[6.36254,43.12344],[6.36286,43.12271],[6.36379,43.12265],[6.36438,43.12176],[6.36583,43.12144],[6.36686,43.12448],[6.36635,43.12539],[6.36707,43.12518],[6.36747,43.12329],[6.36646,43.12121],[6.36494,43.11977],[6.36325,43.11953],[6.36376,43.12038],[6.36283,43.12059],[6.36266,43.12165],[6.36167,43.12142],[6.35992,43.12026],[6.35962,43.11958],[6.36028,43.11908],[6.35956,43.11812],[6.35933,43.11595],[6.35982,43.11476],[6.36146,43.11261],[6.36336,43.11182],[6.36398,43.11069],[6.36246,43.11051],[6.36222,43.1101],[6.36192,43.11038],[6.36009,43.10992],[6.35865,43.10797],[6.35907,43.1058],[6.36227,43.10383],[6.36298,43.10407],[6.36357,43.10372],[6.36448,43.10387],[6.36644,43.10343],[6.36689,43.10288],[6.3692,43.10261],[6.36922,43.10228],[6.36715,43.10191],[6.36713,43.09928],[6.36798,43.09863],[6.36644,43.09809],[6.36629,43.09603],[6.36458,43.09547],[6.36467,43.09445],[6.36589,43.09431],[6.36537,43.09394],[6.36432,43.09407],[6.3639,43.09331],[6.36531,43.09308],[6.3662,43.09185],[6.36692,43.09224],[6.36662,43.09258],[6.36838,43.09267],[6.37077,43.09129],[6.37061,43.09082],[6.36902,43.09073],[6.36853,43.09018],[6.36908,43.08929],[6.36858,43.08916],[6.36794,43.08931],[6.36759,43.09007],[6.36509,43.09043],[6.36417,43.08897],[6.36474,43.08784],[6.36421,43.0878],[6.36421,43.08727],[6.36476,43.08701],[6.36435,43.08628],[6.362,43.08714],[6.36126,43.08818],[6.36061,43.08818],[6.35916,43.0891],[6.35819,43.08917],[6.35692,43.08856],[6.35566,43.08917],[6.3539,43.08909],[6.35345,43.08848],[6.35071,43.08888],[6.35009,43.08815],[6.34926,43.08857],[6.34928,43.08816],[6.3485,43.08818],[6.34763,43.08852],[6.34766,43.08899],[6.34665,43.08909],[6.34559,43.09021],[6.34599,43.0907],[6.34434,43.09043],[6.34379,43.09072],[6.34337,43.09053],[6.3434,43.08987],[6.34246,43.08984],[6.34112,43.08864],[6.34083,43.08916],[6.33865,43.09008],[6.33764,43.08955],[6.33641,43.08956],[6.33512,43.09092],[6.33167,43.08938],[6.3315,43.08981],[6.33248,43.09108],[6.33189,43.09194],[6.33073,43.09166],[6.32952,43.09302],[6.32781,43.09296],[6.32741,43.0925],[6.32601,43.09291],[6.3251,43.09267],[6.3238,43.09347],[6.32326,43.09319],[6.32323,43.0922],[6.32162,43.09134],[6.3208,43.09241],[6.32178,43.09301],[6.32156,43.09346],[6.32489,43.09441],[6.3254,43.09532],[6.32418,43.09763],[6.32472,43.09782],[6.32471,43.09833],[6.32367,43.10031],[6.32268,43.10077],[6.32081,43.1003],[6.31972,43.10156],[6.31914,43.10147],[6.31942,43.10199],[6.31869,43.10256],[6.31966,43.10306],[6.31947,43.1039],[6.31865,43.10441],[6.31748,43.10449],[6.31658,43.10619],[6.31475,43.10692],[6.31367,43.10669],[6.31237,43.10781],[6.30767,43.10831],[6.3022,43.10756],[6.30173,43.10731],[6.30181,43.10674],[6.30066,43.10648],[6.30049,43.10589],[6.29974,43.10628],[6.29944,43.10599],[6.29798,43.1061],[6.29774,43.1068],[6.29797,43.10712],[6.29907,43.10708],[6.29944,43.10838],[6.29728,43.11016],[6.29492,43.10965],[6.29501,43.10851],[6.29378,43.10781],[6.29293,43.10802],[6.29313,43.10849],[6.29255,43.10893],[6.29116,43.10892],[6.29084,43.10717],[6.29011,43.10663],[6.28933,43.10663],[6.28865,43.10917],[6.28729,43.10958],[6.28622,43.11057],[6.28623,43.11132],[6.28703,43.11174],[6.28817,43.11163],[6.2884,43.11204],[6.28802,43.1143],[6.28567,43.1157],[6.28347,43.11509],[6.28268,43.11545],[6.28233,43.11681],[6.28027,43.11664],[6.28002,43.11591],[6.27974,43.11601],[6.27892,43.11642],[6.27898,43.11678],[6.27825,43.11687],[6.2784,43.11788],[6.2774,43.11806],[6.27753,43.11943],[6.27692,43.12005],[6.27541,43.12056],[6.2716,43.12099],[6.26848,43.12066],[6.26731,43.1202],[6.26565,43.121],[6.26129,43.12101],[6.25666,43.11888],[6.25374,43.11848],[6.25024,43.11739],[6.24781,43.11592],[6.24317,43.11475],[6.23947,43.11318],[6.23014,43.11319],[6.22692,43.11387],[6.22407,43.11392],[6.22203,43.11453],[6.21663,43.11481],[6.21121,43.11608],[6.20588,43.11616],[6.20175,43.11538],[6.20155,43.11608],[6.2003,43.1151],[6.19773,43.11439],[6.19561,43.11327],[6.19196,43.10985],[6.18409,43.10858],[6.17994,43.10682],[6.17813,43.10542],[6.17416,43.10096],[6.17174,43.10063],[6.17037,43.09972],[6.16803,43.09763],[6.16561,43.09434],[6.1598,43.08839],[6.15903,43.08663],[6.16002,43.0857],[6.161,43.08563],[6.16031,43.08512],[6.1597,43.08511],[6.15953,43.08554],[6.15819,43.0851],[6.15817,43.08298],[6.15888,43.0826],[6.15872,43.08198],[6.15679,43.08232],[6.15635,43.08066],[6.15755,43.08035],[6.15744,43.07988],[6.15627,43.08001],[6.15534,43.07959],[6.15525,43.08001],[6.1548,43.08003],[6.1543,43.07616],[6.15332,43.07551],[6.15334,43.0727],[6.15291,43.07236],[6.1534,43.07115],[6.15273,43.07093],[6.15141,43.06763],[6.15124,43.06558],[6.15048,43.06525],[6.15019,43.06448],[6.1493,43.0566],[6.14994,43.04604],[6.15216,43.03655],[6.15314,43.03523],[6.15444,43.0353],[6.15751,43.03427],[6.1616,43.03397],[6.16844,43.03522],[6.16944,43.03495],[6.16913,43.03463],[6.16946,43.03402],[6.17145,43.03335],[6.17147,43.03293],[6.17276,43.03286],[6.17285,43.03232],[6.17089,43.0323],[6.16939,43.03292],[6.16659,43.03242],[6.16535,43.031],[6.16306,43.03084],[6.16125,43.02998],[6.16016,43.03008],[6.15875,43.02909],[6.15916,43.02785],[6.1585,43.02772],[6.15679,43.02835],[6.15557,43.02771],[6.15525,43.02653],[6.15481,43.02669],[6.1546,43.0278],[6.15368,43.02813],[6.15239,43.0277],[6.1509,43.02796],[6.14978,43.02756],[6.14993,43.02618],[6.14848,43.02584],[6.14813,43.02609],[6.14839,43.02686],[6.14677,43.02763],[6.14628,43.02765],[6.14594,43.02677],[6.14513,43.02683],[6.14532,43.02721],[6.14483,43.02728],[6.14453,43.02816],[6.14374,43.02858],[6.14291,43.02837],[6.14277,43.02927],[6.14185,43.02957],[6.14199,43.02986],[6.13958,43.03025],[6.13866,43.02998],[6.13828,43.03035],[6.1369,43.0304],[6.13706,43.03156],[6.13603,43.03264],[6.13523,43.03291],[6.13612,43.03395],[6.13598,43.03563],[6.13468,43.03618],[6.13345,43.03608],[6.13313,43.03561],[6.13208,43.03577],[6.13132,43.03472],[6.1301,43.03464],[6.1284,43.03488],[6.12732,43.03576],[6.12683,43.03572],[6.12688,43.03407],[6.12539,43.03374],[6.12554,43.03224],[6.12433,43.03171],[6.12363,43.03171],[6.12318,43.03283],[6.12178,43.03204],[6.12124,43.03254],[6.11999,43.03208],[6.11968,43.03295],[6.1184,43.0333],[6.11675,43.03473],[6.11522,43.03439],[6.11373,43.03525],[6.11299,43.03519],[6.11189,43.03451],[6.11151,43.03366],[6.11184,43.03311],[6.11075,43.03321],[6.10965,43.03211],[6.10894,43.03241],[6.1076,43.03186],[6.10693,43.03086],[6.10708,43.03008],[6.10587,43.03019],[6.10502,43.03093],[6.10327,43.0309],[6.10387,43.02885],[6.10317,43.0275],[6.10128,43.02793],[6.10083,43.02908],[6.10024,43.02883],[6.09961,43.02909],[6.09914,43.02812],[6.0978,43.02826],[6.09724,43.02714],[6.09618,43.02778],[6.09506,43.02934],[6.09593,43.02952],[6.09582,43.0309],[6.09657,43.03123],[6.09615,43.03157],[6.09703,43.03139],[6.0976,43.03269],[6.09618,43.03336],[6.0951,43.0331],[6.09464,43.03351],[6.09338,43.03349],[6.09189,43.03563],[6.09138,43.03526],[6.091,43.03575],[6.09107,43.0368],[6.09305,43.03715],[6.09287,43.03873],[6.09383,43.04043],[6.09617,43.04005],[6.09616,43.04053],[6.09733,43.04031],[6.09993,43.04091],[6.10118,43.04065],[6.10232,43.04202],[6.10277,43.0414],[6.10446,43.04167],[6.10477,43.04214],[6.10637,43.04164],[6.10628,43.04089],[6.11007,43.03968],[6.1139,43.03973],[6.11771,43.03894],[6.11922,43.03897],[6.12251,43.04062],[6.12545,43.04084],[6.12835,43.04283],[6.13166,43.04794],[6.13178,43.05032],[6.13305,43.05479],[6.13294,43.05614],[6.1319,43.06083],[6.13059,43.06315],[6.13038,43.06563],[6.12782,43.07304],[6.1255,43.07814],[6.12416,43.07932],[6.1189,43.08055],[6.11666,43.08248],[6.11401,43.08368],[6.10881,43.08396],[6.10741,43.08362],[6.10477,43.0838],[6.09969,43.08332],[6.08666,43.08724],[6.08613,43.08723],[6.08531,43.08648],[6.08317,43.0868],[6.08243,43.0873],[6.07977,43.08721],[6.07889,43.0868],[6.0793,43.08747],[6.07887,43.08772],[6.07638,43.08709],[6.07647,43.08652],[6.07498,43.08502],[6.07462,43.08381],[6.07262,43.08496],[6.07116,43.08516],[6.07016,43.08477],[6.06991,43.08406],[6.06858,43.08309],[6.06389,43.08293],[6.06314,43.08326],[6.06295,43.08284],[6.06013,43.08208],[6.05743,43.08259],[6.0563,43.08083],[6.05566,43.0805],[6.0549,43.08064],[6.0547,43.08011],[6.05286,43.08],[6.05117,43.07895],[6.04977,43.07939],[6.04697,43.07895],[6.04388,43.07909],[6.04325,43.07872],[6.04103,43.07853],[6.03809,43.07896],[6.03209,43.07749],[6.03058,43.07754],[6.02708,43.0788],[6.02271,43.07808],[6.02138,43.07825],[6.01913,43.08056],[6.01779,43.0813],[6.01676,43.08372],[6.01763,43.08396],[6.01901,43.08579],[6.01933,43.08563],[6.01901,43.08508],[6.0197,43.08452],[6.01941,43.08503],[6.02023,43.08504],[6.0213,43.08595],[6.02151,43.08657],[6.02078,43.08675],[6.02107,43.08746],[6.02322,43.08917],[6.02326,43.0898],[6.02419,43.09025],[6.02417,43.09123],[6.02466,43.09121],[6.02479,43.09205],[6.02346,43.09484],[6.02004,43.09621],[6.01923,43.09815],[6.01842,43.09878],[6.01735,43.09875],[6.01691,43.09814],[6.01431,43.0982],[6.01434,43.09868],[6.01393,43.09875],[6.01367,43.09849],[6.01346,43.09901],[6.01417,43.09922],[6.01407,43.0997],[6.01289,43.10091],[6.00839,43.10267],[6.00628,43.10397],[6.00216,43.10324],[6.00143,43.10408],[6.00081,43.10387],[5.99924,43.10481],[5.998,43.10452],[5.99709,43.105],[5.99495,43.10472],[5.99385,43.10526],[5.993,43.10478],[5.99339,43.10644],[5.99744,43.10729],[5.9993,43.1097],[6.00081,43.11025],[6.00153,43.11384],[6.00254,43.11449],[6.00435,43.11724],[6.0052,43.11961],[6.00612,43.12012],[6.00659,43.12404],[6.01098,43.12525],[6.0127,43.12658],[6.01607,43.13221],[6.01943,43.13506],[6.02615,43.13753],[6.01744,43.13835],[6.0157,43.13916],[6.00846,43.13926],[6.0063,43.14027],[6.00111,43.14076],[6.0105,43.1434],[6.02192,43.14399],[6.02849,43.1466],[6.03895,43.15505],[6.0424,43.16174],[6.0429,43.1677],[6.04497,43.17008],[6.04752,43.17408],[6.04719,43.17785],[6.04306,43.18346],[6.04264,43.18509],[6.04042,43.18645],[6.03894,43.18925],[6.04098,43.19051],[6.0414,43.19373],[6.04393,43.19813],[6.04591,43.19976],[6.04744,43.20004],[6.04978,43.1996],[6.05128,43.20005],[6.05136,43.2013],[6.04989,43.20515],[6.04734,43.20619],[6.04743,43.20685],[6.05314,43.20925],[6.05497,43.2095],[6.05809,43.21065],[6.06172,43.21359],[6.06434,43.21764],[6.0695,43.22224],[6.07001,43.22392],[6.07003,43.22858],[6.06927,43.23067],[6.06955,43.23436],[6.07136,43.23585],[6.07295,43.23882],[6.08037,43.24307],[6.0822,43.2431],[6.08323,43.24348],[6.08465,43.24474],[6.08771,43.24532],[6.09131,43.24663],[6.09318,43.24902],[6.09517,43.24672],[6.0964,43.24139],[6.09767,43.24008],[6.10108,43.23835],[6.10765,43.23215],[6.11372,43.22936],[6.12242,43.2268],[6.12805,43.22612],[6.12929,43.22549],[6.13048,43.22545],[6.13311,43.22631],[6.13796,43.22492],[6.14124,43.22438],[6.14312,43.22635],[6.14336,43.22801],[6.14831,43.23061],[6.15066,43.23158],[6.15729,43.23233],[6.16075,43.23349],[6.16451,43.23401],[6.16754,43.23414],[6.1717,43.23223],[6.1747,43.23251],[6.17897,43.23233],[6.18223,43.23153],[6.19009,43.2336],[6.19312,43.23308],[6.19684,43.23309],[6.20114,43.23261],[6.20644,43.23367],[6.21417,43.23444],[6.2161,43.23574],[6.2186,43.23652],[6.22581,43.23489],[6.22744,43.23486],[6.23641,43.23038],[6.23875,43.23116],[6.24679,43.2323],[6.24975,43.23198],[6.25198,43.2311],[6.25576,43.23075],[6.25993,43.23149],[6.26149,43.23218],[6.26774,43.23279],[6.27032,43.23339],[6.27829,43.23641],[6.27948,43.23654],[6.28218,43.23534],[6.28641,43.23572],[6.28924,43.23759],[6.29082,43.23804],[6.29462,43.23805],[6.29782,43.23936],[6.30609,43.2367],[6.30729,43.23689],[6.30994,43.23862],[6.3112,43.2386],[6.3129,43.237],[6.31346,43.23691],[6.31919,43.23771],[6.3203,43.23832],[6.32164,43.23827],[6.32122,43.24211],[6.323,43.24306],[6.32529,43.24253],[6.32604,43.24271],[6.32698,43.24151],[6.32843,43.24122],[6.32914,43.24203],[6.3301,43.24235],[6.33062,43.24162],[6.33371,43.24075],[6.33443,43.23844],[6.33432,43.23684],[6.33474,43.2368],[6.33514,43.23966],[6.33594,43.24055],[6.33725,43.24028],[6.33816,43.23954],[6.34033,43.24027],[6.34171,43.2395],[6.34269,43.23955],[6.34251,43.2404],[6.34381,43.24038],[6.34471,43.23981],[6.34739,43.24015],[6.34801,43.23962],[6.34923,43.23996],[6.35015,43.23873],[6.35185,43.23897],[6.35508,43.23849],[6.35457,43.23994],[6.3571,43.24105],[6.35714,43.24158],[6.36208,43.24388],[6.36548,43.24462],[6.36605,43.24519],[6.36719,43.24503],[6.36799,43.24658],[6.36854,43.2462],[6.36826,43.2452],[6.3707,43.24445],[6.3743,43.24626],[6.375,43.24695],[6.37478,43.24779],[6.37691,43.24786],[6.37759,43.24822],[6.37749,43.24918],[6.37861,43.24884],[6.37945,43.24792],[6.38046,43.24779],[6.38381,43.24889],[6.38527,43.24991],[6.38559,43.25046],[6.38529,43.25077],[6.38605,43.25122],[6.38696,43.25131],[6.3882,43.25087],[6.38875,43.25115],[6.38946,43.25023],[6.39221,43.25042],[6.39409,43.25214],[6.39412,43.25322],[6.39573,43.25399],[6.39717,43.25412],[6.3978,43.25493],[6.39906,43.25533],[6.39929,43.25517],[6.39835,43.25461],[6.39815,43.25229],[6.39869,43.25188],[6.4013,43.25244],[6.40276,43.25226],[6.40343,43.25302],[6.40625,43.25416],[6.40739,43.25415],[6.40743,43.25528],[6.40867,43.25545],[6.40825,43.25642],[6.40876,43.25679],[6.40966,43.25672],[6.41045,43.25747],[6.4118,43.25697],[6.41217,43.25645],[6.41431,43.25711],[6.41495,43.25867],[6.41603,43.2578],[6.41592,43.25738],[6.4169,43.25627],[6.41979,43.25604],[6.42299,43.25514],[6.42597,43.255],[6.42824,43.25643],[6.43099,43.25723],[6.43757,43.25725],[6.43861,43.25691],[6.44177,43.25819],[6.44438,43.25752],[6.4452,43.25809],[6.44693,43.25832],[6.44857,43.25903],[6.44984,43.25896],[6.45127,43.25959],[6.45218,43.25911],[6.45347,43.25945],[6.45448,43.25926],[6.45593,43.26013],[6.45826,43.26014],[6.45952,43.26056],[6.46304,43.26003],[6.46609,43.26048],[6.46676,43.26127],[6.46741,43.26121],[6.46876,43.26235],[6.46876,43.26289],[6.46964,43.26322],[6.47148,43.26261],[6.47219,43.26342],[6.47285,43.26348],[6.47334,43.26514],[6.47556,43.26541],[6.47625,43.26475],[6.47969,43.26423],[6.48069,43.26509],[6.48034,43.26753],[6.48113,43.26881],[6.48207,43.26883],[6.48243,43.2693],[6.48484,43.26873],[6.48523,43.2695],[6.4863,43.26977],[6.48735,43.26919],[6.49225,43.26886],[6.49471,43.26954],[6.49508,43.27006],[6.49626,43.26954],[6.49693,43.27023],[6.49993,43.27155],[6.50114,43.2713],[6.50284,43.2717],[6.50315,43.27256],[6.50499,43.27252],[6.50703,43.27132],[6.50737,43.27062],[6.50842,43.2708],[6.51191,43.2704],[6.51367,43.27275],[6.5138,43.27391],[6.51503,43.27568],[6.51586,43.27593],[6.5175,43.2735],[6.51845,43.27306],[6.51891,43.27335],[6.52036,43.27321],[6.52203,43.27251],[6.52418,43.27225],[6.52504,43.27281],[6.52584,43.27282],[6.52711,43.27203],[6.52813,43.26966],[6.52877,43.26925],[6.53077,43.26937],[6.53238,43.26872],[6.54044,43.26923],[6.54128,43.26958],[6.54402,43.27503],[6.54537,43.27567],[6.54965,43.27606],[6.55921,43.2759],[6.56785,43.27888],[6.57375,43.27954],[6.58518,43.27952]]]]},"properties":{"ID":"834","id":"834","NOM_MASSIF":"CORNICHE DES MAURES","dept":"83"}},{"type":"Feature","id":2,"geometry":{"type":"MultiPolygon","coordinates":[[[[6.29462,43.23805],[6.29023,43.23789],[6.28641,43.23572],[6.28209,43.23534],[6.27948,43.23654],[6.27829,43.23641],[6.27032,43.23339],[6.26774,43.23279],[6.26153,43.2322],[6.25993,43.23149],[6.25576,43.23075],[6.25198,43.2311],[6.24975,43.23198],[6.24679,43.2323],[6.23875,43.23116],[6.23641,43.23038],[6.22744,43.23486],[6.22201,43.23562],[6.2195,43.23655],[6.2161,43.23574],[6.21417,43.23444],[6.20644,43.23367],[6.20114,43.23261],[6.19684,43.23309],[6.19312,43.23308],[6.19009,43.2336],[6.18246,43.23153],[6.17897,43.23233],[6.1749,43.2325],[6.1717,43.23223],[6.16854,43.23387],[6.16644,43.23424],[6.16075,43.23349],[6.15729,43.23233],[6.15066,43.23158],[6.14409,43.22858],[6.14336,43.22801],[6.14253,43.22538],[6.14124,43.22438],[6.14018,43.22442],[6.13311,43.22631],[6.13048,43.22545],[6.12929,43.22549],[6.12805,43.22612],[6.12242,43.2268],[6.11375,43.22936],[6.10765,43.23215],[6.10105,43.23838],[6.09767,43.24008],[6.0964,43.24139],[6.09517,43.24672],[6.09318,43.24902],[6.09711,43.25071],[6.10022,43.25295],[6.10374,43.25714],[6.1103,43.26028],[6.12033,43.26845],[6.12235,43.27137],[6.12301,43.27356],[6.12286,43.27659],[6.1245,43.27801],[6.12636,43.28098],[6.13185,43.28455],[6.13482,43.28565],[6.1401,43.28649],[6.14282,43.2879],[6.14637,43.29021],[6.14865,43.29369],[6.15141,43.29559],[6.15326,43.29615],[6.16177,43.2963],[6.17356,43.29755],[6.18291,43.30012],[6.18694,43.30036],[6.18954,43.30134],[6.19298,43.30068],[6.19393,43.30059],[6.19486,43.30098],[6.19969,43.30025],[6.20377,43.30052],[6.20625,43.30123],[6.20871,43.3014],[6.21314,43.30055],[6.22055,43.29835],[6.22263,43.2983],[6.23168,43.30066],[6.24449,43.30561],[6.24979,43.30699],[6.25326,43.30885],[6.2569,43.30942],[6.26224,43.31138],[6.26934,43.31458],[6.27553,43.31514],[6.27872,43.31667],[6.28305,43.31813],[6.28371,43.32002],[6.28445,43.32041],[6.28542,43.32055],[6.28796,43.32],[6.29152,43.32142],[6.29369,43.3262],[6.29336,43.32762],[6.29383,43.3326],[6.29606,43.33496],[6.29618,43.33806],[6.29552,43.34293],[6.29669,43.34669],[6.29799,43.3482],[6.29795,43.34889],[6.296,43.34986],[6.2966,43.35165],[6.29462,43.36315],[6.29557,43.36858],[6.29644,43.37159],[6.29853,43.37552],[6.30056,43.37788],[6.30357,43.38044],[6.30665,43.3821],[6.3078,43.38352],[6.30839,43.38521],[6.30842,43.38769],[6.30915,43.38916],[6.31133,43.391],[6.31688,43.39298],[6.33558,43.39484],[6.34272,43.39221],[6.34623,43.3914],[6.3478,43.39189],[6.35049,43.39418],[6.35285,43.39521],[6.35546,43.39696],[6.38207,43.40166],[6.38635,43.40324],[6.39262,43.40338],[6.40775,43.40557],[6.41243,43.40754],[6.4321,43.4278],[6.43944,43.43387],[6.44553,43.43602],[6.45013,43.43871],[6.45816,43.44165],[6.46674,43.44381],[6.47129,43.44621],[6.47466,43.4473],[6.47741,43.44788],[6.48117,43.44718],[6.48355,43.44719],[6.48712,43.4492],[6.50704,43.45364],[6.51003,43.45398],[6.53397,43.46383],[6.53993,43.46557],[6.56167,43.47043],[6.56128,43.47272],[6.56289,43.47416],[6.56786,43.4753],[6.56953,43.47533],[6.57044,43.47477],[6.57119,43.47251],[6.57407,43.47066],[6.58057,43.47034],[6.58688,43.46822],[6.58849,43.468],[6.59666,43.46833],[6.60349,43.46744],[6.61082,43.46737],[6.61888,43.46574],[6.62647,43.46294],[6.62862,43.46247],[6.63227,43.46262],[6.63791,43.4639],[6.64077,43.46387],[6.64562,43.4623],[6.64867,43.4624],[6.65316,43.46165],[6.65701,43.46209],[6.66842,43.45915],[6.68737,43.457],[6.68979,43.45575],[6.69065,43.45474],[6.6921,43.45125],[6.69836,43.44572],[6.70505,43.4418],[6.70749,43.43958],[6.70958,43.43887],[6.71856,43.43763],[6.72337,43.43603],[6.72637,43.43435],[6.72511,43.43131],[6.7256,43.42938],[6.72652,43.42735],[6.73107,43.42254],[6.72435,43.4103],[6.72452,43.40914],[6.72993,43.40323],[6.72981,43.39878],[6.73067,43.3989],[6.73013,43.39854],[6.729,43.395],[6.72976,43.39478],[6.72911,43.39468],[6.72855,43.39302],[6.72981,43.39225],[6.72982,43.39172],[6.7304,43.39145],[6.7314,43.39162],[6.73267,43.39092],[6.73282,43.39004],[6.7314,43.38881],[6.73072,43.38728],[6.7291,43.38682],[6.72897,43.38623],[6.72842,43.38628],[6.72812,43.38496],[6.72613,43.38313],[6.72609,43.38119],[6.72416,43.38154],[6.72334,43.38015],[6.72171,43.38021],[6.72165,43.37938],[6.72062,43.37803],[6.72155,43.3774],[6.72127,43.37662],[6.72191,43.37572],[6.72139,43.3753],[6.72055,43.37569],[6.71906,43.37547],[6.71929,43.37487],[6.71792,43.37405],[6.7174,43.37288],[6.71577,43.37235],[6.71453,43.3724],[6.71422,43.37198],[6.71475,43.37108],[6.7141,43.37032],[6.71524,43.36959],[6.71501,43.36805],[6.71375,43.36795],[6.71319,43.36705],[6.71339,43.36605],[6.7142,43.36523],[6.71397,43.36436],[6.71539,43.36299],[6.7174,43.36231],[6.71732,43.36121],[6.71792,43.36122],[6.71848,43.36005],[6.71665,43.35885],[6.71846,43.35905],[6.71856,43.35826],[6.7192,43.35803],[6.71952,43.3573],[6.71893,43.35661],[6.71595,43.35546],[6.71544,43.35445],[6.71302,43.35268],[6.71334,43.35191],[6.71614,43.35216],[6.71551,43.35032],[6.71431,43.35029],[6.71437,43.34973],[6.71524,43.34894],[6.71583,43.34891],[6.71687,43.34752],[6.71673,43.34713],[6.71144,43.3448],[6.70901,43.34435],[6.70634,43.34438],[6.70544,43.34393],[6.70301,43.34423],[6.70176,43.34349],[6.70074,43.34361],[6.69735,43.34196],[6.69441,43.33985],[6.69371,43.34147],[6.69072,43.34139],[6.68897,43.3421],[6.68794,43.3421],[6.68397,43.34067],[6.68199,43.34111],[6.68018,43.34031],[6.67718,43.33797],[6.67207,43.33591],[6.67135,43.33435],[6.66897,43.33302],[6.66808,43.32924],[6.6683,43.32772],[6.6673,43.32685],[6.66724,43.32606],[6.66532,43.3251],[6.6652,43.32201],[6.6663,43.31791],[6.66789,43.31662],[6.66887,43.31515],[6.67069,43.31408],[6.67275,43.31396],[6.67139,43.3125],[6.67071,43.31281],[6.66975,43.31241],[6.66763,43.31246],[6.66292,43.31344],[6.66189,43.3142],[6.65942,43.3139],[6.65066,43.30952],[6.64935,43.30799],[6.64813,43.30768],[6.64517,43.30593],[6.64294,43.30598],[6.64246,43.30536],[6.641,43.30618],[6.63992,43.30622],[6.6404,43.30684],[6.63935,43.30744],[6.63579,43.30778],[6.63368,43.30643],[6.63196,43.30463],[6.62953,43.30481],[6.62755,43.30378],[6.62575,43.30011],[6.62552,43.29703],[6.62451,43.29591],[6.62386,43.29594],[6.62346,43.29639],[6.62259,43.29631],[6.6192,43.29533],[6.61866,43.29476],[6.61614,43.29446],[6.61339,43.29183],[6.61024,43.29112],[6.60792,43.28923],[6.60403,43.2874],[6.60309,43.28636],[6.60283,43.28661],[6.60173,43.28645],[6.60073,43.28467],[6.59638,43.28389],[6.59614,43.28429],[6.59411,43.2833],[6.59019,43.2825],[6.58733,43.28063],[6.58639,43.28043],[6.58607,43.27969],[6.58518,43.27952],[6.57375,43.27954],[6.56785,43.27888],[6.55921,43.2759],[6.54978,43.27606],[6.54537,43.27567],[6.54402,43.27503],[6.54185,43.27007],[6.54044,43.26923],[6.53238,43.26872],[6.53077,43.26937],[6.52877,43.26925],[6.52813,43.26966],[6.52711,43.27203],[6.52584,43.27282],[6.52504,43.27281],[6.52418,43.27225],[6.52203,43.27251],[6.52036,43.27321],[6.51891,43.27335],[6.51845,43.27306],[6.5175,43.2735],[6.51586,43.27593],[6.51503,43.27568],[6.5138,43.27391],[6.51367,43.27275],[6.51191,43.2704],[6.50842,43.2708],[6.50737,43.27062],[6.50703,43.27132],[6.50499,43.27252],[6.50315,43.27256],[6.50284,43.2717],[6.50114,43.2713],[6.49993,43.27155],[6.49693,43.27023],[6.49626,43.26954],[6.49508,43.27006],[6.49471,43.26954],[6.49227,43.26882],[6.48735,43.26919],[6.4863,43.26977],[6.48523,43.2695],[6.48484,43.26873],[6.48243,43.2693],[6.48207,43.26883],[6.48113,43.26881],[6.48034,43.26753],[6.48069,43.26509],[6.47969,43.26423],[6.47625,43.26475],[6.47561,43.26541],[6.47334,43.26514],[6.47285,43.26348],[6.47219,43.26342],[6.47148,43.26261],[6.46964,43.26322],[6.46876,43.26289],[6.46876,43.26235],[6.46741,43.26121],[6.46676,43.26127],[6.46609,43.26048],[6.46306,43.26003],[6.45952,43.26056],[6.45826,43.26014],[6.45593,43.26013],[6.45448,43.25926],[6.45347,43.25945],[6.45218,43.25911],[6.45127,43.25959],[6.44984,43.25896],[6.44857,43.25903],[6.44693,43.25832],[6.4452,43.25809],[6.44438,43.25752],[6.44177,43.25819],[6.43861,43.25691],[6.43757,43.25725],[6.43099,43.25723],[6.42714,43.25594],[6.42597,43.255],[6.42299,43.25514],[6.41979,43.25604],[6.4169,43.25627],[6.41592,43.25738],[6.41603,43.2578],[6.41495,43.25867],[6.41431,43.25711],[6.41217,43.25645],[6.4118,43.25697],[6.41045,43.25747],[6.40966,43.25672],[6.40876,43.25679],[6.40825,43.25642],[6.40867,43.25545],[6.40743,43.25528],[6.40739,43.25415],[6.40625,43.25416],[6.40343,43.25302],[6.40276,43.25226],[6.4013,43.25244],[6.39869,43.25188],[6.39815,43.25229],[6.39835,43.25461],[6.39929,43.25517],[6.39906,43.25533],[6.3978,43.25493],[6.39717,43.25412],[6.39573,43.25399],[6.39412,43.25322],[6.39409,43.25214],[6.39221,43.25042],[6.38946,43.25023],[6.38875,43.25115],[6.3882,43.25087],[6.38696,43.25131],[6.38605,43.25122],[6.38529,43.25077],[6.38559,43.25046],[6.38527,43.24991],[6.38381,43.24889],[6.38046,43.24779],[6.37945,43.24792],[6.37861,43.24884],[6.37749,43.24918],[6.37759,43.24822],[6.37691,43.24786],[6.37478,43.24779],[6.375,43.24695],[6.3743,43.24626],[6.3707,43.24445],[6.36826,43.2452],[6.36854,43.2462],[6.36799,43.24658],[6.36719,43.24503],[6.36605,43.24519],[6.36548,43.24462],[6.36208,43.24388],[6.35714,43.24158],[6.3571,43.24105],[6.35457,43.23994],[6.35508,43.23849],[6.352,43.23892],[6.35015,43.23873],[6.34923,43.23996],[6.34801,43.23962],[6.34744,43.24014],[6.34471,43.23981],[6.34381,43.24038],[6.34251,43.2404],[6.34269,43.23955],[6.34171,43.2395],[6.34033,43.24027],[6.33816,43.23954],[6.33725,43.24028],[6.33594,43.24055],[6.33514,43.23966],[6.33474,43.2368],[6.33432,43.23684],[6.33443,43.23844],[6.33371,43.24075],[6.33062,43.24162],[6.3301,43.24235],[6.32914,43.24203],[6.32843,43.24122],[6.32698,43.24151],[6.32604,43.24271],[6.32529,43.24253],[6.323,43.24306],[6.32122,43.24211],[6.32164,43.23827],[6.3203,43.23832],[6.31919,43.23771],[6.31346,43.23691],[6.3129,43.237],[6.3112,43.2386],[6.30994,43.23862],[6.30729,43.23689],[6.30609,43.2367],[6.29782,43.23936],[6.29462,43.23805]]]]},"properties":{"ID":"835","id":"835","NOM_MASSIF":"MAURES","dept":"83"}},{"type":"Feature","id":3,"geometry":{"type":"MultiPolygon","coordinates":[[[[6.72337,43.43603],[6.71638,43.43811],[6.70958,43.43887],[6.7074,43.43962],[6.70505,43.4418],[6.69836,43.44572],[6.69695,43.44691],[6.6921,43.45125],[6.69065,43.45474],[6.68979,43.45575],[6.68737,43.457],[6.66842,43.45915],[6.65701,43.46209],[6.65316,43.46165],[6.64856,43.46239],[6.64562,43.4623],[6.64077,43.46387],[6.63791,43.4639],[6.63227,43.46262],[6.62862,43.46247],[6.62618,43.46298],[6.61869,43.46575],[6.6107,43.4674],[6.60334,43.46746],[6.59637,43.46832],[6.58849,43.468],[6.58688,43.46822],[6.58057,43.47034],[6.57407,43.47066],[6.57119,43.47251],[6.57044,43.47477],[6.56953,43.47533],[6.56776,43.4753],[6.56496,43.47444],[6.56508,43.47735],[6.56628,43.47777],[6.56619,43.47873],[6.56505,43.48011],[6.56509,43.48103],[6.56732,43.48623],[6.56473,43.48883],[6.56466,43.4894],[6.56598,43.4949],[6.56492,43.49992],[6.56665,43.50174],[6.56573,43.5033],[6.56606,43.50604],[6.56661,43.50681],[6.56521,43.50915],[6.5665,43.51091],[6.56598,43.51171],[6.56649,43.51308],[6.56335,43.52098],[6.56743,43.53239],[6.56906,43.53323],[6.57163,43.53381],[6.57259,43.53501],[6.57334,43.53615],[6.57412,43.53992],[6.57501,43.54079],[6.57534,43.5431],[6.5725,43.5455],[6.57239,43.5462],[6.57412,43.54788],[6.57258,43.55044],[6.57345,43.55107],[6.57207,43.55197],[6.57,43.55592],[6.57024,43.55698],[6.56969,43.55777],[6.57049,43.55907],[6.57031,43.55957],[6.56791,43.56189],[6.5665,43.56403],[6.56556,43.56762],[6.56561,43.5697],[6.56178,43.57191],[6.56146,43.57324],[6.56659,43.57482],[6.56815,43.57463],[6.57128,43.57596],[6.57602,43.57622],[6.57831,43.57577],[6.58778,43.57712],[6.59241,43.57645],[6.59743,43.57641],[6.59802,43.57659],[6.59783,43.57742],[6.59831,43.57767],[6.60179,43.5766],[6.60454,43.57836],[6.60524,43.5782],[6.60603,43.57727],[6.61004,43.57651],[6.61159,43.57512],[6.61302,43.57483],[6.6138,43.5741],[6.6147,43.57458],[6.61445,43.57622],[6.61411,43.57716],[6.61212,43.57887],[6.61206,43.57966],[6.61369,43.57983],[6.61536,43.57886],[6.61774,43.57858],[6.61829,43.57699],[6.62034,43.57622],[6.62152,43.57482],[6.62161,43.57708],[6.62076,43.57955],[6.62174,43.58045],[6.62662,43.58152],[6.62908,43.58055],[6.63366,43.58019],[6.63532,43.58081],[6.63525,43.58182],[6.63621,43.58376],[6.6339,43.58617],[6.63427,43.58727],[6.63487,43.58746],[6.63733,43.58664],[6.63844,43.58696],[6.63875,43.58782],[6.63918,43.58779],[6.64137,43.5872],[6.64546,43.58499],[6.64744,43.58482],[6.64867,43.58522],[6.65085,43.58496],[6.65217,43.58547],[6.65721,43.58552],[6.65908,43.58466],[6.66071,43.58544],[6.66154,43.58486],[6.66392,43.58463],[6.66622,43.5832],[6.66798,43.58343],[6.66897,43.58384],[6.67035,43.58617],[6.66937,43.58768],[6.66994,43.58787],[6.67351,43.58688],[6.67597,43.5876],[6.67686,43.5903],[6.6778,43.59038],[6.68031,43.58908],[6.68144,43.58967],[6.68302,43.59461],[6.68382,43.59487],[6.688,43.59362],[6.68937,43.59474],[6.68942,43.59646],[6.69004,43.59701],[6.69221,43.59716],[6.69495,43.59612],[6.69741,43.59677],[6.6986,43.59778],[6.69987,43.60328],[6.70152,43.60667],[6.71479,43.60867],[6.71908,43.61],[6.72508,43.61065],[6.73315,43.61015],[6.7415,43.60819],[6.74571,43.60783],[6.75402,43.6059],[6.75585,43.60597],[6.75773,43.60553],[6.76725,43.60584],[6.79045,43.59746],[6.79357,43.59722],[6.79597,43.59649],[6.79732,43.59676],[6.80075,43.59816],[6.80249,43.59996],[6.80375,43.60039],[6.80672,43.60337],[6.80756,43.60572],[6.80892,43.60659],[6.81055,43.60906],[6.81281,43.60918],[6.81567,43.61168],[6.8195,43.61291],[6.82095,43.61445],[6.82236,43.61784],[6.82333,43.61845],[6.82382,43.61933],[6.82395,43.62147],[6.82184,43.6244],[6.82061,43.62501],[6.82044,43.6256],[6.81918,43.62595],[6.81724,43.62785],[6.81745,43.62825],[6.81917,43.62668],[6.82342,43.62425],[6.82525,43.62275],[6.82847,43.6215],[6.83096,43.622],[6.83262,43.62145],[6.83377,43.62029],[6.83584,43.61918],[6.83564,43.61819],[6.83614,43.61775],[6.83858,43.61762],[6.83937,43.61611],[6.84078,43.61493],[6.84058,43.61455],[6.83866,43.61385],[6.83889,43.6136],[6.84045,43.61293],[6.84491,43.61262],[6.84529,43.61119],[6.84656,43.61089],[6.84911,43.60853],[6.84977,43.60645],[6.85118,43.60482],[6.85233,43.6042],[6.85328,43.60407],[6.85427,43.60454],[6.85374,43.60676],[6.85256,43.60859],[6.85294,43.60924],[6.85432,43.60942],[6.85648,43.60888],[6.85709,43.60928],[6.85686,43.61049],[6.85759,43.61088],[6.85895,43.61077],[6.85973,43.6101],[6.85934,43.60834],[6.86009,43.60686],[6.86095,43.60613],[6.86185,43.60594],[6.86353,43.60623],[6.86579,43.60285],[6.86702,43.60365],[6.8676,43.60477],[6.8704,43.60607],[6.87213,43.60741],[6.87372,43.60762],[6.8755,43.607],[6.87777,43.60693],[6.88123,43.606],[6.88509,43.60663],[6.88802,43.60744],[6.88975,43.60938],[6.89238,43.6106],[6.89287,43.61148],[6.89343,43.61176],[6.89437,43.6116],[6.89443,43.61024],[6.89527,43.60933],[6.89769,43.60854],[6.89876,43.60578],[6.90092,43.60484],[6.9025,43.60276],[6.90434,43.60295],[6.90564,43.60259],[6.90733,43.60092],[6.90848,43.59873],[6.90965,43.59832],[6.91202,43.59837],[6.91123,43.59678],[6.90942,43.59544],[6.90897,43.59449],[6.90485,43.59223],[6.90484,43.59111],[6.90332,43.58913],[6.90289,43.58745],[6.90168,43.5863],[6.90178,43.58494],[6.90125,43.58406],[6.8984,43.58155],[6.89878,43.57958],[6.90195,43.5767],[6.90222,43.576],[6.90397,43.5755],[6.90572,43.5735],[6.90789,43.57268],[6.90828,43.56878],[6.90885,43.56857],[6.9089,43.56721],[6.90823,43.56393],[6.90299,43.56481],[6.901,43.56381],[6.89825,43.56046],[6.8979,43.55773],[6.89745,43.55727],[6.8878,43.5527],[6.88569,43.55005],[6.88326,43.54409],[6.88311,43.54108],[6.88169,43.53891],[6.88136,43.53741],[6.8794,43.53518],[6.87919,43.53244],[6.87981,43.53242],[6.87981,43.53145],[6.87883,43.52896],[6.8797,43.52844],[6.88071,43.52967],[6.88166,43.52975],[6.8837,43.5287],[6.88511,43.52924],[6.88689,43.52775],[6.89113,43.52787],[6.8925,43.52745],[6.89345,43.52783],[6.89647,43.52731],[6.89514,43.52625],[6.89455,43.52507],[6.89569,43.52424],[6.89572,43.52258],[6.89471,43.52133],[6.89543,43.521],[6.8954,43.51853],[6.89283,43.51649],[6.89174,43.51374],[6.89224,43.51323],[6.89142,43.51236],[6.89169,43.51148],[6.89089,43.51082],[6.88984,43.51062],[6.88869,43.50868],[6.88682,43.50815],[6.88644,43.50591],[6.88467,43.504],[6.88427,43.50266],[6.88566,43.50233],[6.88675,43.50104],[6.88844,43.50142],[6.89296,43.50099],[6.89379,43.50048],[6.8944,43.49933],[6.89755,43.4983],[6.8994,43.49713],[6.90012,43.49526],[6.90297,43.49569],[6.90548,43.49434],[6.90841,43.49482],[6.91119,43.4938],[6.91287,43.49367],[6.91268,43.49172],[6.91171,43.4895],[6.91397,43.48458],[6.91395,43.48277],[6.91541,43.48238],[6.92053,43.48222],[6.92146,43.48143],[6.92322,43.48075],[6.92505,43.4813],[6.92826,43.48108],[6.93274,43.48019],[6.93267,43.47983],[6.93164,43.48033],[6.93115,43.47993],[6.93156,43.47982],[6.93155,43.4788],[6.93314,43.4784],[6.93337,43.47772],[6.93283,43.47763],[6.93246,43.47668],[6.93125,43.47703],[6.92974,43.47679],[6.92929,43.47639],[6.93116,43.47538],[6.93082,43.47476],[6.92903,43.47465],[6.92909,43.47384],[6.92867,43.47379],[6.92708,43.47468],[6.92613,43.47411],[6.92581,43.47322],[6.92413,43.47342],[6.92403,43.47276],[6.9246,43.47252],[6.92446,43.47189],[6.9251,43.47105],[6.92368,43.47099],[6.92384,43.47035],[6.92281,43.46991],[6.92326,43.46929],[6.92484,43.46889],[6.9244,43.46852],[6.92491,43.46826],[6.92609,43.46842],[6.92598,43.46764],[6.92518,43.46749],[6.925,43.46669],[6.9244,43.4665],[6.92422,43.46584],[6.92494,43.46545],[6.92356,43.46434],[6.92471,43.46365],[6.9244,43.46288],[6.92371,43.46252],[6.92358,43.46195],[6.92188,43.4619],[6.92356,43.46114],[6.92303,43.46026],[6.92237,43.46023],[6.92266,43.4597],[6.92187,43.45865],[6.92225,43.45827],[6.92065,43.45798],[6.92034,43.45709],[6.92227,43.45691],[6.92264,43.45642],[6.9237,43.45673],[6.92218,43.45423],[6.92309,43.45432],[6.92284,43.45376],[6.92107,43.45383],[6.92073,43.45321],[6.9211,43.45265],[6.92167,43.4526],[6.92127,43.45216],[6.92279,43.4521],[6.9233,43.4512],[6.92424,43.45164],[6.92457,43.45109],[6.92398,43.45045],[6.92307,43.45088],[6.92277,43.45032],[6.92199,43.45038],[6.92135,43.4512],[6.9197,43.45021],[6.92057,43.44912],[6.91846,43.44761],[6.91784,43.44812],[6.91708,43.44791],[6.91704,43.44851],[6.91671,43.44793],[6.91564,43.44803],[6.91479,43.44732],[6.91387,43.44759],[6.91379,43.44724],[6.91127,43.44668],[6.91048,43.44717],[6.91043,43.44656],[6.90967,43.44684],[6.90941,43.44616],[6.90865,43.44604],[6.90862,43.44559],[6.90935,43.4455],[6.90894,43.44452],[6.9077,43.44505],[6.90804,43.44564],[6.90729,43.44601],[6.9067,43.44491],[6.90524,43.44531],[6.90477,43.44503],[6.90517,43.44435],[6.90413,43.44439],[6.90452,43.44398],[6.90571,43.44396],[6.90569,43.44363],[6.90282,43.44297],[6.90194,43.44331],[6.90207,43.44285],[6.90101,43.44308],[6.90032,43.44175],[6.89885,43.44193],[6.90009,43.44082],[6.9007,43.4408],[6.89901,43.43984],[6.8993,43.43929],[6.89862,43.43905],[6.89808,43.43961],[6.89704,43.43896],[6.89695,43.43779],[6.89619,43.43713],[6.8944,43.43751],[6.8929,43.43736],[6.89249,43.43684],[6.8934,43.4358],[6.8931,43.43518],[6.89432,43.43486],[6.89437,43.43456],[6.89549,43.43451],[6.89651,43.4338],[6.89496,43.43363],[6.89571,43.43317],[6.89391,43.43135],[6.89428,43.43025],[6.89232,43.42952],[6.89169,43.4284],[6.89055,43.42806],[6.88868,43.42798],[6.88718,43.42892],[6.88689,43.42833],[6.88508,43.42796],[6.88581,43.4278],[6.88488,43.42706],[6.88418,43.42754],[6.88455,43.42801],[6.88193,43.42836],[6.88187,43.42713],[6.88113,43.42719],[6.88078,43.42792],[6.8789,43.42776],[6.87918,43.426],[6.87816,43.4262],[6.87874,43.42575],[6.8785,43.42525],[6.87755,43.42631],[6.8754,43.42634],[6.87501,43.4269],[6.87385,43.42669],[6.87372,43.42652],[6.8741,43.42602],[6.87403,43.42572],[6.87338,43.42566],[6.87318,43.42513],[6.87291,43.4256],[6.87182,43.42575],[6.87084,43.4251],[6.86979,43.42627],[6.87123,43.42713],[6.87131,43.42843],[6.87009,43.42942],[6.8689,43.42963],[6.86854,43.43175],[6.86779,43.43276],[6.86525,43.43394],[6.86282,43.43404],[6.85975,43.43325],[6.85774,43.4318],[6.85697,43.43048],[6.85708,43.42992],[6.85784,43.42981],[6.8578,43.42898],[6.85952,43.42857],[6.85962,43.42792],[6.85846,43.42771],[6.8591,43.42703],[6.85818,43.42556],[6.85778,43.42529],[6.8567,43.42553],[6.85635,43.42485],[6.85813,43.42407],[6.85851,43.42207],[6.85978,43.42144],[6.86108,43.42198],[6.85986,43.41998],[6.8588,43.42066],[6.85804,43.42037],[6.85809,43.41974],[6.85936,43.41979],[6.85954,43.41951],[6.85895,43.41922],[6.85993,43.41906],[6.85942,43.41753],[6.86056,43.41703],[6.86059,43.41592],[6.85977,43.41608],[6.8594,43.41555],[6.85974,43.41526],[6.85799,43.41476],[6.85801,43.41442],[6.85646,43.41423],[6.85686,43.41323],[6.85629,43.41269],[6.85606,43.41112],[6.85544,43.41112],[6.85545,43.41161],[6.85421,43.4116],[6.85396,43.41205],[6.85342,43.41096],[6.85264,43.41108],[6.85243,43.41072],[6.85142,43.41064],[6.85186,43.4114],[6.85004,43.41168],[6.84929,43.41234],[6.84949,43.41297],[6.84893,43.4128],[6.84826,43.41316],[6.84868,43.41415],[6.84838,43.41444],[6.84728,43.41445],[6.84544,43.41558],[6.84248,43.41631],[6.83813,43.41653],[6.83463,43.41595],[6.83392,43.4155],[6.83337,43.41565],[6.8329,43.41728],[6.83099,43.41748],[6.83076,43.41818],[6.82908,43.41851],[6.82712,43.41736],[6.82467,43.41684],[6.8238,43.41761],[6.82325,43.41762],[6.82228,43.416],[6.82127,43.41599],[6.82123,43.41526],[6.82009,43.41585],[6.81875,43.41587],[6.81669,43.41504],[6.81669,43.41568],[6.81631,43.41568],[6.8151,43.41496],[6.81427,43.41564],[6.81308,43.41491],[6.81279,43.41415],[6.81103,43.41391],[6.80958,43.41316],[6.80773,43.41328],[6.80627,43.41447],[6.80379,43.41379],[6.80218,43.41278],[6.80278,43.41348],[6.80145,43.41277],[6.80065,43.41297],[6.79963,43.4126],[6.79845,43.41388],[6.79588,43.41348],[6.79414,43.41204],[6.79409,43.4112],[6.79493,43.41072],[6.7943,43.40999],[6.79304,43.40967],[6.79273,43.41049],[6.79202,43.4106],[6.79227,43.41001],[6.79183,43.40908],[6.79032,43.40879],[6.78883,43.40776],[6.78751,43.40827],[6.7873,43.40962],[6.78674,43.40969],[6.78601,43.40899],[6.78343,43.40928],[6.7823,43.40897],[6.78288,43.41003],[6.78221,43.41261],[6.78101,43.41266],[6.78001,43.41388],[6.77892,43.4141],[6.77287,43.41853],[6.76979,43.41951],[6.7696,43.42071],[6.76686,43.42142],[6.76619,43.42145],[6.76608,43.42106],[6.76509,43.42218],[6.76387,43.42222],[6.76402,43.42258],[6.76587,43.42255],[6.76628,43.42375],[6.76525,43.42411],[6.76442,43.42301],[6.76363,43.42313],[6.76404,43.42446],[6.76369,43.42452],[6.7622,43.42368],[6.76221,43.42404],[6.75951,43.42389],[6.75532,43.42259],[6.74881,43.42005],[6.74552,43.41793],[6.74551,43.41734],[6.74468,43.41706],[6.74407,43.41617],[6.74362,43.41617],[6.73936,43.4124],[6.73512,43.40762],[6.73335,43.40535],[6.73067,43.3989],[6.72981,43.39878],[6.72993,43.40323],[6.72452,43.40914],[6.72435,43.4103],[6.73107,43.42254],[6.72645,43.42736],[6.7256,43.42938],[6.72511,43.43131],[6.72637,43.43435],[6.72337,43.43603]]]]},"properties":{"ID":"838","id":"838","NOM_MASSIF":"ESTEREL","dept":"83"}},{"type":"Feature","id":4,"geometry":{"type":"MultiPolygon","coordinates":[[[[6.22139,43.62045],[6.22402,43.62718],[6.22663,43.62739],[6.22708,43.62831],[6.22491,43.62956],[6.22368,43.6309],[6.2207,43.63024],[6.22077,43.63083],[6.21936,43.63157],[6.2071,43.63616],[6.20566,43.63794],[6.20257,43.63828],[6.19362,43.64093],[6.18063,43.6462],[6.17687,43.64728],[6.17401,43.64864],[6.17118,43.6513],[6.17136,43.6525],[6.17283,43.65284],[6.17447,43.65247],[6.17322,43.65355],[6.17087,43.6544],[6.1688,43.65447],[6.1676,43.65527],[6.16606,43.65516],[6.16245,43.65575],[6.16093,43.6595],[6.15953,43.6603],[6.15944,43.66347],[6.15837,43.66615],[6.1596,43.67371],[6.15908,43.67516],[6.15974,43.67883],[6.15809,43.68063],[6.15721,43.6845],[6.15392,43.68966],[6.1543,43.69063],[6.15352,43.69443],[6.15105,43.6964],[6.15037,43.70019],[6.14963,43.70157],[6.14813,43.70238],[6.1472,43.70407],[6.14556,43.70443],[6.14554,43.70571],[6.14449,43.70545],[6.14212,43.70583],[6.14214,43.70613],[6.14339,43.70609],[6.14316,43.70896],[6.14438,43.70997],[6.14121,43.71234],[6.14042,43.71448],[6.1389,43.71514],[6.1386,43.7168],[6.13662,43.7168],[6.13449,43.71589],[6.13381,43.71667],[6.13479,43.71732],[6.13536,43.71862],[6.13198,43.71885],[6.13122,43.71835],[6.13114,43.72031],[6.12997,43.72035],[6.12847,43.72236],[6.13073,43.72341],[6.12948,43.72496],[6.12792,43.72502],[6.12694,43.72588],[6.12528,43.72586],[6.12521,43.72647],[6.1241,43.72688],[6.12275,43.72693],[6.11611,43.7286],[6.11483,43.72969],[6.1128,43.73037],[6.10818,43.73286],[6.10467,43.73329],[6.10167,43.73544],[6.1031,43.73652],[6.10629,43.74138],[6.10699,43.74353],[6.10677,43.74472],[6.10885,43.74579],[6.11164,43.74573],[6.11467,43.74615],[6.11652,43.74497],[6.11672,43.7416],[6.11778,43.74082],[6.12274,43.73869],[6.12507,43.7383],[6.12969,43.73621],[6.13185,43.73704],[6.13615,43.73664],[6.1411,43.73764],[6.1444,43.74011],[6.14585,43.74009],[6.14945,43.74192],[6.15277,43.7428],[6.1688,43.75112],[6.16992,43.75251],[6.17219,43.75373],[6.17517,43.75658],[6.1828,43.76225],[6.18743,43.77426],[6.18967,43.77891],[6.19742,43.78755],[6.2029,43.79112],[6.20956,43.79694],[6.21134,43.7979],[6.2152,43.79916],[6.21816,43.79968],[6.22456,43.79982],[6.23329,43.79889],[6.23966,43.80164],[6.24397,43.80251],[6.25263,43.80115],[6.25454,43.80027],[6.25773,43.79732],[6.25803,43.79548],[6.25988,43.79249],[6.26067,43.78771],[6.26187,43.78583],[6.26199,43.78321],[6.26289,43.78194],[6.26676,43.77959],[6.26936,43.77689],[6.27447,43.77636],[6.27866,43.77425],[6.28189,43.77391],[6.28337,43.77175],[6.28433,43.77128],[6.28566,43.77138],[6.28613,43.77059],[6.28796,43.76984],[6.2885,43.76892],[6.29039,43.76835],[6.29297,43.76543],[6.29515,43.76411],[6.29853,43.76451],[6.29997,43.76433],[6.30109,43.76314],[6.30249,43.7635],[6.30249,43.76415],[6.30341,43.76387],[6.30405,43.7631],[6.30663,43.76328],[6.30795,43.76131],[6.30931,43.76107],[6.31014,43.75952],[6.31302,43.75904],[6.31411,43.75794],[6.31762,43.75787],[6.31843,43.75598],[6.31693,43.75541],[6.31649,43.75459],[6.33341,43.74275],[6.33208,43.74513],[6.33456,43.74454],[6.33662,43.74325],[6.33813,43.74282],[6.33957,43.74314],[6.34153,43.74304],[6.34514,43.74194],[6.34646,43.73997],[6.34719,43.73938],[6.34883,43.73895],[6.34982,43.73717],[6.35115,43.736],[6.35329,43.73654],[6.35676,43.73648],[6.35876,43.73572],[6.36507,43.74067],[6.36888,43.74184],[6.37056,43.74187],[6.37112,43.74259],[6.37416,43.7431],[6.37736,43.74165],[6.37818,43.74],[6.37947,43.73874],[6.37994,43.73754],[6.3792,43.73611],[6.3797,43.73544],[6.38358,43.73443],[6.38524,43.73705],[6.38701,43.73811],[6.38883,43.73862],[6.39061,43.7403],[6.39207,43.74318],[6.39557,43.74786],[6.39743,43.74859],[6.40044,43.7509],[6.40116,43.75195],[6.40257,43.75275],[6.40384,43.75274],[6.40658,43.75185],[6.40755,43.7555],[6.40664,43.75682],[6.40955,43.75899],[6.4137,43.76026],[6.41331,43.76723],[6.41021,43.77186],[6.41097,43.7727],[6.41108,43.77427],[6.4122,43.77565],[6.41308,43.77811],[6.41437,43.79169],[6.4216,43.79055],[6.42195,43.79012],[6.42353,43.78969],[6.42777,43.7905],[6.43077,43.79189],[6.43293,43.79162],[6.43437,43.79248],[6.43715,43.79192],[6.43831,43.79252],[6.43893,43.79395],[6.43877,43.79776],[6.44089,43.79722],[6.44171,43.79665],[6.44278,43.7968],[6.4443,43.79641],[6.44531,43.7945],[6.448,43.79354],[6.4502,43.79352],[6.45081,43.79389],[6.45304,43.79381],[6.45353,43.79348],[6.45543,43.79357],[6.45569,43.79325],[6.45654,43.79345],[6.45687,43.79316],[6.45837,43.79334],[6.45982,43.79388],[6.46099,43.79378],[6.46308,43.79499],[6.46333,43.7957],[6.46582,43.79673],[6.46592,43.79735],[6.46683,43.798],[6.4684,43.79788],[6.4699,43.79878],[6.47075,43.79704],[6.47133,43.79677],[6.47336,43.79703],[6.47477,43.79826],[6.47757,43.79574],[6.47907,43.793],[6.47977,43.79248],[6.48077,43.79279],[6.48198,43.79117],[6.48564,43.79142],[6.48695,43.79168],[6.48912,43.79312],[6.4911,43.79358],[6.49359,43.79349],[6.49708,43.79531],[6.4978,43.79607],[6.50519,43.7998],[6.50762,43.79966],[6.50748,43.8004],[6.50951,43.80071],[6.51136,43.80251],[6.51262,43.80286],[6.51742,43.80679],[6.51722,43.80877],[6.51814,43.80878],[6.52482,43.80636],[6.52791,43.80429],[6.52982,43.80286],[6.53121,43.80117],[6.53382,43.79957],[6.53478,43.79816],[6.53735,43.79677],[6.54315,43.79141],[6.54366,43.78634],[6.54605,43.7856],[6.54603,43.78458],[6.54667,43.78393],[6.54669,43.78302],[6.54452,43.78154],[6.54181,43.77793],[6.54223,43.77589],[6.54378,43.77594],[6.5447,43.77557],[6.54574,43.77555],[6.54791,43.77705],[6.54945,43.7773],[6.55026,43.77937],[6.54982,43.78028],[6.55257,43.78264],[6.55504,43.78419],[6.55897,43.78418],[6.56019,43.78509],[6.56048,43.78591],[6.56287,43.7868],[6.56735,43.79149],[6.56798,43.79152],[6.5681,43.79117],[6.56965,43.79158],[6.57238,43.79154],[6.57524,43.7938],[6.57768,43.79495],[6.58113,43.79806],[6.58539,43.80051],[6.58693,43.80536],[6.59346,43.80483],[6.6023,43.80295],[6.6059,43.80305],[6.60683,43.80364],[6.60845,43.80372],[6.60882,43.80441],[6.61119,43.80542],[6.61619,43.80506],[6.61755,43.80519],[6.61842,43.80574],[6.61977,43.80571],[6.62048,43.80526],[6.62374,43.80476],[6.62412,43.79982],[6.62325,43.79856],[6.62382,43.79779],[6.62556,43.79733],[6.62692,43.79622],[6.62815,43.79128],[6.63026,43.79076],[6.63204,43.78955],[6.63426,43.78894],[6.63641,43.78894],[6.63661,43.78847],[6.63715,43.78843],[6.63724,43.78732],[6.63542,43.78565],[6.63535,43.7848],[6.63634,43.7838],[6.63602,43.78292],[6.63659,43.78211],[6.63884,43.78007],[6.64085,43.78009],[6.6423,43.77883],[6.64407,43.77905],[6.64527,43.77781],[6.6452,43.77649],[6.64589,43.77457],[6.64447,43.77442],[6.6433,43.77259],[6.63928,43.76915],[6.64181,43.76816],[6.65002,43.76663],[6.65246,43.76518],[6.65494,43.75999],[6.65553,43.7542],[6.65633,43.7519],[6.65767,43.74992],[6.65744,43.74874],[6.66134,43.74796],[6.6619,43.74856],[6.66419,43.74922],[6.66622,43.75064],[6.67079,43.75158],[6.67359,43.75327],[6.67517,43.75379],[6.67893,43.7572],[6.6824,43.75793],[6.68795,43.75698],[6.6926,43.75505],[6.697,43.75518],[6.69877,43.75438],[6.7008,43.75432],[6.70289,43.75312],[6.70723,43.74991],[6.70875,43.74802],[6.71396,43.746],[6.71252,43.74036],[6.71146,43.73998],[6.71138,43.73936],[6.71396,43.73926],[6.71517,43.73896],[6.71578,43.73835],[6.71943,43.73814],[6.7231,43.73852],[6.73556,43.73826],[6.73721,43.7385],[6.7462,43.73679],[6.74801,43.73796],[6.74799,43.7384],[6.74991,43.73917],[6.75244,43.74106],[6.75283,43.74097],[6.75367,43.73844],[6.75291,43.73722],[6.75547,43.73685],[6.7555,43.73549],[6.75663,43.73482],[6.75758,43.73266],[6.75774,43.73068],[6.75757,43.73031],[6.75653,43.73023],[6.75647,43.72911],[6.75571,43.7286],[6.75651,43.72815],[6.75613,43.72736],[6.75726,43.72633],[6.75816,43.72615],[6.75824,43.7253],[6.75912,43.72443],[6.75998,43.72444],[6.76243,43.72319],[6.76365,43.72298],[6.76404,43.72323],[6.76668,43.72208],[6.76626,43.7211],[6.7672,43.71701],[6.76677,43.71707],[6.7666,43.71668],[6.76788,43.71284],[6.76684,43.71056],[6.76769,43.70932],[6.7689,43.70906],[6.76926,43.70817],[6.77056,43.70785],[6.77089,43.70696],[6.77255,43.70619],[6.77261,43.70556],[6.77403,43.70459],[6.77424,43.70358],[6.7738,43.70164],[6.77282,43.7005],[6.77254,43.69929],[6.7732,43.69867],[6.7731,43.69822],[6.77236,43.69783],[6.77372,43.69684],[6.77243,43.6952],[6.77368,43.69473],[6.77474,43.69371],[6.77194,43.69318],[6.7706,43.69237],[6.76955,43.69225],[6.76993,43.69116],[6.76957,43.6908],[6.76695,43.69029],[6.76445,43.68823],[6.76462,43.68728],[6.76671,43.68586],[6.76676,43.68531],[6.76512,43.68497],[6.76311,43.6823],[6.761,43.68055],[6.76109,43.67971],[6.76229,43.6785],[6.76234,43.67757],[6.76127,43.67535],[6.76192,43.67435],[6.75953,43.67371],[6.76035,43.67091],[6.76181,43.66893],[6.76083,43.66651],[6.76188,43.66514],[6.76248,43.66283],[6.76309,43.662],[6.76424,43.66158],[6.76578,43.6603],[6.7763,43.65991],[6.77724,43.65881],[6.77771,43.65625],[6.78324,43.65364],[6.78568,43.65096],[6.78557,43.64977],[6.78464,43.64899],[6.78456,43.64814],[6.78697,43.64683],[6.78728,43.6459],[6.7893,43.64405],[6.78945,43.6434],[6.7905,43.64346],[6.79142,43.6428],[6.79169,43.6419],[6.79395,43.63928],[6.79397,43.63577],[6.79199,43.63395],[6.79241,43.63336],[6.79495,43.63281],[6.7965,43.63166],[6.79872,43.62818],[6.80012,43.62727],[6.80313,43.62678],[6.80499,43.62762],[6.80675,43.62789],[6.80772,43.62864],[6.81109,43.62924],[6.81284,43.63051],[6.81679,43.62975],[6.81722,43.6295],[6.81724,43.62785],[6.81918,43.62595],[6.82044,43.6256],[6.82065,43.62498],[6.82184,43.6244],[6.82393,43.62144],[6.82336,43.61846],[6.82236,43.61784],[6.8222,43.61675],[6.82127,43.61599],[6.82095,43.61435],[6.81947,43.61285],[6.81563,43.61166],[6.81286,43.60913],[6.81055,43.60906],[6.80983,43.60761],[6.80756,43.60572],[6.80672,43.60328],[6.80373,43.60038],[6.80249,43.59996],[6.80072,43.59814],[6.79739,43.59671],[6.79593,43.59647],[6.79357,43.59722],[6.79045,43.59746],[6.76714,43.60585],[6.75769,43.60552],[6.75587,43.60592],[6.75397,43.60586],[6.7455,43.60786],[6.74148,43.60821],[6.73319,43.61012],[6.72508,43.61065],[6.71906,43.61002],[6.71469,43.60866],[6.70149,43.60668],[6.69987,43.60328],[6.69862,43.59776],[6.69744,43.59677],[6.69506,43.59605],[6.69217,43.59714],[6.69004,43.59701],[6.68938,43.5964],[6.68938,43.59476],[6.68799,43.59363],[6.68382,43.59487],[6.68302,43.59461],[6.68115,43.58939],[6.6803,43.58905],[6.6778,43.59038],[6.67686,43.5903],[6.67596,43.58761],[6.67359,43.58685],[6.66995,43.58787],[6.66937,43.58768],[6.67038,43.58616],[6.669,43.58384],[6.66798,43.58344],[6.66627,43.58319],[6.66392,43.58463],[6.66161,43.58486],[6.66071,43.58544],[6.6591,43.58461],[6.65721,43.58552],[6.65217,43.58547],[6.64953,43.58489],[6.64867,43.58522],[6.64746,43.5848],[6.64544,43.58498],[6.64137,43.5872],[6.63909,43.5878],[6.6384,43.5869],[6.63734,43.58664],[6.63483,43.58749],[6.6343,43.58725],[6.63388,43.5862],[6.63618,43.58375],[6.63526,43.58178],[6.63535,43.58084],[6.63366,43.58015],[6.62911,43.58051],[6.62666,43.58148],[6.62185,43.58049],[6.62076,43.5795],[6.62165,43.57705],[6.62158,43.57477],[6.6203,43.57624],[6.61829,43.57699],[6.61773,43.57765],[6.61774,43.57858],[6.61541,43.57883],[6.61366,43.5798],[6.61248,43.57979],[6.61209,43.57894],[6.61413,43.57713],[6.61446,43.5762],[6.61469,43.57458],[6.61382,43.57409],[6.61299,43.57482],[6.61162,43.57507],[6.61004,43.57649],[6.606,43.57728],[6.60524,43.5782],[6.60453,43.57839],[6.60436,43.57791],[6.60182,43.57659],[6.59831,43.57766],[6.59786,43.57738],[6.59799,43.57658],[6.59742,43.57641],[6.59254,43.57643],[6.58783,43.57712],[6.57833,43.57578],[6.57609,43.57622],[6.57122,43.57594],[6.56818,43.57464],[6.56658,43.57482],[6.5629,43.57391],[6.56016,43.57234],[6.55735,43.572],[6.55062,43.57301],[6.54634,43.57226],[6.53946,43.5719],[6.53162,43.57244],[6.53075,43.57294],[6.5284,43.57222],[6.52792,43.57091],[6.52836,43.57035],[6.52733,43.56942],[6.5276,43.56658],[6.52819,43.56582],[6.52558,43.55652],[6.52347,43.55247],[6.52715,43.55058],[6.52832,43.55042],[6.52879,43.54981],[6.52859,43.54902],[6.52955,43.54815],[6.52915,43.546],[6.52601,43.54556],[6.52442,43.54613],[6.52335,43.54574],[6.52282,43.5444],[6.52053,43.54274],[6.52059,43.54166],[6.51937,43.5408],[6.5198,43.53965],[6.51899,43.53812],[6.51815,43.53802],[6.51534,43.53614],[6.51443,43.53612],[6.51331,43.53515],[6.5123,43.53556],[6.51064,43.53559],[6.50841,43.53511],[6.50487,43.53565],[6.50375,43.53688],[6.50261,43.53697],[6.50365,43.53471],[6.50324,43.53431],[6.50202,43.53446],[6.50045,43.5353],[6.49893,43.53465],[6.4948,43.536],[6.49359,43.53517],[6.49097,43.5352],[6.48962,43.53462],[6.48663,43.53585],[6.48659,43.53671],[6.48518,43.53725],[6.48423,43.53847],[6.48238,43.53738],[6.47961,43.53748],[6.47627,43.53837],[6.47674,43.53875],[6.47647,43.53902],[6.47438,43.53807],[6.4732,43.53824],[6.47242,43.53892],[6.47092,43.53863],[6.47044,43.53938],[6.46945,43.53964],[6.46913,43.54094],[6.46538,43.54169],[6.46026,43.53653],[6.4572,43.5352],[6.44605,43.53058],[6.44481,43.53041],[6.44399,43.53132],[6.44218,43.53185],[6.44167,43.53141],[6.44281,43.52956],[6.44152,43.5282],[6.4402,43.5282],[6.43853,43.5301],[6.43915,43.52748],[6.43764,43.52657],[6.43691,43.52661],[6.43492,43.52786],[6.43082,43.52808],[6.4279,43.52887],[6.41951,43.52923],[6.41738,43.52991],[6.40872,43.53446],[6.40457,43.53365],[6.40288,43.53531],[6.40027,43.53588],[6.39845,43.53728],[6.39753,43.5373],[6.39757,43.53663],[6.39928,43.53617],[6.39877,43.53512],[6.39122,43.53568],[6.38731,43.53818],[6.38316,43.53848],[6.37511,43.54078],[6.36876,43.54203],[6.36292,43.54141],[6.36156,43.54204],[6.3613,43.54332],[6.35978,43.54348],[6.35812,43.54239],[6.35587,43.54315],[6.353,43.54244],[6.34173,43.54503],[6.33647,43.54584],[6.32879,43.54559],[6.32309,43.54494],[6.31569,43.54502],[6.31183,43.5438],[6.30953,43.54518],[6.30884,43.54888],[6.30667,43.55],[6.30447,43.55197],[6.30179,43.5526],[6.30143,43.55769],[6.2989,43.56086],[6.29653,43.562],[6.29512,43.56354],[6.29346,43.56415],[6.29262,43.56539],[6.28828,43.56632],[6.28763,43.56685],[6.28777,43.56824],[6.28655,43.5686],[6.2855,43.56945],[6.28563,43.57028],[6.28757,43.57014],[6.28795,43.57082],[6.28417,43.57317],[6.28374,43.57518],[6.28303,43.57612],[6.28307,43.57751],[6.28198,43.57951],[6.28096,43.57988],[6.27963,43.5798],[6.27883,43.58096],[6.27757,43.5818],[6.27596,43.58212],[6.27322,43.58392],[6.27079,43.58373],[6.26642,43.58504],[6.26561,43.58665],[6.26411,43.58666],[6.26466,43.58623],[6.26432,43.58547],[6.26378,43.58598],[6.26283,43.58593],[6.25841,43.58891],[6.25635,43.59419],[6.25125,43.5968],[6.24662,43.59826],[6.24169,43.60082],[6.2398,43.60091],[6.23733,43.60185],[6.23623,43.60272],[6.23513,43.60276],[6.23403,43.60376],[6.2343,43.60542],[6.23002,43.6083],[6.22968,43.60921],[6.23089,43.60988],[6.23076,43.61195],[6.2275,43.61371],[6.22467,43.61749],[6.22139,43.62045]]]]},"properties":{"ID":"837","id":"837","NOM_MASSIF":"PLATEAU DE CANJUERS","dept":"83"}},{"type":"Feature","id":5,"geometry":{"type":"MultiPolygon","coordinates":[[[[6.18462,43.47605],[6.18495,43.47698],[6.18739,43.47787],[6.19399,43.47763],[6.1982,43.4802],[6.19976,43.48029],[6.20414,43.48232],[6.20871,43.48261],[6.21319,43.48463],[6.21647,43.48557],[6.21694,43.48645],[6.21554,43.48876],[6.21433,43.48911],[6.21431,43.4919],[6.21758,43.49442],[6.22003,43.49348],[6.22302,43.49929],[6.22827,43.5024],[6.22908,43.50523],[6.23199,43.50686],[6.23518,43.51119],[6.23874,43.51199],[6.24139,43.51104],[6.24155,43.51174],[6.24211,43.51332],[6.24272,43.51483],[6.24036,43.51495],[6.23941,43.51553],[6.23947,43.51638],[6.23629,43.5168],[6.2351,43.51903],[6.2357,43.52028],[6.23492,43.52107],[6.237,43.52115],[6.23907,43.52416],[6.24043,43.52434],[6.2407,43.52523],[6.24005,43.52488],[6.2392,43.52604],[6.23966,43.52821],[6.23862,43.52975],[6.23883,43.53133],[6.24048,43.53112],[6.24157,43.53198],[6.24688,43.53232],[6.24786,43.53311],[6.249,43.53608],[6.25504,43.53812],[6.25512,43.53903],[6.25583,43.53908],[6.25589,43.53954],[6.25683,43.54009],[6.25571,43.5433],[6.24998,43.54584],[6.24898,43.54792],[6.24526,43.54956],[6.24238,43.55441],[6.23787,43.55668],[6.23421,43.55922],[6.23375,43.56158],[6.23223,43.56352],[6.22716,43.56679],[6.22496,43.56634],[6.22456,43.56658],[6.22573,43.56707],[6.22632,43.5681],[6.22597,43.56883],[6.2264,43.5693],[6.22381,43.57075],[6.22443,43.57187],[6.22524,43.57198],[6.22575,43.57347],[6.22093,43.5741],[6.21923,43.57355],[6.21738,43.57385],[6.21701,43.57439],[6.21877,43.57447],[6.2206,43.57546],[6.2212,43.57665],[6.22285,43.57651],[6.22339,43.57689],[6.22365,43.57754],[6.22122,43.57695],[6.22034,43.57766],[6.2209,43.57824],[6.22289,43.57862],[6.22296,43.5796],[6.2221,43.58069],[6.22308,43.58133],[6.22441,43.58113],[6.22592,43.58198],[6.22603,43.58363],[6.22715,43.58487],[6.22421,43.59033],[6.22481,43.59159],[6.22336,43.59252],[6.22317,43.59393],[6.22064,43.59526],[6.22063,43.5961],[6.22154,43.59691],[6.22188,43.59911],[6.22101,43.59985],[6.22069,43.60108],[6.21968,43.60149],[6.21902,43.6025],[6.21987,43.60428],[6.21822,43.61261],[6.22142,43.62043],[6.22467,43.61749],[6.2275,43.61371],[6.23075,43.61195],[6.23089,43.60988],[6.2297,43.60922],[6.23002,43.6083],[6.2343,43.60542],[6.23404,43.60378],[6.23513,43.60276],[6.23623,43.60272],[6.23728,43.60188],[6.23977,43.60092],[6.24169,43.60081],[6.24662,43.59826],[6.25123,43.59679],[6.25635,43.59419],[6.2584,43.58894],[6.26281,43.58595],[6.26378,43.58598],[6.26432,43.58547],[6.26466,43.58623],[6.26411,43.58667],[6.26561,43.58665],[6.26641,43.58505],[6.27075,43.58373],[6.27322,43.58392],[6.27593,43.58215],[6.27727,43.58199],[6.27883,43.58096],[6.27962,43.57981],[6.28093,43.5799],[6.28196,43.57951],[6.28307,43.57751],[6.28303,43.57615],[6.28373,43.57521],[6.28417,43.57317],[6.28795,43.57082],[6.28757,43.57014],[6.28565,43.57028],[6.2855,43.56945],[6.28655,43.5686],[6.28777,43.56824],[6.28763,43.56685],[6.28827,43.56633],[6.29262,43.56539],[6.29341,43.56419],[6.29512,43.56354],[6.29649,43.56204],[6.2989,43.56086],[6.30143,43.55769],[6.3018,43.55261],[6.30447,43.55197],[6.30667,43.55002],[6.30884,43.54888],[6.30951,43.54523],[6.31182,43.54381],[6.31569,43.54502],[6.3231,43.54494],[6.32879,43.54559],[6.33664,43.54584],[6.34263,43.54488],[6.35304,43.54246],[6.35583,43.54316],[6.35809,43.54241],[6.35976,43.54349],[6.3613,43.54332],[6.36158,43.54207],[6.36288,43.54143],[6.36876,43.54203],[6.37514,43.54076],[6.38316,43.5385],[6.38731,43.53818],[6.39119,43.53572],[6.39877,43.53512],[6.39925,43.53618],[6.39757,43.53663],[6.39751,43.5373],[6.39845,43.53728],[6.40024,43.5359],[6.40288,43.53531],[6.40456,43.53368],[6.4087,43.53446],[6.41732,43.52994],[6.41951,43.52923],[6.42792,43.52887],[6.43082,43.52808],[6.43492,43.52786],[6.43687,43.52664],[6.43758,43.52658],[6.43916,43.5275],[6.43853,43.5301],[6.44022,43.5282],[6.44149,43.52821],[6.44281,43.52954],[6.44167,43.53141],[6.44218,43.53185],[6.44399,43.53131],[6.44481,43.53042],[6.44604,43.53058],[6.46026,43.53653],[6.46518,43.54172],[6.46913,43.54094],[6.46946,43.53969],[6.47044,43.53938],[6.47095,43.53865],[6.47242,43.53892],[6.47311,43.53832],[6.47441,43.53812],[6.47647,43.53902],[6.47674,43.53875],[6.47628,43.53838],[6.47967,43.53752],[6.48232,43.53738],[6.48423,43.53847],[6.48522,43.53724],[6.48657,43.53673],[6.48664,43.53587],[6.48744,43.53529],[6.48836,43.53535],[6.48865,43.53484],[6.48962,43.53462],[6.49097,43.5352],[6.49359,43.53523],[6.4948,43.536],[6.49894,43.53466],[6.50045,43.5353],[6.50196,43.53451],[6.50322,43.53434],[6.50362,43.53466],[6.50261,43.53697],[6.50374,43.5369],[6.50487,43.53566],[6.50837,43.53512],[6.51081,43.53561],[6.51224,43.53559],[6.51331,43.53515],[6.51443,43.53612],[6.51532,43.53614],[6.51815,43.53803],[6.51896,43.53812],[6.5198,43.53965],[6.51937,43.5408],[6.52057,43.54164],[6.52053,43.54274],[6.52284,43.54441],[6.52335,43.54574],[6.5244,43.54613],[6.52601,43.54556],[6.52915,43.546],[6.52952,43.54814],[6.52859,43.54902],[6.5288,43.54982],[6.52829,43.55039],[6.52717,43.55056],[6.52347,43.55248],[6.52558,43.55652],[6.52819,43.56582],[6.5276,43.56658],[6.52733,43.56942],[6.52836,43.57035],[6.52792,43.57091],[6.5284,43.57222],[6.53075,43.57294],[6.53164,43.57246],[6.53932,43.57192],[6.54635,43.57229],[6.55062,43.57301],[6.55595,43.57201],[6.56016,43.57234],[6.56148,43.57323],[6.56178,43.57191],[6.56561,43.5697],[6.56553,43.56762],[6.56653,43.564],[6.57049,43.55907],[6.56969,43.55777],[6.57023,43.55699],[6.57,43.55592],[6.57205,43.55196],[6.57344,43.55103],[6.57258,43.55044],[6.57418,43.54791],[6.57249,43.5463],[6.5725,43.5455],[6.57539,43.54309],[6.57499,43.54072],[6.57412,43.53992],[6.57337,43.53601],[6.57171,43.5338],[6.57067,43.53332],[6.56903,43.53322],[6.56743,43.53236],[6.56335,43.52098],[6.56479,43.51826],[6.56656,43.51306],[6.56598,43.5117],[6.56655,43.51089],[6.56521,43.50915],[6.56662,43.50674],[6.56604,43.50595],[6.56573,43.5033],[6.56666,43.50175],[6.56492,43.49992],[6.56596,43.4948],[6.56466,43.4894],[6.56473,43.48883],[6.56732,43.48623],[6.56509,43.48103],[6.56502,43.48014],[6.56619,43.47874],[6.56634,43.47776],[6.56508,43.47735],[6.56502,43.47445],[6.56289,43.47416],[6.56128,43.47272],[6.56167,43.47043],[6.53993,43.46557],[6.53397,43.46383],[6.51003,43.45398],[6.50687,43.45362],[6.48712,43.4492],[6.48355,43.44719],[6.48108,43.44722],[6.47741,43.44788],[6.47459,43.44729],[6.47129,43.44621],[6.46674,43.44381],[6.45523,43.4407],[6.45013,43.43871],[6.44553,43.43602],[6.43944,43.43387],[6.4321,43.4278],[6.41243,43.40754],[6.41044,43.40649],[6.40775,43.40557],[6.39262,43.40338],[6.38635,43.40324],[6.38207,43.40166],[6.35546,43.39696],[6.35285,43.39521],[6.35049,43.39418],[6.3478,43.39189],[6.34623,43.3914],[6.34277,43.39214],[6.33552,43.39484],[6.31664,43.39298],[6.31224,43.3934],[6.31016,43.39419],[6.30852,43.39792],[6.30653,43.39891],[6.30499,43.39903],[6.30357,43.39871],[6.30153,43.39733],[6.29911,43.39649],[6.29244,43.39603],[6.28926,43.39542],[6.28561,43.39554],[6.28348,43.39517],[6.28174,43.39434],[6.27773,43.3951],[6.2733,43.3954],[6.26833,43.39548],[6.26577,43.39515],[6.25934,43.39211],[6.25597,43.38997],[6.247,43.38739],[6.24606,43.3862],[6.24687,43.38409],[6.24523,43.38204],[6.23769,43.37846],[6.22595,43.37213],[6.21716,43.36938],[6.2108,43.36924],[6.20619,43.37025],[6.20335,43.37223],[6.20444,43.37351],[6.20562,43.37723],[6.20961,43.37973],[6.2102,43.38084],[6.20939,43.3826],[6.21342,43.38562],[6.21146,43.38878],[6.21347,43.39104],[6.21495,43.3946],[6.2148,43.39662],[6.21572,43.39827],[6.21571,43.39962],[6.21493,43.40034],[6.21556,43.40197],[6.21609,43.40217],[6.2154,43.40387],[6.21821,43.41061],[6.21924,43.41057],[6.21974,43.41157],[6.22209,43.41296],[6.22236,43.41385],[6.22137,43.41456],[6.22304,43.41631],[6.22172,43.4173],[6.22075,43.41911],[6.22128,43.42391],[6.22028,43.42447],[6.22115,43.42655],[6.22113,43.42776],[6.22314,43.42851],[6.22361,43.42925],[6.22361,43.43076],[6.2276,43.43325],[6.22713,43.43395],[6.22732,43.4353],[6.22874,43.4363],[6.22819,43.43814],[6.22748,43.43871],[6.22627,43.44113],[6.22308,43.44125],[6.22226,43.44388],[6.21831,43.44421],[6.21816,43.44655],[6.21482,43.4475],[6.21261,43.44705],[6.21151,43.44453],[6.20989,43.44444],[6.20833,43.44495],[6.20453,43.44523],[6.2015,43.44481],[6.1999,43.44555],[6.20071,43.44688],[6.19771,43.44842],[6.20016,43.44938],[6.20587,43.44978],[6.20958,43.45115],[6.21197,43.45137],[6.21458,43.45324],[6.21395,43.45461],[6.21523,43.4551],[6.21561,43.45614],[6.2148,43.45639],[6.21321,43.45592],[6.20892,43.45668],[6.20815,43.45897],[6.20965,43.45982],[6.21068,43.45978],[6.21191,43.46109],[6.21236,43.46318],[6.21099,43.46436],[6.21115,43.46511],[6.20841,43.46747],[6.201,43.47105],[6.19758,43.47095],[6.19589,43.4689],[6.19536,43.46884],[6.19446,43.47227],[6.19369,43.4732],[6.18851,43.47451],[6.18658,43.4736],[6.18665,43.47307],[6.18405,43.47294],[6.18462,43.47605]],[[6.24155,43.51174],[6.24354,43.5148],[6.24351,43.5148],[6.24155,43.51174]]]]},"properties":{"ID":"836","id":"836","NOM_MASSIF":"CENTRE VAR","dept":"83"}},{"type":"Feature","id":6,"geometry":{"type":"MultiPolygon","coordinates":[[[[6.20335,43.37223],[6.19769,43.37609],[6.18377,43.38254],[6.17589,43.38365],[6.15143,43.39175],[6.1424,43.39425],[6.12903,43.39985],[6.12444,43.40069],[6.11971,43.401],[6.10936,43.40076],[6.09238,43.40347],[6.08751,43.40477],[6.07548,43.40579],[6.06527,43.40607],[6.064,43.40716],[6.06418,43.40836],[6.0624,43.40956],[6.05859,43.40818],[6.05571,43.40835],[6.05433,43.40787],[6.05378,43.40722],[6.04007,43.40942],[6.03465,43.40937],[6.0297,43.40887],[6.02525,43.40707],[6.01432,43.4042],[6.00889,43.40341],[5.99687,43.40284],[5.99171,43.40286],[5.98925,43.40324],[5.98445,43.40567],[5.98408,43.40636],[5.97906,43.4081],[5.97686,43.40826],[5.9724,43.40788],[5.94487,43.40896],[5.93842,43.40646],[5.93595,43.40504],[5.93295,43.40499],[5.92948,43.40571],[5.92315,43.40532],[5.91139,43.40879],[5.90905,43.41113],[5.90916,43.41444],[5.90814,43.41809],[5.90648,43.42281],[5.90501,43.42422],[5.88774,43.42901],[5.8772,43.43569],[5.87548,43.438],[5.86102,43.44827],[5.86213,43.45117],[5.86001,43.45207],[5.86008,43.45312],[5.83099,43.45949],[5.82751,43.46164],[5.82367,43.46493],[5.82148,43.46628],[5.81719,43.46725],[5.81175,43.46441],[5.80613,43.46218],[5.79472,43.46606],[5.78068,43.46879],[5.77366,43.47075],[5.76385,43.4746],[5.75712,43.4779],[5.75509,43.48023],[5.75328,43.48119],[5.74832,43.48293],[5.74077,43.48467],[5.71581,43.48591],[5.70396,43.48258],[5.69894,43.48205],[5.69914,43.48285],[5.69839,43.48359],[5.69903,43.48561],[5.70254,43.48896],[5.7029,43.49159],[5.70233,43.49243],[5.70203,43.49447],[5.70244,43.49619],[5.7067,43.49636],[5.70943,43.49703],[5.71201,43.49703],[5.71232,43.49867],[5.7159,43.50331],[5.71576,43.50444],[5.71268,43.50476],[5.71157,43.50525],[5.71164,43.50645],[5.71259,43.5068],[5.71371,43.5082],[5.71358,43.51129],[5.71289,43.51191],[5.71268,43.51365],[5.71406,43.51421],[5.71421,43.51504],[5.71572,43.51589],[5.716,43.51897],[5.71743,43.52209],[5.71794,43.53074],[5.71765,43.53806],[5.72019,43.53903],[5.71958,43.54093],[5.72042,43.54302],[5.7213,43.54374],[5.71984,43.54544],[5.72271,43.54837],[5.7243,43.54892],[5.72479,43.55026],[5.72577,43.55113],[5.7222,43.55192],[5.72175,43.55133],[5.72059,43.55107],[5.7146,43.55133],[5.71067,43.55326],[5.70494,43.55789],[5.69746,43.56113],[5.69577,43.56224],[5.69402,43.56237],[5.69119,43.56359],[5.69002,43.5631],[5.6862,43.56329],[5.68555,43.56278],[5.68328,43.56293],[5.68248,43.56348],[5.68122,43.56314],[5.67979,43.56349],[5.67894,43.56321],[5.67138,43.56503],[5.66928,43.56457],[5.66666,43.56578],[5.66502,43.56779],[5.66401,43.56827],[5.66215,43.57021],[5.66093,43.57228],[5.6597,43.57262],[5.65782,43.57238],[5.65677,43.57392],[5.65596,43.57417],[5.65563,43.57749],[5.65847,43.57816],[5.66126,43.57807],[5.66702,43.57902],[5.66945,43.57985],[5.67118,43.58116],[5.67886,43.5813],[5.68364,43.58326],[5.68717,43.58337],[5.68857,43.58439],[5.69144,43.58384],[5.68978,43.58902],[5.68831,43.59057],[5.68597,43.59471],[5.68605,43.59621],[5.68503,43.59632],[5.68507,43.59707],[5.68236,43.6004],[5.68338,43.60187],[5.682,43.60305],[5.68224,43.60356],[5.68154,43.60411],[5.68164,43.60577],[5.68207,43.60606],[5.68183,43.60719],[5.68081,43.60753],[5.68094,43.60978],[5.68161,43.61059],[5.67782,43.61139],[5.67954,43.61412],[5.68312,43.61333],[5.68341,43.61295],[5.68528,43.61296],[5.68689,43.61389],[5.68758,43.61515],[5.68522,43.6156],[5.68391,43.61805],[5.68666,43.61895],[5.68916,43.62437],[5.6902,43.62441],[5.69156,43.6264],[5.69151,43.62731],[5.6936,43.63116],[5.69968,43.63745],[5.70124,43.63763],[5.70206,43.63738],[5.70208,43.63949],[5.70053,43.64134],[5.69802,43.64285],[5.70079,43.64397],[5.7051,43.64497],[5.71139,43.64251],[5.71362,43.64523],[5.7171,43.64791],[5.71899,43.64996],[5.72705,43.65121],[5.7287,43.65108],[5.74174,43.6558],[5.75475,43.65802],[5.76098,43.6582],[5.7651,43.65935],[5.76739,43.65943],[5.76826,43.66016],[5.76919,43.66013],[5.77007,43.66093],[5.77165,43.66126],[5.77369,43.66081],[5.77742,43.66062],[5.77899,43.66087],[5.78444,43.6601],[5.79704,43.66067],[5.79927,43.65992],[5.7988,43.66243],[5.79949,43.66353],[5.79962,43.66556],[5.80059,43.66629],[5.80077,43.66749],[5.8018,43.66911],[5.8018,43.67084],[5.80028,43.67308],[5.80281,43.67541],[5.80362,43.6802],[5.80805,43.68315],[5.8134,43.68908],[5.80952,43.69011],[5.80608,43.69338],[5.80215,43.69358],[5.79692,43.69292],[5.79596,43.6925],[5.79283,43.69238],[5.79082,43.69508],[5.78724,43.69775],[5.78297,43.70437],[5.78218,43.7068],[5.78472,43.71109],[5.7854,43.71363],[5.78794,43.71619],[5.78543,43.71755],[5.78012,43.71742],[5.77894,43.71843],[5.77609,43.71943],[5.77732,43.72271],[5.76705,43.72288],[5.76273,43.72354],[5.75681,43.72373],[5.75343,43.72444],[5.75458,43.72636],[5.7571,43.72839],[5.75747,43.72951],[5.76304,43.7374],[5.76629,43.73963],[5.77592,43.75115],[5.77872,43.75265],[5.7815,43.75572],[5.80555,43.74946],[5.81221,43.74962],[5.81548,43.74869],[5.82362,43.7476],[5.82366,43.7482],[5.82482,43.74846],[5.82832,43.7479],[5.83176,43.74643],[5.83432,43.74409],[5.83524,43.74383],[5.8354,43.743],[5.83712,43.74234],[5.83715,43.74113],[5.83647,43.74025],[5.84252,43.73719],[5.84531,43.72851],[5.84598,43.72758],[5.8455,43.72647],[5.84771,43.72527],[5.84867,43.72222],[5.84866,43.72042],[5.84977,43.71993],[5.84903,43.71807],[5.85181,43.71933],[5.85602,43.72357],[5.85818,43.7232],[5.86136,43.72422],[5.86453,43.72344],[5.86579,43.72355],[5.86686,43.72412],[5.86821,43.72408],[5.87175,43.72253],[5.87457,43.72274],[5.87543,43.72331],[5.87952,43.72386],[5.88461,43.72384],[5.88776,43.72607],[5.89117,43.72739],[5.89584,43.73063],[5.89936,43.73217],[5.90147,43.73263],[5.90168,43.73428],[5.90316,43.73468],[5.90311,43.73567],[5.9051,43.73741],[5.90557,43.74003],[5.90416,43.74234],[5.90508,43.74547],[5.90297,43.75323],[5.90623,43.75387],[5.90972,43.75323],[5.91316,43.75334],[5.91621,43.75392],[5.92278,43.75755],[5.92536,43.75716],[5.92613,43.75133],[5.92851,43.74944],[5.93686,43.75158],[5.93802,43.75026],[5.93863,43.74843],[5.93852,43.74504],[5.94142,43.74329],[5.94347,43.74119],[5.94343,43.74058],[5.94072,43.7403],[5.94047,43.73978],[5.94389,43.73635],[5.93805,43.7327],[5.9379,43.73037],[5.9406,43.72697],[5.94476,43.7254],[5.94481,43.72449],[5.95247,43.72077],[5.95402,43.72072],[5.95724,43.71903],[5.95958,43.72151],[5.96108,43.72229],[5.96281,43.72494],[5.96451,43.72556],[5.96579,43.72281],[5.96591,43.72145],[5.96781,43.72025],[5.96915,43.72013],[5.97378,43.71448],[5.97744,43.71481],[5.97925,43.71558],[5.98174,43.71549],[5.98569,43.71385],[5.98448,43.71284],[5.98442,43.7087],[5.98548,43.7058],[5.98541,43.70143],[5.9879,43.69486],[5.9907,43.69477],[5.99241,43.69403],[5.99489,43.69222],[5.99835,43.69112],[6.00053,43.69105],[6.00027,43.69023],[6.00075,43.68968],[6.00178,43.68957],[6.00377,43.68815],[6.0057,43.68748],[6.00655,43.68625],[6.006,43.68566],[6.00738,43.68449],[6.00797,43.68243],[6.00788,43.67934],[6.00995,43.67777],[6.01158,43.67718],[6.01129,43.67441],[6.01678,43.67249],[6.01917,43.6709],[6.0217,43.6684],[6.02827,43.67202],[6.03405,43.67634],[6.0396,43.67872],[6.03892,43.67934],[6.03575,43.68804],[6.03579,43.6903],[6.0345,43.69283],[6.03532,43.69423],[6.04502,43.69661],[6.05164,43.69767],[6.05531,43.6998],[6.05775,43.70055],[6.05807,43.70242],[6.05993,43.70371],[6.06603,43.70494],[6.07029,43.70494],[6.07599,43.7064],[6.07741,43.70748],[6.07707,43.70862],[6.07863,43.71173],[6.08062,43.71204],[6.0821,43.71403],[6.08688,43.7171],[6.08854,43.71863],[6.08741,43.7204],[6.09105,43.72366],[6.09223,43.72739],[6.09036,43.72896],[6.09273,43.73031],[6.0956,43.72969],[6.0979,43.73307],[6.10167,43.73544],[6.10467,43.73329],[6.10818,43.73286],[6.1128,43.73037],[6.11483,43.72969],[6.11611,43.7286],[6.12275,43.72693],[6.1241,43.72688],[6.12521,43.72647],[6.12528,43.72586],[6.12694,43.72588],[6.12792,43.72502],[6.12948,43.72496],[6.13073,43.72341],[6.12847,43.72236],[6.13,43.72035],[6.13114,43.72031],[6.13122,43.71835],[6.13198,43.71885],[6.13536,43.71862],[6.13479,43.71732],[6.13381,43.71667],[6.13449,43.71589],[6.13662,43.7168],[6.1386,43.7168],[6.1389,43.71514],[6.14042,43.71448],[6.14121,43.71234],[6.14438,43.70997],[6.14316,43.70896],[6.14339,43.70609],[6.14214,43.70613],[6.14212,43.70583],[6.14449,43.70545],[6.14554,43.70571],[6.14556,43.70443],[6.1472,43.70407],[6.14813,43.70238],[6.14963,43.70157],[6.15037,43.70019],[6.15105,43.6964],[6.15352,43.69443],[6.1543,43.69063],[6.15392,43.68966],[6.15721,43.6845],[6.15809,43.68063],[6.15974,43.67883],[6.15908,43.67516],[6.1596,43.67371],[6.15837,43.66615],[6.15944,43.66347],[6.15953,43.6603],[6.16093,43.6595],[6.16245,43.65575],[6.16728,43.65506],[6.1676,43.65527],[6.1688,43.65447],[6.17087,43.6544],[6.1732,43.65357],[6.17447,43.65247],[6.17284,43.65282],[6.17136,43.6525],[6.17118,43.6513],[6.17401,43.64864],[6.17687,43.64728],[6.18079,43.64614],[6.19362,43.64093],[6.20257,43.63828],[6.20566,43.63794],[6.2071,43.63616],[6.20871,43.63542],[6.20985,43.63538],[6.21167,43.63424],[6.21936,43.63157],[6.22074,43.63084],[6.2207,43.63024],[6.22368,43.6309],[6.22491,43.62956],[6.22721,43.62835],[6.22663,43.62739],[6.22402,43.62718],[6.21815,43.61263],[6.21987,43.60428],[6.21902,43.6025],[6.21968,43.60149],[6.22069,43.60108],[6.22101,43.59985],[6.22188,43.59911],[6.22154,43.59691],[6.22063,43.5961],[6.22064,43.59526],[6.22317,43.59393],[6.22332,43.59255],[6.22481,43.59159],[6.22421,43.59033],[6.22715,43.58487],[6.22603,43.58363],[6.22592,43.58198],[6.22441,43.58113],[6.22308,43.58133],[6.2221,43.58069],[6.22296,43.5796],[6.22289,43.57862],[6.2209,43.57824],[6.22034,43.57766],[6.22122,43.57695],[6.22365,43.57754],[6.2234,43.57694],[6.22285,43.57651],[6.2212,43.57665],[6.2206,43.57546],[6.21877,43.57447],[6.21701,43.57439],[6.21738,43.57385],[6.21923,43.57355],[6.22093,43.5741],[6.22575,43.57347],[6.22524,43.57198],[6.2244,43.57186],[6.22381,43.57075],[6.2264,43.5693],[6.22596,43.56887],[6.22632,43.5681],[6.22573,43.56707],[6.22456,43.56658],[6.22496,43.56634],[6.22716,43.56679],[6.23223,43.56352],[6.23375,43.56158],[6.23421,43.55922],[6.23787,43.55668],[6.24238,43.55441],[6.24526,43.54956],[6.24898,43.54792],[6.24998,43.54584],[6.25571,43.5433],[6.25683,43.54009],[6.25587,43.53953],[6.25583,43.53908],[6.25512,43.53903],[6.25504,43.53812],[6.249,43.53608],[6.24786,43.53311],[6.24688,43.53232],[6.24157,43.53198],[6.24048,43.53112],[6.23883,43.53133],[6.23862,43.52975],[6.23966,43.52821],[6.2392,43.52604],[6.24005,43.52488],[6.2407,43.52523],[6.24043,43.52434],[6.23907,43.52416],[6.237,43.52115],[6.23492,43.52107],[6.2357,43.52028],[6.2351,43.51903],[6.23629,43.5168],[6.23947,43.51638],[6.23941,43.51548],[6.24041,43.51492],[6.2435,43.51481],[6.24211,43.51332],[6.24139,43.51104],[6.23874,43.51199],[6.23518,43.51119],[6.23199,43.50686],[6.22908,43.50523],[6.22827,43.5024],[6.22298,43.49927],[6.22001,43.4935],[6.21758,43.49442],[6.21431,43.4919],[6.21433,43.48911],[6.21554,43.48876],[6.21694,43.48645],[6.21647,43.48557],[6.21319,43.48463],[6.20871,43.48261],[6.20414,43.48232],[6.19976,43.48029],[6.1982,43.4802],[6.19399,43.47763],[6.18739,43.47787],[6.18495,43.47698],[6.18405,43.47445],[6.18405,43.47294],[6.18665,43.47307],[6.18658,43.4736],[6.18851,43.47451],[6.19369,43.4732],[6.19446,43.47227],[6.19536,43.46884],[6.19589,43.4689],[6.19758,43.47095],[6.201,43.47105],[6.20841,43.46747],[6.21115,43.46511],[6.21099,43.46436],[6.21236,43.46318],[6.21191,43.46109],[6.21068,43.45978],[6.20965,43.45982],[6.20815,43.45897],[6.20892,43.45668],[6.21321,43.45592],[6.2148,43.45639],[6.21561,43.45614],[6.21523,43.4551],[6.21395,43.45461],[6.21458,43.45324],[6.21197,43.45137],[6.20958,43.45115],[6.20587,43.44978],[6.20016,43.44938],[6.19771,43.44842],[6.20071,43.44688],[6.1999,43.44555],[6.2015,43.44481],[6.20453,43.44523],[6.20833,43.44495],[6.20985,43.44444],[6.21151,43.44453],[6.21261,43.44705],[6.21482,43.4475],[6.21816,43.44655],[6.21831,43.44421],[6.22226,43.44388],[6.22308,43.44125],[6.22627,43.44113],[6.22745,43.43868],[6.22814,43.4382],[6.22874,43.4363],[6.22732,43.4353],[6.22713,43.43395],[6.2276,43.43325],[6.22361,43.43076],[6.22361,43.42925],[6.22314,43.42851],[6.22113,43.42776],[6.22115,43.42655],[6.22028,43.42447],[6.22128,43.42391],[6.22075,43.41911],[6.22169,43.4173],[6.22305,43.41631],[6.22137,43.41456],[6.22236,43.41385],[6.22209,43.41296],[6.21974,43.41157],[6.21924,43.41057],[6.21821,43.41061],[6.21538,43.40393],[6.21609,43.40217],[6.21556,43.40197],[6.21493,43.40034],[6.21571,43.39962],[6.21572,43.39827],[6.21477,43.39649],[6.21495,43.3946],[6.21347,43.39104],[6.21146,43.38878],[6.21342,43.38562],[6.20939,43.3826],[6.2102,43.38084],[6.20961,43.37973],[6.20562,43.37723],[6.20444,43.37351],[6.20335,43.37223]]]]},"properties":{"ID":"833","id":"833","NOM_MASSIF":"HAUT VAR","dept":"83"}},{"type":"Feature","id":7,"geometry":{"type":"MultiPolygon","coordinates":[[[[5.70396,43.48258],[5.71581,43.48591],[5.74077,43.48467],[5.7484,43.48293],[5.75328,43.48119],[5.75509,43.48023],[5.75712,43.4779],[5.76385,43.4746],[5.77366,43.47075],[5.78068,43.46879],[5.79472,43.46606],[5.80613,43.46218],[5.81175,43.46441],[5.81719,43.46725],[5.82148,43.46628],[5.82367,43.46493],[5.82751,43.46164],[5.83106,43.45945],[5.86007,43.4531],[5.86001,43.45207],[5.86213,43.45117],[5.86102,43.44827],[5.87548,43.438],[5.8772,43.43569],[5.88774,43.42901],[5.90501,43.42422],[5.90648,43.42281],[5.90814,43.41809],[5.90916,43.41444],[5.90905,43.41113],[5.91139,43.40879],[5.92315,43.40532],[5.92948,43.40571],[5.93295,43.40499],[5.93595,43.40504],[5.93842,43.40646],[5.94487,43.40896],[5.9724,43.40788],[5.97686,43.40826],[5.97906,43.4081],[5.98408,43.40636],[5.98445,43.40567],[5.98929,43.40322],[5.99171,43.40286],[5.99687,43.40284],[6.00889,43.40341],[6.01432,43.4042],[6.02525,43.40707],[6.0297,43.40887],[6.03465,43.40937],[6.04007,43.40942],[6.05378,43.40722],[6.05433,43.40787],[6.05571,43.40835],[6.05859,43.40818],[6.0624,43.40956],[6.06418,43.40836],[6.064,43.40716],[6.06527,43.40607],[6.07548,43.40579],[6.08751,43.40477],[6.09238,43.40347],[6.10936,43.40076],[6.11971,43.401],[6.12444,43.40069],[6.12903,43.39985],[6.1424,43.39425],[6.15143,43.39175],[6.17589,43.38365],[6.18377,43.38254],[6.19769,43.37609],[6.20613,43.37021],[6.2108,43.36924],[6.21731,43.36936],[6.22521,43.37187],[6.24523,43.38204],[6.24687,43.38412],[6.24606,43.3862],[6.24705,43.38742],[6.25622,43.38998],[6.25934,43.39211],[6.26577,43.39515],[6.26833,43.39548],[6.2733,43.3954],[6.27773,43.3951],[6.28184,43.39432],[6.28348,43.39517],[6.28561,43.39554],[6.28952,43.3954],[6.29244,43.39603],[6.29965,43.39649],[6.30363,43.39872],[6.30661,43.39886],[6.30855,43.39788],[6.31016,43.39419],[6.31224,43.3934],[6.31688,43.39298],[6.31133,43.391],[6.30915,43.38916],[6.30842,43.38769],[6.30839,43.38521],[6.3078,43.38352],[6.30665,43.3821],[6.30357,43.38044],[6.30056,43.37788],[6.29853,43.37552],[6.29644,43.37159],[6.29462,43.36315],[6.2966,43.35165],[6.296,43.34986],[6.29795,43.34889],[6.29799,43.3482],[6.29669,43.34669],[6.29552,43.34293],[6.29618,43.33806],[6.29606,43.33496],[6.29383,43.3326],[6.29336,43.32762],[6.29369,43.3262],[6.29203,43.32223],[6.29152,43.32142],[6.28796,43.32],[6.28542,43.32055],[6.28445,43.32041],[6.28371,43.32002],[6.28305,43.31813],[6.27872,43.31667],[6.27553,43.31514],[6.26934,43.31458],[6.26224,43.31138],[6.2569,43.30942],[6.25326,43.30885],[6.24979,43.30699],[6.24449,43.30561],[6.23168,43.30066],[6.22263,43.2983],[6.22055,43.29835],[6.21303,43.3005],[6.20856,43.30139],[6.20625,43.30123],[6.20377,43.30052],[6.19969,43.30025],[6.19486,43.30098],[6.19393,43.30059],[6.19288,43.3007],[6.18954,43.30134],[6.18694,43.30036],[6.18291,43.30012],[6.17356,43.29755],[6.16177,43.2963],[6.15326,43.29615],[6.15141,43.29559],[6.14865,43.29369],[6.14637,43.29021],[6.14282,43.2879],[6.1401,43.28649],[6.13482,43.28565],[6.13185,43.28455],[6.12636,43.28098],[6.1245,43.27801],[6.12286,43.27659],[6.12301,43.27356],[6.12235,43.27137],[6.12033,43.26845],[6.1103,43.26028],[6.10374,43.25714],[6.10022,43.25295],[6.09711,43.25071],[6.09323,43.24903],[6.09131,43.24662],[6.08769,43.24531],[6.08465,43.24474],[6.08323,43.24348],[6.0822,43.2431],[6.08037,43.24307],[6.07294,43.23874],[6.07116,43.23556],[6.0696,43.23432],[6.06929,43.23172],[6.07008,43.22848],[6.07009,43.22342],[6.06949,43.22226],[6.06446,43.21765],[6.06172,43.21359],[6.05809,43.21065],[6.05715,43.21012],[6.05309,43.20922],[6.0475,43.20683],[6.04746,43.2062],[6.04991,43.20514],[6.05138,43.20125],[6.05128,43.20005],[6.0498,43.1996],[6.04744,43.20003],[6.0459,43.19977],[6.04402,43.19809],[6.04287,43.19566],[6.03389,43.19847],[6.02866,43.20245],[6.02942,43.21055],[6.0266,43.21337],[6.02561,43.21585],[6.02551,43.21795],[6.02313,43.22103],[6.02293,43.22166],[6.02344,43.22279],[6.02055,43.22545],[6.01913,43.22563],[6.01725,43.22535],[6.01619,43.22587],[6.01411,43.22842],[6.01249,43.2284],[6.01191,43.22873],[6.00824,43.23361],[6.00831,43.23612],[6.00534,43.23762],[6.00379,43.24092],[6.0005,43.24392],[6.00029,43.24548],[5.99843,43.24902],[5.99849,43.25012],[5.99749,43.25069],[5.99503,43.25099],[5.99145,43.25412],[5.99041,43.25414],[5.98656,43.25614],[5.98514,43.25737],[5.98379,43.25971],[5.98256,43.26063],[5.98237,43.26213],[5.98336,43.26342],[5.98356,43.26512],[5.98255,43.26648],[5.9807,43.26774],[5.97488,43.26677],[5.97449,43.26728],[5.97504,43.27152],[5.97428,43.27311],[5.97448,43.27624],[5.973,43.27834],[5.96989,43.28002],[5.9696,43.28143],[5.96082,43.27925],[5.9595,43.27944],[5.95856,43.27901],[5.95392,43.27962],[5.94957,43.27876],[5.94795,43.27881],[5.9448,43.28045],[5.9424,43.28022],[5.94088,43.27964],[5.93782,43.27943],[5.93669,43.27821],[5.93424,43.27926],[5.93075,43.27962],[5.92882,43.27914],[5.92706,43.2792],[5.92572,43.27848],[5.92199,43.27813],[5.91906,43.27722],[5.91633,43.27744],[5.91623,43.27782],[5.91676,43.27808],[5.91484,43.27852],[5.91421,43.2792],[5.91277,43.27819],[5.9115,43.27842],[5.91103,43.27915],[5.90967,43.27863],[5.90892,43.27935],[5.9048,43.27997],[5.90186,43.28098],[5.8983,43.28295],[5.89484,43.28404],[5.89339,43.28538],[5.89099,43.28675],[5.88793,43.28741],[5.88457,43.28717],[5.87129,43.28949],[5.87001,43.29026],[5.86529,43.29072],[5.85665,43.28983],[5.85394,43.28842],[5.85247,43.28864],[5.85247,43.28791],[5.85075,43.28789],[5.84809,43.28718],[5.84748,43.28584],[5.84563,43.28524],[5.83403,43.28376],[5.82952,43.28353],[5.82538,43.28132],[5.82062,43.27998],[5.81922,43.27905],[5.81151,43.27699],[5.80667,43.2767],[5.80362,43.27526],[5.79558,43.27503],[5.7937,43.27437],[5.7925,43.27227],[5.79012,43.27077],[5.77845,43.26794],[5.77436,43.26591],[5.77003,43.26531],[5.76628,43.26798],[5.76645,43.26915],[5.76354,43.26845],[5.76064,43.26722],[5.76092,43.27349],[5.76047,43.27556],[5.75993,43.2761],[5.76008,43.27697],[5.76145,43.27748],[5.7613,43.27976],[5.76231,43.27993],[5.76245,43.28073],[5.76321,43.28133],[5.76247,43.28258],[5.76156,43.28254],[5.76131,43.28321],[5.76021,43.2831],[5.75919,43.28366],[5.75671,43.28377],[5.75554,43.2858],[5.74898,43.29016],[5.74486,43.29479],[5.74153,43.29744],[5.74052,43.29901],[5.73463,43.30446],[5.73267,43.3084],[5.72685,43.31748],[5.71724,43.31736],[5.7147,43.31646],[5.69327,43.31344],[5.69069,43.31258],[5.68906,43.315],[5.68257,43.31851],[5.6794,43.319],[5.67144,43.31851],[5.67003,43.31887],[5.67005,43.31922],[5.67339,43.31911],[5.67842,43.32102],[5.68168,43.32043],[5.68518,43.32217],[5.68588,43.32365],[5.68581,43.3249],[5.68402,43.32618],[5.684,43.32737],[5.68678,43.32595],[5.68967,43.32785],[5.69069,43.33148],[5.68556,43.34023],[5.68869,43.34142],[5.69473,43.34489],[5.6975,43.34816],[5.70065,43.35057],[5.7005,43.35127],[5.70487,43.35567],[5.70403,43.35688],[5.69939,43.35996],[5.69939,43.36167],[5.69587,43.36272],[5.69472,43.36363],[5.69522,43.36557],[5.69304,43.36762],[5.69255,43.3698],[5.69273,43.37451],[5.69143,43.37689],[5.69105,43.37937],[5.69037,43.37995],[5.68943,43.38762],[5.68992,43.38859],[5.68748,43.39187],[5.68642,43.3926],[5.68269,43.39914],[5.68764,43.40198],[5.68925,43.40165],[5.69736,43.40775],[5.70706,43.40843],[5.71663,43.4075],[5.72419,43.40918],[5.73049,43.4065],[5.73313,43.40736],[5.73956,43.40437],[5.7491,43.40142],[5.75214,43.40184],[5.75362,43.40267],[5.75682,43.40333],[5.75833,43.40308],[5.76179,43.40482],[5.76523,43.40471],[5.77159,43.40789],[5.77654,43.40895],[5.78583,43.41385],[5.78837,43.4203],[5.78623,43.4205],[5.78566,43.41976],[5.7837,43.41992],[5.78321,43.41959],[5.78233,43.42007],[5.78132,43.42003],[5.78086,43.41959],[5.77463,43.42112],[5.77439,43.42266],[5.77172,43.42289],[5.76847,43.42449],[5.76738,43.42463],[5.7665,43.42605],[5.76448,43.42741],[5.764,43.42816],[5.76298,43.42801],[5.76227,43.42898],[5.76236,43.42964],[5.7606,43.43057],[5.75801,43.43128],[5.75682,43.43222],[5.75573,43.43236],[5.75506,43.43322],[5.75128,43.43414],[5.74917,43.43554],[5.74709,43.43763],[5.74893,43.43956],[5.74849,43.44107],[5.74935,43.44181],[5.74509,43.44345],[5.73226,43.45892],[5.7334,43.45952],[5.73229,43.46018],[5.7316,43.45982],[5.73072,43.46047],[5.72954,43.46072],[5.73092,43.46287],[5.72785,43.46691],[5.72668,43.46737],[5.72527,43.46867],[5.72188,43.46961],[5.722,43.47003],[5.71965,43.47087],[5.71404,43.47485],[5.71461,43.47549],[5.71558,43.47578],[5.71609,43.47705],[5.70806,43.47981],[5.70693,43.47947],[5.70411,43.47941],[5.70396,43.48258]]]]},"properties":{"ID":"832","id":"832","NOM_MASSIF":"SAINTE BAUME","dept":"83"}},{"type":"Feature","id":8,"geometry":{"type":"MultiPolygon","coordinates":[[[[5.77008,43.26529],[5.77445,43.26593],[5.77721,43.2676],[5.78654,43.27012],[5.78891,43.27029],[5.79254,43.27228],[5.7937,43.27437],[5.79558,43.27503],[5.80353,43.27531],[5.80814,43.27701],[5.81153,43.27702],[5.81583,43.27801],[5.81911,43.27904],[5.82063,43.28002],[5.82538,43.28134],[5.82942,43.28353],[5.83407,43.28378],[5.84696,43.28553],[5.848,43.28715],[5.8508,43.28794],[5.85243,43.28801],[5.85247,43.28864],[5.85392,43.28849],[5.85666,43.28988],[5.85969,43.29031],[5.86213,43.29023],[5.86529,43.29072],[5.87012,43.29028],[5.87114,43.28956],[5.87538,43.28867],[5.88455,43.28721],[5.888,43.28741],[5.89113,43.28674],[5.89495,43.28407],[5.89853,43.28292],[5.90188,43.28093],[5.90478,43.28002],[5.90895,43.27938],[5.90967,43.27863],[5.91103,43.27915],[5.9115,43.27842],[5.91277,43.27819],[5.91421,43.2792],[5.91561,43.27825],[5.91676,43.27808],[5.91623,43.27782],[5.91633,43.27744],[5.91906,43.27722],[5.92199,43.27813],[5.92584,43.27853],[5.92708,43.27921],[5.93075,43.27962],[5.93424,43.27926],[5.93667,43.2782],[5.93782,43.27943],[5.94096,43.27969],[5.94418,43.28043],[5.94487,43.2804],[5.94803,43.27883],[5.94961,43.27877],[5.95392,43.27962],[5.95859,43.27902],[5.9595,43.27944],[5.96088,43.27925],[5.9696,43.2815],[5.96989,43.28002],[5.973,43.27834],[5.97454,43.27616],[5.97434,43.27306],[5.9751,43.27154],[5.97453,43.26723],[5.97489,43.26675],[5.9807,43.26774],[5.98255,43.26649],[5.98357,43.26511],[5.98338,43.26342],[5.98236,43.26214],[5.98256,43.26063],[5.98379,43.25971],[5.98514,43.25737],[5.98656,43.25614],[5.99042,43.25416],[5.99145,43.25412],[5.99503,43.25099],[5.99749,43.25069],[5.99849,43.25012],[5.99841,43.24899],[6.00029,43.24548],[6.00049,43.24391],[6.00385,43.24088],[6.00537,43.2377],[6.00831,43.23612],[6.00824,43.23365],[6.01191,43.22873],[6.01249,43.2284],[6.01412,43.22846],[6.01618,43.22589],[6.01722,43.22538],[6.01908,43.22563],[6.02135,43.22502],[6.02344,43.22279],[6.02294,43.22168],[6.02315,43.22101],[6.02548,43.21792],[6.02565,43.21588],[6.02661,43.2134],[6.02819,43.2114],[6.02942,43.21055],[6.02873,43.20245],[6.03388,43.19852],[6.04286,43.19565],[6.04158,43.19369],[6.04103,43.19051],[6.03898,43.18924],[6.03902,43.18853],[6.04047,43.18646],[6.04273,43.18507],[6.04314,43.18339],[6.04723,43.17786],[6.04756,43.17409],[6.04507,43.17016],[6.04299,43.16785],[6.04243,43.16173],[6.03899,43.15506],[6.02853,43.14661],[6.02198,43.14401],[6.01065,43.14339],[6.00115,43.14077],[6.00634,43.14028],[6.0085,43.13927],[6.0156,43.13921],[6.01752,43.13839],[6.02619,43.13753],[6.01944,43.13501],[6.01609,43.13218],[6.01274,43.12659],[6.01094,43.12521],[6.00663,43.12405],[6.00676,43.12244],[6.00616,43.12013],[6.00524,43.11962],[6.00443,43.11731],[6.00269,43.11449],[6.00157,43.11377],[6.00085,43.11026],[5.99938,43.10963],[5.99745,43.10731],[5.99343,43.10639],[5.99316,43.10395],[5.99174,43.10321],[5.99152,43.10379],[5.98853,43.10457],[5.98783,43.1054],[5.98513,43.10668],[5.9828,43.10647],[5.98239,43.10608],[5.98152,43.10639],[5.98155,43.10699],[5.97959,43.10696],[5.97909,43.1066],[5.97931,43.106],[5.97775,43.10561],[5.97703,43.10576],[5.97734,43.10666],[5.97591,43.10765],[5.97345,43.10733],[5.97158,43.10617],[5.97219,43.10423],[5.97131,43.10458],[5.97106,43.1054],[5.96975,43.10419],[5.96877,43.10435],[5.96837,43.10342],[5.96745,43.10433],[5.96761,43.10486],[5.96579,43.10589],[5.96414,43.10623],[5.96308,43.10699],[5.95868,43.10698],[5.95793,43.10741],[5.958,43.10779],[5.95679,43.10823],[5.95455,43.10806],[5.95414,43.10767],[5.95477,43.10677],[5.95685,43.10657],[5.95545,43.10599],[5.95238,43.10685],[5.95048,43.10657],[5.94964,43.10606],[5.94931,43.10626],[5.9497,43.10706],[5.94909,43.10752],[5.94713,43.10706],[5.94766,43.1066],[5.94696,43.10631],[5.94623,43.10636],[5.94666,43.10698],[5.94609,43.1074],[5.94463,43.1073],[5.94413,43.10681],[5.94448,43.10627],[5.9427,43.10589],[5.94271,43.10683],[5.94165,43.10696],[5.9416,43.10743],[5.94058,43.10765],[5.93941,43.10741],[5.93908,43.10689],[5.93859,43.10719],[5.93597,43.10693],[5.9362,43.10592],[5.93329,43.10382],[5.93252,43.10385],[5.93124,43.10258],[5.93057,43.10272],[5.93024,43.10223],[5.92917,43.10221],[5.9286,43.10266],[5.92558,43.10233],[5.92527,43.10274],[5.92573,43.10395],[5.93079,43.11171],[5.93016,43.11258],[5.93019,43.11373],[5.93101,43.11449],[5.93095,43.11499],[5.93161,43.11466],[5.93156,43.11385],[5.93458,43.11349],[5.93392,43.11395],[5.93366,43.11525],[5.93389,43.11693],[5.92994,43.11587],[5.92952,43.11745],[5.93108,43.11703],[5.93241,43.11786],[5.93414,43.11808],[5.93442,43.11857],[5.92991,43.12095],[5.92951,43.12065],[5.92849,43.12084],[5.92793,43.11861],[5.92884,43.11814],[5.92868,43.11767],[5.92723,43.11778],[5.9262,43.11556],[5.92266,43.11508],[5.92235,43.11898],[5.92318,43.1193],[5.92702,43.11914],[5.92739,43.11963],[5.92636,43.12094],[5.92733,43.12075],[5.928,43.12189],[5.92708,43.12155],[5.92321,43.12324],[5.92242,43.12227],[5.92137,43.12193],[5.92075,43.12286],[5.92165,43.12358],[5.92077,43.12395],[5.91765,43.12186],[5.91607,43.12201],[5.91723,43.12137],[5.9156,43.12121],[5.91554,43.12096],[5.91959,43.12139],[5.91976,43.12004],[5.91352,43.11943],[5.91356,43.12075],[5.91467,43.12281],[5.91337,43.12316],[5.91211,43.12214],[5.91081,43.11914],[5.9075,43.11894],[5.90762,43.11668],[5.9113,43.11681],[5.91094,43.11504],[5.90177,43.11409],[5.89939,43.11304],[5.89774,43.11322],[5.89739,43.11383],[5.89912,43.11555],[5.89682,43.11422],[5.89573,43.11457],[5.89741,43.11624],[5.89663,43.11673],[5.89599,43.11675],[5.89497,43.11475],[5.8935,43.11521],[5.89444,43.11725],[5.89393,43.11732],[5.89295,43.11532],[5.89127,43.11581],[5.89207,43.11779],[5.89058,43.11581],[5.88953,43.116],[5.89003,43.11799],[5.88905,43.11805],[5.88846,43.116],[5.88587,43.1164],[5.88554,43.11716],[5.88532,43.11639],[5.88488,43.11631],[5.88519,43.11577],[5.8845,43.11356],[5.88495,43.1133],[5.88571,43.11371],[5.88635,43.11297],[5.8874,43.11272],[5.88724,43.11228],[5.88593,43.11251],[5.88537,43.11093],[5.88757,43.11067],[5.89184,43.10912],[5.89169,43.10806],[5.88113,43.10948],[5.88099,43.10801],[5.88664,43.10729],[5.88684,43.10647],[5.886,43.10671],[5.88647,43.10604],[5.88583,43.10528],[5.88248,43.10718],[5.88176,43.10648],[5.88405,43.10412],[5.88072,43.1057],[5.88041,43.10552],[5.88055,43.10498],[5.88292,43.10321],[5.88176,43.10237],[5.88225,43.10123],[5.88302,43.10127],[5.8831,43.10264],[5.88709,43.10351],[5.89569,43.10285],[5.89571,43.10323],[5.89681,43.10372],[5.89736,43.10367],[5.8974,43.10292],[5.89791,43.10359],[5.90106,43.10399],[5.90159,43.10357],[5.90216,43.10386],[5.90279,43.10365],[5.90302,43.10314],[5.90418,43.10335],[5.90406,43.10279],[5.90468,43.10302],[5.90653,43.10199],[5.91064,43.10066],[5.90973,43.09972],[5.90794,43.09916],[5.9076,43.09845],[5.90807,43.0957],[5.90884,43.09505],[5.91118,43.09479],[5.91061,43.0933],[5.90781,43.0928],[5.90605,43.09342],[5.90132,43.0916],[5.90141,43.09104],[5.90103,43.09108],[5.89971,43.08975],[5.89908,43.08789],[5.89477,43.08173],[5.89678,43.08048],[5.89771,43.08032],[5.89845,43.08127],[5.89908,43.08106],[5.90045,43.08245],[5.90153,43.08195],[5.90205,43.08065],[5.90124,43.08074],[5.90145,43.08135],[5.90041,43.08183],[5.90026,43.08071],[5.90088,43.0804],[5.90089,43.07993],[5.90005,43.07949],[5.90063,43.07916],[5.90604,43.07882],[5.90612,43.07941],[5.9077,43.07867],[5.90785,43.07773],[5.91234,43.08322],[5.91411,43.08356],[5.91668,43.0857],[5.91805,43.08575],[5.92092,43.08444],[5.92174,43.08453],[5.92224,43.08292],[5.9216,43.08234],[5.9224,43.08072],[5.92312,43.08054],[5.92473,43.07826],[5.9275,43.07751],[5.92843,43.07804],[5.92631,43.08028],[5.92688,43.08126],[5.92793,43.0816],[5.92895,43.08288],[5.93017,43.08196],[5.9309,43.08197],[5.93074,43.08282],[5.93816,43.08461],[5.94411,43.082],[5.94696,43.07977],[5.94938,43.07887],[5.95096,43.07675],[5.95089,43.07566],[5.95184,43.07378],[5.95109,43.07202],[5.94806,43.06927],[5.94706,43.06777],[5.94435,43.0667],[5.94441,43.06629],[5.94394,43.06634],[5.94251,43.06811],[5.94088,43.06869],[5.93999,43.07007],[5.93754,43.07059],[5.93667,43.07172],[5.93245,43.07117],[5.93053,43.07192],[5.92779,43.07126],[5.92659,43.07043],[5.92664,43.06986],[5.9257,43.06992],[5.92439,43.06937],[5.92247,43.06944],[5.92143,43.06856],[5.91781,43.06812],[5.91631,43.06736],[5.9149,43.06737],[5.91422,43.06674],[5.9135,43.06679],[5.91335,43.06642],[5.9116,43.06579],[5.90729,43.07001],[5.90705,43.07243],[5.90665,43.07278],[5.90335,43.07343],[5.9009,43.07313],[5.8995,43.07392],[5.89978,43.07566],[5.8984,43.07765],[5.89655,43.07812],[5.89284,43.07831],[5.89005,43.07799],[5.88696,43.07722],[5.8857,43.07478],[5.88411,43.07389],[5.88378,43.07265],[5.88281,43.07225],[5.88096,43.07271],[5.87851,43.07048],[5.87809,43.07052],[5.87695,43.06934],[5.87568,43.06882],[5.87481,43.06862],[5.87409,43.06937],[5.87228,43.06915],[5.87204,43.06524],[5.87075,43.06516],[5.86886,43.06359],[5.86802,43.06167],[5.86534,43.05985],[5.86424,43.05798],[5.86281,43.05696],[5.86213,43.05563],[5.86208,43.05328],[5.86278,43.05148],[5.86152,43.05045],[5.86053,43.04892],[5.86062,43.04826],[5.8587,43.04763],[5.85913,43.04571],[5.8575,43.04617],[5.85703,43.04762],[5.85343,43.04805],[5.85267,43.04896],[5.85195,43.04904],[5.85143,43.04815],[5.85082,43.04877],[5.84993,43.04892],[5.84972,43.04959],[5.84723,43.04936],[5.84685,43.04887],[5.84519,43.04826],[5.84433,43.04666],[5.84368,43.04725],[5.84388,43.04774],[5.84282,43.04787],[5.8419,43.04749],[5.84172,43.048],[5.83954,43.04801],[5.83838,43.04924],[5.83713,43.04912],[5.8375,43.04958],[5.83621,43.0494],[5.83614,43.04975],[5.83453,43.04993],[5.8334,43.04968],[5.83321,43.04931],[5.82961,43.04908],[5.82763,43.05021],[5.82697,43.05212],[5.82504,43.05268],[5.82435,43.05327],[5.82151,43.05361],[5.82151,43.05439],[5.82096,43.05438],[5.8204,43.05571],[5.82065,43.05639],[5.8203,43.05694],[5.81973,43.05736],[5.81816,43.05754],[5.81996,43.05902],[5.81969,43.0595],[5.81814,43.06002],[5.81679,43.06109],[5.81677,43.06285],[5.81602,43.06312],[5.81535,43.06274],[5.81572,43.06376],[5.81171,43.06392],[5.80942,43.06572],[5.80844,43.06563],[5.80724,43.06491],[5.80752,43.06675],[5.80624,43.06754],[5.80308,43.06677],[5.80359,43.06757],[5.80249,43.0677],[5.8019,43.06844],[5.79835,43.06849],[5.79724,43.06918],[5.79608,43.06903],[5.79539,43.06971],[5.79492,43.06973],[5.79462,43.06895],[5.79366,43.06861],[5.79347,43.06768],[5.79229,43.06856],[5.79238,43.06931],[5.79169,43.06864],[5.79076,43.0687],[5.79043,43.06824],[5.78944,43.06953],[5.78866,43.0693],[5.78914,43.07085],[5.78825,43.07101],[5.78815,43.07158],[5.78689,43.07115],[5.78721,43.07233],[5.79043,43.07254],[5.79111,43.07095],[5.79198,43.07054],[5.79248,43.06956],[5.79324,43.06947],[5.79477,43.07149],[5.79495,43.07302],[5.7958,43.07437],[5.79659,43.07478],[5.79775,43.07474],[5.79772,43.07509],[5.79978,43.07455],[5.80398,43.07683],[5.80327,43.07854],[5.80447,43.07926],[5.80449,43.07963],[5.80535,43.0797],[5.80633,43.08039],[5.80665,43.0821],[5.80456,43.08286],[5.80572,43.0837],[5.80495,43.08573],[5.80714,43.086],[5.8081,43.087],[5.80808,43.08945],[5.80709,43.08942],[5.8066,43.08981],[5.80781,43.08993],[5.80763,43.09062],[5.80827,43.09048],[5.80894,43.09105],[5.80811,43.0922],[5.80732,43.09248],[5.81043,43.09232],[5.81122,43.09264],[5.81261,43.09582],[5.81175,43.09798],[5.81042,43.09855],[5.80862,43.09855],[5.80734,43.09931],[5.80532,43.09969],[5.80422,43.1007],[5.8085,43.1015],[5.80986,43.1013],[5.81029,43.10282],[5.81184,43.10427],[5.81181,43.10534],[5.81349,43.1055],[5.81395,43.10668],[5.81389,43.10715],[5.81291,43.10724],[5.81356,43.1081],[5.8114,43.11199],[5.81066,43.11239],[5.80896,43.11477],[5.80817,43.1152],[5.80757,43.11503],[5.80697,43.11571],[5.80655,43.11519],[5.80675,43.11424],[5.80521,43.11489],[5.80468,43.11465],[5.80228,43.11605],[5.80312,43.11715],[5.80067,43.1176],[5.80048,43.11664],[5.79991,43.11647],[5.79938,43.11539],[5.79805,43.11465],[5.79287,43.11312],[5.79266,43.11257],[5.79106,43.11212],[5.79042,43.11295],[5.78794,43.11291],[5.78933,43.11399],[5.78936,43.11458],[5.79001,43.1146],[5.78995,43.11572],[5.78866,43.11642],[5.78555,43.1159],[5.78319,43.11651],[5.77758,43.11634],[5.77694,43.11705],[5.77169,43.11659],[5.76946,43.11576],[5.76871,43.11606],[5.76674,43.11537],[5.76635,43.11601],[5.76724,43.11645],[5.76769,43.11625],[5.76848,43.11726],[5.76977,43.11731],[5.77015,43.11802],[5.77248,43.11911],[5.7726,43.1196],[5.77375,43.12026],[5.77552,43.12061],[5.77634,43.12139],[5.77715,43.12275],[5.77332,43.12381],[5.77398,43.12476],[5.77345,43.12597],[5.77612,43.12773],[5.7786,43.1284],[5.78092,43.13005],[5.78025,43.13311],[5.77898,43.13485],[5.7745,43.13781],[5.77127,43.13898],[5.77025,43.13904],[5.76976,43.13871],[5.76914,43.13908],[5.76627,43.13907],[5.76516,43.13839],[5.7622,43.13754],[5.76143,43.136],[5.76017,43.13639],[5.75881,43.13587],[5.75903,43.13523],[5.75772,43.13411],[5.75758,43.13528],[5.75668,43.13603],[5.75489,43.13543],[5.75237,43.13338],[5.75214,43.13241],[5.75245,43.13171],[5.7542,43.13103],[5.75139,43.12977],[5.74982,43.13064],[5.74838,43.13238],[5.74829,43.13376],[5.74918,43.13291],[5.74982,43.13289],[5.75028,43.13338],[5.75004,43.13508],[5.74912,43.13552],[5.74721,43.13432],[5.74524,43.13432],[5.74407,43.13471],[5.74413,43.13499],[5.74211,43.13496],[5.7407,43.13353],[5.74003,43.13364],[5.74018,43.13402],[5.7396,43.13441],[5.73848,43.13432],[5.73825,43.13539],[5.73718,43.13464],[5.73738,43.13589],[5.73334,43.13636],[5.73222,43.13549],[5.7292,43.13508],[5.72809,43.13515],[5.72684,43.13632],[5.72591,43.1366],[5.7255,43.1362],[5.72413,43.13615],[5.72396,43.13694],[5.72326,43.13728],[5.72337,43.13843],[5.72271,43.13889],[5.72187,43.14067],[5.72088,43.14124],[5.72087,43.14465],[5.72042,43.14573],[5.71921,43.14552],[5.71996,43.14665],[5.71918,43.14731],[5.71758,43.14701],[5.71679,43.14801],[5.71593,43.14807],[5.715,43.14681],[5.71242,43.1458],[5.71236,43.14473],[5.71111,43.14458],[5.71047,43.14395],[5.70927,43.14536],[5.70975,43.14704],[5.70943,43.1473],[5.70865,43.14648],[5.70741,43.14645],[5.70717,43.14599],[5.70779,43.14488],[5.70726,43.14458],[5.70469,43.14525],[5.70462,43.14488],[5.7018,43.14347],[5.70034,43.14342],[5.69951,43.14379],[5.6967,43.14331],[5.69484,43.14362],[5.69443,43.14482],[5.69287,43.14588],[5.69454,43.1467],[5.69289,43.147],[5.69283,43.14744],[5.69339,43.14746],[5.69475,43.14879],[5.69423,43.15009],[5.69303,43.15088],[5.69262,43.15039],[5.69149,43.15081],[5.69186,43.15133],[5.69272,43.15143],[5.69272,43.15208],[5.69111,43.15235],[5.69101,43.15286],[5.69035,43.1525],[5.68926,43.15298],[5.68747,43.15303],[5.68705,43.15392],[5.68586,43.15477],[5.68398,43.15489],[5.68276,43.15443],[5.68209,43.15545],[5.68389,43.15772],[5.68391,43.15953],[5.68255,43.16045],[5.68203,43.16031],[5.68209,43.16066],[5.68492,43.16144],[5.68556,43.16215],[5.69009,43.16348],[5.6904,43.16438],[5.69261,43.16493],[5.69382,43.16583],[5.69416,43.16805],[5.69494,43.16815],[5.69504,43.1699],[5.69442,43.1703],[5.69472,43.17163],[5.69294,43.17426],[5.69101,43.17639],[5.68684,43.17971],[5.68412,43.18005],[5.68121,43.17942],[5.67981,43.1789],[5.67983,43.17846],[5.6785,43.1791],[5.67695,43.17896],[5.6763,43.17813],[5.67504,43.17776],[5.67397,43.1778],[5.67179,43.17927],[5.67335,43.18114],[5.67538,43.18728],[5.67855,43.20507],[5.67844,43.21645],[5.67788,43.22],[5.68168,43.23157],[5.6832,43.23347],[5.68237,43.23537],[5.68335,43.23528],[5.68657,43.23618],[5.70199,43.23883],[5.70334,43.24155],[5.70437,43.24152],[5.7046,43.24181],[5.70169,43.24701],[5.7047,43.24851],[5.71013,43.24909],[5.71038,43.24971],[5.70966,43.24989],[5.71125,43.252],[5.71134,43.25288],[5.71307,43.2531],[5.71862,43.2549],[5.7204,43.25601],[5.72401,43.25696],[5.73288,43.25762],[5.7345,43.26111],[5.73812,43.26206],[5.74086,43.26194],[5.74322,43.2634],[5.74448,43.26308],[5.74694,43.26407],[5.75027,43.26377],[5.75103,43.26428],[5.75106,43.26488],[5.7501,43.26597],[5.75576,43.26592],[5.75782,43.26679],[5.76072,43.26723],[5.76355,43.26845],[5.76652,43.26917],[5.7663,43.26799],[5.77008,43.26529]]]]},"properties":{"ID":"831","id":"831","NOM_MASSIF":"MONTS TOULONNAIS","dept":"83"}}]}